schema,schema_version,record_id,entity_class,status,work_id,resource_id,edition_id,locale,created_at,responsible_workflow,supersedes,concept_code,name_en,name_id,prerequisite_concept_ids,taxonomy_path,evidence
r014.backend.record,1.0.0,ttp.concept.addition,concept,active,ttp.r014.yaintt,ttp.r014.yaintt,,und,2026-08-21T13:53:00+02:00,codex.r014.id-ID,,addition,addition,penjumlahan,"[""ttp.concept.integer""]",mathematics/number-theory/addition,"{""path"":""qa/frozen-boundaries/boundary3/yaintt-id.tex"",""target_sha256"":""695c071582bdee94a297987c820195b31fe808c16dbb1c0f07559e2b2ed73666""}"
r014.backend.record,1.0.0,ttp.concept.additive_inverse,concept,active,ttp.r014.yaintt,ttp.r014.yaintt,,und,2026-08-21T13:53:00+02:00,codex.r014.id-ID,,additive_inverse,additive inverse,invers aditif,"[""ttp.concept.addition"",""ttp.concept.identity_element""]",mathematics/number-theory/additive_inverse,"{""path"":""qa/frozen-boundaries/boundary3/yaintt-id.tex"",""target_sha256"":""695c071582bdee94a297987c820195b31fe808c16dbb1c0f07559e2b2ed73666""}"
r014.backend.record,1.0.0,ttp.concept.ascii,concept,active,ttp.r014.yaintt,ttp.r014.yaintt,,und,2026-08-22T03:06:00+02:00,codex.r014.id-ID,,ascii,ASCII,ASCII,[],computer-science/cryptography/ascii,"{""notes"":""Retain the expanded English standard name and add an Indonesian gloss."",""path"":""qa/review-candidates/boundary28-r2/TERMINOLOGY.md"",""sha256"":""3e3fe31baa8565bbc54cd6d789570cac18ed469f68cf683f08dd639ef92d9bd1"",""terminology_id"":""encoding.ascii""}"
r014.backend.record,1.0.0,ttp.concept.associativity,concept,active,ttp.r014.yaintt,ttp.r014.yaintt,,und,2026-08-21T13:53:00+02:00,codex.r014.id-ID,,associativity,associativity,asosiativitas,"[""ttp.concept.binary_operation""]",mathematics/number-theory/associativity,"{""path"":""qa/frozen-boundaries/boundary3/yaintt-id.tex"",""target_sha256"":""695c071582bdee94a297987c820195b31fe808c16dbb1c0f07559e2b2ed73666""}"
r014.backend.record,1.0.0,ttp.concept.asymmetric_cipher,concept,active,ttp.r014.yaintt,ttp.r014.yaintt,,und,2026-08-22T03:06:00+02:00,codex.r014.id-ID,,asymmetric_cipher,asymmetric cipher / cryptosystem / encryption,cipher / kriptosistem / enkripsi asimetris,[],computer-science/cryptography/asymmetric_cipher,"{""notes"":""Separate associated encryption and decryption keyspaces."",""path"":""qa/review-candidates/boundary28-r2/TERMINOLOGY.md"",""sha256"":""3e3fe31baa8565bbc54cd6d789570cac18ed469f68cf683f08dd639ef92d9bd1"",""terminology_id"":""crypto.asymmetric_cipher""}"
r014.backend.record,1.0.0,ttp.concept.authentication,concept,active,ttp.r014.yaintt,ttp.r014.yaintt,,und,2026-08-22T03:06:00+02:00,codex.r014.id-ID,,authentication,authentication,autentikasi,[],computer-science/cryptography/authentication,"{""notes"":""Here, verification of the sender's identity."",""path"":""qa/review-candidates/boundary28-r2/TERMINOLOGY.md"",""sha256"":""3e3fe31baa8565bbc54cd6d789570cac18ed469f68cf683f08dd639ef92d9bd1"",""terminology_id"":""security.authentication""}"
r014.backend.record,1.0.0,ttp.concept.base,concept,active,ttp.r014.yaintt,ttp.r014.yaintt,,und,2026-08-21T13:53:00+02:00,codex.r014.id-ID,,base,base,basis,"[""ttp.concept.integer""]",mathematics/number-theory/base,"{""path"":""qa/frozen-boundaries/boundary4/yaintt-id.tex"",""target_sha256"":""6579069bd8ca959042eaeba5b743d5eb4a3ed3e58828e55a827a30f0b0066859""}"
r014.backend.record,1.0.0,ttp.concept.base_representation,concept,active,ttp.r014.yaintt,ttp.r014.yaintt,,und,2026-08-21T13:53:00+02:00,codex.r014.id-ID,,base_representation,base-b representation,representasi basis b,"[""ttp.concept.base"",""ttp.concept.natural_number"",""ttp.concept.division_algorithm""]",mathematics/number-theory/base_representation,"{""path"":""qa/frozen-boundaries/boundary4/yaintt-id.tex"",""target_sha256"":""6579069bd8ca959042eaeba5b743d5eb4a3ed3e58828e55a827a30f0b0066859""}"
r014.backend.record,1.0.0,ttp.concept.bijective,concept,active,ttp.r014.yaintt,ttp.r014.yaintt,,und,2026-08-21T13:53:00+02:00,codex.r014.id-ID,,bijective,bijective,bijektif,"[""ttp.concept.injective"",""ttp.concept.surjective""]",mathematics/number-theory/bijective,"{""path"":""qa/frozen-boundaries/boundary11/yaintt-id.tex"",""target_sha256"":""cccf9bac270237c36545b61973c49e02afc3d19a5828c7a9dfb1fed524ec9a53""}"
r014.backend.record,1.0.0,ttp.concept.binary_operation,concept,active,ttp.r014.yaintt,ttp.r014.yaintt,,und,2026-08-21T13:53:00+02:00,codex.r014.id-ID,,binary_operation,binary operation,operasi biner,[],mathematics/number-theory/binary_operation,"{""path"":""qa/frozen-boundaries/boundary3/yaintt-id.tex"",""target_sha256"":""695c071582bdee94a297987c820195b31fe808c16dbb1c0f07559e2b2ed73666""}"
r014.backend.record,1.0.0,ttp.concept.binary_representation,concept,active,ttp.r014.yaintt,ttp.r014.yaintt,,und,2026-08-21T13:53:00+02:00,codex.r014.id-ID,,binary_representation,binary representation,representasi biner,"[""ttp.concept.base_representation""]",mathematics/number-theory/binary_representation,"{""path"":""qa/frozen-boundaries/boundary4/yaintt-id.tex"",""target_sha256"":""6579069bd8ca959042eaeba5b743d5eb4a3ed3e58828e55a827a30f0b0066859""}"
r014.backend.record,1.0.0,ttp.concept.bit,concept,active,ttp.r014.yaintt,ttp.r014.yaintt,,und,2026-08-21T13:53:00+02:00,codex.r014.id-ID,,bit,bit / binary digit,bit / digit biner,"[""ttp.concept.binary_representation"",""ttp.concept.digit""]",mathematics/number-theory/bit,"{""path"":""qa/frozen-boundaries/boundary4/yaintt-id.tex"",""target_sha256"":""6579069bd8ca959042eaeba5b743d5eb4a3ed3e58828e55a827a30f0b0066859""}"
r014.backend.record,1.0.0,ttp.concept.brute_force_attack,concept,active,ttp.r014.yaintt,ttp.r014.yaintt,,und,2026-08-22T03:06:00+02:00,codex.r014.id-ID,,brute_force_attack,brute-force attack,serangan brute force,[],computer-science/cryptography/brute_force_attack,"{""notes"":""Trying every possible key; retain the common loan phrase without an internal hyphen."",""path"":""qa/review-candidates/boundary28-r2/TERMINOLOGY.md"",""sha256"":""3e3fe31baa8565bbc54cd6d789570cac18ed469f68cf683f08dd639ef92d9bd1"",""terminology_id"":""crypto.brute_force_attack""}"
r014.backend.record,1.0.0,ttp.concept.caesar_cipher,concept,active,ttp.r014.yaintt,ttp.r014.yaintt,,und,2026-08-22T03:06:00+02:00,codex.r014.id-ID,,caesar_cipher,Caesar cipher,cipher Caesar,"[""ttp.concept.congruence""]",computer-science/cryptography/caesar_cipher,"{""notes"":""A monoalphabetic shift cipher; system name `kriptosistem Caesar`."",""path"":""qa/review-candidates/boundary28-r2/TERMINOLOGY.md"",""sha256"":""3e3fe31baa8565bbc54cd6d789570cac18ed469f68cf683f08dd639ef92d9bd1"",""terminology_id"":""crypto.caesar_cipher""}"
r014.backend.record,1.0.0,ttp.concept.caesar_cracker,concept,active,ttp.r014.yaintt,ttp.r014.yaintt,,und,2026-08-22T03:06:00+02:00,codex.r014.id-ID,,caesar_cracker,Caesar cracker,pemecah Caesar,"[""ttp.concept.caesar_cipher"",""ttp.concept.total_square_error""]",computer-science/cryptography/caesar_cracker,"{""notes"":""Automatic selection of the shift minimizing square error."",""path"":""qa/review-candidates/boundary28-r2/TERMINOLOGY.md"",""sha256"":""3e3fe31baa8565bbc54cd6d789570cac18ed469f68cf683f08dd639ef92d9bd1"",""terminology_id"":""crypto.caesar_cracker""}"
r014.backend.record,1.0.0,ttp.concept.cardinality,concept,active,ttp.r014.yaintt,ttp.r014.yaintt,,und,2026-08-21T13:53:00+02:00,codex.r014.id-ID,,cardinality,cardinality,kardinalitas,[],mathematics/number-theory/cardinality,"{""path"":""qa/frozen-boundaries/boundary11/yaintt-id.tex"",""target_sha256"":""cccf9bac270237c36545b61973c49e02afc3d19a5828c7a9dfb1fed524ec9a53""}"
r014.backend.record,1.0.0,ttp.concept.cartesian_product,concept,active,ttp.r014.yaintt,ttp.r014.yaintt,,und,2026-08-21T13:53:00+02:00,codex.r014.id-ID,,cartesian_product,Cartesian product,hasil kali Kartesius,[],mathematics/number-theory/cartesian_product,"{""path"":""qa/frozen-boundaries/boundary11/yaintt-id.tex"",""target_sha256"":""cccf9bac270237c36545b61973c49e02afc3d19a5828c7a9dfb1fed524ec9a53""}"
r014.backend.record,1.0.0,ttp.concept.certificate_authority,concept,active,ttp.r014.yaintt,ttp.r014.yaintt,,und,2026-08-22T03:06:00+02:00,codex.r014.id-ID,,certificate_authority,certificate authority (CA),otoritas sertifikat (CA),"[""ttp.concept.digital_signature"",""ttp.concept.identity_key_binding""]",computer-science/cryptography/certificate_authority,"{""notes"":""Trusted party that signs certificates under a stated verification policy."",""path"":""qa/review-candidates/boundary28-r2/TERMINOLOGY.md"",""sha256"":""3e3fe31baa8565bbc54cd6d789570cac18ed469f68cf683f08dd639ef92d9bd1"",""terminology_id"":""pki.certificate_authority""}"
r014.backend.record,1.0.0,ttp.concept.certification_path,concept,active,ttp.r014.yaintt,ttp.r014.yaintt,,und,2026-08-22T03:06:00+02:00,codex.r014.id-ID,,certification_path,certification path / certificate chain,jalur sertifikasi / rantai sertifikat,"[""ttp.concept.digital_certificate"",""ttp.concept.trust_anchor""]",computer-science/cryptography/certification_path,"{""notes"":""Validated certificate sequence ending at an independently trusted anchor."",""path"":""qa/review-candidates/boundary28-r2/TERMINOLOGY.md"",""sha256"":""3e3fe31baa8565bbc54cd6d789570cac18ed469f68cf683f08dd639ef92d9bd1"",""terminology_id"":""pki.certification_path""}"
r014.backend.record,1.0.0,ttp.concept.challenge_distribution,concept,active,ttp.r014.yaintt,ttp.r014.yaintt,,und,2026-08-22T03:06:00+02:00,codex.r014.id-ID,,challenge_distribution,challenge distribution,distribusi tantangan,[],computer-science/cryptography/challenge_distribution,"{""notes"":""Distribution used to sample the hidden input for a preimage-resistance experiment."",""path"":""qa/review-candidates/boundary28-r2/TERMINOLOGY.md"",""sha256"":""3e3fe31baa8565bbc54cd6d789570cac18ed469f68cf683f08dd639ef92d9bd1"",""terminology_id"":""crypto.challenge_distribution""}"
r014.backend.record,1.0.0,ttp.concept.change_of_base_formula,concept,active,ttp.r014.yaintt,ttp.r014.yaintt,,und,2026-08-22T03:06:00+02:00,codex.r014.id-ID,,change_of_base_formula,change-of-base formula,rumus perubahan basis,"[""ttp.concept.index_relative"",""ttp.concept.modular_inverse""]",mathematics/number-theory/change_of_base_formula,"{""notes"":""Exercise term for converting indices between two primitive-root bases."",""path"":""qa/review-candidates/boundary28-r2/TERMINOLOGY.md"",""sha256"":""3e3fe31baa8565bbc54cd6d789570cac18ed469f68cf683f08dd639ef92d9bd1"",""terminology_id"":""algebra.change_of_base_formula""}"
r014.backend.record,1.0.0,ttp.concept.chinese_remainder_theorem,concept,active,ttp.r014.yaintt,ttp.r014.yaintt,,und,2026-08-21T13:53:00+02:00,codex.r014.id-ID,,chinese_remainder_theorem,Chinese Remainder Theorem,Teorema Sisa Cina,"[""ttp.concept.congruence"",""ttp.concept.modulo"",""ttp.concept.pairwise_relatively_prime""]",mathematics/number-theory/chinese_remainder_theorem,"{""path"":""qa/frozen-boundaries/boundary7/yaintt-id.tex"",""target_sha256"":""8557e99ec0cc12ece98cb3a28706676d21d8c0526f526034a3178742acee5a79""}"
r014.backend.record,1.0.0,ttp.concept.cipher,concept,active,ttp.r014.yaintt,ttp.r014.yaintt,,und,2026-08-22T03:06:00+02:00,codex.r014.id-ID,,cipher,cipher,cipher / algoritme sandi,[],computer-science/cryptography/cipher,"{""notes"":""Retain `cipher` as the technical headword and gloss it on first use."",""path"":""qa/review-candidates/boundary28-r2/TERMINOLOGY.md"",""sha256"":""3e3fe31baa8565bbc54cd6d789570cac18ed469f68cf683f08dd639ef92d9bd1"",""terminology_id"":""crypto.cipher""}"
r014.backend.record,1.0.0,ttp.concept.ciphertext,concept,active,ttp.r014.yaintt,ttp.r014.yaintt,,und,2026-08-22T03:06:00+02:00,codex.r014.id-ID,,ciphertext,ciphertext,cipherteks / teks sandi,[],computer-science/cryptography/ciphertext,"{""notes"":""Introduce both attested forms together; `cipherteks` is the compact running-text form."",""path"":""qa/review-candidates/boundary28-r2/TERMINOLOGY.md"",""sha256"":""3e3fe31baa8565bbc54cd6d789570cac18ed469f68cf683f08dd639ef92d9bd1"",""terminology_id"":""crypto.ciphertext""}"
r014.backend.record,1.0.0,ttp.concept.class_representative,concept,active,ttp.r014.yaintt,ttp.r014.yaintt,,und,2026-08-21T13:53:00+02:00,codex.r014.id-ID,,class_representative,class representative,wakil kelas ekuivalensi,"[""ttp.concept.equivalence_class""]",mathematics/number-theory/class_representative,"{""path"":""qa/frozen-boundaries/boundary10/yaintt-id.tex"",""target_sha256"":""e2eb275565a11f04e44c4009a3dae2df7af1f8a7ea05b24ef7e30037ee2dc2a8""}"
r014.backend.record,1.0.0,ttp.concept.collision,concept,active,ttp.r014.yaintt,ttp.r014.yaintt,,und,2026-08-22T03:06:00+02:00,codex.r014.id-ID,,collision,collision,tumbukan,[],computer-science/cryptography/collision,"{""notes"":""A pair of distinct inputs with the same hash output."",""path"":""qa/review-candidates/boundary28-r2/TERMINOLOGY.md"",""sha256"":""3e3fe31baa8565bbc54cd6d789570cac18ed469f68cf683f08dd639ef92d9bd1"",""terminology_id"":""crypto.collision""}"
r014.backend.record,1.0.0,ttp.concept.collision_resistance,concept,active,ttp.r014.yaintt,ttp.r014.yaintt,,und,2026-08-22T03:06:00+02:00,codex.r014.id-ID,,collision_resistance,collision resistance,ketahanan tumbukan,[],computer-science/cryptography/collision_resistance,"{""notes"":""Infeasibility of finding distinct inputs with equal hashes."",""path"":""qa/review-candidates/boundary28-r2/TERMINOLOGY.md"",""sha256"":""3e3fe31baa8565bbc54cd6d789570cac18ed469f68cf683f08dd639ef92d9bd1"",""terminology_id"":""crypto.collision_resistance""}"
r014.backend.record,1.0.0,ttp.concept.common_divisor,concept,active,ttp.r014.yaintt,ttp.r014.yaintt,,und,2026-08-21T13:53:00+02:00,codex.r014.id-ID,,common_divisor,common divisor,pembagi bersama,"[""ttp.concept.divisibility"",""ttp.concept.divisor""]",mathematics/number-theory/common_divisor,"{""path"":""qa/frozen-boundaries/boundary5/yaintt-id.tex"",""target_sha256"":""a1e4f897c579852ae201e59f20538883cff4c07575a128ddfc24b6b19e2334d1""}"
r014.backend.record,1.0.0,ttp.concept.commutativity,concept,active,ttp.r014.yaintt,ttp.r014.yaintt,,und,2026-08-21T13:53:00+02:00,codex.r014.id-ID,,commutativity,commutativity,komutativitas,"[""ttp.concept.binary_operation""]",mathematics/number-theory/commutativity,"{""path"":""qa/frozen-boundaries/boundary3/yaintt-id.tex"",""target_sha256"":""695c071582bdee94a297987c820195b31fe808c16dbb1c0f07559e2b2ed73666""}"
r014.backend.record,1.0.0,ttp.concept.composite,concept,active,ttp.r014.yaintt,ttp.r014.yaintt,,und,2026-08-22T03:06:00+02:00,codex.r014.id-ID,,composite,composite number,bilangan komposit,"[""ttp.concept.prime"",""ttp.concept.divisibility""]",mathematics/number-theory/composite,"{""notes"":""A natural number greater than 1 that is not prime."",""path"":""qa/review-candidates/boundary28-r2/TERMINOLOGY.md"",""sha256"":""3e3fe31baa8565bbc54cd6d789570cac18ed469f68cf683f08dd639ef92d9bd1"",""terminology_id"":""nt.composite""}"
r014.backend.record,1.0.0,ttp.concept.computational_complexity,concept,active,ttp.r014.yaintt,ttp.r014.yaintt,,und,2026-08-22T03:06:00+02:00,codex.r014.id-ID,,computational_complexity,computational complexity,kompleksitas komputasi,[],computer-science/cryptography/computational_complexity,"{""notes"":""Standard field name."",""path"":""qa/review-candidates/boundary28-r2/TERMINOLOGY.md"",""sha256"":""3e3fe31baa8565bbc54cd6d789570cac18ed469f68cf683f08dd639ef92d9bd1"",""terminology_id"":""cs.computational_complexity""}"
r014.backend.record,1.0.0,ttp.concept.confidentiality,concept,active,ttp.r014.yaintt,ttp.r014.yaintt,,und,2026-08-22T03:06:00+02:00,codex.r014.id-ID,,confidentiality,confidentiality,kerahasiaan,[],computer-science/cryptography/confidentiality,"{""notes"":""Only the intended recipient can obtain the message content."",""path"":""qa/review-candidates/boundary28-r2/TERMINOLOGY.md"",""sha256"":""3e3fe31baa8565bbc54cd6d789570cac18ed469f68cf683f08dd639ef92d9bd1"",""terminology_id"":""security.confidentiality""}"
r014.backend.record,1.0.0,ttp.concept.congruence,concept,active,ttp.r014.yaintt,ttp.r014.yaintt,,und,2026-08-21T13:53:00+02:00,codex.r014.id-ID,,congruence,congruence,kongruensi,"[""ttp.concept.divisibility"",""ttp.concept.integer""]",mathematics/number-theory/congruence,"{""path"":""qa/frozen-boundaries/boundary7/yaintt-id.tex"",""target_sha256"":""8557e99ec0cc12ece98cb3a28706676d21d8c0526f526034a3178742acee5a79""}"
r014.backend.record,1.0.0,ttp.concept.congruence_class,concept,active,ttp.r014.yaintt,ttp.r014.yaintt,,und,2026-08-21T13:53:00+02:00,codex.r014.id-ID,,congruence_class,congruence class,kelas kongruensi,"[""ttp.concept.congruence"",""ttp.concept.modulo""]",mathematics/number-theory/congruence_class,"{""path"":""qa/frozen-boundaries/boundary7/yaintt-id.tex"",""target_sha256"":""8557e99ec0cc12ece98cb3a28706676d21d8c0526f526034a3178742acee5a79""}"
r014.backend.record,1.0.0,ttp.concept.coset,concept,active,ttp.r014.yaintt,ttp.r014.yaintt,,und,2026-08-22T03:06:00+02:00,codex.r014.id-ID,,coset,coset,koset,"[""ttp.concept.cyclic_subgroup""]",mathematics/number-theory/coset,"{""notes"":""A translate `x\\left<a\\right>` of the cyclic subgroup."",""path"":""qa/review-candidates/boundary28-r2/TERMINOLOGY.md"",""sha256"":""3e3fe31baa8565bbc54cd6d789570cac18ed469f68cf683f08dd639ef92d9bd1"",""terminology_id"":""algebra.coset""}"
r014.backend.record,1.0.0,ttp.concept.cryptanalysis,concept,active,ttp.r014.yaintt,ttp.r014.yaintt,,und,2026-08-21T13:53:00+02:00,codex.r014.id-ID,,cryptanalysis,cryptanalysis,kriptanalisis,[],mathematics/number-theory/cryptanalysis,"{""path"":""qa/frozen-boundaries/boundary3/yaintt-id.tex"",""target_sha256"":""695c071582bdee94a297987c820195b31fe808c16dbb1c0f07559e2b2ed73666""}"
r014.backend.record,1.0.0,ttp.concept.cryptographic_hash_function,concept,active,ttp.r014.yaintt,ttp.r014.yaintt,,und,2026-08-22T03:06:00+02:00,codex.r014.id-ID,,cryptographic_hash_function,cryptographic hash function,fungsi hash kriptografis,"[""ttp.concept.digital_signature""]",computer-science/cryptography/cryptographic_hash_function,"{""notes"":""Maps arbitrary-length bit strings to fixed-length bit strings under three computational resistance requirements."",""path"":""qa/review-candidates/boundary28-r2/TERMINOLOGY.md"",""sha256"":""3e3fe31baa8565bbc54cd6d789570cac18ed469f68cf683f08dd639ef92d9bd1"",""terminology_id"":""crypto.cryptographic_hash_function""}"
r014.backend.record,1.0.0,ttp.concept.cryptographic_salt,concept,active,ttp.r014.yaintt,ttp.r014.yaintt,,und,2026-08-22T03:06:00+02:00,codex.r014.id-ID,,cryptographic_salt,cryptographic salt,salt kriptografis,[],computer-science/cryptography/cryptographic_salt,"{""notes"":""Retain the established technical loan `salt` and explain its random-data role."",""path"":""qa/review-candidates/boundary28-r2/TERMINOLOGY.md"",""sha256"":""3e3fe31baa8565bbc54cd6d789570cac18ed469f68cf683f08dd639ef92d9bd1"",""terminology_id"":""crypto.cryptographic_salt""}"
r014.backend.record,1.0.0,ttp.concept.cryptography,concept,active,ttp.r014.yaintt,ttp.r014.yaintt,,und,2026-08-21T13:53:00+02:00,codex.r014.id-ID,,cryptography,cryptography,kriptografi,[],mathematics/number-theory/cryptography,"{""path"":""qa/frozen-boundaries/boundary3/yaintt-id.tex"",""target_sha256"":""695c071582bdee94a297987c820195b31fe808c16dbb1c0f07559e2b2ed73666""}"
r014.backend.record,1.0.0,ttp.concept.cryptology,concept,active,ttp.r014.yaintt,ttp.r014.yaintt,,und,2026-08-21T13:53:00+02:00,codex.r014.id-ID,,cryptology,cryptology,kriptologi,[],mathematics/number-theory/cryptology,"{""path"":""qa/frozen-boundaries/boundary3/yaintt-id.tex"",""target_sha256"":""695c071582bdee94a297987c820195b31fe808c16dbb1c0f07559e2b2ed73666""}"
r014.backend.record,1.0.0,ttp.concept.cryptosystem,concept,active,ttp.r014.yaintt,ttp.r014.yaintt,,und,2026-08-21T13:53:00+02:00,codex.r014.id-ID,,cryptosystem,cryptosystem,kriptosistem,[],mathematics/number-theory/cryptosystem,"{""path"":""qa/frozen-boundaries/boundary3/yaintt-id.tex"",""target_sha256"":""695c071582bdee94a297987c820195b31fe808c16dbb1c0f07559e2b2ed73666""}"
r014.backend.record,1.0.0,ttp.concept.cyclic_subgroup,concept,active,ttp.r014.yaintt,ttp.r014.yaintt,,und,2026-08-22T03:06:00+02:00,codex.r014.id-ID,,cyclic_subgroup,cyclic subgroup generated by a,subgrup siklik yang dibangkitkan oleh a,"[""ttp.concept.unit_group"",""ttp.concept.multiplicative_order""]",mathematics/number-theory/cyclic_subgroup,"{""notes"":""Written `\\left<a\\right>` in the authority."",""path"":""qa/review-candidates/boundary28-r2/TERMINOLOGY.md"",""sha256"":""3e3fe31baa8565bbc54cd6d789570cac18ed469f68cf683f08dd639ef92d9bd1"",""terminology_id"":""algebra.cyclic_subgroup""}"
r014.backend.record,1.0.0,ttp.concept.decimal,concept,active,ttp.r014.yaintt,ttp.r014.yaintt,,und,2026-08-21T13:53:00+02:00,codex.r014.id-ID,,decimal,decimal,desimal,"[""ttp.concept.base_representation""]",mathematics/number-theory/decimal,"{""path"":""qa/frozen-boundaries/boundary4/yaintt-id.tex"",""target_sha256"":""6579069bd8ca959042eaeba5b743d5eb4a3ed3e58828e55a827a30f0b0066859""}"
r014.backend.record,1.0.0,ttp.concept.decryption,concept,active,ttp.r014.yaintt,ttp.r014.yaintt,,und,2026-08-22T03:06:00+02:00,codex.r014.id-ID,,decryption,decryption,dekripsi,[],computer-science/cryptography/decryption,"{""notes"":""Verb: `mendekripsi`."",""path"":""qa/review-candidates/boundary28-r2/TERMINOLOGY.md"",""sha256"":""3e3fe31baa8565bbc54cd6d789570cac18ed469f68cf683f08dd639ef92d9bd1"",""terminology_id"":""crypto.decryption""}"
r014.backend.record,1.0.0,ttp.concept.decryption_keyspace,concept,active,ttp.r014.yaintt,ttp.r014.yaintt,,und,2026-08-22T03:06:00+02:00,codex.r014.id-ID,,decryption_keyspace,decryption keyspace,ruang kunci dekripsi,[],computer-science/cryptography/decryption_keyspace,"{""notes"":""Written `\\Kk_d`."",""path"":""qa/review-candidates/boundary28-r2/TERMINOLOGY.md"",""sha256"":""3e3fe31baa8565bbc54cd6d789570cac18ed469f68cf683f08dd639ef92d9bd1"",""terminology_id"":""crypto.decryption_keyspace""}"
r014.backend.record,1.0.0,ttp.concept.dh_public_parameters,concept,active,ttp.r014.yaintt,ttp.r014.yaintt,,und,2026-08-22T03:06:00+02:00,codex.r014.id-ID,,dh_public_parameters,Diffie--Hellman public parameters,parameter publik Diffie--Hellman,[],computer-science/cryptography/dh_public_parameters,"{""notes"":""Here, the public prime modulus `p` and primitive root `r`."",""path"":""qa/review-candidates/boundary28-r2/TERMINOLOGY.md"",""sha256"":""3e3fe31baa8565bbc54cd6d789570cac18ed469f68cf683f08dd639ef92d9bd1"",""terminology_id"":""crypto.dh_public_parameters""}"
r014.backend.record,1.0.0,ttp.concept.dh_secret_exponent,concept,active,ttp.r014.yaintt,ttp.r014.yaintt,,und,2026-08-22T03:06:00+02:00,codex.r014.id-ID,,dh_secret_exponent,Diffie--Hellman secret exponent,eksponen rahasia Diffie--Hellman,"[""ttp.concept.diffie_hellman_key_exchange"",""ttp.concept.fresh_randomness""]",computer-science/cryptography/dh_secret_exponent,"{""notes"":""In this full-group presentation, exclude the transparent endpoint choices `1` and `p-1`."",""path"":""qa/review-candidates/boundary28-r2/TERMINOLOGY.md"",""sha256"":""3e3fe31baa8565bbc54cd6d789570cac18ed469f68cf683f08dd639ef92d9bd1"",""terminology_id"":""crypto.dh_secret_exponent""}"
r014.backend.record,1.0.0,ttp.concept.diffie_hellman,concept,active,ttp.r014.yaintt,ttp.r014.yaintt,,und,2026-08-21T13:53:00+02:00,codex.r014.id-ID,,diffie_hellman,Diffie-Hellman key exchange,pertukaran kunci Diffie-Hellman,"[""ttp.concept.key_exchange""]",mathematics/number-theory/diffie_hellman,"{""path"":""qa/frozen-boundaries/boundary3/yaintt-id.tex"",""target_sha256"":""695c071582bdee94a297987c820195b31fe808c16dbb1c0f07559e2b2ed73666""}"
r014.backend.record,1.0.0,ttp.concept.diffie_hellman_key_exchange,concept,active,ttp.r014.yaintt,ttp.r014.yaintt,,und,2026-08-22T03:06:00+02:00,codex.r014.id-ID,,diffie_hellman_key_exchange,Diffie--Hellman key exchange (DHKE),pertukaran kunci Diffie--Hellman (DHKE),"[""ttp.concept.primitive_root"",""ttp.concept.discrete_logarithm_hardness""]",computer-science/cryptography/diffie_hellman_key_exchange,"{""notes"":""Protocol name; retain the conventional initialism and use a LaTeX en dash in the names."",""path"":""qa/review-candidates/boundary28-r2/TERMINOLOGY.md"",""sha256"":""3e3fe31baa8565bbc54cd6d789570cac18ed469f68cf683f08dd639ef92d9bd1"",""terminology_id"":""crypto.diffie_hellman_key_exchange""}"
r014.backend.record,1.0.0,ttp.concept.diffie_hellman_problem,concept,active,ttp.r014.yaintt,ttp.r014.yaintt,,und,2026-08-22T03:06:00+02:00,codex.r014.id-ID,,diffie_hellman_problem,Diffie--Hellman problem (DHP),masalah Diffie--Hellman (DHP),"[""ttp.concept.diffie_hellman_key_exchange""]",computer-science/cryptography/diffie_hellman_problem,"{""notes"":""Given `r^x` and `r^y` in the stated group, compute `r^{xy}` without being given `x` or `y`."",""path"":""qa/review-candidates/boundary28-r2/TERMINOLOGY.md"",""sha256"":""3e3fe31baa8565bbc54cd6d789570cac18ed469f68cf683f08dd639ef92d9bd1"",""terminology_id"":""crypto.diffie_hellman_problem""}"
r014.backend.record,1.0.0,ttp.concept.digit,concept,active,ttp.r014.yaintt,ttp.r014.yaintt,,und,2026-08-21T13:53:00+02:00,codex.r014.id-ID,,digit,digit,digit,"[""ttp.concept.base_representation""]",mathematics/number-theory/digit,"{""path"":""qa/frozen-boundaries/boundary4/yaintt-id.tex"",""target_sha256"":""6579069bd8ca959042eaeba5b743d5eb4a3ed3e58828e55a827a30f0b0066859""}"
r014.backend.record,1.0.0,ttp.concept.digital_certificate,concept,active,ttp.r014.yaintt,ttp.r014.yaintt,,und,2026-08-22T03:06:00+02:00,codex.r014.id-ID,,digital_certificate,digital certificate,sertifikat digital,"[""ttp.concept.certificate_authority"",""ttp.concept.public_key""]",computer-science/cryptography/digital_certificate,"{""notes"":""Signed structured statement binding subject identity, public key, and necessary metadata."",""path"":""qa/review-candidates/boundary28-r2/TERMINOLOGY.md"",""sha256"":""3e3fe31baa8565bbc54cd6d789570cac18ed469f68cf683f08dd639ef92d9bd1"",""terminology_id"":""pki.digital_certificate""}"
r014.backend.record,1.0.0,ttp.concept.digital_signature,concept,active,ttp.r014.yaintt,ttp.r014.yaintt,,und,2026-08-22T03:06:00+02:00,codex.r014.id-ID,,digital_signature,digital signature,tanda tangan digital,"[""ttp.concept.public_key_cryptosystem""]",computer-science/cryptography/digital_signature,"{""notes"":""Data attached to a document/message whose valid verification can support signer attribution only under the scheme's security assumptions, an uncompromised private key, and a trusted identity--key binding."",""path"":""qa/review-candidates/boundary28-r2/TERMINOLOGY.md"",""sha256"":""3e3fe31baa8565bbc54cd6d789570cac18ed469f68cf683f08dd639ef92d9bd1"",""terminology_id"":""crypto.digital_signature""}"
r014.backend.record,1.0.0,ttp.concept.diophantine_equation,concept,active,ttp.r014.yaintt,ttp.r014.yaintt,,und,2026-08-21T13:53:00+02:00,codex.r014.id-ID,,diophantine_equation,Diophantine equation,persamaan Diofantin,"[""ttp.concept.integer""]",mathematics/number-theory/diophantine_equation,"{""path"":""qa/frozen-boundaries/boundary8/yaintt-id.tex"",""target_sha256"":""f4e17c49e2dc2e871fc6595e11daa97c8ad55e1a4eba2005488e9e841e68e749""}"
r014.backend.record,1.0.0,ttp.concept.discrete_logarithm,concept,active,ttp.r014.yaintt,ttp.r014.yaintt,,und,2026-08-22T03:06:00+02:00,codex.r014.id-ID,,discrete_logarithm,discrete logarithm,logaritma diskret,[],mathematics/number-theory/discrete_logarithm,"{""notes"":""Chapter-wide formal term; the source also calls it an index."",""path"":""qa/review-candidates/boundary28-r2/TERMINOLOGY.md"",""sha256"":""3e3fe31baa8565bbc54cd6d789570cac18ed469f68cf683f08dd639ef92d9bd1"",""terminology_id"":""nt.discrete_logarithm""}"
r014.backend.record,1.0.0,ttp.concept.discrete_logarithm_hardness,concept,active,ttp.r014.yaintt,ttp.r014.yaintt,,und,2026-08-22T03:06:00+02:00,codex.r014.id-ID,,discrete_logarithm_hardness,discrete-logarithm hardness,kesulitan komputasional logaritma diskret,"[""ttp.concept.discrete_logarithm"",""ttp.concept.input_length""]",computer-science/cryptography/discrete_logarithm_hardness,"{""notes"":""Scope claims to suitably chosen large parameter families and feasible classical algorithms; do not imply hardness in every multiplicative group."",""path"":""qa/review-candidates/boundary28-r2/TERMINOLOGY.md"",""sha256"":""3e3fe31baa8565bbc54cd6d789570cac18ed469f68cf683f08dd639ef92d9bd1"",""terminology_id"":""complexity.discrete_logarithm_hardness""}"
r014.backend.record,1.0.0,ttp.concept.distributivity,concept,active,ttp.r014.yaintt,ttp.r014.yaintt,,und,2026-08-21T13:53:00+02:00,codex.r014.id-ID,,distributivity,distributivity,distributivitas,"[""ttp.concept.addition"",""ttp.concept.multiplication""]",mathematics/number-theory/distributivity,"{""path"":""qa/frozen-boundaries/boundary3/yaintt-id.tex"",""target_sha256"":""695c071582bdee94a297987c820195b31fe808c16dbb1c0f07559e2b2ed73666""}"
r014.backend.record,1.0.0,ttp.concept.divisibility,concept,active,ttp.r014.yaintt,ttp.r014.yaintt,,und,2026-08-21T13:53:00+02:00,codex.r014.id-ID,,divisibility,divisibility,keterbagian,"[""ttp.concept.integer"",""ttp.concept.multiplication""]",mathematics/number-theory/divisibility,"{""path"":""qa/frozen-boundaries/boundary3/yaintt-id.tex"",""target_sha256"":""695c071582bdee94a297987c820195b31fe808c16dbb1c0f07559e2b2ed73666""}"
r014.backend.record,1.0.0,ttp.concept.division,concept,active,ttp.r014.yaintt,ttp.r014.yaintt,,und,2026-08-21T13:53:00+02:00,codex.r014.id-ID,,division,division,pembagian,"[""ttp.concept.multiplication""]",mathematics/number-theory/division,"{""path"":""qa/frozen-boundaries/boundary3/yaintt-id.tex"",""target_sha256"":""695c071582bdee94a297987c820195b31fe808c16dbb1c0f07559e2b2ed73666""}"
r014.backend.record,1.0.0,ttp.concept.division_algorithm,concept,active,ttp.r014.yaintt,ttp.r014.yaintt,,und,2026-08-21T13:53:00+02:00,codex.r014.id-ID,,division_algorithm,Division Algorithm,Algoritma Pembagian,"[""ttp.concept.integer"",""ttp.concept.well_ordering_principle""]",mathematics/number-theory/division_algorithm,"{""path"":""qa/frozen-boundaries/boundary3/yaintt-id.tex"",""target_sha256"":""695c071582bdee94a297987c820195b31fe808c16dbb1c0f07559e2b2ed73666""}"
r014.backend.record,1.0.0,ttp.concept.divisor,concept,active,ttp.r014.yaintt,ttp.r014.yaintt,,und,2026-08-21T13:53:00+02:00,codex.r014.id-ID,,divisor,divisor,pembagi,"[""ttp.concept.divisibility""]",mathematics/number-theory/divisor,"{""path"":""qa/frozen-boundaries/boundary3/yaintt-id.tex"",""target_sha256"":""695c071582bdee94a297987c820195b31fe808c16dbb1c0f07559e2b2ed73666""}"
r014.backend.record,1.0.0,ttp.concept.divisor_sum_function,concept,active,ttp.r014.yaintt,ttp.r014.yaintt,,und,2026-08-22T03:06:00+02:00,codex.r014.id-ID,,divisor_sum_function,divisor-sum function F,fungsi jumlah pembagi F,[],mathematics/number-theory/divisor_sum_function,"{""notes"":""Here `F(n)=\\sum_{d\\mid n}\\phi(d)`; the proof establishes `F(n)=n`."",""path"":""qa/review-candidates/boundary28-r2/TERMINOLOGY.md"",""sha256"":""3e3fe31baa8565bbc54cd6d789570cac18ed469f68cf683f08dd639ef92d9bd1"",""terminology_id"":""nt.divisor_sum_function""}"
r014.backend.record,1.0.0,ttp.concept.elgamal,concept,active,ttp.r014.yaintt,ttp.r014.yaintt,,und,2026-08-21T13:53:00+02:00,codex.r014.id-ID,,elgamal,ElGamal cryptosystem,kriptosistem ElGamal,"[""ttp.concept.cryptosystem""]",mathematics/number-theory/elgamal,"{""path"":""qa/frozen-boundaries/boundary3/yaintt-id.tex"",""target_sha256"":""695c071582bdee94a297987c820195b31fe808c16dbb1c0f07559e2b2ed73666""}"
r014.backend.record,1.0.0,ttp.concept.elgamal_ciphertext,concept,active,ttp.r014.yaintt,ttp.r014.yaintt,,und,2026-08-22T03:06:00+02:00,codex.r014.id-ID,,elgamal_ciphertext,ElGamal ciphertext,cipherteks ElGamal,"[""ttp.concept.elgamal_cryptosystem""]",computer-science/cryptography/elgamal_ciphertext,"{""notes"":""Ordered pair `(r^\\beta, m a^\\beta)` reduced modulo `p`."",""path"":""qa/review-candidates/boundary28-r2/TERMINOLOGY.md"",""sha256"":""3e3fe31baa8565bbc54cd6d789570cac18ed469f68cf683f08dd639ef92d9bd1"",""terminology_id"":""crypto.elgamal_ciphertext""}"
r014.backend.record,1.0.0,ttp.concept.elgamal_cryptosystem,concept,active,ttp.r014.yaintt,ttp.r014.yaintt,,und,2026-08-22T03:06:00+02:00,codex.r014.id-ID,,elgamal_cryptosystem,ElGamal cryptosystem,kriptosistem ElGamal,"[""ttp.concept.primitive_root"",""ttp.concept.discrete_logarithm_hardness"",""ttp.concept.public_key_cryptosystem""]",computer-science/cryptography/elgamal_cryptosystem,"{""notes"":""Textbook multiplicative public-key construction; preserve the proper name."",""path"":""qa/review-candidates/boundary28-r2/TERMINOLOGY.md"",""sha256"":""3e3fe31baa8565bbc54cd6d789570cac18ed469f68cf683f08dd639ef92d9bd1"",""terminology_id"":""crypto.elgamal_cryptosystem""}"
r014.backend.record,1.0.0,ttp.concept.elgamal_ephemeral_exponent,concept,active,ttp.r014.yaintt,ttp.r014.yaintt,,und,2026-08-22T03:06:00+02:00,codex.r014.id-ID,,elgamal_ephemeral_exponent,ElGamal ephemeral exponent,eksponen efemeral ElGamal,"[""ttp.concept.elgamal_cryptosystem"",""ttp.concept.fresh_randomness""]",computer-science/cryptography/elgamal_ephemeral_exponent,"{""notes"":""Fresh random `\\beta` used once for each encryption."",""path"":""qa/review-candidates/boundary28-r2/TERMINOLOGY.md"",""sha256"":""3e3fe31baa8565bbc54cd6d789570cac18ed469f68cf683f08dd639ef92d9bd1"",""terminology_id"":""crypto.elgamal_ephemeral_exponent""}"
r014.backend.record,1.0.0,ttp.concept.elgamal_private_key,concept,active,ttp.r014.yaintt,ttp.r014.yaintt,,und,2026-08-22T03:06:00+02:00,codex.r014.id-ID,,elgamal_private_key,ElGamal private/decryption key,kunci privat/dekripsi ElGamal,"[""ttp.concept.elgamal_cryptosystem""]",computer-science/cryptography/elgamal_private_key,"{""notes"":""Tuple `(p,r,\\alpha)`; the secret exponent excludes the trivial endpoint `p-1`."",""path"":""qa/review-candidates/boundary28-r2/TERMINOLOGY.md"",""sha256"":""3e3fe31baa8565bbc54cd6d789570cac18ed469f68cf683f08dd639ef92d9bd1"",""terminology_id"":""crypto.elgamal_private_key""}"
r014.backend.record,1.0.0,ttp.concept.elgamal_public_key,concept,active,ttp.r014.yaintt,ttp.r014.yaintt,,und,2026-08-22T03:06:00+02:00,codex.r014.id-ID,,elgamal_public_key,ElGamal public/encryption key,kunci publik/enkripsi ElGamal,"[""ttp.concept.elgamal_cryptosystem""]",computer-science/cryptography/elgamal_public_key,"{""notes"":""Tuple `(p,r,a)` with `a=r^\\alpha\\pmod p`."",""path"":""qa/review-candidates/boundary28-r2/TERMINOLOGY.md"",""sha256"":""3e3fe31baa8565bbc54cd6d789570cac18ed469f68cf683f08dd639ef92d9bd1"",""terminology_id"":""crypto.elgamal_public_key""}"
r014.backend.record,1.0.0,ttp.concept.elgamal_signature,concept,active,ttp.r014.yaintt,ttp.r014.yaintt,,und,2026-08-22T03:06:00+02:00,codex.r014.id-ID,,elgamal_signature,ElGamal digital signature,tanda tangan digital ElGamal,"[""ttp.concept.elgamal_cryptosystem"",""ttp.concept.digital_signature""]",computer-science/cryptography/elgamal_signature,"{""notes"":""Pair `(x,y)` with `x=r^\\gamma\\pmod p` and `y=\\gamma^{-1}(m-\\alpha x)\\pmod{p-1}`."",""path"":""qa/review-candidates/boundary28-r2/TERMINOLOGY.md"",""sha256"":""3e3fe31baa8565bbc54cd6d789570cac18ed469f68cf683f08dd639ef92d9bd1"",""terminology_id"":""crypto.elgamal_signature""}"
r014.backend.record,1.0.0,ttp.concept.elgamal_signature_nonce,concept,active,ttp.r014.yaintt,ttp.r014.yaintt,,und,2026-08-22T03:06:00+02:00,codex.r014.id-ID,,elgamal_signature_nonce,ElGamal signature nonce,nonce tanda tangan ElGamal,"[""ttp.concept.elgamal_signature"",""ttp.concept.fresh_randomness""]",computer-science/cryptography/elgamal_signature_nonce,"{""notes"":""Fresh random invertible `\\gamma` modulo `p-1`; never substitute the unreduced `r^\\gamma` for signature component `x`."",""path"":""qa/review-candidates/boundary28-r2/TERMINOLOGY.md"",""sha256"":""3e3fe31baa8565bbc54cd6d789570cac18ed469f68cf683f08dd639ef92d9bd1"",""terminology_id"":""crypto.elgamal_signature_nonce""}"
r014.backend.record,1.0.0,ttp.concept.encryption,concept,active,ttp.r014.yaintt,ttp.r014.yaintt,,und,2026-08-22T03:06:00+02:00,codex.r014.id-ID,,encryption,encryption,enkripsi,[],computer-science/cryptography/encryption,"{""notes"":""Verb: `mengenkripsi`."",""path"":""qa/review-candidates/boundary28-r2/TERMINOLOGY.md"",""sha256"":""3e3fe31baa8565bbc54cd6d789570cac18ed469f68cf683f08dd639ef92d9bd1"",""terminology_id"":""crypto.encryption""}"
r014.backend.record,1.0.0,ttp.concept.encryption_keyspace,concept,active,ttp.r014.yaintt,ttp.r014.yaintt,,und,2026-08-22T03:06:00+02:00,codex.r014.id-ID,,encryption_keyspace,encryption keyspace,ruang kunci enkripsi,[],computer-science/cryptography/encryption_keyspace,"{""notes"":""Written `\\Kk_e`."",""path"":""qa/review-candidates/boundary28-r2/TERMINOLOGY.md"",""sha256"":""3e3fe31baa8565bbc54cd6d789570cac18ed469f68cf683f08dd639ef92d9bd1"",""terminology_id"":""crypto.encryption_keyspace""}"
r014.backend.record,1.0.0,ttp.concept.equivalence_class,concept,active,ttp.r014.yaintt,ttp.r014.yaintt,,und,2026-08-21T13:53:00+02:00,codex.r014.id-ID,,equivalence_class,equivalence class,kelas ekuivalensi,"[""ttp.concept.equivalence_relation""]",mathematics/number-theory/equivalence_class,"{""path"":""qa/frozen-boundaries/boundary10/yaintt-id.tex"",""target_sha256"":""e2eb275565a11f04e44c4009a3dae2df7af1f8a7ea05b24ef7e30037ee2dc2a8""}"
r014.backend.record,1.0.0,ttp.concept.equivalence_relation,concept,active,ttp.r014.yaintt,ttp.r014.yaintt,,und,2026-08-21T13:53:00+02:00,codex.r014.id-ID,,equivalence_relation,equivalence relation,relasi ekuivalensi,[],mathematics/number-theory/equivalence_relation,"{""path"":""qa/frozen-boundaries/boundary10/yaintt-id.tex"",""target_sha256"":""e2eb275565a11f04e44c4009a3dae2df7af1f8a7ea05b24ef7e30037ee2dc2a8""}"
r014.backend.record,1.0.0,ttp.concept.euclidean_algorithm,concept,active,ttp.r014.yaintt,ttp.r014.yaintt,,und,2026-08-21T13:53:00+02:00,codex.r014.id-ID,,euclidean_algorithm,Euclidean algorithm,Algoritma Euklides,"[""ttp.concept.greatest_common_divisor"",""ttp.concept.division_algorithm"",""ttp.concept.remainder""]",mathematics/number-theory/euclidean_algorithm,"{""path"":""qa/frozen-boundaries/boundary6/yaintt-id.tex"",""target_sha256"":""4f9ca62a4fd7a3e4c7c2629ce62ee33bda8e35202bd35850df339f211464116d""}"
r014.backend.record,1.0.0,ttp.concept.euclids_lemma,concept,active,ttp.r014.yaintt,ttp.r014.yaintt,,und,2026-08-21T13:53:00+02:00,codex.r014.id-ID,,euclids_lemma,Euclid's Lemma,Lemma Euklides,"[""ttp.concept.divisibility"",""ttp.concept.greatest_common_divisor"",""ttp.concept.relatively_prime""]",mathematics/number-theory/euclids_lemma,"{""path"":""qa/frozen-boundaries/boundary7/yaintt-id.tex"",""target_sha256"":""8557e99ec0cc12ece98cb3a28706676d21d8c0526f526034a3178742acee5a79""}"
r014.backend.record,1.0.0,ttp.concept.euler_phi_function,concept,active,ttp.r014.yaintt,ttp.r014.yaintt,,und,2026-08-21T13:53:00+02:00,codex.r014.id-ID,,euler_phi_function,Euler's phi function,fungsi phi Euler,"[""ttp.concept.relatively_prime"",""ttp.concept.natural_number""]",mathematics/number-theory/euler_phi_function,"{""path"":""qa/frozen-boundaries/boundary11/yaintt-id.tex"",""target_sha256"":""cccf9bac270237c36545b61973c49e02afc3d19a5828c7a9dfb1fed524ec9a53""}"
r014.backend.record,1.0.0,ttp.concept.euler_theorem,concept,active,ttp.r014.yaintt,ttp.r014.yaintt,,und,2026-08-21T13:53:00+02:00,codex.r014.id-ID,,euler_theorem,Euler's theorem,Teorema Euler,[],mathematics/number-theory/euler_theorem,"{""path"":""qa/frozen-boundaries/boundary3/yaintt-id.tex"",""target_sha256"":""695c071582bdee94a297987c820195b31fe808c16dbb1c0f07559e2b2ed73666""}"
r014.backend.record,1.0.0,ttp.concept.euler_totient_function,concept,active,ttp.r014.yaintt,ttp.r014.yaintt,,und,2026-08-21T13:53:00+02:00,codex.r014.id-ID,,euler_totient_function,Euler's totient function,fungsi totient Euler,"[""ttp.concept.euler_phi_function""]",mathematics/number-theory/euler_totient_function,"{""path"":""qa/frozen-boundaries/boundary11/yaintt-id.tex"",""target_sha256"":""cccf9bac270237c36545b61973c49e02afc3d19a5828c7a9dfb1fed524ec9a53""}"
r014.backend.record,1.0.0,ttp.concept.eulers_theorem,concept,active,ttp.r014.yaintt,ttp.r014.yaintt,,und,2026-08-22T03:06:00+02:00,codex.r014.id-ID,,eulers_theorem,Euler's Theorem,Teorema Euler,"[""ttp.concept.multiplicative_order"",""ttp.concept.euler_phi_function""]",mathematics/number-theory/eulers_theorem,"{""notes"":""Preserve `a^{\\phi(n)}\\equiv1\\pmod n` under the coprimality hypothesis."",""path"":""qa/review-candidates/boundary28-r2/TERMINOLOGY.md"",""sha256"":""3e3fe31baa8565bbc54cd6d789570cac18ed469f68cf683f08dd639ef92d9bd1"",""terminology_id"":""nt.eulers_theorem""}"
r014.backend.record,1.0.0,ttp.concept.exhaustive_search,concept,active,ttp.r014.yaintt,ttp.r014.yaintt,,und,2026-08-22T03:06:00+02:00,codex.r014.id-ID,,exhaustive_search,exhaustive search,pencarian menyeluruh,[],computer-science/cryptography/exhaustive_search,"{""notes"":""Introduced as the equivalent name for a brute-force attack."",""path"":""qa/review-candidates/boundary28-r2/TERMINOLOGY.md"",""sha256"":""3e3fe31baa8565bbc54cd6d789570cac18ed469f68cf683f08dd639ef92d9bd1"",""terminology_id"":""search.exhaustive_search""}"
r014.backend.record,1.0.0,ttp.concept.exponents_modulo_order,concept,active,ttp.r014.yaintt,ttp.r014.yaintt,,und,2026-08-22T03:06:00+02:00,codex.r014.id-ID,,exponents_modulo_order,exponents modulo the multiplicative order,pangkat modulo orde multiplikatif,"[""ttp.concept.multiplicative_order""]",mathematics/number-theory/exponents_modulo_order,"{""notes"":""`a^j\\equiv a^k\\pmod n` exactly when `j\\equiv k\\pmod{\\ord_n(a)}`."",""path"":""qa/review-candidates/boundary28-r2/TERMINOLOGY.md"",""sha256"":""3e3fe31baa8565bbc54cd6d789570cac18ed469f68cf683f08dd639ef92d9bd1"",""terminology_id"":""nt.exponents_modulo_order""}"
r014.backend.record,1.0.0,ttp.concept.extended_euclidean_algorithm,concept,active,ttp.r014.yaintt,ttp.r014.yaintt,,und,2026-08-21T13:53:00+02:00,codex.r014.id-ID,,extended_euclidean_algorithm,extended Euclidean algorithm,Algoritma Euklides diperluas,"[""ttp.concept.euclidean_algorithm"",""ttp.concept.linear_combination""]",mathematics/number-theory/extended_euclidean_algorithm,"{""path"":""qa/frozen-boundaries/boundary6/yaintt-id.tex"",""target_sha256"":""4f9ca62a4fd7a3e4c7c2629ce62ee33bda8e35202bd35850df339f211464116d""}"
r014.backend.record,1.0.0,ttp.concept.factor,concept,active,ttp.r014.yaintt,ttp.r014.yaintt,,und,2026-08-21T13:53:00+02:00,codex.r014.id-ID,,factor,factor,faktor,"[""ttp.concept.divisibility""]",mathematics/number-theory/factor,"{""path"":""qa/frozen-boundaries/boundary3/yaintt-id.tex"",""target_sha256"":""695c071582bdee94a297987c820195b31fe808c16dbb1c0f07559e2b2ed73666""}"
r014.backend.record,1.0.0,ttp.concept.factorial,concept,active,ttp.r014.yaintt,ttp.r014.yaintt,,und,2026-08-21T13:53:00+02:00,codex.r014.id-ID,,factorial,factorial,faktorial,[],mathematics/number-theory/factorial,"{""path"":""qa/frozen-boundaries/boundary3/yaintt-id.tex"",""target_sha256"":""695c071582bdee94a297987c820195b31fe808c16dbb1c0f07559e2b2ed73666""}"
r014.backend.record,1.0.0,ttp.concept.fast_modular_exponentiation,concept,active,ttp.r014.yaintt,ttp.r014.yaintt,,und,2026-08-22T03:06:00+02:00,codex.r014.id-ID,,fast_modular_exponentiation,fast modular exponentiation,eksponensiasi modular cepat,"[""ttp.concept.binary_representation"",""ttp.concept.congruence""]",mathematics/number-theory/fast_modular_exponentiation,"{""notes"":""Implemented by repeated squaring and binary expansion."",""path"":""qa/review-candidates/boundary28-r2/TERMINOLOGY.md"",""sha256"":""3e3fe31baa8565bbc54cd6d789570cac18ed469f68cf683f08dd639ef92d9bd1"",""terminology_id"":""nt.fast_modular_exponentiation""}"
r014.backend.record,1.0.0,ttp.concept.feasible_computation,concept,active,ttp.r014.yaintt,ttp.r014.yaintt,,und,2026-08-22T03:06:00+02:00,codex.r014.id-ID,,feasible_computation,feasible computation,komputasi layak,[],computer-science/cryptography/feasible_computation,"{""notes"":""Runtime bounded polynomially in the logarithms/input length."",""path"":""qa/review-candidates/boundary28-r2/TERMINOLOGY.md"",""sha256"":""3e3fe31baa8565bbc54cd6d789570cac18ed469f68cf683f08dd639ef92d9bd1"",""terminology_id"":""complexity.feasible_computation""}"
r014.backend.record,1.0.0,ttp.concept.fermats_last_theorem,concept,active,ttp.r014.yaintt,ttp.r014.yaintt,,und,2026-08-22T03:06:00+02:00,codex.r014.id-ID,,fermats_last_theorem,Fermat's Last Theorem,Teorema Terakhir Fermat,[],mathematics/number-theory/fermats_last_theorem,"{""notes"":""Historical aside only; retain the authority's quotation marks around “theorem.”"",""path"":""qa/review-candidates/boundary28-r2/TERMINOLOGY.md"",""sha256"":""3e3fe31baa8565bbc54cd6d789570cac18ed469f68cf683f08dd639ef92d9bd1"",""terminology_id"":""nt.fermats_last_theorem""}"
r014.backend.record,1.0.0,ttp.concept.fermats_little_theorem,concept,active,ttp.r014.yaintt,ttp.r014.yaintt,,und,2026-08-22T03:06:00+02:00,codex.r014.id-ID,,fermats_little_theorem,Fermat's Little Theorem,Teorema Kecil Fermat,"[""ttp.concept.eulers_theorem"",""ttp.concept.prime""]",mathematics/number-theory/fermats_little_theorem,"{""notes"":""Use this established Indonesian word order consistently."",""path"":""qa/review-candidates/boundary28-r2/TERMINOLOGY.md"",""sha256"":""3e3fe31baa8565bbc54cd6d789570cac18ed469f68cf683f08dd639ef92d9bd1"",""terminology_id"":""nt.fermats_little_theorem""}"
r014.backend.record,1.0.0,ttp.concept.fingerprint,concept,active,ttp.r014.yaintt,ttp.r014.yaintt,,und,2026-08-22T03:06:00+02:00,codex.r014.id-ID,,fingerprint,fingerprint,sidik jari,[],computer-science/cryptography/fingerprint,"{""notes"":""A hash used here to detect non-malicious corruption."",""path"":""qa/review-candidates/boundary28-r2/TERMINOLOGY.md"",""sha256"":""3e3fe31baa8565bbc54cd6d789570cac18ed469f68cf683f08dd639ef92d9bd1"",""terminology_id"":""crypto.fingerprint""}"
r014.backend.record,1.0.0,ttp.concept.finite_sum,concept,active,ttp.r014.yaintt,ttp.r014.yaintt,,und,2026-08-21T13:53:00+02:00,codex.r014.id-ID,,finite_sum,finite sum,jumlah berhingga,[],mathematics/number-theory/finite_sum,"{""path"":""qa/frozen-boundaries/boundary3/yaintt-id.tex"",""target_sha256"":""695c071582bdee94a297987c820195b31fe808c16dbb1c0f07559e2b2ed73666""}"
r014.backend.record,1.0.0,ttp.concept.frequency_analysis,concept,active,ttp.r014.yaintt,ttp.r014.yaintt,,und,2026-08-22T03:06:00+02:00,codex.r014.id-ID,,frequency_analysis,frequency analysis,analisis frekuensi,"[""ttp.concept.letter_frequency"",""ttp.concept.ciphertext""]",computer-science/cryptography/frequency_analysis,"{""notes"":""Compare observed symbol frequencies with a reference-language distribution."",""path"":""qa/review-candidates/boundary28-r2/TERMINOLOGY.md"",""sha256"":""3e3fe31baa8565bbc54cd6d789570cac18ed469f68cf683f08dd639ef92d9bd1"",""terminology_id"":""crypto.frequency_analysis""}"
r014.backend.record,1.0.0,ttp.concept.fresh_randomness,concept,active,ttp.r014.yaintt,ttp.r014.yaintt,,und,2026-08-22T03:06:00+02:00,codex.r014.id-ID,,fresh_randomness,fresh randomness,keacakan baru yang independen,[],computer-science/cryptography/fresh_randomness,"{""notes"":""New independent randomness for each encryption or signature operation."",""path"":""qa/review-candidates/boundary28-r2/TERMINOLOGY.md"",""sha256"":""3e3fe31baa8565bbc54cd6d789570cac18ed469f68cf683f08dd639ef92d9bd1"",""terminology_id"":""randomness.fresh_randomness""}"
r014.backend.record,1.0.0,ttp.concept.functional_correctness,concept,active,ttp.r014.yaintt,ttp.r014.yaintt,,und,2026-08-22T03:06:00+02:00,codex.r014.id-ID,,functional_correctness,functional correctness,kebenaran fungsional,[],computer-science/cryptography/functional_correctness,"{""notes"":""Encryption/decryption or signing/verification composes as specified; this alone is not a strong adversarial security guarantee."",""path"":""qa/review-candidates/boundary28-r2/TERMINOLOGY.md"",""sha256"":""3e3fe31baa8565bbc54cd6d789570cac18ed469f68cf683f08dd639ef92d9bd1"",""terminology_id"":""security.functional_correctness""}"
r014.backend.record,1.0.0,ttp.concept.fundamental_theorem_arithmetic,concept,active,ttp.r014.yaintt,ttp.r014.yaintt,,und,2026-08-22T03:06:00+02:00,codex.r014.id-ID,,fundamental_theorem_arithmetic,Fundamental Theorem of Arithmetic,Teorema Dasar Aritmetika,"[""ttp.concept.prime_factorization"",""ttp.concept.well_ordering_principle""]",mathematics/number-theory/fundamental_theorem_arithmetic,"{""notes"":""Existence and uniqueness of prime factorization for `n\\ge2`."",""path"":""qa/review-candidates/boundary28-r2/TERMINOLOGY.md"",""sha256"":""3e3fe31baa8565bbc54cd6d789570cac18ed469f68cf683f08dd639ef92d9bd1"",""terminology_id"":""nt.fundamental_theorem_arithmetic""}"
r014.backend.record,1.0.0,ttp.concept.gauss_totient_sum,concept,active,ttp.r014.yaintt,ttp.r014.yaintt,,und,2026-08-22T03:06:00+02:00,codex.r014.id-ID,,gauss_totient_sum,Gauss's theorem on totient sums,Teorema Gauss tentang jumlah nilai fungsi phi Euler,"[""ttp.concept.euler_phi_function"",""ttp.concept.divisibility""]",mathematics/number-theory/gauss_totient_sum,"{""notes"":""`\\sum_{d\\mid n}\\phi(d)=n`."",""path"":""qa/review-candidates/boundary28-r2/TERMINOLOGY.md"",""sha256"":""3e3fe31baa8565bbc54cd6d789570cac18ed469f68cf683f08dd639ef92d9bd1"",""terminology_id"":""nt.gauss_totient_sum""}"
r014.backend.record,1.0.0,ttp.concept.greatest_common_divisor,concept,active,ttp.r014.yaintt,ttp.r014.yaintt,,und,2026-08-21T13:53:00+02:00,codex.r014.id-ID,,greatest_common_divisor,greatest common divisor,faktor persekutuan terbesar,"[""ttp.concept.common_divisor"",""ttp.concept.natural_number""]",mathematics/number-theory/greatest_common_divisor,"{""path"":""qa/frozen-boundaries/boundary5/yaintt-id.tex"",""target_sha256"":""a1e4f897c579852ae201e59f20538883cff4c07575a128ddfc24b6b19e2334d1""}"
r014.backend.record,1.0.0,ttp.concept.hash_value,concept,active,ttp.r014.yaintt,ttp.r014.yaintt,,und,2026-08-22T03:06:00+02:00,codex.r014.id-ID,,hash_value,hash value,nilai hash,[],computer-science/cryptography/hash_value,"{""notes"":""Fixed-length output `h(m)`."",""path"":""qa/review-candidates/boundary28-r2/TERMINOLOGY.md"",""sha256"":""3e3fe31baa8565bbc54cd6d789570cac18ed469f68cf683f08dd639ef92d9bd1"",""terminology_id"":""crypto.hash_value""}"
r014.backend.record,1.0.0,ttp.concept.hex,concept,active,ttp.r014.yaintt,ttp.r014.yaintt,,und,2026-08-21T13:53:00+02:00,codex.r014.id-ID,,hex,hex,heks,"[""ttp.concept.hexadecimal""]",mathematics/number-theory/hex,"{""path"":""qa/frozen-boundaries/boundary4/yaintt-id.tex"",""target_sha256"":""6579069bd8ca959042eaeba5b743d5eb4a3ed3e58828e55a827a30f0b0066859""}"
r014.backend.record,1.0.0,ttp.concept.hexadecimal,concept,active,ttp.r014.yaintt,ttp.r014.yaintt,,und,2026-08-21T13:53:00+02:00,codex.r014.id-ID,,hexadecimal,hexadecimal,heksadesimal,"[""ttp.concept.base_representation""]",mathematics/number-theory/hexadecimal,"{""path"":""qa/frozen-boundaries/boundary4/yaintt-id.tex"",""target_sha256"":""6579069bd8ca959042eaeba5b743d5eb4a3ed3e58828e55a827a30f0b0066859""}"
r014.backend.record,1.0.0,ttp.concept.identity_element,concept,active,ttp.r014.yaintt,ttp.r014.yaintt,,und,2026-08-21T13:53:00+02:00,codex.r014.id-ID,,identity_element,identity element,elemen identitas,"[""ttp.concept.binary_operation""]",mathematics/number-theory/identity_element,"{""path"":""qa/frozen-boundaries/boundary3/yaintt-id.tex"",""target_sha256"":""695c071582bdee94a297987c820195b31fe808c16dbb1c0f07559e2b2ed73666""}"
r014.backend.record,1.0.0,ttp.concept.identity_key_binding,concept,active,ttp.r014.yaintt,ttp.r014.yaintt,,und,2026-08-22T03:06:00+02:00,codex.r014.id-ID,,identity_key_binding,identity–key binding,pengikatan identitas--kunci,[],computer-science/cryptography/identity_key_binding,"{""notes"":""Claim that a specific public key belongs to an identified subject."",""path"":""qa/review-candidates/boundary28-r2/TERMINOLOGY.md"",""sha256"":""3e3fe31baa8565bbc54cd6d789570cac18ed469f68cf683f08dd639ef92d9bd1"",""terminology_id"":""security.identity_key_binding""}"
r014.backend.record,1.0.0,ttp.concept.index_discrete_log,concept,active,ttp.r014.yaintt,ttp.r014.yaintt,,und,2026-08-21T13:53:00+02:00,codex.r014.id-ID,,index_discrete_log,number-theoretic index / discrete logarithm,indeks / logaritma diskret,[],mathematics/number-theory/index_discrete_log,"{""path"":""qa/frozen-boundaries/boundary3/yaintt-id.tex"",""target_sha256"":""695c071582bdee94a297987c820195b31fe808c16dbb1c0f07559e2b2ed73666""}"
r014.backend.record,1.0.0,ttp.concept.index_modulo,concept,active,ttp.r014.yaintt,ttp.r014.yaintt,,und,2026-08-22T03:06:00+02:00,codex.r014.id-ID,,index_modulo,index modulo n,indeks modulo n,[],mathematics/number-theory/index_modulo,"{""notes"":""Synonym for the discrete logarithm in the later formal definition."",""path"":""qa/review-candidates/boundary28-r2/TERMINOLOGY.md"",""sha256"":""3e3fe31baa8565bbc54cd6d789570cac18ed469f68cf683f08dd639ef92d9bd1"",""terminology_id"":""nt.index_modulo""}"
r014.backend.record,1.0.0,ttp.concept.index_relative,concept,active,ttp.r014.yaintt,ttp.r014.yaintt,,und,2026-08-22T03:06:00+02:00,codex.r014.id-ID,,index_relative,index of b relative to a,indeks b relatif terhadap a,"[""ttp.concept.primitive_root"",""ttp.concept.discrete_logarithm""]",mathematics/number-theory/index_relative,"{""notes"":""Least positive `k` satisfying `b\\equiv a^k\\pmod n` when `a` is a primitive root modulo `n`."",""path"":""qa/review-candidates/boundary28-r2/TERMINOLOGY.md"",""sha256"":""3e3fe31baa8565bbc54cd6d789570cac18ed469f68cf683f08dd639ef92d9bd1"",""terminology_id"":""nt.index_relative""}"
r014.backend.record,1.0.0,ttp.concept.information_security,concept,active,ttp.r014.yaintt,ttp.r014.yaintt,,und,2026-08-22T03:06:00+02:00,codex.r014.id-ID,,information_security,information security,keamanan informasi,[],computer-science/cryptography/information_security,"{""notes"":""Umbrella term for confidentiality, integrity, authentication, and non-repudiation in this chapter."",""path"":""qa/review-candidates/boundary28-r2/TERMINOLOGY.md"",""sha256"":""3e3fe31baa8565bbc54cd6d789570cac18ed469f68cf683f08dd639ef92d9bd1"",""terminology_id"":""security.information_security""}"
r014.backend.record,1.0.0,ttp.concept.information_theoretic_security,concept,active,ttp.r014.yaintt,ttp.r014.yaintt,,und,2026-08-22T03:06:00+02:00,codex.r014.id-ID,,information_theoretic_security,information-theoretically secure,aman secara teori informasi,[],computer-science/cryptography/information_theoretic_security,"{""notes"":""Security proof does not assume bounded attacker computation."",""path"":""qa/review-candidates/boundary28-r2/TERMINOLOGY.md"",""sha256"":""3e3fe31baa8565bbc54cd6d789570cac18ed469f68cf683f08dd639ef92d9bd1"",""terminology_id"":""crypto.information_theoretic_security""}"
r014.backend.record,1.0.0,ttp.concept.injective,concept,active,ttp.r014.yaintt,ttp.r014.yaintt,,und,2026-08-21T13:53:00+02:00,codex.r014.id-ID,,injective,injective,injektif,[],mathematics/number-theory/injective,"{""path"":""qa/frozen-boundaries/boundary11/yaintt-id.tex"",""target_sha256"":""cccf9bac270237c36545b61973c49e02afc3d19a5828c7a9dfb1fed524ec9a53""}"
r014.backend.record,1.0.0,ttp.concept.input_length,concept,active,ttp.r014.yaintt,ttp.r014.yaintt,,und,2026-08-22T03:06:00+02:00,codex.r014.id-ID,,input_length,input length,panjang masukan,[],computer-science/cryptography/input_length,"{""notes"":""Maximum encoded digit/bit length of the relevant inputs; distinguish it from their numeric magnitude."",""path"":""qa/review-candidates/boundary28-r2/TERMINOLOGY.md"",""sha256"":""3e3fe31baa8565bbc54cd6d789570cac18ed469f68cf683f08dd639ef92d9bd1"",""terminology_id"":""complexity.input_length""}"
r014.backend.record,1.0.0,ttp.concept.integer,concept,active,ttp.r014.yaintt,ttp.r014.yaintt,,und,2026-08-21T13:53:00+02:00,codex.r014.id-ID,,integer,integer,bilangan bulat,[],mathematics/number-theory/integer,"{""path"":""qa/frozen-boundaries/boundary3/yaintt-id.tex"",""target_sha256"":""695c071582bdee94a297987c820195b31fe808c16dbb1c0f07559e2b2ed73666""}"
r014.backend.record,1.0.0,ttp.concept.integers_mod_n,concept,active,ttp.r014.yaintt,ttp.r014.yaintt,,und,2026-08-21T13:53:00+02:00,codex.r014.id-ID,,integers_mod_n,integers modulo n,bilangan bulat modulo n,"[""ttp.concept.congruence_class"",""ttp.concept.modulo""]",mathematics/number-theory/integers_mod_n,"{""path"":""qa/frozen-boundaries/boundary10/yaintt-id.tex"",""target_sha256"":""e2eb275565a11f04e44c4009a3dae2df7af1f8a7ea05b24ef7e30037ee2dc2a8""}"
r014.backend.record,1.0.0,ttp.concept.integral_domain,concept,active,ttp.r014.yaintt,ttp.r014.yaintt,,und,2026-08-22T03:06:00+02:00,codex.r014.id-ID,,integral_domain,integral domain / domain,domain integral / domain,"[""ttp.concept.zero_product_property""]",mathematics/number-theory/integral_domain,"{""notes"":""Ring with no nonzero zero divisors; the source uses the shorter word `domain`."",""path"":""qa/review-candidates/boundary28-r2/TERMINOLOGY.md"",""sha256"":""3e3fe31baa8565bbc54cd6d789570cac18ed469f68cf683f08dd639ef92d9bd1"",""terminology_id"":""algebra.integral_domain""}"
r014.backend.record,1.0.0,ttp.concept.integrity,concept,active,ttp.r014.yaintt,ttp.r014.yaintt,,und,2026-08-22T03:06:00+02:00,codex.r014.id-ID,,integrity,integrity,integritas,[],computer-science/cryptography/integrity,"{""notes"":""The recipient can verify that the message was not altered."",""path"":""qa/review-candidates/boundary28-r2/TERMINOLOGY.md"",""sha256"":""3e3fe31baa8565bbc54cd6d789570cac18ed469f68cf683f08dd639ef92d9bd1"",""terminology_id"":""security.integrity""}"
r014.backend.record,1.0.0,ttp.concept.kerckhoffs_principle,concept,active,ttp.r014.yaintt,ttp.r014.yaintt,,und,2026-08-22T03:06:00+02:00,codex.r014.id-ID,,kerckhoffs_principle,Kerckhoffs's Principle,Prinsip Kerckhoffs,[],computer-science/cryptography/kerckhoffs_principle,"{""notes"":""Use the correct spelling `Kerckhoffs`, not the authority's `Kerckhoff's`."",""path"":""qa/review-candidates/boundary28-r2/TERMINOLOGY.md"",""sha256"":""3e3fe31baa8565bbc54cd6d789570cac18ed469f68cf683f08dd639ef92d9bd1"",""terminology_id"":""crypto.kerckhoffs_principle""}"
r014.backend.record,1.0.0,ttp.concept.key,concept,active,ttp.r014.yaintt,ttp.r014.yaintt,,und,2026-08-22T03:06:00+02:00,codex.r014.id-ID,,key,key,kunci,[],computer-science/cryptography/key,"{""notes"":""Additional information required for successful decryption."",""path"":""qa/review-candidates/boundary28-r2/TERMINOLOGY.md"",""sha256"":""3e3fe31baa8565bbc54cd6d789570cac18ed469f68cf683f08dd639ef92d9bd1"",""terminology_id"":""crypto.key""}"
r014.backend.record,1.0.0,ttp.concept.key_distribution,concept,active,ttp.r014.yaintt,ttp.r014.yaintt,,und,2026-08-22T03:06:00+02:00,codex.r014.id-ID,,key_distribution,key distribution,distribusi kunci,[],computer-science/cryptography/key_distribution,"{""notes"":""Central practical limitation of one-time pads."",""path"":""qa/review-candidates/boundary28-r2/TERMINOLOGY.md"",""sha256"":""3e3fe31baa8565bbc54cd6d789570cac18ed469f68cf683f08dd639ef92d9bd1"",""terminology_id"":""crypto.key_distribution""}"
r014.backend.record,1.0.0,ttp.concept.key_exchange,concept,active,ttp.r014.yaintt,ttp.r014.yaintt,,und,2026-08-21T13:53:00+02:00,codex.r014.id-ID,,key_exchange,key exchange,pertukaran kunci,[],mathematics/number-theory/key_exchange,"{""path"":""qa/frozen-boundaries/boundary3/yaintt-id.tex"",""target_sha256"":""695c071582bdee94a297987c820195b31fe808c16dbb1c0f07559e2b2ed73666""}"
r014.backend.record,1.0.0,ttp.concept.key_fingerprint,concept,active,ttp.r014.yaintt,ttp.r014.yaintt,,und,2026-08-22T03:06:00+02:00,codex.r014.id-ID,,key_fingerprint,key fingerprint,sidik jari kunci,[],computer-science/cryptography/key_fingerprint,"{""notes"":""Full format-defined digest used to compare a public key; do not use MD5."",""path"":""qa/review-candidates/boundary28-r2/TERMINOLOGY.md"",""sha256"":""3e3fe31baa8565bbc54cd6d789570cac18ed469f68cf683f08dd639ef92d9bd1"",""terminology_id"":""pki.key_fingerprint""}"
r014.backend.record,1.0.0,ttp.concept.key_generation_algorithm,concept,active,ttp.r014.yaintt,ttp.r014.yaintt,,und,2026-08-22T03:06:00+02:00,codex.r014.id-ID,,key_generation_algorithm,key-generation algorithm,algoritme pembangkitan kunci,[],computer-science/cryptography/key_generation_algorithm,"{""notes"":""Efficiently emits an associated public/private key pair; written `\\mathsf{Gen}`."",""path"":""qa/review-candidates/boundary28-r2/TERMINOLOGY.md"",""sha256"":""3e3fe31baa8565bbc54cd6d789570cac18ed469f68cf683f08dd639ef92d9bd1"",""terminology_id"":""crypto.key_generation_algorithm""}"
r014.backend.record,1.0.0,ttp.concept.key_length,concept,active,ttp.r014.yaintt,ttp.r014.yaintt,,und,2026-08-22T03:06:00+02:00,codex.r014.id-ID,,key_length,key length,panjang kunci,[],computer-science/cryptography/key_length,"{""notes"":""For Vigenère, the number of repeated shift components."",""path"":""qa/review-candidates/boundary28-r2/TERMINOLOGY.md"",""sha256"":""3e3fe31baa8565bbc54cd6d789570cac18ed469f68cf683f08dd639ef92d9bd1"",""terminology_id"":""crypto.key_length""}"
r014.backend.record,1.0.0,ttp.concept.key_position,concept,active,ttp.r014.yaintt,ttp.r014.yaintt,,und,2026-08-22T03:06:00+02:00,codex.r014.id-ID,,key_position,key position,posisi kunci,[],computer-science/cryptography/key_position,"{""notes"":""One coordinate/substream in a repeated Vigenère key, not an alphabet letter."",""path"":""qa/review-candidates/boundary28-r2/TERMINOLOGY.md"",""sha256"":""3e3fe31baa8565bbc54cd6d789570cac18ed469f68cf683f08dd639ef92d9bd1"",""terminology_id"":""crypto.key_position""}"
r014.backend.record,1.0.0,ttp.concept.key_signing_party,concept,active,ttp.r014.yaintt,ttp.r014.yaintt,,und,2026-08-22T03:06:00+02:00,codex.r014.id-ID,,key_signing_party,key-signing party,pertemuan penandatanganan kunci,[],computer-science/cryptography/key_signing_party,"{""notes"":""Event for direct identity and full-fingerprint verification before signing."",""path"":""qa/review-candidates/boundary28-r2/TERMINOLOGY.md"",""sha256"":""3e3fe31baa8565bbc54cd6d789570cac18ed469f68cf683f08dd639ef92d9bd1"",""terminology_id"":""pki.key_signing_party""}"
r014.backend.record,1.0.0,ttp.concept.keyspace,concept,active,ttp.r014.yaintt,ttp.r014.yaintt,,und,2026-08-22T03:06:00+02:00,codex.r014.id-ID,,keyspace,keyspace,ruang kunci,[],computer-science/cryptography/keyspace,"{""notes"":""Set of every valid key for the cryptosystem."",""path"":""qa/review-candidates/boundary28-r2/TERMINOLOGY.md"",""sha256"":""3e3fe31baa8565bbc54cd6d789570cac18ed469f68cf683f08dd639ef92d9bd1"",""terminology_id"":""crypto.keyspace""}"
r014.backend.record,1.0.0,ttp.concept.lagranges_theorem,concept,active,ttp.r014.yaintt,ttp.r014.yaintt,,und,2026-08-22T03:06:00+02:00,codex.r014.id-ID,,lagranges_theorem,Lagrange's Theorem,Teorema Lagrange,"[""ttp.concept.unit_group""]",mathematics/number-theory/lagranges_theorem,"{""notes"":""Used here through the divisibility of a subgroup order."",""path"":""qa/review-candidates/boundary28-r2/TERMINOLOGY.md"",""sha256"":""3e3fe31baa8565bbc54cd6d789570cac18ed469f68cf683f08dd639ef92d9bd1"",""terminology_id"":""algebra.lagranges_theorem""}"
r014.backend.record,1.0.0,ttp.concept.least_element,concept,active,ttp.r014.yaintt,ttp.r014.yaintt,,und,2026-08-21T13:53:00+02:00,codex.r014.id-ID,,least_element,least element,elemen terkecil,[],mathematics/number-theory/least_element,"{""path"":""qa/frozen-boundaries/boundary3/yaintt-id.tex"",""target_sha256"":""695c071582bdee94a297987c820195b31fe808c16dbb1c0f07559e2b2ed73666""}"
r014.backend.record,1.0.0,ttp.concept.least_squares,concept,active,ttp.r014.yaintt,ttp.r014.yaintt,,und,2026-08-22T03:06:00+02:00,codex.r014.id-ID,,least_squares,least squares,kuadrat terkecil,[],computer-science/cryptography/least_squares,"{""notes"":""Statistical/linear-algebra equivalence stated by the source."",""path"":""qa/review-candidates/boundary28-r2/TERMINOLOGY.md"",""sha256"":""3e3fe31baa8565bbc54cd6d789570cac18ed469f68cf683f08dd639ef92d9bd1"",""terminology_id"":""stats.least_squares""}"
r014.backend.record,1.0.0,ttp.concept.letter_frequency,concept,active,ttp.r014.yaintt,ttp.r014.yaintt,,und,2026-08-22T03:06:00+02:00,codex.r014.id-ID,,letter_frequency,letter frequency,frekuensi huruf,[],computer-science/cryptography/letter_frequency,"{""notes"":""Localize figure captions and index entries consistently."",""path"":""qa/review-candidates/boundary28-r2/TERMINOLOGY.md"",""sha256"":""3e3fe31baa8565bbc54cd6d789570cac18ed469f68cf683f08dd639ef92d9bd1"",""terminology_id"":""crypto.letter_frequency""}"
r014.backend.record,1.0.0,ttp.concept.linear_combination,concept,active,ttp.r014.yaintt,ttp.r014.yaintt,,und,2026-08-21T13:53:00+02:00,codex.r014.id-ID,,linear_combination,linear combination,kombinasi linear,"[""ttp.concept.addition"",""ttp.concept.multiplication""]",mathematics/number-theory/linear_combination,"{""path"":""qa/frozen-boundaries/boundary3/yaintt-id.tex"",""target_sha256"":""695c071582bdee94a297987c820195b31fe808c16dbb1c0f07559e2b2ed73666""}"
r014.backend.record,1.0.0,ttp.concept.linear_congruence,concept,active,ttp.r014.yaintt,ttp.r014.yaintt,,und,2026-08-21T13:53:00+02:00,codex.r014.id-ID,,linear_congruence,linear congruence,kongruensi linear,"[""ttp.concept.congruence"",""ttp.concept.integer"",""ttp.concept.natural_number""]",mathematics/number-theory/linear_congruence,"{""path"":""qa/frozen-boundaries/boundary8/yaintt-id.tex"",""target_sha256"":""f4e17c49e2dc2e871fc6595e11daa97c8ad55e1a4eba2005488e9e841e68e749""}"
r014.backend.record,1.0.0,ttp.concept.man_in_the_middle_attack,concept,active,ttp.r014.yaintt,ttp.r014.yaintt,,und,2026-08-22T03:06:00+02:00,codex.r014.id-ID,,man_in_the_middle_attack,man-in-the-middle attack,serangan man-in-the-middle,[],computer-science/cryptography/man_in_the_middle_attack,"{""notes"":""Active attacker substitutes keys and relays or alters traffic; retain the conventional technical phrase."",""path"":""qa/review-candidates/boundary28-r2/TERMINOLOGY.md"",""sha256"":""3e3fe31baa8565bbc54cd6d789570cac18ed469f68cf683f08dd639ef92d9bd1"",""terminology_id"":""security.man_in_the_middle_attack""}"
r014.backend.record,1.0.0,ttp.concept.mathematical_induction,concept,active,ttp.r014.yaintt,ttp.r014.yaintt,,und,2026-08-21T13:53:00+02:00,codex.r014.id-ID,,mathematical_induction,mathematical induction,induksi matematika,"[""ttp.concept.well_ordering_principle""]",mathematics/number-theory/mathematical_induction,"{""path"":""qa/frozen-boundaries/boundary3/yaintt-id.tex"",""target_sha256"":""695c071582bdee94a297987c820195b31fe808c16dbb1c0f07559e2b2ed73666""}"
r014.backend.record,1.0.0,ttp.concept.message_representative,concept,active,ttp.r014.yaintt,ttp.r014.yaintt,,und,2026-08-22T03:06:00+02:00,codex.r014.id-ID,,message_representative,message representative,wakil pesan,[],computer-science/cryptography/message_representative,"{""notes"":""Integer `H_n(m)` in `0,\\dots,n-1` obtained by encoding the digest for RSA."",""path"":""qa/review-candidates/boundary28-r2/TERMINOLOGY.md"",""sha256"":""3e3fe31baa8565bbc54cd6d789570cac18ed469f68cf683f08dd639ef92d9bd1"",""terminology_id"":""crypto.message_representative""}"
r014.backend.record,1.0.0,ttp.concept.message_space,concept,active,ttp.r014.yaintt,ttp.r014.yaintt,,und,2026-08-22T03:06:00+02:00,codex.r014.id-ID,,message_space,message space,ruang pesan,[],computer-science/cryptography/message_space,"{""notes"":""Set of possible messages for the encrypted communication."",""path"":""qa/review-candidates/boundary28-r2/TERMINOLOGY.md"",""sha256"":""3e3fe31baa8565bbc54cd6d789570cac18ed469f68cf683f08dd639ef92d9bd1"",""terminology_id"":""crypto.message_space""}"
r014.backend.record,1.0.0,ttp.concept.modular_inverse,concept,active,ttp.r014.yaintt,ttp.r014.yaintt,,und,2026-08-21T13:53:00+02:00,codex.r014.id-ID,,modular_inverse,modular inverse,invers modular,"[""ttp.concept.congruence"",""ttp.concept.modulo"",""ttp.concept.relatively_prime""]",mathematics/number-theory/modular_inverse,"{""path"":""qa/frozen-boundaries/boundary8/yaintt-id.tex"",""target_sha256"":""f4e17c49e2dc2e871fc6595e11daa97c8ad55e1a4eba2005488e9e841e68e749""}"
r014.backend.record,1.0.0,ttp.concept.modulo,concept,active,ttp.r014.yaintt,ttp.r014.yaintt,,und,2026-08-21T13:53:00+02:00,codex.r014.id-ID,,modulo,modulo,modulo,"[""ttp.concept.congruence"",""ttp.concept.natural_number""]",mathematics/number-theory/modulo,"{""path"":""qa/frozen-boundaries/boundary7/yaintt-id.tex"",""target_sha256"":""8557e99ec0cc12ece98cb3a28706676d21d8c0526f526034a3178742acee5a79""}"
r014.backend.record,1.0.0,ttp.concept.multiple,concept,active,ttp.r014.yaintt,ttp.r014.yaintt,,und,2026-08-21T13:53:00+02:00,codex.r014.id-ID,,multiple,multiple,kelipatan,"[""ttp.concept.divisibility""]",mathematics/number-theory/multiple,"{""path"":""qa/frozen-boundaries/boundary3/yaintt-id.tex"",""target_sha256"":""695c071582bdee94a297987c820195b31fe808c16dbb1c0f07559e2b2ed73666""}"
r014.backend.record,1.0.0,ttp.concept.multiplication,concept,active,ttp.r014.yaintt,ttp.r014.yaintt,,und,2026-08-21T13:53:00+02:00,codex.r014.id-ID,,multiplication,multiplication,perkalian,"[""ttp.concept.integer""]",mathematics/number-theory/multiplication,"{""path"":""qa/frozen-boundaries/boundary3/yaintt-id.tex"",""target_sha256"":""695c071582bdee94a297987c820195b31fe808c16dbb1c0f07559e2b2ed73666""}"
r014.backend.record,1.0.0,ttp.concept.multiplicative_function,concept,active,ttp.r014.yaintt,ttp.r014.yaintt,,und,2026-08-21T13:53:00+02:00,codex.r014.id-ID,,multiplicative_function,multiplicative function,fungsi multiplikatif,"[""ttp.concept.euler_phi_function"",""ttp.concept.relatively_prime"",""ttp.concept.multiplication""]",mathematics/number-theory/multiplicative_function,"{""path"":""qa/frozen-boundaries/boundary11/yaintt-id.tex"",""target_sha256"":""cccf9bac270237c36545b61973c49e02afc3d19a5828c7a9dfb1fed524ec9a53""}"
r014.backend.record,1.0.0,ttp.concept.multiplicative_inverse,concept,active,ttp.r014.yaintt,ttp.r014.yaintt,,und,2026-08-21T13:53:00+02:00,codex.r014.id-ID,,multiplicative_inverse,multiplicative inverse,invers multiplikatif,"[""ttp.concept.multiplication"",""ttp.concept.identity_element""]",mathematics/number-theory/multiplicative_inverse,"{""path"":""qa/frozen-boundaries/boundary3/yaintt-id.tex"",""target_sha256"":""695c071582bdee94a297987c820195b31fe808c16dbb1c0f07559e2b2ed73666""}"
r014.backend.record,1.0.0,ttp.concept.multiplicative_order,concept,active,ttp.r014.yaintt,ttp.r014.yaintt,,und,2026-08-22T03:06:00+02:00,codex.r014.id-ID,,multiplicative_order,multiplicative order modulo n,orde multiplikatif modulo n,"[""ttp.concept.congruence"",""ttp.concept.modular_inverse""]",mathematics/number-theory/multiplicative_order,"{""notes"":""Written `\\ord_n(a)`; definition requires `n\\ge2` and `\\gcd(a,n)=1`."",""path"":""qa/review-candidates/boundary28-r2/TERMINOLOGY.md"",""sha256"":""3e3fe31baa8565bbc54cd6d789570cac18ed469f68cf683f08dd639ef92d9bd1"",""terminology_id"":""nt.multiplicative_order""}"
r014.backend.record,1.0.0,ttp.concept.mutually_relatively_prime,concept,active,ttp.r014.yaintt,ttp.r014.yaintt,,und,2026-08-21T13:53:00+02:00,codex.r014.id-ID,,mutually_relatively_prime,mutually relatively prime,relatif prima secara bersama-sama,"[""ttp.concept.greatest_common_divisor"",""ttp.concept.relatively_prime""]",mathematics/number-theory/mutually_relatively_prime,"{""path"":""qa/frozen-boundaries/boundary5/yaintt-id.tex"",""target_sha256"":""a1e4f897c579852ae201e59f20538883cff4c07575a128ddfc24b6b19e2334d1""}"
r014.backend.record,1.0.0,ttp.concept.natural_number,concept,active,ttp.r014.yaintt,ttp.r014.yaintt,,und,2026-08-21T13:53:00+02:00,codex.r014.id-ID,,natural_number,natural number,bilangan asli,[],mathematics/number-theory/natural_number,"{""path"":""qa/frozen-boundaries/boundary3/yaintt-id.tex"",""target_sha256"":""695c071582bdee94a297987c820195b31fe808c16dbb1c0f07559e2b2ed73666""}"
r014.backend.record,1.0.0,ttp.concept.non_repudiation,concept,active,ttp.r014.yaintt,ttp.r014.yaintt,,und,2026-08-22T03:06:00+02:00,codex.r014.id-ID,,non_repudiation,non-repudiation,nirpenyangkalan,[],computer-science/cryptography/non_repudiation,"{""notes"":""Preferred compact Indonesian legal/technical term; retain the source's sender scope."",""path"":""qa/review-candidates/boundary28-r2/TERMINOLOGY.md"",""sha256"":""3e3fe31baa8565bbc54cd6d789570cac18ed469f68cf683f08dd639ef92d9bd1"",""terminology_id"":""security.non_repudiation""}"
r014.backend.record,1.0.0,ttp.concept.octal,concept,active,ttp.r014.yaintt,ttp.r014.yaintt,,und,2026-08-21T13:53:00+02:00,codex.r014.id-ID,,octal,octal,oktal,"[""ttp.concept.base_representation""]",mathematics/number-theory/octal,"{""path"":""qa/frozen-boundaries/boundary4/yaintt-id.tex"",""target_sha256"":""6579069bd8ca959042eaeba5b743d5eb4a3ed3e58828e55a827a30f0b0066859""}"
r014.backend.record,1.0.0,ttp.concept.one_time_pad,concept,active,ttp.r014.yaintt,ttp.r014.yaintt,,und,2026-08-22T03:06:00+02:00,codex.r014.id-ID,,one_time_pad,one-time pad,pad sekali pakai,"[""ttp.concept.vigenere_cipher"",""ttp.concept.fresh_randomness""]",computer-science/cryptography/one_time_pad,"{""notes"":""Introduce the English term parenthetically once; use the Indonesian form thereafter."",""path"":""qa/review-candidates/boundary28-r2/TERMINOLOGY.md"",""sha256"":""3e3fe31baa8565bbc54cd6d789570cac18ed469f68cf683f08dd639ef92d9bd1"",""terminology_id"":""crypto.one_time_pad""}"
r014.backend.record,1.0.0,ttp.concept.one_way_function,concept,active,ttp.r014.yaintt,ttp.r014.yaintt,,und,2026-08-22T03:06:00+02:00,codex.r014.id-ID,,one_way_function,one-way function,fungsi satu arah,[],computer-science/cryptography/one_way_function,"{""notes"":""Efficient forward evaluation with infeasible inversion on the relevant image."",""path"":""qa/review-candidates/boundary28-r2/TERMINOLOGY.md"",""sha256"":""3e3fe31baa8565bbc54cd6d789570cac18ed469f68cf683f08dd639ef92d9bd1"",""terminology_id"":""crypto.one_way_function""}"
r014.backend.record,1.0.0,ttp.concept.order_class_count,concept,active,ttp.r014.yaintt,ttp.r014.yaintt,,und,2026-08-22T03:06:00+02:00,codex.r014.id-ID,,order_class_count,number of classes of order d modulo p,banyaknya kelas berorde d modulo p,"[""ttp.concept.primitive_root"",""ttp.concept.gauss_totient_sum""]",mathematics/number-theory/order_class_count,"{""notes"":""For prime `p` and positive `d\\mid p-1`, exactly `\\phi(d)` residue classes have order `d`."",""path"":""qa/review-candidates/boundary28-r2/TERMINOLOGY.md"",""sha256"":""3e3fe31baa8565bbc54cd6d789570cac18ed469f68cf683f08dd639ef92d9bd1"",""terminology_id"":""nt.order_class_count""}"
r014.backend.record,1.0.0,ttp.concept.order_of_power,concept,active,ttp.r014.yaintt,ttp.r014.yaintt,,und,2026-08-22T03:06:00+02:00,codex.r014.id-ID,,order_of_power,order of a power,orde suatu pangkat,"[""ttp.concept.multiplicative_order"",""ttp.concept.greatest_common_divisor""]",mathematics/number-theory/order_of_power,"{""notes"":""`\\ord_n(a^k)=\\ord_n(a)/\\gcd(\\ord_n(a),k)`."",""path"":""qa/review-candidates/boundary28-r2/TERMINOLOGY.md"",""sha256"":""3e3fe31baa8565bbc54cd6d789570cac18ed469f68cf683f08dd639ef92d9bd1"",""terminology_id"":""nt.order_of_power""}"
r014.backend.record,1.0.0,ttp.concept.ownertrust,concept,active,ttp.r014.yaintt,ttp.r014.yaintt,,und,2026-08-22T03:06:00+02:00,codex.r014.id-ID,,ownertrust,ownertrust / introducer trust,tingkat kepercayaan kepada pemilik kunci (ownertrust),[],computer-science/cryptography/ownertrust,"{""notes"":""Local judgment of how reliably a key owner certifies other identity--key bindings; distinct from mathematical signature validity."",""path"":""qa/review-candidates/boundary28-r2/TERMINOLOGY.md"",""sha256"":""3e3fe31baa8565bbc54cd6d789570cac18ed469f68cf683f08dd639ef92d9bd1"",""terminology_id"":""pki.ownertrust""}"
r014.backend.record,1.0.0,ttp.concept.pairwise_relatively_prime,concept,active,ttp.r014.yaintt,ttp.r014.yaintt,,und,2026-08-21T13:53:00+02:00,codex.r014.id-ID,,pairwise_relatively_prime,pairwise relatively prime,relatif prima berpasangan,"[""ttp.concept.greatest_common_divisor"",""ttp.concept.relatively_prime""]",mathematics/number-theory/pairwise_relatively_prime,"{""path"":""qa/frozen-boundaries/boundary5/yaintt-id.tex"",""target_sha256"":""a1e4f897c579852ae201e59f20538883cff4c07575a128ddfc24b6b19e2334d1""}"
r014.backend.record,1.0.0,ttp.concept.parity,concept,active,ttp.r014.yaintt,ttp.r014.yaintt,,und,2026-08-21T13:53:00+02:00,codex.r014.id-ID,,parity,parity,paritas,"[""ttp.concept.divisibility""]",mathematics/number-theory/parity,"{""path"":""qa/frozen-boundaries/boundary3/yaintt-id.tex"",""target_sha256"":""695c071582bdee94a297987c820195b31fe808c16dbb1c0f07559e2b2ed73666""}"
r014.backend.record,1.0.0,ttp.concept.pigeonhole_principle,concept,active,ttp.r014.yaintt,ttp.r014.yaintt,,und,2026-08-21T13:53:00+02:00,codex.r014.id-ID,,pigeonhole_principle,pigeonhole principle,prinsip sarang merpati,[],mathematics/number-theory/pigeonhole_principle,"{""path"":""qa/frozen-boundaries/boundary3/yaintt-id.tex"",""target_sha256"":""695c071582bdee94a297987c820195b31fe808c16dbb1c0f07559e2b2ed73666""}"
r014.backend.record,1.0.0,ttp.concept.plaintext,concept,active,ttp.r014.yaintt,ttp.r014.yaintt,,und,2026-08-22T03:06:00+02:00,codex.r014.id-ID,,plaintext,plaintext / cleartext,plainteks / teks terang,[],computer-science/cryptography/plaintext,"{""notes"":""Introduce both attested forms together; `plainteks` is the compact running-text form."",""path"":""qa/review-candidates/boundary28-r2/TERMINOLOGY.md"",""sha256"":""3e3fe31baa8565bbc54cd6d789570cac18ed469f68cf683f08dd639ef92d9bd1"",""terminology_id"":""crypto.plaintext""}"
r014.backend.record,1.0.0,ttp.concept.polynomial_mod_p,concept,active,ttp.r014.yaintt,ttp.r014.yaintt,,und,2026-08-22T03:06:00+02:00,codex.r014.id-ID,,polynomial_mod_p,polynomial modulo p,polinomial modulo p,"[""ttp.concept.congruence"",""ttp.concept.prime""]",mathematics/number-theory/polynomial_mod_p,"{""notes"":""Polynomial congruence over `\\ZZ/p\\ZZ`; a nonzero degree-`n` polynomial has at most `n` roots when `p` is prime."",""path"":""qa/review-candidates/boundary28-r2/TERMINOLOGY.md"",""sha256"":""3e3fe31baa8565bbc54cd6d789570cac18ed469f68cf683f08dd639ef92d9bd1"",""terminology_id"":""algebra.polynomial_mod_p""}"
r014.backend.record,1.0.0,ttp.concept.polynomial_root,concept,active,ttp.r014.yaintt,ttp.r014.yaintt,,und,2026-08-22T03:06:00+02:00,codex.r014.id-ID,,polynomial_root,root of a polynomial,akar polinomial,"[""ttp.concept.polynomial_mod_p""]",mathematics/number-theory/polynomial_root,"{""notes"":""Residue class making the polynomial congruent to zero."",""path"":""qa/review-candidates/boundary28-r2/TERMINOLOGY.md"",""sha256"":""3e3fe31baa8565bbc54cd6d789570cac18ed469f68cf683f08dd639ef92d9bd1"",""terminology_id"":""algebra.polynomial_root""}"
r014.backend.record,1.0.0,ttp.concept.preimage_resistance,concept,active,ttp.r014.yaintt,ttp.r014.yaintt,,und,2026-08-22T03:06:00+02:00,codex.r014.id-ID,,preimage_resistance,pre-image resistance,ketahanan praimaji,[],computer-science/cryptography/preimage_resistance,"{""notes"":""Infeasibility of finding an input for a randomly generated target digest under the specified challenge distribution."",""path"":""qa/review-candidates/boundary28-r2/TERMINOLOGY.md"",""sha256"":""3e3fe31baa8565bbc54cd6d789570cac18ed469f68cf683f08dd639ef92d9bd1"",""terminology_id"":""crypto.preimage_resistance""}"
r014.backend.record,1.0.0,ttp.concept.primality_test,concept,active,ttp.r014.yaintt,ttp.r014.yaintt,,und,2026-08-22T03:06:00+02:00,codex.r014.id-ID,,primality_test,primality test,uji keprimaan,"[""ttp.concept.prime"",""ttp.concept.wilsons_theorem""]",mathematics/number-theory/primality_test,"{""notes"":""Wilson's criterion is correct but computationally impractical."",""path"":""qa/review-candidates/boundary28-r2/TERMINOLOGY.md"",""sha256"":""3e3fe31baa8565bbc54cd6d789570cac18ed469f68cf683f08dd639ef92d9bd1"",""terminology_id"":""nt.primality_test""}"
r014.backend.record,1.0.0,ttp.concept.prime,concept,active,ttp.r014.yaintt,ttp.r014.yaintt,,und,2026-08-22T03:06:00+02:00,codex.r014.id-ID,,prime,prime number,bilangan prima,[],mathematics/number-theory/prime,"{""notes"":""A natural number greater than 1 with only 1 and itself as natural divisors."",""path"":""qa/review-candidates/boundary28-r2/TERMINOLOGY.md"",""sha256"":""3e3fe31baa8565bbc54cd6d789570cac18ed469f68cf683f08dd639ef92d9bd1"",""terminology_id"":""nt.prime""}"
r014.backend.record,1.0.0,ttp.concept.prime_counting_function,concept,active,ttp.r014.yaintt,ttp.r014.yaintt,,und,2026-08-22T03:06:00+02:00,codex.r014.id-ID,,prime_counting_function,prime-counting function,fungsi penghitung prima,[],mathematics/number-theory/prime_counting_function,"{""notes"":""`\\pi(x)` counts primes not exceeding `x`."",""path"":""qa/review-candidates/boundary28-r2/TERMINOLOGY.md"",""sha256"":""3e3fe31baa8565bbc54cd6d789570cac18ed469f68cf683f08dd639ef92d9bd1"",""terminology_id"":""nt.prime_counting_function""}"
r014.backend.record,1.0.0,ttp.concept.prime_factorization,concept,active,ttp.r014.yaintt,ttp.r014.yaintt,,und,2026-08-22T03:06:00+02:00,codex.r014.id-ID,,prime_factorization,prime factorization,faktorisasi prima,"[""ttp.concept.prime"",""ttp.concept.divisibility""]",mathematics/number-theory/prime_factorization,"{""notes"":""Factorization into prime factors, unique up to order."",""path"":""qa/review-candidates/boundary28-r2/TERMINOLOGY.md"",""sha256"":""3e3fe31baa8565bbc54cd6d789570cac18ed469f68cf683f08dd639ef92d9bd1"",""terminology_id"":""nt.prime_factorization""}"
r014.backend.record,1.0.0,ttp.concept.prime_number_theorem,concept,active,ttp.r014.yaintt,ttp.r014.yaintt,,und,2026-08-22T03:06:00+02:00,codex.r014.id-ID,,prime_number_theorem,Prime Number Theorem,Teorema Bilangan Prima,[],mathematics/number-theory/prime_number_theorem,"{""notes"":""Preserve the limit involving `\\pi(x)` and `x/\\ln x`."",""path"":""qa/review-candidates/boundary28-r2/TERMINOLOGY.md"",""sha256"":""3e3fe31baa8565bbc54cd6d789570cac18ed469f68cf683f08dd639ef92d9bd1"",""terminology_id"":""nt.prime_number_theorem""}"
r014.backend.record,1.0.0,ttp.concept.primitive_root,concept,active,ttp.r014.yaintt,ttp.r014.yaintt,,und,2026-08-21T13:53:00+02:00,codex.r014.id-ID,,primitive_root,primitive root,akar primitif,[],mathematics/number-theory/primitive_root,"{""path"":""qa/frozen-boundaries/boundary3/yaintt-id.tex"",""target_sha256"":""695c071582bdee94a297987c820195b31fe808c16dbb1c0f07559e2b2ed73666""}"
r014.backend.record,1.0.0,ttp.concept.primitive_root_count,concept,active,ttp.r014.yaintt,ttp.r014.yaintt,,und,2026-08-22T03:06:00+02:00,codex.r014.id-ID,,primitive_root_count,number of primitive roots,banyaknya akar primitif,"[""ttp.concept.primitive_root"",""ttp.concept.euler_phi_function""]",mathematics/number-theory/primitive_root_count,"{""notes"":""If primitive roots modulo `n` exist, their count is `\\phi(\\phi(n))`; for prime `p`, it is `\\phi(p-1)`."",""path"":""qa/review-candidates/boundary28-r2/TERMINOLOGY.md"",""sha256"":""3e3fe31baa8565bbc54cd6d789570cac18ed469f68cf683f08dd639ef92d9bd1"",""terminology_id"":""nt.primitive_root_count""}"
r014.backend.record,1.0.0,ttp.concept.private_key,concept,active,ttp.r014.yaintt,ttp.r014.yaintt,,und,2026-08-22T03:06:00+02:00,codex.r014.id-ID,,private_key,private key,kunci privat,[],computer-science/cryptography/private_key,"{""notes"":""Secret decryption key; do not translate as `kunci pribadi`."",""path"":""qa/review-candidates/boundary28-r2/TERMINOLOGY.md"",""sha256"":""3e3fe31baa8565bbc54cd6d789570cac18ed469f68cf683f08dd639ef92d9bd1"",""terminology_id"":""crypto.private_key""}"
r014.backend.record,1.0.0,ttp.concept.private_key_compromise,concept,active,ttp.r014.yaintt,ttp.r014.yaintt,,und,2026-08-22T03:06:00+02:00,codex.r014.id-ID,,private_key_compromise,private-key compromise,kompromi kunci privat,[],computer-science/cryptography/private_key_compromise,"{""notes"":""Loss of exclusive control over a private key; signer attribution requires that this has not occurred."",""path"":""qa/review-candidates/boundary28-r2/TERMINOLOGY.md"",""sha256"":""3e3fe31baa8565bbc54cd6d789570cac18ed469f68cf683f08dd639ef92d9bd1"",""terminology_id"":""security.private_key_compromise""}"
r014.backend.record,1.0.0,ttp.concept.private_key_cryptosystem,concept,active,ttp.r014.yaintt,ttp.r014.yaintt,,und,2026-08-22T03:06:00+02:00,codex.r014.id-ID,,private_key_cryptosystem,private-key cryptosystem,kriptosistem kunci privat,[],computer-science/cryptography/private_key_cryptosystem,"{""notes"":""Name used here for the symmetric-key construction."",""path"":""qa/review-candidates/boundary28-r2/TERMINOLOGY.md"",""sha256"":""3e3fe31baa8565bbc54cd6d789570cac18ed469f68cf683f08dd639ef92d9bd1"",""terminology_id"":""crypto.private_key_cryptosystem""}"
r014.backend.record,1.0.0,ttp.concept.probabilistic_polynomial_time_turing_machine,concept,active,ttp.r014.yaintt,ttp.r014.yaintt,,und,2026-08-22T03:06:00+02:00,codex.r014.id-ID,,probabilistic_polynomial_time_turing_machine,probabilistic polynomial-time Turing machine,mesin Turing waktu-polinomial probabilistik,[],computer-science/cryptography/probabilistic_polynomial_time_turing_machine,"{""notes"":""Preserve the complexity-theoretic assumption exactly."",""path"":""qa/review-candidates/boundary28-r2/TERMINOLOGY.md"",""sha256"":""3e3fe31baa8565bbc54cd6d789570cac18ed469f68cf683f08dd639ef92d9bd1"",""terminology_id"":""complexity.probabilistic_polynomial_time_turing_machine""}"
r014.backend.record,1.0.0,ttp.concept.proof_by_contradiction,concept,active,ttp.r014.yaintt,ttp.r014.yaintt,,und,2026-08-21T13:53:00+02:00,codex.r014.id-ID,,proof_by_contradiction,proof by contradiction,bukti dengan kontradiksi,[],mathematics/number-theory/proof_by_contradiction,"{""path"":""qa/frozen-boundaries/boundary3/yaintt-id.tex"",""target_sha256"":""695c071582bdee94a297987c820195b31fe808c16dbb1c0f07559e2b2ed73666""}"
r014.backend.record,1.0.0,ttp.concept.proper_divisor,concept,active,ttp.r014.yaintt,ttp.r014.yaintt,,und,2026-08-22T03:06:00+02:00,codex.r014.id-ID,,proper_divisor,proper divisor,pembagi sejati,"[""ttp.concept.divisibility""]",mathematics/number-theory/proper_divisor,"{""notes"":""Here, a positive divisor strictly between `1` and `n`."",""path"":""qa/review-candidates/boundary28-r2/TERMINOLOGY.md"",""sha256"":""3e3fe31baa8565bbc54cd6d789570cac18ed469f68cf683f08dd639ef92d9bd1"",""terminology_id"":""nt.proper_divisor""}"
r014.backend.record,1.0.0,ttp.concept.pseudorandom,concept,active,ttp.r014.yaintt,ttp.r014.yaintt,,und,2026-08-22T03:06:00+02:00,codex.r014.id-ID,,pseudorandom,pseudorandom,acak semu,[],computer-science/cryptography/pseudorandom,"{""notes"":""Deterministic from a shared seed but computationally appears random to attackers."",""path"":""qa/review-candidates/boundary28-r2/TERMINOLOGY.md"",""sha256"":""3e3fe31baa8565bbc54cd6d789570cac18ed469f68cf683f08dd639ef92d9bd1"",""terminology_id"":""randomness.pseudorandom""}"
r014.backend.record,1.0.0,ttp.concept.public_key,concept,active,ttp.r014.yaintt,ttp.r014.yaintt,,und,2026-08-22T03:06:00+02:00,codex.r014.id-ID,,public_key,public key,kunci publik,[],computer-science/cryptography/public_key,"{""notes"":""Publicly distributed encryption key."",""path"":""qa/review-candidates/boundary28-r2/TERMINOLOGY.md"",""sha256"":""3e3fe31baa8565bbc54cd6d789570cac18ed469f68cf683f08dd639ef92d9bd1"",""terminology_id"":""crypto.public_key""}"
r014.backend.record,1.0.0,ttp.concept.public_key_cryptosystem,concept,active,ttp.r014.yaintt,ttp.r014.yaintt,,und,2026-08-22T03:06:00+02:00,codex.r014.id-ID,,public_key_cryptosystem,public-key cryptosystem,kriptosistem kunci publik,"[""ttp.concept.asymmetric_cipher"",""ttp.concept.key_generation_algorithm""]",computer-science/cryptography/public_key_cryptosystem,"{""notes"":"""",""path"":""qa/review-candidates/boundary28-r2/TERMINOLOGY.md"",""sha256"":""3e3fe31baa8565bbc54cd6d789570cac18ed469f68cf683f08dd639ef92d9bd1"",""terminology_id"":""crypto.public_key_cryptosystem""}"
r014.backend.record,1.0.0,ttp.concept.public_key_infrastructure,concept,active,ttp.r014.yaintt,ttp.r014.yaintt,,und,2026-08-22T03:06:00+02:00,codex.r014.id-ID,,public_key_infrastructure,public key infrastructure (PKI),infrastruktur kunci publik (PKI),"[""ttp.concept.certification_path""]",computer-science/cryptography/public_key_infrastructure,"{""notes"":""Certificates, CAs, trust anchors, distribution, and validation machinery."",""path"":""qa/review-candidates/boundary28-r2/TERMINOLOGY.md"",""sha256"":""3e3fe31baa8565bbc54cd6d789570cac18ed469f68cf683f08dd639ef92d9bd1"",""terminology_id"":""pki.public_key_infrastructure""}"
r014.backend.record,1.0.0,ttp.concept.quantum_computer,concept,active,ttp.r014.yaintt,ttp.r014.yaintt,,und,2026-08-22T03:06:00+02:00,codex.r014.id-ID,,quantum_computer,quantum computer,komputer kuantum,[],computer-science/cryptography/quantum_computer,"{""notes"":""Contrast with `komputer klasik`."",""path"":""qa/review-candidates/boundary28-r2/TERMINOLOGY.md"",""sha256"":""3e3fe31baa8565bbc54cd6d789570cac18ed469f68cf683f08dd639ef92d9bd1"",""terminology_id"":""computing.quantum_computer""}"
r014.backend.record,1.0.0,ttp.concept.quotient,concept,active,ttp.r014.yaintt,ttp.r014.yaintt,,und,2026-08-21T13:53:00+02:00,codex.r014.id-ID,,quotient,quotient,hasil bagi,"[""ttp.concept.division_algorithm""]",mathematics/number-theory/quotient,"{""path"":""qa/frozen-boundaries/boundary3/yaintt-id.tex"",""target_sha256"":""695c071582bdee94a297987c820195b31fe808c16dbb1c0f07559e2b2ed73666""}"
r014.backend.record,1.0.0,ttp.concept.reflexivity,concept,active,ttp.r014.yaintt,ttp.r014.yaintt,,und,2026-08-21T13:53:00+02:00,codex.r014.id-ID,,reflexivity,reflexivity,refleksivitas,"[""ttp.concept.equivalence_relation""]",mathematics/number-theory/reflexivity,"{""path"":""qa/frozen-boundaries/boundary10/yaintt-id.tex"",""target_sha256"":""e2eb275565a11f04e44c4009a3dae2df7af1f8a7ea05b24ef7e30037ee2dc2a8""}"
r014.backend.record,1.0.0,ttp.concept.relatively_prime,concept,active,ttp.r014.yaintt,ttp.r014.yaintt,,und,2026-08-21T13:53:00+02:00,codex.r014.id-ID,,relatively_prime,relatively prime,relatif prima,"[""ttp.concept.greatest_common_divisor""]",mathematics/number-theory/relatively_prime,"{""path"":""qa/frozen-boundaries/boundary5/yaintt-id.tex"",""target_sha256"":""a1e4f897c579852ae201e59f20538883cff4c07575a128ddfc24b6b19e2334d1""}"
r014.backend.record,1.0.0,ttp.concept.remainder,concept,active,ttp.r014.yaintt,ttp.r014.yaintt,,und,2026-08-21T13:53:00+02:00,codex.r014.id-ID,,remainder,remainder,sisa pembagian,"[""ttp.concept.division_algorithm""]",mathematics/number-theory/remainder,"{""path"":""qa/frozen-boundaries/boundary3/yaintt-id.tex"",""target_sha256"":""695c071582bdee94a297987c820195b31fe808c16dbb1c0f07559e2b2ed73666""}"
r014.backend.record,1.0.0,ttp.concept.replay_attack,concept,active,ttp.r014.yaintt,ttp.r014.yaintt,,und,2026-08-22T03:06:00+02:00,codex.r014.id-ID,,replay_attack,replay attack,serangan putar ulang,[],computer-science/cryptography/replay_attack,"{""notes"":""Reuse of a previously valid signed pair; signature validity alone does not prove freshness."",""path"":""qa/review-candidates/boundary28-r2/TERMINOLOGY.md"",""sha256"":""3e3fe31baa8565bbc54cd6d789570cac18ed469f68cf683f08dd639ef92d9bd1"",""terminology_id"":""security.replay_attack""}"
r014.backend.record,1.0.0,ttp.concept.rot13,concept,active,ttp.r014.yaintt,ttp.r014.yaintt,,und,2026-08-22T03:06:00+02:00,codex.r014.id-ID,,rot13,ROT13,ROT13,[],computer-science/cryptography/rot13,"{""notes"":""Preserve the conventional all-caps name and its 13-position shift."",""path"":""qa/review-candidates/boundary28-r2/TERMINOLOGY.md"",""sha256"":""3e3fe31baa8565bbc54cd6d789570cac18ed469f68cf683f08dd639ef92d9bd1"",""terminology_id"":""crypto.rot13""}"
r014.backend.record,1.0.0,ttp.concept.rsa,concept,active,ttp.r014.yaintt,ttp.r014.yaintt,,und,2026-08-21T13:53:00+02:00,codex.r014.id-ID,,rsa,RSA cryptosystem,kriptosistem RSA,"[""ttp.concept.cryptosystem""]",mathematics/number-theory/rsa,"{""path"":""qa/frozen-boundaries/boundary3/yaintt-id.tex"",""target_sha256"":""695c071582bdee94a297987c820195b31fe808c16dbb1c0f07559e2b2ed73666""}"
r014.backend.record,1.0.0,ttp.concept.rsa_exponent,concept,active,ttp.r014.yaintt,ttp.r014.yaintt,,und,2026-08-22T03:06:00+02:00,codex.r014.id-ID,,rsa_exponent,RSA exponent,eksponen RSA,"[""ttp.concept.euler_phi_function"",""ttp.concept.modular_inverse""]",computer-science/cryptography/rsa_exponent,"{""notes"":""Public exponent `e` satisfying `\\gcd(e,\\phi(n))=1`."",""path"":""qa/review-candidates/boundary28-r2/TERMINOLOGY.md"",""sha256"":""3e3fe31baa8565bbc54cd6d789570cac18ed469f68cf683f08dd639ef92d9bd1"",""terminology_id"":""crypto.rsa_exponent""}"
r014.backend.record,1.0.0,ttp.concept.rsa_modulus,concept,active,ttp.r014.yaintt,ttp.r014.yaintt,,und,2026-08-22T03:06:00+02:00,codex.r014.id-ID,,rsa_modulus,RSA modulus,modulus RSA,"[""ttp.concept.prime_factorization""]",computer-science/cryptography/rsa_modulus,"{""notes"":""`n=pq` for distinct large primes `p,q`."",""path"":""qa/review-candidates/boundary28-r2/TERMINOLOGY.md"",""sha256"":""3e3fe31baa8565bbc54cd6d789570cac18ed469f68cf683f08dd639ef92d9bd1"",""terminology_id"":""crypto.rsa_modulus""}"
r014.backend.record,1.0.0,ttp.concept.rsa_private_key,concept,active,ttp.r014.yaintt,ttp.r014.yaintt,,und,2026-08-22T03:06:00+02:00,codex.r014.id-ID,,rsa_private_key,RSA private decryption key,kunci privat RSA,"[""ttp.concept.rsa_public_key"",""ttp.concept.modular_inverse""]",computer-science/cryptography/rsa_private_key,"{""notes"":""Pair `(n,d)` with `d=e^{-1}\\pmod{\\phi(n)}`."",""path"":""qa/review-candidates/boundary28-r2/TERMINOLOGY.md"",""sha256"":""3e3fe31baa8565bbc54cd6d789570cac18ed469f68cf683f08dd639ef92d9bd1"",""terminology_id"":""crypto.rsa_private_key""}"
r014.backend.record,1.0.0,ttp.concept.rsa_public_key,concept,active,ttp.r014.yaintt,ttp.r014.yaintt,,und,2026-08-22T03:06:00+02:00,codex.r014.id-ID,,rsa_public_key,RSA public encryption key,kunci publik RSA,"[""ttp.concept.rsa_modulus"",""ttp.concept.rsa_exponent""]",computer-science/cryptography/rsa_public_key,"{""notes"":""Pair `(n,e)`."",""path"":""qa/review-candidates/boundary28-r2/TERMINOLOGY.md"",""sha256"":""3e3fe31baa8565bbc54cd6d789570cac18ed469f68cf683f08dd639ef92d9bd1"",""terminology_id"":""crypto.rsa_public_key""}"
r014.backend.record,1.0.0,ttp.concept.rsa_semiprime,concept,active,ttp.r014.yaintt,ttp.r014.yaintt,,und,2026-08-22T03:06:00+02:00,codex.r014.id-ID,,rsa_semiprime,RSA semiprime,semiprima RSA,"[""ttp.concept.rsa_modulus""]",computer-science/cryptography/rsa_semiprime,"{""notes"":""Product of two large primes of comparable size; do not generalize factoring hardness to arbitrary composites."",""path"":""qa/review-candidates/boundary28-r2/TERMINOLOGY.md"",""sha256"":""3e3fe31baa8565bbc54cd6d789570cac18ed469f68cf683f08dd639ef92d9bd1"",""terminology_id"":""crypto.rsa_semiprime""}"
r014.backend.record,1.0.0,ttp.concept.scytale,concept,active,ttp.r014.yaintt,ttp.r014.yaintt,,und,2026-08-22T03:06:00+02:00,codex.r014.id-ID,,scytale,scytale,scytale,[],computer-science/cryptography/scytale,"{""notes"":""Preserve the historical Greek device name; explain construction and pronunciation in prose."",""path"":""qa/review-candidates/boundary28-r2/TERMINOLOGY.md"",""sha256"":""3e3fe31baa8565bbc54cd6d789570cac18ed469f68cf683f08dd639ef92d9bd1"",""terminology_id"":""crypto.scytale""}"
r014.backend.record,1.0.0,ttp.concept.second_preimage_resistance,concept,active,ttp.r014.yaintt,ttp.r014.yaintt,,und,2026-08-22T03:06:00+02:00,codex.r014.id-ID,,second_preimage_resistance,second pre-image resistance,ketahanan praimaji kedua,[],computer-science/cryptography/second_preimage_resistance,"{""notes"":""Infeasibility of finding a different input with the same hash as a specified input."",""path"":""qa/review-candidates/boundary28-r2/TERMINOLOGY.md"",""sha256"":""3e3fe31baa8565bbc54cd6d789570cac18ed469f68cf683f08dd639ef92d9bd1"",""terminology_id"":""crypto.second_preimage_resistance""}"
r014.backend.record,1.0.0,ttp.concept.security_through_obscurity,concept,active,ttp.r014.yaintt,ttp.r014.yaintt,,und,2026-08-22T03:06:00+02:00,codex.r014.id-ID,,security_through_obscurity,security through obscurity,keamanan melalui ketertutupan,[],computer-science/cryptography/security_through_obscurity,"{""notes"":""Retain the English phrase parenthetically at first use."",""path"":""qa/review-candidates/boundary28-r2/TERMINOLOGY.md"",""sha256"":""3e3fe31baa8565bbc54cd6d789570cac18ed469f68cf683f08dd639ef92d9bd1"",""terminology_id"":""crypto.security_through_obscurity""}"
r014.backend.record,1.0.0,ttp.concept.self_inverse,concept,active,ttp.r014.yaintt,ttp.r014.yaintt,,und,2026-08-22T03:06:00+02:00,codex.r014.id-ID,,self_inverse,self-inverse modulo p,merupakan invers bagi dirinya sendiri modulo p,"[""ttp.concept.modular_inverse""]",mathematics/number-theory/self_inverse,"{""notes"":""Use in the supporting lemma; do not imply ordinary real reciprocals."",""path"":""qa/review-candidates/boundary28-r2/TERMINOLOGY.md"",""sha256"":""3e3fe31baa8565bbc54cd6d789570cac18ed469f68cf683f08dd639ef92d9bd1"",""terminology_id"":""nt.self_inverse""}"
r014.backend.record,1.0.0,ttp.concept.semantic_security,concept,active,ttp.r014.yaintt,ttp.r014.yaintt,,und,2026-08-22T03:06:00+02:00,codex.r014.id-ID,,semantic_security,semantic security,keamanan semantik,"[""ttp.concept.elgamal_cryptosystem""]",computer-science/cryptography/semantic_security,"{""notes"":""Stronger confidentiality property not established by the section's correctness proof."",""path"":""qa/review-candidates/boundary28-r2/TERMINOLOGY.md"",""sha256"":""3e3fe31baa8565bbc54cd6d789570cac18ed469f68cf683f08dd639ef92d9bd1"",""terminology_id"":""security.semantic_security""}"
r014.backend.record,1.0.0,ttp.concept.sexagesimal,concept,active,ttp.r014.yaintt,ttp.r014.yaintt,,und,2026-08-21T13:53:00+02:00,codex.r014.id-ID,,sexagesimal,sexagesimal,seksagesimal,"[""ttp.concept.base_representation""]",mathematics/number-theory/sexagesimal,"{""path"":""qa/frozen-boundaries/boundary4/yaintt-id.tex"",""target_sha256"":""6579069bd8ca959042eaeba5b743d5eb4a3ed3e58828e55a827a30f0b0066859""}"
r014.backend.record,1.0.0,ttp.concept.shared_secret,concept,active,ttp.r014.yaintt,ttp.r014.yaintt,,und,2026-08-22T03:06:00+02:00,codex.r014.id-ID,,shared_secret,shared secret / shared key,rahasia bersama / kunci bersama,"[""ttp.concept.diffie_hellman_key_exchange""]",computer-science/cryptography/shared_secret,"{""notes"":""Common value computed independently by the two participants; distinguish the mathematical secret from any scheme-specific key encoding."",""path"":""qa/review-candidates/boundary28-r2/TERMINOLOGY.md"",""sha256"":""3e3fe31baa8565bbc54cd6d789570cac18ed469f68cf683f08dd639ef92d9bd1"",""terminology_id"":""crypto.shared_secret""}"
r014.backend.record,1.0.0,ttp.concept.signature_encoding,concept,active,ttp.r014.yaintt,ttp.r014.yaintt,,und,2026-08-22T03:06:00+02:00,codex.r014.id-ID,,signature_encoding,signature encoding,enkode tanda tangan,[],computer-science/cryptography/signature_encoding,"{""notes"":""Scheme-specific encoding/padding applied before the RSA private operation."",""path"":""qa/review-candidates/boundary28-r2/TERMINOLOGY.md"",""sha256"":""3e3fe31baa8565bbc54cd6d789570cac18ed469f68cf683f08dd639ef92d9bd1"",""terminology_id"":""crypto.signature_encoding""}"
r014.backend.record,1.0.0,ttp.concept.signature_unforgeability,concept,active,ttp.r014.yaintt,ttp.r014.yaintt,,und,2026-08-22T03:06:00+02:00,codex.r014.id-ID,,signature_unforgeability,signature unforgeability,ketahanan terhadap pemalsuan tanda tangan,"[""ttp.concept.digital_signature""]",computer-science/cryptography/signature_unforgeability,"{""notes"":""Security property required before valid verification supports attributing a newly created signature to the private-key holder."",""path"":""qa/review-candidates/boundary28-r2/TERMINOLOGY.md"",""sha256"":""3e3fe31baa8565bbc54cd6d789570cac18ed469f68cf683f08dd639ef92d9bd1"",""terminology_id"":""crypto.signature_unforgeability""}"
r014.backend.record,1.0.0,ttp.concept.signing_key,concept,active,ttp.r014.yaintt,ttp.r014.yaintt,,und,2026-08-22T03:06:00+02:00,codex.r014.id-ID,,signing_key,signing key,kunci penandatanganan,[],computer-science/cryptography/signing_key,"{""notes"":""Private RSA/decryption key used to form the signature."",""path"":""qa/review-candidates/boundary28-r2/TERMINOLOGY.md"",""sha256"":""3e3fe31baa8565bbc54cd6d789570cac18ed469f68cf683f08dd639ef92d9bd1"",""terminology_id"":""crypto.signing_key""}"
r014.backend.record,1.0.0,ttp.concept.sophie_germain_prime,concept,active,ttp.r014.yaintt,ttp.r014.yaintt,,und,2026-08-22T03:06:00+02:00,codex.r014.id-ID,,sophie_germain_prime,Sophie Germain prime,prima Sophie Germain,[],mathematics/number-theory/sophie_germain_prime,"{""notes"":""Prime `p` for which `2p+1` is also prime."",""path"":""qa/review-candidates/boundary28-r2/TERMINOLOGY.md"",""sha256"":""3e3fe31baa8565bbc54cd6d789570cac18ed469f68cf683f08dd639ef92d9bd1"",""terminology_id"":""nt.sophie_germain_prime""}"
r014.backend.record,1.0.0,ttp.concept.square_free,concept,active,ttp.r014.yaintt,ttp.r014.yaintt,,und,2026-08-22T03:06:00+02:00,codex.r014.id-ID,,square_free,square-free,bebas kuadrat,"[""ttp.concept.prime_factorization""]",mathematics/number-theory/square_free,"{""notes"":""Include `1` via the empty product convention."",""path"":""qa/review-candidates/boundary28-r2/TERMINOLOGY.md"",""sha256"":""3e3fe31baa8565bbc54cd6d789570cac18ed469f68cf683f08dd639ef92d9bd1"",""terminology_id"":""nt.square_free""}"
r014.backend.record,1.0.0,ttp.concept.strong_induction,concept,active,ttp.r014.yaintt,ttp.r014.yaintt,,und,2026-08-21T13:53:00+02:00,codex.r014.id-ID,,strong_induction,strong induction / second principle,induksi kuat / prinsip kedua,"[""ttp.concept.mathematical_induction""]",mathematics/number-theory/strong_induction,"{""path"":""qa/frozen-boundaries/boundary3/yaintt-id.tex"",""target_sha256"":""695c071582bdee94a297987c820195b31fe808c16dbb1c0f07559e2b2ed73666""}"
r014.backend.record,1.0.0,ttp.concept.subtraction,concept,active,ttp.r014.yaintt,ttp.r014.yaintt,,und,2026-08-21T13:53:00+02:00,codex.r014.id-ID,,subtraction,subtraction,pengurangan,"[""ttp.concept.addition"",""ttp.concept.additive_inverse""]",mathematics/number-theory/subtraction,"{""path"":""qa/frozen-boundaries/boundary3/yaintt-id.tex"",""target_sha256"":""695c071582bdee94a297987c820195b31fe808c16dbb1c0f07559e2b2ed73666""}"
r014.backend.record,1.0.0,ttp.concept.surjective,concept,active,ttp.r014.yaintt,ttp.r014.yaintt,,und,2026-08-21T13:53:00+02:00,codex.r014.id-ID,,surjective,surjective,surjektif,[],mathematics/number-theory/surjective,"{""path"":""qa/frozen-boundaries/boundary11/yaintt-id.tex"",""target_sha256"":""cccf9bac270237c36545b61973c49e02afc3d19a5828c7a9dfb1fed524ec9a53""}"
r014.backend.record,1.0.0,ttp.concept.symmetric_cipher,concept,active,ttp.r014.yaintt,ttp.r014.yaintt,,und,2026-08-22T03:06:00+02:00,codex.r014.id-ID,,symmetric_cipher,symmetric cipher / cryptosystem / encryption,cipher / kriptosistem / enkripsi simetris,[],computer-science/cryptography/symmetric_cipher,"{""notes"":""The same shared secret key is used for encryption and decryption."",""path"":""qa/review-candidates/boundary28-r2/TERMINOLOGY.md"",""sha256"":""3e3fe31baa8565bbc54cd6d789570cac18ed469f68cf683f08dd639ef92d9bd1"",""terminology_id"":""crypto.symmetric_cipher""}"
r014.backend.record,1.0.0,ttp.concept.symmetry,concept,active,ttp.r014.yaintt,ttp.r014.yaintt,,und,2026-08-21T13:53:00+02:00,codex.r014.id-ID,,symmetry,symmetry,simetri,"[""ttp.concept.equivalence_relation""]",mathematics/number-theory/symmetry,"{""path"":""qa/frozen-boundaries/boundary10/yaintt-id.tex"",""target_sha256"":""e2eb275565a11f04e44c4009a3dae2df7af1f8a7ea05b24ef7e30037ee2dc2a8""}"
r014.backend.record,1.0.0,ttp.concept.system_of_congruences,concept,active,ttp.r014.yaintt,ttp.r014.yaintt,,und,2026-08-21T13:53:00+02:00,codex.r014.id-ID,,system_of_congruences,system of congruences,sistem kongruensi,"[""ttp.concept.congruence"",""ttp.concept.modulo""]",mathematics/number-theory/system_of_congruences,"{""path"":""qa/frozen-boundaries/boundary9/yaintt-id.tex"",""target_sha256"":""643a63186e4d6e1f2589aec775f9f70b58875aee6d61ec297cd55029b44cb1f9""}"
r014.backend.record,1.0.0,ttp.concept.total_square_error,concept,active,ttp.r014.yaintt,ttp.r014.yaintt,,und,2026-08-22T03:06:00+02:00,codex.r014.id-ID,,total_square_error,total square error,galat kuadrat total,[],computer-science/cryptography/total_square_error,"{""notes"":""Preserve `d(f,g)=\\sum_{j=0}^{25}(f(j)-g(j))^2`."",""path"":""qa/review-candidates/boundary28-r2/TERMINOLOGY.md"",""sha256"":""3e3fe31baa8565bbc54cd6d789570cac18ed469f68cf683f08dd639ef92d9bd1"",""terminology_id"":""stats.total_square_error""}"
r014.backend.record,1.0.0,ttp.concept.traffic_analysis,concept,active,ttp.r014.yaintt,ttp.r014.yaintt,,und,2026-08-22T03:06:00+02:00,codex.r014.id-ID,,traffic_analysis,traffic analysis,analisis lalu lintas,[],computer-science/cryptography/traffic_analysis,"{""notes"":""Here, correlation of repeated ciphertexts with observable actions."",""path"":""qa/review-candidates/boundary28-r2/TERMINOLOGY.md"",""sha256"":""3e3fe31baa8565bbc54cd6d789570cac18ed469f68cf683f08dd639ef92d9bd1"",""terminology_id"":""crypto.traffic_analysis""}"
r014.backend.record,1.0.0,ttp.concept.transitivity,concept,active,ttp.r014.yaintt,ttp.r014.yaintt,,und,2026-08-21T13:53:00+02:00,codex.r014.id-ID,,transitivity,transitivity,transitivitas,"[""ttp.concept.equivalence_relation""]",mathematics/number-theory/transitivity,"{""path"":""qa/frozen-boundaries/boundary10/yaintt-id.tex"",""target_sha256"":""e2eb275565a11f04e44c4009a3dae2df7af1f8a7ea05b24ef7e30037ee2dc2a8""}"
r014.backend.record,1.0.0,ttp.concept.trust_anchor,concept,active,ttp.r014.yaintt,ttp.r014.yaintt,,und,2026-08-22T03:06:00+02:00,codex.r014.id-ID,,trust_anchor,trust anchor,jangkar kepercayaan,[],computer-science/cryptography/trust_anchor,"{""notes"":""Preinstalled or otherwise independently trusted CA verification key."",""path"":""qa/review-candidates/boundary28-r2/TERMINOLOGY.md"",""sha256"":""3e3fe31baa8565bbc54cd6d789570cac18ed469f68cf683f08dd639ef92d9bd1"",""terminology_id"":""pki.trust_anchor""}"
r014.backend.record,1.0.0,ttp.concept.trusted_third_party,concept,active,ttp.r014.yaintt,ttp.r014.yaintt,,und,2026-08-22T03:06:00+02:00,codex.r014.id-ID,,trusted_third_party,trusted third party (TTP),pihak ketiga tepercaya (TTP),[],computer-science/cryptography/trusted_third_party,"{""notes"":""External party whose verification statement is trusted."",""path"":""qa/review-candidates/boundary28-r2/TERMINOLOGY.md"",""sha256"":""3e3fe31baa8565bbc54cd6d789570cac18ed469f68cf683f08dd639ef92d9bd1"",""terminology_id"":""pki.trusted_third_party""}"
r014.backend.record,1.0.0,ttp.concept.unicode,concept,active,ttp.r014.yaintt,ttp.r014.yaintt,,und,2026-08-22T03:06:00+02:00,codex.r014.id-ID,,unicode,Unicode,Unicode,[],computer-science/cryptography/unicode,"{""notes"":""Preserve version-specific historical statement."",""path"":""qa/review-candidates/boundary28-r2/TERMINOLOGY.md"",""sha256"":""3e3fe31baa8565bbc54cd6d789570cac18ed469f68cf683f08dd639ef92d9bd1"",""terminology_id"":""encoding.unicode""}"
r014.backend.record,1.0.0,ttp.concept.unit_group,concept,active,ttp.r014.yaintt,ttp.r014.yaintt,,und,2026-08-21T13:53:00+02:00,codex.r014.id-ID,,unit_group,unit group,grup unit,"[""ttp.concept.integers_mod_n"",""ttp.concept.modular_inverse""]",mathematics/number-theory/unit_group,"{""path"":""qa/frozen-boundaries/boundary11/yaintt-id.tex"",""target_sha256"":""cccf9bac270237c36545b61973c49e02afc3d19a5828c7a9dfb1fed524ec9a53""}"
r014.backend.record,1.0.0,ttp.concept.unit_group_modulo,concept,active,ttp.r014.yaintt,ttp.r014.yaintt,,und,2026-08-22T03:06:00+02:00,codex.r014.id-ID,,unit_group_modulo,multiplicative unit group modulo n,grup satuan multiplikatif modulo n,[],mathematics/number-theory/unit_group_modulo,"{""notes"":""Written `(\\ZZ/n\\ZZ)^*`; retain the star whenever discussing its cyclic subgroups."",""path"":""qa/review-candidates/boundary28-r2/TERMINOLOGY.md"",""sha256"":""3e3fe31baa8565bbc54cd6d789570cac18ed469f68cf683f08dd639ef92d9bd1"",""terminology_id"":""algebra.unit_group_modulo""}"
r014.backend.record,1.0.0,ttp.concept.utf16,concept,active,ttp.r014.yaintt,ttp.r014.yaintt,,und,2026-08-22T03:06:00+02:00,codex.r014.id-ID,,utf16,UTF-16,UTF-16,[],computer-science/cryptography/utf16,"{""notes"":""Two or four bytes per Unicode scalar value in the stated encoding context."",""path"":""qa/review-candidates/boundary28-r2/TERMINOLOGY.md"",""sha256"":""3e3fe31baa8565bbc54cd6d789570cac18ed469f68cf683f08dd639ef92d9bd1"",""terminology_id"":""encoding.utf16""}"
r014.backend.record,1.0.0,ttp.concept.utf8,concept,active,ttp.r014.yaintt,ttp.r014.yaintt,,und,2026-08-22T03:06:00+02:00,codex.r014.id-ID,,utf8,UTF-8,UTF-8,[],computer-science/cryptography/utf8,"{""notes"":""One to four bytes per Unicode scalar value in the stated encoding context."",""path"":""qa/review-candidates/boundary28-r2/TERMINOLOGY.md"",""sha256"":""3e3fe31baa8565bbc54cd6d789570cac18ed469f68cf683f08dd639ef92d9bd1"",""terminology_id"":""encoding.utf8""}"
r014.backend.record,1.0.0,ttp.concept.verification_key,concept,active,ttp.r014.yaintt,ttp.r014.yaintt,,und,2026-08-22T03:06:00+02:00,codex.r014.id-ID,,verification_key,verification key,kunci verifikasi,[],computer-science/cryptography/verification_key,"{""notes"":""Public RSA/encryption key used to verify the signature."",""path"":""qa/review-candidates/boundary28-r2/TERMINOLOGY.md"",""sha256"":""3e3fe31baa8565bbc54cd6d789570cac18ed469f68cf683f08dd639ef92d9bd1"",""terminology_id"":""crypto.verification_key""}"
r014.backend.record,1.0.0,ttp.concept.vernam_cipher,concept,active,ttp.r014.yaintt,ttp.r014.yaintt,,und,2026-08-22T03:06:00+02:00,codex.r014.id-ID,,vernam_cipher,Vernam Cipher,Cipher Vernam,[],computer-science/cryptography/vernam_cipher,"{""notes"":""Preserve the historical name while retaining the authority's qualification about attribution."",""path"":""qa/review-candidates/boundary28-r2/TERMINOLOGY.md"",""sha256"":""3e3fe31baa8565bbc54cd6d789570cac18ed469f68cf683f08dd639ef92d9bd1"",""terminology_id"":""crypto.vernam_cipher""}"
r014.backend.record,1.0.0,ttp.concept.vigenere_cipher,concept,active,ttp.r014.yaintt,ttp.r014.yaintt,,und,2026-08-22T03:06:00+02:00,codex.r014.id-ID,,vigenere_cipher,Vigenère cipher,cipher Vigenère,"[""ttp.concept.caesar_cipher""]",computer-science/cryptography/vigenere_cipher,"{""notes"":""Preserve the name and key-vector notation; the source uses a LaTeX accent macro."",""path"":""qa/review-candidates/boundary28-r2/TERMINOLOGY.md"",""sha256"":""3e3fe31baa8565bbc54cd6d789570cac18ed469f68cf683f08dd639ef92d9bd1"",""terminology_id"":""crypto.vigenere_cipher""}"
r014.backend.record,1.0.0,ttp.concept.web_of_trust,concept,active,ttp.r014.yaintt,ttp.r014.yaintt,,und,2026-08-22T03:06:00+02:00,codex.r014.id-ID,,web_of_trust,web of trust,jejaring kepercayaan,[],computer-science/cryptography/web_of_trust,"{""notes"":""Decentralized identity--key certifications interpreted under the relying user's local policy and ownertrust assignments; signature validity alone is insufficient."",""path"":""qa/review-candidates/boundary28-r2/TERMINOLOGY.md"",""sha256"":""3e3fe31baa8565bbc54cd6d789570cac18ed469f68cf683f08dd639ef92d9bd1"",""terminology_id"":""pki.web_of_trust""}"
r014.backend.record,1.0.0,ttp.concept.weighted_mixture,concept,active,ttp.r014.yaintt,ttp.r014.yaintt,,und,2026-08-22T03:06:00+02:00,codex.r014.id-ID,,weighted_mixture,weighted mixture,campuran berbobot,[],computer-science/cryptography/weighted_mixture,"{""notes"":""A mixture whose component shifts contribute according to their unequal multiplicities."",""path"":""qa/review-candidates/boundary28-r2/TERMINOLOGY.md"",""sha256"":""3e3fe31baa8565bbc54cd6d789570cac18ed469f68cf683f08dd639ef92d9bd1"",""terminology_id"":""stats.weighted_mixture""}"
r014.backend.record,1.0.0,ttp.concept.well_defined,concept,active,ttp.r014.yaintt,ttp.r014.yaintt,,und,2026-08-21T13:53:00+02:00,codex.r014.id-ID,,well_defined,well-defined,terdefinisi dengan baik,"[""ttp.concept.equivalence_class"",""ttp.concept.binary_operation""]",mathematics/number-theory/well_defined,"{""path"":""qa/frozen-boundaries/boundary10/yaintt-id.tex"",""target_sha256"":""e2eb275565a11f04e44c4009a3dae2df7af1f8a7ea05b24ef7e30037ee2dc2a8""}"
r014.backend.record,1.0.0,ttp.concept.well_ordering_principle,concept,active,ttp.r014.yaintt,ttp.r014.yaintt,,und,2026-08-21T13:53:00+02:00,codex.r014.id-ID,,well_ordering_principle,well-ordering principle,prinsip keterurutan baik,"[""ttp.concept.least_element"",""ttp.concept.natural_number""]",mathematics/number-theory/well_ordering_principle,"{""path"":""qa/frozen-boundaries/boundary3/yaintt-id.tex"",""target_sha256"":""695c071582bdee94a297987c820195b31fe808c16dbb1c0f07559e2b2ed73666""}"
r014.backend.record,1.0.0,ttp.concept.wilsons_theorem,concept,active,ttp.r014.yaintt,ttp.r014.yaintt,,und,2026-08-22T03:06:00+02:00,codex.r014.id-ID,,wilsons_theorem,Wilson's Theorem,Teorema Wilson,"[""ttp.concept.prime"",""ttp.concept.modular_inverse""]",mathematics/number-theory/wilsons_theorem,"{""notes"":""Preserve the label `thm:wilsons`."",""path"":""qa/review-candidates/boundary28-r2/TERMINOLOGY.md"",""sha256"":""3e3fe31baa8565bbc54cd6d789570cac18ed469f68cf683f08dd639ef92d9bd1"",""terminology_id"":""nt.wilsons_theorem""}"
r014.backend.record,1.0.0,ttp.concept.zero_product_property,concept,active,ttp.r014.yaintt,ttp.r014.yaintt,,und,2026-08-22T03:06:00+02:00,codex.r014.id-ID,,zero_product_property,zero-product property,sifat hasil kali nol,"[""ttp.concept.polynomial_mod_p""]",mathematics/number-theory/zero_product_property,"{""notes"":""In `\\ZZ/p\\ZZ` for prime `p`, a product is zero only if one factor is zero."",""path"":""qa/review-candidates/boundary28-r2/TERMINOLOGY.md"",""sha256"":""3e3fe31baa8565bbc54cd6d789570cac18ed469f68cf683f08dd639ef92d9bd1"",""terminology_id"":""algebra.zero_product_property""}"
