schema,schema_version,record_id,entity_class,status,work_id,resource_id,edition_id,locale,created_at,responsible_workflow,supersedes,correction_type,authority_locator,source_text,target_text,rationale,evidence,upstream_report_disposition,affected_unit_ids,report_status
r014.backend.record,1.0.0,ttp.r014.correction.0001,correction,active,ttp.r014.yaintt,ttp.r014.yaintt,,mul,2026-08-21T13:53:00+02:00,codex.r014.id-ID,,build_control,"{""end_line"":131,""path"":""authority/downloads/yaintt.tex"",""start_line"":131}",%\def\suppressallIndex{},%\def\suppressIndex{},Make the documented switch match the back-matter test.,"{""adverse_ledger"":{""id"":""R014-ADV-0004"",""path"":""backend/evidence/ADVERSE_LEDGER.md"",""sha256"":""bad63981382d3a2d8a6561e1691992aef3248f6d3c91886ed3601bc4ee20be45""},""authority_sha256"":""d2967870a0d43de60c590a2bb40cee6915e7b6d68a0dd3ad574f64c7b6430829""}",candidate_for_single_final_upstream_report,"[""ttp.r014.unit.backmatter.index""]",not_submitted
r014.backend.record,1.0.0,ttp.r014.correction.0002,correction,active,ttp.r014.yaintt,ttp.r014.yaintt,,mul,2026-08-21T13:53:00+02:00,codex.r014.id-ID,,mathematics,"{""end_line"":515,""path"":""authority/downloads/yaintt.tex"",""start_line"":515}",(n+1).n^n,(n+1)\cdot n^n,"A period is punctuation, not a multiplication operator.","{""adverse_ledger"":{""id"":""R014-ADV-0005"",""path"":""backend/evidence/ADVERSE_LEDGER.md"",""sha256"":""bad63981382d3a2d8a6561e1691992aef3248f6d3c91886ed3601bc4ee20be45""},""authority_sha256"":""d2967870a0d43de60c590a2bb40cee6915e7b6d68a0dd3ad574f64c7b6430829""}",candidate_for_single_final_upstream_report,"[""ttp.r014.unit.eg.inductionv1b""]",not_submitted
r014.backend.record,1.0.0,ttp.r014.correction.0003,correction,active,ttp.r014.yaintt,ttp.r014.yaintt,,mul,2026-08-21T13:53:00+02:00,codex.r014.id-ID,,typography,"{""end_line"":492,""path"":""authority/downloads/yaintt.tex"",""start_line"":492}",the the statement,pernyataan tersebut,Remove the duplicated word while translating.,"{""adverse_ledger"":{""id"":""R014-ADV-0006"",""path"":""backend/evidence/ADVERSE_LEDGER.md"",""sha256"":""bad63981382d3a2d8a6561e1691992aef3248f6d3c91886ed3601bc4ee20be45""},""authority_sha256"":""d2967870a0d43de60c590a2bb40cee6915e7b6d68a0dd3ad574f64c7b6430829""}",candidate_for_single_final_upstream_report,"[""ttp.r014.unit.eg.inductionv1a""]",not_submitted
r014.backend.record,1.0.0,ttp.r014.correction.0004,correction,active,ttp.r014.yaintt,ttp.r014.yaintt,,mul,2026-08-21T13:53:00+02:00,codex.r014.id-ID,,locator,"{""end_line"":377,""path"":""authority/downloads/yaintt.tex"",""start_line"":375}",http://www.poritz.net/jonathan/share/yaintt,https://www.poritz.net/jonathan/share/yaintt,Use the working HTTPS authority locators.,"{""adverse_ledger"":{""id"":""R014-ADV-0007"",""path"":""backend/evidence/ADVERSE_LEDGER.md"",""sha256"":""bad63981382d3a2d8a6561e1691992aef3248f6d3c91886ed3601bc4ee20be45""},""authority_sha256"":""d2967870a0d43de60c590a2bb40cee6915e7b6d68a0dd3ad574f64c7b6430829""}",not_applicable_derivative_locator_update,"[""ttp.r014.unit.frontmatter.release-notes""]",not_submitted
r014.backend.record,1.0.0,ttp.r014.correction.0005,correction,active,ttp.r014.yaintt,ttp.r014.yaintt,,mul,2026-08-21T13:53:00+02:00,codex.r014.id-ID,,layout,"{""end_line"":265,""path"":""authority/downloads/yaintt.tex"",""start_line"":265}","width=15cm,clip","width=.85\textwidth,clip",Fit the longer Indonesian title without altering the cover image.,"{""adverse_ledger"":{""id"":""R014-ADV-0009"",""path"":""backend/evidence/ADVERSE_LEDGER.md"",""sha256"":""bad63981382d3a2d8a6561e1691992aef3248f6d3c91886ed3601bc4ee20be45""},""authority_sha256"":""d2967870a0d43de60c590a2bb40cee6915e7b6d68a0dd3ad574f64c7b6430829""}",not_applicable_derivative_layout,"[""ttp.r014.unit.frontmatter.title-page.figure.cover""]",not_submitted
r014.backend.record,1.0.0,ttp.r014.correction.0006,correction,active,ttp.r014.yaintt,ttp.r014.yaintt,,mul,2026-08-21T13:53:00+02:00,codex.r014.id-ID,,layout,"{""end_line"":569,""path"":""authority/downloads/yaintt.tex"",""start_line"":568}",Use mathematical induction to prove that,Gunakan induksi matematika untuk membuktikan bahwa\newline,Move a long formula to the next line to prevent reader-visible overflow.,"{""adverse_ledger"":{""id"":""R014-ADV-0009"",""path"":""backend/evidence/ADVERSE_LEDGER.md"",""sha256"":""bad63981382d3a2d8a6561e1691992aef3248f6d3c91886ed3601bc4ee20be45""},""authority_sha256"":""d2967870a0d43de60c590a2bb40cee6915e7b6d68a0dd3ad574f64c7b6430829""}",not_applicable_derivative_layout,"[""ttp.r014.unit.sec.wopami.exercise.03""]",not_submitted
r014.backend.record,1.0.0,ttp.r014.correction.0007,correction,active,ttp.r014.yaintt,ttp.r014.yaintt,,mul,2026-08-21T13:53:00+02:00,codex.r014.id-ID,,boundary_reader,"{""end_line"":345,""path"":""authority/downloads/yaintt.tex"",""start_line"":335}",Chapter~\ref{chap:Crypto},Bab~4 serta \S\S~5.5 dan 5.6,Resolve forward references numerically only in the bounded reader; preserve refs in the full branch.,"{""adverse_ledger"":{""id"":""R014-ADV-0010"",""path"":""backend/evidence/ADVERSE_LEDGER.md"",""sha256"":""bad63981382d3a2d8a6561e1691992aef3248f6d3c91886ed3601bc4ee20be45""},""authority_sha256"":""d2967870a0d43de60c590a2bb40cee6915e7b6d68a0dd3ad574f64c7b6430829""}",not_applicable_boundary_reader,"[""ttp.r014.unit.frontmatter.release-notes""]",not_submitted
r014.backend.record,1.0.0,ttp.r014.correction.0008,correction,active,ttp.r014.yaintt,ttp.r014.yaintt,,mul,2026-08-21T13:53:00+02:00,codex.r014.id-ID,,component_rights,"{""end_line"":304,""path"":""authority/downloads/yaintt.tex"",""start_line"":304}","\includegraphics[height=.7cm,clip]{by-sa.eps}",textual CC BY-SA 4.0 notice; badge omitted,The badge EPS lacks component-specific rights evidence and embeds Adobe procsets.,"{""adverse_ledger"":{""id"":""R014-ADV-0002"",""path"":""backend/evidence/ADVERSE_LEDGER.md"",""sha256"":""bad63981382d3a2d8a6561e1691992aef3248f6d3c91886ed3601bc4ee20be45""},""authority_sha256"":""d2967870a0d43de60c590a2bb40cee6915e7b6d68a0dd3ad574f64c7b6430829""}",not_applicable_component_replacement,"[""ttp.r014.unit.frontmatter.preface.figure.license-badge""]",not_submitted
r014.backend.record,1.0.0,ttp.r014.correction.0009,correction,active,ttp.r014.yaintt,ttp.r014.yaintt,,mul,2026-08-21T13:53:00+02:00,codex.r014.id-ID,,typography,"{""end_line"":287,""path"":""authority/downloads/yaintt.tex"",""start_line"":287}",University --Pueblo,"University, Pueblo",Restore missing spacing/punctuation in the institution name.,"{""adverse_ledger"":{""id"":""R014-ADV-0011"",""path"":""backend/evidence/ADVERSE_LEDGER.md"",""sha256"":""bad63981382d3a2d8a6561e1691992aef3248f6d3c91886ed3601bc4ee20be45""},""authority_sha256"":""d2967870a0d43de60c590a2bb40cee6915e7b6d68a0dd3ad574f64c7b6430829""}",candidate_for_single_final_upstream_report,"[""ttp.r014.unit.frontmatter.title-page""]",not_submitted
r014.backend.record,1.0.0,ttp.r014.correction.0010,correction,active,ttp.r014.yaintt,ttp.r014.yaintt,,mul,2026-08-21T13:53:00+02:00,codex.r014.id-ID,,build_compatibility,"{""end_line"":192,""path"":""authority/downloads/yaintt.tex"",""start_line"":190}",\let\@@pmod\pmod,\NewCommandCopy{\@@pmod}{\pmod} with a legacy fallback,Prevent recursion of the robust pmod command under the 2025 LaTeX kernel.,"{""adverse_ledger"":{""id"":""R014-ADV-0012"",""path"":""backend/evidence/ADVERSE_LEDGER.md"",""sha256"":""bad63981382d3a2d8a6561e1691992aef3248f6d3c91886ed3601bc4ee20be45""},""authority_sha256"":""d2967870a0d43de60c590a2bb40cee6915e7b6d68a0dd3ad574f64c7b6430829""}",candidate_for_single_final_upstream_report,"[""ttp.r014.unit.book""]",not_submitted
r014.backend.record,1.0.0,ttp.r014.correction.0011,correction,active,ttp.r014.yaintt,ttp.r014.yaintt,,mul,2026-08-21T13:53:00+02:00,codex.r014.id-ID,,mathematics,"{""end_line"":628,""path"":""authority/downloads/yaintt.tex"",""start_line"":622}",only the integer $1$ has a,hanyalah $1$ dan $-1$,"Both 1 and -1 are units in Z, and each is its own multiplicative inverse.","{""adverse_ledger"":{""id"":""R014-ADV-0013"",""path"":""backend/evidence/ADVERSE_LEDGER.md"",""sha256"":""bad63981382d3a2d8a6561e1691992aef3248f6d3c91886ed3601bc4ee20be45""},""authority_sha256"":""d2967870a0d43de60c590a2bb40cee6915e7b6d68a0dd3ad574f64c7b6430829""}",candidate_for_single_final_upstream_report,"[""ttp.r014.unit.sec.aowi""]",not_submitted
r014.backend.record,1.0.0,ttp.r014.correction.0012,correction,active,ttp.r014.yaintt,ttp.r014.yaintt,,mul,2026-08-21T13:53:00+02:00,codex.r014.id-ID,,mathematics,"{""end_line"":685,""path"":""authority/downloads/yaintt.tex"",""start_line"":681}",\begin{proposition} $\forall a\in\ZZ$ we have $a\mid 0$.,Bind the nonzero-divisor domain in all three propositions.,"The section defines divisibility only for a nonzero divisor, so the proposition domains must retain that convention.","{""adverse_ledger"":{""id"":""R014-ADV-0014"",""path"":""backend/evidence/ADVERSE_LEDGER.md"",""sha256"":""bad63981382d3a2d8a6561e1691992aef3248f6d3c91886ed3601bc4ee20be45""},""authority_sha256"":""d2967870a0d43de60c590a2bb40cee6915e7b6d68a0dd3ad574f64c7b6430829""}",candidate_for_single_final_upstream_report,"[""ttp.r014.unit.sec.dada.proposition.zero"",""ttp.r014.unit.sec.dada.proposition.size"",""ttp.r014.unit.sec.dada.proposition.absolute-value""]",not_submitted
r014.backend.record,1.0.0,ttp.r014.correction.0013,correction,active,ttp.r014.yaintt,ttp.r014.yaintt,,mul,2026-08-21T13:53:00+02:00,codex.r014.id-ID,,mathematics,"{""end_line"":752,""path"":""authority/downloads/yaintt.tex"",""start_line"":742}",Consider the set $A=\{a-bk\geq 0 \mid k\in \ZZ\}$.,"A=\{a-bk\mid k\in\ZZ,\ a-bk\geq 0\}; least element of A",The original set-builder is malformed and 'least positive' excludes the valid zero remainder.,"{""adverse_ledger"":{""id"":""R014-ADV-0015"",""path"":""backend/evidence/ADVERSE_LEDGER.md"",""sha256"":""bad63981382d3a2d8a6561e1691992aef3248f6d3c91886ed3601bc4ee20be45""},""authority_sha256"":""d2967870a0d43de60c590a2bb40cee6915e7b6d68a0dd3ad574f64c7b6430829""}",candidate_for_single_final_upstream_report,"[""ttp.r014.unit.thm.the-da.proof""]",not_submitted
r014.backend.record,1.0.0,ttp.r014.correction.0014,correction,active,ttp.r014.yaintt,ttp.r014.yaintt,,mul,2026-08-21T13:53:00+02:00,codex.r014.id-ID,,mathematics,"{""end_line"":769,""path"":""authority/downloads/yaintt.tex"",""start_line"":767}","$-\max(r_1,r_2)\leq|r_2-r_1|",$0\leq|r_2-r_1|,The lower bound for an absolute value should be zero; the negative bound is vacuous.,"{""adverse_ledger"":{""id"":""R014-ADV-0016"",""path"":""backend/evidence/ADVERSE_LEDGER.md"",""sha256"":""bad63981382d3a2d8a6561e1691992aef3248f6d3c91886ed3601bc4ee20be45""},""authority_sha256"":""d2967870a0d43de60c590a2bb40cee6915e7b6d68a0dd3ad574f64c7b6430829""}",candidate_for_single_final_upstream_report,"[""ttp.r014.unit.thm.the-da.proof""]",not_submitted
r014.backend.record,1.0.0,ttp.r014.correction.0015,correction,active,ttp.r014.yaintt,ttp.r014.yaintt,,mul,2026-08-21T13:53:00+02:00,codex.r014.id-ID,,mathematics,"{""end_line"":819,""path"":""authority/downloads/yaintt.tex"",""start_line"":813}",Show that the square of every odd integer is of the form $8m+1$.,State explicitly that the parameter m is an integer in Exercises 9 and 10.,The exercise conclusions use an otherwise unbound parameter m.,"{""adverse_ledger"":{""id"":""R014-ADV-0017"",""path"":""backend/evidence/ADVERSE_LEDGER.md"",""sha256"":""bad63981382d3a2d8a6561e1691992aef3248f6d3c91886ed3601bc4ee20be45""},""authority_sha256"":""d2967870a0d43de60c590a2bb40cee6915e7b6d68a0dd3ad574f64c7b6430829""}",candidate_for_single_final_upstream_report,"[""ttp.r014.unit.sec.dada.exercise.09"",""ttp.r014.unit.sec.dada.exercise.10""]",not_submitted
r014.backend.record,1.0.0,ttp.r014.correction.0016,correction,active,ttp.r014.yaintt,ttp.r014.yaintt,,mul,2026-08-21T13:53:00+02:00,codex.r014.id-ID,,mathematics,"{""end_line"":915,""path"":""authority/downloads/yaintt.tex"",""start_line"":829}","\exists a_1,\dots,a_l\in\ZZ","Include $a_0$, permit $l\geq0$, state uniqueness, and handle the one-digit branch.","The theorem omits $a_0$ from its quantified digits and its proof assumes a positive-length quotient chain, so the zero-length expansion and uniqueness claim need explicit closure.","{""adverse_ledger"":{""id"":""R014-ADV-0018"",""path"":""backend/evidence/ADVERSE_LEDGER_BOUNDARY4.md"",""sha256"":""f0b156c825ea3a86865203a4c2eff727eb72284fc03568f74a648cca10e19520""},""authority_sha256"":""d2967870a0d43de60c590a2bb40cee6915e7b6d68a0dd3ad574f64c7b6430829""}",candidate_for_single_final_upstream_report,"[""ttp.r014.unit.thm.basebexpansion"",""ttp.r014.unit.thm.basebexpansion.proof""]",not_submitted
r014.backend.record,1.0.0,ttp.r014.correction.0017,correction,active,ttp.r014.yaintt,ttp.r014.yaintt,,mul,2026-08-21T13:53:00+02:00,codex.r014.id-ID,,mathematics,"{""end_line"":913,""path"":""authority/downloads/yaintt.tex"",""start_line"":899}","If the two expansions are different, then there exists $0\leq j\leq",Choose the smallest differing index $j$ and restore the minus sign when isolating $a_j-c_j$.,"Without choosing the least differing index, factoring out $b^j$ discards lower-order terms; the displayed rearrangement also loses a minus sign.","{""adverse_ledger"":{""id"":""R014-ADV-0019"",""path"":""backend/evidence/ADVERSE_LEDGER_BOUNDARY4.md"",""sha256"":""f0b156c825ea3a86865203a4c2eff727eb72284fc03568f74a648cca10e19520""},""authority_sha256"":""d2967870a0d43de60c590a2bb40cee6915e7b6d68a0dd3ad574f64c7b6430829""}",candidate_for_single_final_upstream_report,"[""ttp.r014.unit.thm.basebexpansion.proof""]",not_submitted
r014.backend.record,1.0.0,ttp.r014.correction.0018,correction,active,ttp.r014.yaintt,ttp.r014.yaintt,,mul,2026-08-21T13:53:00+02:00,codex.r014.id-ID,,mathematics,"{""end_line"":936,""path"":""authority/downloads/yaintt.tex"",""start_line"":917}",the sequences of digits,"Use the digit string $(m)_b=a_\ell\dots a_1a_0$, correct $a_j$, and require $\ell+1$ wires.","The definition omits the units digit, conflicts with the section notation, contains a missing subscript, and undercounts the wires required for digits indexed 0 through l.","{""adverse_ledger"":{""id"":""R014-ADV-0020"",""path"":""backend/evidence/ADVERSE_LEDGER_BOUNDARY4.md"",""sha256"":""f0b156c825ea3a86865203a4c2eff727eb72284fc03568f74a648cca10e19520""},""authority_sha256"":""d2967870a0d43de60c590a2bb40cee6915e7b6d68a0dd3ad574f64c7b6430829""}",candidate_for_single_final_upstream_report,"[""ttp.r014.unit.def.baseb""]",not_submitted
r014.backend.record,1.0.0,ttp.r014.correction.0019,correction,active,ttp.r014.yaintt,ttp.r014.yaintt,,mul,2026-08-21T13:53:00+02:00,codex.r014.id-ID,,mathematics,"{""end_line"":1000,""path"":""authority/downloads/yaintt.tex"",""start_line"":997}","Two integers $a$ and $b$, not both $0$, can have only finitely many divisors","At least one input is nonzero and has finitely many divisors, so their common-divisor set is finite.",Zero has infinitely many divisors; only the common-divisor set is forced finite when the inputs are not both zero.,"{""adverse_ledger"":{""id"":""R014-ADV-0021"",""path"":""backend/evidence/ADVERSE_LEDGER_BOUNDARY5.md"",""sha256"":""162e8861593298f87291d8b5c0495425ab0d2ba1b0815d3bf03ccd709f1e79f0""},""authority_sha256"":""d2967870a0d43de60c590a2bb40cee6915e7b6d68a0dd3ad574f64c7b6430829""}",candidate_for_single_final_upstream_report,"[""ttp.r014.unit.sec.gcd.discussion.01""]",not_submitted
r014.backend.record,1.0.0,ttp.r014.correction.0020,correction,active,ttp.r014.yaintt,ttp.r014.yaintt,,mul,2026-08-21T13:53:00+02:00,codex.r014.id-ID,,mathematics,"{""end_line"":1051,""path"":""authority/downloads/yaintt.tex"",""start_line"":1034}","If $a,b\in\ZZ$ have $\gcd(a,b)=d$ then $\gcd(a/d,b/d)=1$.","Exclude $(a,b)=(0,0)$ and bind the quotient witnesses in $\ZZ$.","The all-zero pair makes division by $d=0$ undefined, and quotient witnesses may be negative.","{""adverse_ledger"":{""id"":""R014-ADV-0022"",""path"":""backend/evidence/ADVERSE_LEDGER_BOUNDARY5.md"",""sha256"":""162e8861593298f87291d8b5c0495425ab0d2ba1b0815d3bf03ccd709f1e79f0""},""authority_sha256"":""d2967870a0d43de60c590a2bb40cee6915e7b6d68a0dd3ad574f64c7b6430829""}",candidate_for_single_final_upstream_report,"[""ttp.r014.unit.thm.dividebygcd"",""ttp.r014.unit.thm.dividebygcd.proof""]",not_submitted
r014.backend.record,1.0.0,ttp.r014.correction.0021,correction,active,ttp.r014.yaintt,ttp.r014.yaintt,,mul,2026-08-21T13:53:00+02:00,codex.r014.id-ID,,mathematics,"{""end_line"":1104,""path"":""authority/downloads/yaintt.tex"",""start_line"":1096}","Assume without loss of generality that $a,b\in\NN$ are positive integers.","Use nonnegative absolute values, not both zero, and handle whichever input is positive.","Absolute values make the inputs nonnegative rather than both positive, so either input may be zero.","{""adverse_ledger"":{""id"":""R014-ADV-0023"",""path"":""backend/evidence/ADVERSE_LEDGER_BOUNDARY5.md"",""sha256"":""162e8861593298f87291d8b5c0495425ab0d2ba1b0815d3bf03ccd709f1e79f0""},""authority_sha256"":""d2967870a0d43de60c590a2bb40cee6915e7b6d68a0dd3ad574f64c7b6430829""}",candidate_for_single_final_upstream_report,"[""ttp.r014.unit.thm.gcdislincomb.proof""]",not_submitted
r014.backend.record,1.0.0,ttp.r014.correction.0022,correction,active,ttp.r014.yaintt,ttp.r014.yaintt,,mul,2026-08-21T13:53:00+02:00,codex.r014.id-ID,,mathematics,"{""end_line"":1169,""path"":""authority/downloads/yaintt.tex"",""start_line"":1166}","For $n\in\NN$ and $a_1,\dots,a_n\in\ZZ$, if $a_1,a_2,\dots,a_n$ are pairwise",Require $n\geq 2$ before concluding mutual relative primality.,"For $n=1$, pairwise relative primality is vacuous and does not imply that $|a_1|=1$.","{""adverse_ledger"":{""id"":""R014-ADV-0024"",""path"":""backend/evidence/ADVERSE_LEDGER_BOUNDARY5.md"",""sha256"":""162e8861593298f87291d8b5c0495425ab0d2ba1b0815d3bf03ccd709f1e79f0""},""authority_sha256"":""d2967870a0d43de60c590a2bb40cee6915e7b6d68a0dd3ad574f64c7b6430829""}",candidate_for_single_final_upstream_report,"[""ttp.r014.unit.sec.gcd.proposition.pairwise-implies-mutual""]",not_submitted
r014.backend.record,1.0.0,ttp.r014.correction.0023,correction,active,ttp.r014.yaintt,ttp.r014.yaintt,,mul,2026-08-21T13:53:00+02:00,codex.r014.id-ID,,mathematics,"{""end_line"":1265,""path"":""authority/downloads/yaintt.tex"",""start_line"":1240}","s_{j+1}=s_{j-1}-q_{j+1}s_j and \gcd(a,b)=r_n=s_{n+1}a+t_{n+1}b","Put remainders in the nonnegative integers, use s_{j+2}=s_j-q_{j+1}s_{j+1} and the analogous t recurrence, conclude r_n=s_na+t_nb, and state the terminal indexed recurrence uniformly.","The authority places the terminal zero remainder in NN, shifts the coefficient recurrences by one index, concludes with s_(n+1),t_(n+1), and uses an endpoint-expanded display that is not well formed when the algorithm stops at n=1 or n=2.","{""adverse_ledger"":{""id"":""R014-ADV-0025"",""path"":""backend/evidence/ADVERSE_LEDGER_BOUNDARY6.md"",""sha256"":""439f2728e2bf3455b616bfc5fbc7e6d5a658ba86d7d6c1cbbb0411fcaf9cf49a""},""authority_sha256"":""d2967870a0d43de60c590a2bb40cee6915e7b6d68a0dd3ad574f64c7b6430829""}",candidate_for_single_final_upstream_report,"[""ttp.r014.unit.thm.euclideanalg"",""ttp.r014.unit.thm.euclideanalg.proof""]",not_submitted
r014.backend.record,1.0.0,ttp.r014.correction.0024,correction,active,ttp.r014.yaintt,ttp.r014.yaintt,,mul,2026-08-21T13:53:00+02:00,codex.r014.id-ID,,editorial,"{""end_line"":1333,""path"":""authority/downloads/yaintt.tex"",""start_line"":1332}",when he was 24;a translation,ketika ia berusia 24 tahun; terjemahannya,Insert the missing separator after Gauss's age while translating.,"{""adverse_ledger"":{""id"":""R014-ADV-0026"",""path"":""backend/evidence/ADVERSE_LEDGER_BOUNDARY7.md"",""sha256"":""e1e47594393f5154587c6cc02ae46c3298ba7ef3b37b94a22b4a28dcf0b220b5""},""authority_sha256"":""d2967870a0d43de60c590a2bb40cee6915e7b6d68a0dd3ad574f64c7b6430829""}",candidate_for_single_final_upstream_report,"[""ttp.r014.unit.chap.cs.discussion.01""]",not_submitted
r014.backend.record,1.0.0,ttp.r014.correction.0025,correction,active,ttp.r014.yaintt,ttp.r014.yaintt,,mul,2026-08-21T13:53:00+02:00,codex.r014.id-ID,,mathematics,"{""end_line"":1387,""path"":""authority/downloads/yaintt.tex"",""start_line"":1366}",a\equiv c\pmod m; a=c\pmod n,a\equiv c\pmod n in the statement and proof,The transitivity item uses an undefined modulus m and its proof concludes with equality notation instead of congruence.,"{""adverse_ledger"":{""id"":""R014-ADV-0027"",""path"":""backend/evidence/ADVERSE_LEDGER_BOUNDARY7.md"",""sha256"":""e1e47594393f5154587c6cc02ae46c3298ba7ef3b37b94a22b4a28dcf0b220b5""},""authority_sha256"":""d2967870a0d43de60c590a2bb40cee6915e7b6d68a0dd3ad574f64c7b6430829""}",candidate_for_single_final_upstream_report,"[""ttp.r014.unit.thm.basiccongprops"",""ttp.r014.unit.thm.basiccongprops.proof""]",not_submitted
r014.backend.record,1.0.0,ttp.r014.correction.0026,correction,active,ttp.r014.yaintt,ttp.r014.yaintt,,mul,2026-08-21T13:53:00+02:00,codex.r014.id-ID,,mathematics,"{""end_line"":1458,""path"":""authority/downloads/yaintt.tex"",""start_line"":1455}",such that such that; (kc-lb)n,one sedemikian sehingga; (ck+bl)n,Remove duplicated words and correct the coefficient obtained by adding the two displayed identities.,"{""adverse_ledger"":{""id"":""R014-ADV-0028"",""path"":""backend/evidence/ADVERSE_LEDGER_BOUNDARY7.md"",""sha256"":""e1e47594393f5154587c6cc02ae46c3298ba7ef3b37b94a22b4a28dcf0b220b5""},""authority_sha256"":""d2967870a0d43de60c590a2bb40cee6915e7b6d68a0dd3ad574f64c7b6430829""}",candidate_for_single_final_upstream_report,"[""ttp.r014.unit.thm.basiccongprops.proof""]",not_submitted
r014.backend.record,1.0.0,ttp.r014.correction.0027,correction,active,ttp.r014.yaintt,ttp.r014.yaintt,,mul,2026-08-21T13:53:00+02:00,codex.r014.id-ID,,mathematics,"{""end_line"":1543,""path"":""authority/downloads/yaintt.tex"",""start_line"":1539}",b=c\pmod n,b\equiv c\pmod n,The cancellation theorem must state congruence rather than equality modulo n.,"{""adverse_ledger"":{""id"":""R014-ADV-0029"",""path"":""backend/evidence/ADVERSE_LEDGER_BOUNDARY7.md"",""sha256"":""e1e47594393f5154587c6cc02ae46c3298ba7ef3b37b94a22b4a28dcf0b220b5""},""authority_sha256"":""d2967870a0d43de60c590a2bb40cee6915e7b6d68a0dd3ad574f64c7b6430829""}",candidate_for_single_final_upstream_report,"[""ttp.r014.unit.thm.congcanc""]",not_submitted
r014.backend.record,1.0.0,ttp.r014.correction.0028,correction,active,ttp.r014.yaintt,ttp.r014.yaintt,,mul,2026-08-21T13:53:00+02:00,codex.r014.id-ID,,mathematics,"{""end_line"":1590,""path"":""authority/downloads/yaintt.tex"",""start_line"":1589}","x_j\pmod{x_j}; x_1,\dots,x_{(d-1)}","x_j\pmod n; x_0,\dots,x_{(d-1)}",Use modulus n and include the zero-class representative in the concluding list.,"{""adverse_ledger"":{""id"":""R014-ADV-0030"",""path"":""backend/evidence/ADVERSE_LEDGER_BOUNDARY7.md"",""sha256"":""e1e47594393f5154587c6cc02ae46c3298ba7ef3b37b94a22b4a28dcf0b220b5""},""authority_sha256"":""d2967870a0d43de60c590a2bb40cee6915e7b6d68a0dd3ad574f64c7b6430829""}",candidate_for_single_final_upstream_report,"[""ttp.r014.unit.thm.numzerosmodafactor.proof""]",not_submitted
r014.backend.record,1.0.0,ttp.r014.correction.0029,correction,active,ttp.r014.yaintt,ttp.r014.yaintt,,mul,2026-08-21T13:53:00+02:00,codex.r014.id-ID,,mathematics,"{""end_line"":1644,""path"":""authority/downloads/yaintt.tex"",""start_line"":1632}",n\in\ZZ in the linear-congruence definition and following theorem,n\in\NN in both statements,"The authority's congruence notation was defined only for positive moduli, so zero and negative moduli fall outside its stated domain.","{""adverse_ledger"":{""id"":""R014-ADV-0031"",""path"":""backend/evidence/ADVERSE_LEDGER_BOUNDARY8.md"",""sha256"":""5ca4cedea493e2688437cc5dd01db138e781e1d16c28f7dcee2eeed772f60f9b""},""authority_sha256"":""d2967870a0d43de60c590a2bb40cee6915e7b6d68a0dd3ad574f64c7b6430829""}",candidate_for_single_final_upstream_report,"[""ttp.r014.unit.def.linearcongruence"",""ttp.r014.unit.thm.linearcongruencesameclass""]",not_submitted
r014.backend.record,1.0.0,ttp.r014.correction.0030,correction,active,ttp.r014.yaintt,ttp.r014.yaintt,,mul,2026-08-21T13:53:00+02:00,codex.r014.id-ID,,mathematics,"{""end_line"":1652,""path"":""authority/downloads/yaintt.tex"",""start_line"":1651}",An algebraic equation whose constants and variables are all integers,a polynomial equation with integer coefficients whose solutions are sought in integers,Variables are not fixed integers; the standard definition constrains coefficients and the sought solutions.,"{""adverse_ledger"":{""id"":""R014-ADV-0032"",""path"":""backend/evidence/ADVERSE_LEDGER_BOUNDARY8.md"",""sha256"":""5ca4cedea493e2688437cc5dd01db138e781e1d16c28f7dcee2eeed772f60f9b""},""authority_sha256"":""d2967870a0d43de60c590a2bb40cee6915e7b6d68a0dd3ad574f64c7b6430829""}",candidate_for_single_final_upstream_report,"[""ttp.r014.unit.def.diophantine""]",not_submitted
r014.backend.record,1.0.0,ttp.r014.correction.0031,correction,active,ttp.r014.yaintt,ttp.r014.yaintt,,mul,2026-08-21T13:53:00+02:00,codex.r014.id-ID,,mathematics,"{""end_line"":1688,""path"":""authority/downloads/yaintt.tex"",""start_line"":1686}",n\mid a(kp)=b,n\mid(a(kp)-b),"The displayed identity proves divisibility of the difference, which is the condition equivalent to the target congruence.","{""adverse_ledger"":{""id"":""R014-ADV-0033"",""path"":""backend/evidence/ADVERSE_LEDGER_BOUNDARY8.md"",""sha256"":""5ca4cedea493e2688437cc5dd01db138e781e1d16c28f7dcee2eeed772f60f9b""},""authority_sha256"":""d2967870a0d43de60c590a2bb40cee6915e7b6d68a0dd3ad574f64c7b6430829""}",candidate_for_single_final_upstream_report,"[""ttp.r014.unit.thm.basiclincongs.proof""]",not_submitted
r014.backend.record,1.0.0,ttp.r014.correction.0032,correction,active,ttp.r014.yaintt,ttp.r014.yaintt,,mul,2026-08-21T13:53:00+02:00,codex.r014.id-ID,,mathematics,"{""end_line"":1697,""path"":""authority/downloads/yaintt.tex"",""start_line"":1693}",cite Part (2) and infer exactly d solutions from a necessary condition,cite Part 1 and prove both the upper bound and existence of every one of the d classes,"The applicable cancellation case is Part 1, and counting possible differences alone does not prove that every class yields a solution.","{""adverse_ledger"":{""id"":""R014-ADV-0034"",""path"":""backend/evidence/ADVERSE_LEDGER_BOUNDARY8.md"",""sha256"":""5ca4cedea493e2688437cc5dd01db138e781e1d16c28f7dcee2eeed772f60f9b""},""authority_sha256"":""d2967870a0d43de60c590a2bb40cee6915e7b6d68a0dd3ad574f64c7b6430829""}",candidate_for_single_final_upstream_report,"[""ttp.r014.unit.thm.basiclincongs.proof""]",not_submitted
r014.backend.record,1.0.0,ttp.r014.correction.0033,correction,active,ttp.r014.yaintt,ttp.r014.yaintt,,mul,2026-08-21T13:53:00+02:00,codex.r014.id-ID,,mathematics,"{""end_line"":1714,""path"":""authority/downloads/yaintt.tex"",""start_line"":1712}","x_1, x_1, x_2 as three solution labels","x_0, x_1, x_2 with all three written as congruence classes modulo 6",The authority duplicates x_1 and omits x_0 while listing the three classes.,"{""adverse_ledger"":{""id"":""R014-ADV-0035"",""path"":""backend/evidence/ADVERSE_LEDGER_BOUNDARY8.md"",""sha256"":""5ca4cedea493e2688437cc5dd01db138e781e1d16c28f7dcee2eeed772f60f9b""},""authority_sha256"":""d2967870a0d43de60c590a2bb40cee6915e7b6d68a0dd3ad574f64c7b6430829""}",candidate_for_single_final_upstream_report,"[""ttp.r014.unit.eg.multiplesolscongs""]",not_submitted
r014.backend.record,1.0.0,ttp.r014.correction.0034,correction,active,ttp.r014.yaintt,ttp.r014.yaintt,,mul,2026-08-21T13:53:00+02:00,codex.r014.id-ID,,editorial,"{""end_line"":1745,""path"":""authority/downloads/yaintt.tex"",""start_line"":1744}",$7^{-1}$of,$7^{-1}$ dari,Restore the missing word boundary while translating.,"{""adverse_ledger"":{""id"":""R014-ADV-0036"",""path"":""backend/evidence/ADVERSE_LEDGER_BOUNDARY8.md"",""sha256"":""5ca4cedea493e2688437cc5dd01db138e781e1d16c28f7dcee2eeed772f60f9b""},""authority_sha256"":""d2967870a0d43de60c590a2bb40cee6915e7b6d68a0dd3ad574f64c7b6430829""}",candidate_for_single_final_upstream_report,"[""ttp.r014.unit.eg.modinverses""]",not_submitted
r014.backend.record,1.0.0,ttp.r014.correction.0035,correction,active,ttp.r014.yaintt,ttp.r014.yaintt,,mul,2026-08-21T13:53:00+02:00,codex.r014.id-ID,,mathematics,"{""end_line"":1768,""path"":""authority/downloads/yaintt.tex"",""start_line"":1765}","quantify a and n, then use unbound b and b^{-1}","quantify a,b\in\ZZ and n\in\NN",The exercise uses b and its inverse without binding b.,"{""adverse_ledger"":{""id"":""R014-ADV-0037"",""path"":""backend/evidence/ADVERSE_LEDGER_BOUNDARY8.md"",""sha256"":""5ca4cedea493e2688437cc5dd01db138e781e1d16c28f7dcee2eeed772f60f9b""},""authority_sha256"":""d2967870a0d43de60c590a2bb40cee6915e7b6d68a0dd3ad574f64c7b6430829""}",candidate_for_single_final_upstream_report,"[""ttp.r014.unit.sec.lc.exercise.04""]",not_submitted
r014.backend.record,1.0.0,ttp.r014.correction.0036,correction,active,ttp.r014.yaintt,ttp.r014.yaintt,,mul,2026-08-21T13:53:00+02:00,codex.r014.id-ID,,mathematics,"{""end_line"":1823,""path"":""authority/downloads/yaintt.tex"",""start_line"":1820}",apply Theorem thm:combing k times,"apply the theorem repeatedly, formally by induction","Combining k pairwise relatively prime divisors requires k-1 applications for k at least 2 and none for k=1, not k applications.","{""adverse_ledger"":{""id"":""R014-ADV-0038"",""path"":""backend/evidence/ADVERSE_LEDGER_BOUNDARY9.md"",""sha256"":""1354896c1f7f1427ffffef9d33cdae0f908e60e2be63529b5d9a3fd57ab5349b""},""authority_sha256"":""d2967870a0d43de60c590a2bb40cee6915e7b6d68a0dd3ad574f64c7b6430829""}",candidate_for_single_final_upstream_report,"[""ttp.r014.unit.thm.chinese-remainder.proof""]",not_submitted
r014.backend.record,1.0.0,ttp.r014.correction.0037,correction,active,ttp.r014.yaintt,ttp.r014.yaintt,,mul,2026-08-21T13:53:00+02:00,codex.r014.id-ID,,mathematics,"{""end_line"":1902,""path"":""authority/downloads/yaintt.tex"",""start_line"":1900}","if C is in S, then any r in S such that C=[r] is a representative","if C is in S/~, then any r in S such that C=[r] is a representative","An equivalence class is an element of the quotient set, not of the underlying set.","{""adverse_ledger"":{""id"":""R014-ADV-0039"",""path"":""backend/evidence/ADVERSE_LEDGER_BOUNDARY10.md"",""sha256"":""204c5f8287abde8f443467f52cdfc67d256deb7fda471a9b7665d71a6d2dfe52""},""authority_sha256"":""d2967870a0d43de60c590a2bb40cee6915e7b6d68a0dd3ad574f64c7b6430829""}",candidate_for_single_final_upstream_report,"[""ttp.r014.unit.def.equivalence-relation""]",not_submitted
r014.backend.record,1.0.0,ttp.r014.correction.0038,correction,active,ttp.r014.yaintt,ttp.r014.yaintt,,mul,2026-08-21T13:53:00+02:00,codex.r014.id-ID,,mathematics,"{""end_line"":1927,""path"":""authority/downloads/yaintt.tex"",""start_line"":1916}","from z~x and z~y, symmetry gives y~z and transitivity gives x~y","symmetry gives x~z, then transitivity gives x~y; both inclusions and exclusivity are closed explicitly","The displayed relations in the authority yield y~x in the stated order, not x~y.","{""adverse_ledger"":{""id"":""R014-ADV-0040"",""path"":""backend/evidence/ADVERSE_LEDGER_BOUNDARY10.md"",""sha256"":""204c5f8287abde8f443467f52cdfc67d256deb7fda471a9b7665d71a6d2dfe52""},""authority_sha256"":""d2967870a0d43de60c590a2bb40cee6915e7b6d68a0dd3ad574f64c7b6430829""}",candidate_for_single_final_upstream_report,"[""ttp.r014.unit.thm.equivalence-classes-disjoint-or-equal.proof""]",not_submitted
r014.backend.record,1.0.0,ttp.r014.correction.0039,correction,active,ttp.r014.yaintt,ttp.r014.yaintt,,mul,2026-08-21T13:53:00+02:00,codex.r014.id-ID,,mathematics,"{""end_line"":1988,""path"":""authority/downloads/yaintt.tex"",""start_line"":1986}",C times D equals [a times m] where a and b are representatives,C times D equals [a times b] where a and b are representatives,The variable m is unbound; the following theorem and proof use the representative b.,"{""adverse_ledger"":{""id"":""R014-ADV-0041"",""path"":""backend/evidence/ADVERSE_LEDGER_BOUNDARY10.md"",""sha256"":""204c5f8287abde8f443467f52cdfc67d256deb7fda471a9b7665d71a6d2dfe52""},""authority_sha256"":""d2967870a0d43de60c590a2bb40cee6915e7b6d68a0dd3ad574f64c7b6430829""}",candidate_for_single_final_upstream_report,"[""ttp.r014.unit.def.congruence-class-operations""]",not_submitted
r014.backend.record,1.0.0,ttp.r014.correction.0040,correction,active,ttp.r014.yaintt,ttp.r014.yaintt,,mul,2026-08-21T13:53:00+02:00,codex.r014.id-ID,,editorial,"{""end_line"":2032,""path"":""authority/downloads/yaintt.tex"",""start_line"":2029}","many of our other, earlier results beside just Corollary","many earlier results, in addition to the corollary, can be restated with congruence classes","The intended transition requires besides or an equivalent phrase, not beside.","{""adverse_ledger"":{""id"":""R014-ADV-0042"",""path"":""backend/evidence/ADVERSE_LEDGER_BOUNDARY10.md"",""sha256"":""204c5f8287abde8f443467f52cdfc67d256deb7fda471a9b7665d71a6d2dfe52""},""authority_sha256"":""d2967870a0d43de60c590a2bb40cee6915e7b6d68a0dd3ad574f64c7b6430829""}",candidate_for_single_final_upstream_report,"[""ttp.r014.unit.sec.awtwwc.discussion.05""]",not_submitted
r014.backend.record,1.0.0,ttp.r014.correction.0041,correction,active,ttp.r014.yaintt,ttp.r014.yaintt,,mul,2026-08-21T13:53:00+02:00,codex.r014.id-ID,,editorial,"{""end_line"":2064,""path"":""authority/downloads/yaintt.tex"",""start_line"":2059}",Prove a version of Theorems followed by one theorem reference,Prove a version of Theorem followed by the same single reference,"The exercise cites exactly one theorem, so the head noun must be singular.","{""adverse_ledger"":{""id"":""R014-ADV-0043"",""path"":""backend/evidence/ADVERSE_LEDGER_BOUNDARY10.md"",""sha256"":""204c5f8287abde8f443467f52cdfc67d256deb7fda471a9b7665d71a6d2dfe52""},""authority_sha256"":""d2967870a0d43de60c590a2bb40cee6915e7b6d68a0dd3ad574f64c7b6430829""}",candidate_for_single_final_upstream_report,"[""ttp.r014.unit.sec.awtwwc.exercise.01""]",not_submitted
r014.backend.record,1.0.0,ttp.r014.correction.0042,correction,active,ttp.r014.yaintt,ttp.r014.yaintt,,mul,2026-08-21T13:53:00+02:00,codex.r014.id-ID,,mathematics,"{""end_line"":2128,""path"":""authority/downloads/yaintt.tex"",""start_line"":2124}","Given n,m in Z, if gcd(n,m)=1 then phi(nm)=phi(n)phi(m)","Given n,m in N, if gcd(n,m)=1 then phi(nm)=phi(n)phi(m)",The book defines phi only on positive natural-number arguments and the proof immediately fixes positive n and m.,"{""adverse_ledger"":{""id"":""R014-ADV-0044"",""path"":""backend/evidence/ADVERSE_LEDGER_BOUNDARY11.md"",""sha256"":""b4304bf5625025a7361d06fbaa284c24f16e1cf7303753b1e05e982a6f46a67f""},""authority_sha256"":""d2967870a0d43de60c590a2bb40cee6915e7b6d68a0dd3ad574f64c7b6430829""}",candidate_for_single_final_upstream_report,"[""ttp.r014.unit.thm.phiismultiplicative""]",not_submitted
r014.backend.record,1.0.0,ttp.r014.correction.0043,correction,active,ttp.r014.yaintt,ttp.r014.yaintt,,mul,2026-08-21T13:53:00+02:00,codex.r014.id-ID,,mathematics,"{""end_line"":2143,""path"":""authority/downloads/yaintt.tex"",""start_line"":2140}",both Cartesian-product components are declared in (Z/nZ)*,the second component is declared in (Z/mZ)*,"The second component belongs to the unit group modulo m, as required by the product and cardinality argument.","{""adverse_ledger"":{""id"":""R014-ADV-0045"",""path"":""backend/evidence/ADVERSE_LEDGER_BOUNDARY11.md"",""sha256"":""b4304bf5625025a7361d06fbaa284c24f16e1cf7303753b1e05e982a6f46a67f""},""authority_sha256"":""d2967870a0d43de60c590a2bb40cee6915e7b6d68a0dd3ad574f64c7b6430829""}",candidate_for_single_final_upstream_report,"[""ttp.r014.unit.thm.phiismultiplicative.proof""]",not_submitted
r014.backend.record,1.0.0,ttp.r014.correction.0044,correction,active,ttp.r014.yaintt,ttp.r014.yaintt,,mul,2026-08-21T13:53:00+02:00,codex.r014.id-ID,,mathematics,"{""end_line"":2190,""path"":""authority/downloads/yaintt.tex"",""start_line"":2155}",the CRT map is asserted to be a bijection without proving that images and preimages are units,the proof checks that images lie in both unit groups and constructs a unit preimage modulo nm,A bijection between the stated unit groups requires both codomain membership and unit preimage checks.,"{""adverse_ledger"":{""id"":""R014-ADV-0046"",""path"":""backend/evidence/ADVERSE_LEDGER_BOUNDARY11.md"",""sha256"":""b4304bf5625025a7361d06fbaa284c24f16e1cf7303753b1e05e982a6f46a67f""},""authority_sha256"":""d2967870a0d43de60c590a2bb40cee6915e7b6d68a0dd3ad574f64c7b6430829""}",candidate_for_single_final_upstream_report,"[""ttp.r014.unit.thm.phiismultiplicative.proof""]",not_submitted
r014.backend.record,1.0.0,ttp.r014.correction.0045,correction,active,ttp.r014.yaintt,ttp.r014.yaintt,,mul,2026-08-21T13:53:00+02:00,codex.r014.id-ID,,editorial,"{""end_line"":2103,""path"":""authority/downloads/yaintt.tex"",""start_line"":2101}",this name was give to it by the English mathematician Sylvester,this name was given by the English mathematician Sylvester,The authority omits the final n in given.,"{""adverse_ledger"":{""id"":""R014-ADV-0047"",""path"":""backend/evidence/ADVERSE_LEDGER_BOUNDARY11.md"",""sha256"":""b4304bf5625025a7361d06fbaa284c24f16e1cf7303753b1e05e982a6f46a67f""},""authority_sha256"":""d2967870a0d43de60c590a2bb40cee6915e7b6d68a0dd3ad574f64c7b6430829""}",candidate_for_single_final_upstream_report,"[""ttp.r014.unit.def.euler-phi""]",not_submitted
r014.backend.record,1.0.0,ttp.r014.correction.0046,correction,active,ttp.r014.yaintt,ttp.r014.yaintt,ttp.r014.edition.id-id.boundary28-r2,mul,2026-08-22T03:06:00+02:00,codex.r014.id-ID,,source-backed correction documented in authoritative adverse ledger,"{""end_line"":353,""ledger_id"":""R014-ADV-0046"",""path"":""qa/review-candidates/boundary28-r2/ADVERSE_LEDGER.md"",""start_line"":345}",Unit-group correspondence omits its codomain and preimage checks,"The authority proves that the CRT map is independent of representatives,
injective, and has a congruence-class preimage, but never proves that its image
lies in the two unit groups or that the CRT preimage is a unit modulo `nm`.
The target supplies both missing checks by reducing an inverse modulo `nm` to
the two factors and, conversely, combining component inverses with the Chinese
Remainder Theorem.","The authority proves that the CRT map is independent of representatives,
injective, and has a congruence-class preimage, but never proves that its image
lies in the two unit groups or that the CRT preimage is a unit modulo `nm`.
The target supplies both missing checks by reducing an inverse modulo `nm` to
the two factors and, conversely, combining component inverses with the Chinese
Remainder Theorem.","{""evidence_sha256"":""dd4de4ca603dc1bf67b635bce3199fcdbf6bcacbc3b8d3736350b5a825a00f57"",""ledger_id"":""R014-ADV-0046"",""path"":""qa/review-candidates/boundary28-r2/ADVERSE_LEDGER.md"",""target_path"":""qa/review-candidates/boundary28-r2/yaintt-id.tex"",""target_sha256"":""b1dd2926dc8bfdb84c6a3b4605490a8d96b14c44d89653867160d701fa0f17db""}","hold for at most one concise, deduplicated, high-confidence final upstream report","[""ttp.r014.unit.sec.batfta""]",not_sent
r014.backend.record,1.0.0,ttp.r014.correction.0047,correction,active,ttp.r014.yaintt,ttp.r014.yaintt,ttp.r014.edition.id-id.boundary28-r2,mul,2026-08-22T03:06:00+02:00,codex.r014.id-ID,,source-backed correction documented in authoritative adverse ledger,"{""end_line"":359,""ledger_id"":""R014-ADV-0047"",""path"":""qa/review-candidates/boundary28-r2/ADVERSE_LEDGER.md"",""start_line"":354}",Totient attribution sentence omits a letter,"The authority says the name “was give to it” by Sylvester. The target renders
the intended statement (“diberikan oleh”) and retains the attribution and
English pronunciation note.","The authority says the name “was give to it” by Sylvester. The target renders
the intended statement (“diberikan oleh”) and retains the attribution and
English pronunciation note.","{""evidence_sha256"":""dd4de4ca603dc1bf67b635bce3199fcdbf6bcacbc3b8d3736350b5a825a00f57"",""ledger_id"":""R014-ADV-0047"",""path"":""qa/review-candidates/boundary28-r2/ADVERSE_LEDGER.md"",""target_path"":""qa/review-candidates/boundary28-r2/yaintt-id.tex"",""target_sha256"":""b1dd2926dc8bfdb84c6a3b4605490a8d96b14c44d89653867160d701fa0f17db""}","hold for at most one concise, deduplicated, high-confidence final upstream report","[""ttp.r014.unit.sec.batfta""]",not_sent
r014.backend.record,1.0.0,ttp.r014.correction.0048,correction,active,ttp.r014.yaintt,ttp.r014.yaintt,ttp.r014.edition.id-id.boundary28-r2,mul,2026-08-22T03:06:00+02:00,codex.r014.id-ID,,source-backed correction documented in authoritative adverse ledger,"{""end_line"":368,""ledger_id"":""R014-ADV-0048"",""path"":""qa/review-candidates/boundary28-r2/ADVERSE_LEDGER.md"",""start_line"":360}",Small-factor proof reverses the decisive inequality,"To prove that a composite `n` has a divisor at most `sqrt(n)`, the authority
says the paired divisors `a` and `n/a` cannot both be *less* than `sqrt(n)` and
derives a product smaller than `n`. That establishes the opposite of the
needed claim. The correct contradiction assumes both factors are *greater*
than `sqrt(n)`, which would make their product greater than `n`. The target
uses that direction.","To prove that a composite `n` has a divisor at most `sqrt(n)`, the authority
says the paired divisors `a` and `n/a` cannot both be *less* than `sqrt(n)` and
derives a product smaller than `n`. That establishes the opposite of the
needed claim. The correct contradiction assumes both factors are *greater*
than `sqrt(n)`, which would make their product greater than `n`. The target
uses that direction.","{""evidence_sha256"":""dd4de4ca603dc1bf67b635bce3199fcdbf6bcacbc3b8d3736350b5a825a00f57"",""ledger_id"":""R014-ADV-0048"",""path"":""qa/review-candidates/boundary28-r2/ADVERSE_LEDGER.md"",""target_path"":""qa/review-candidates/boundary28-r2/yaintt-id.tex"",""target_sha256"":""b1dd2926dc8bfdb84c6a3b4605490a8d96b14c44d89653867160d701fa0f17db""}","hold for at most one concise, deduplicated, high-confidence final upstream report","[""ttp.r014.unit.sec.batfta""]",not_sent
r014.backend.record,1.0.0,ttp.r014.correction.0049,correction,active,ttp.r014.yaintt,ttp.r014.yaintt,ttp.r014.edition.id-id.boundary28-r2,mul,2026-08-22T03:06:00+02:00,codex.r014.id-ID,,source-backed correction documented in authoritative adverse ledger,"{""end_line"":374,""ledger_id"":""R014-ADV-0049"",""path"":""qa/review-candidates/boundary28-r2/ADVERSE_LEDGER.md"",""start_line"":369}",Prime-divisor proposition drops its first alternative,"The authority states `p\mid ab` implies `p\mid` or `p\mid b`, leaving the first
dividend blank. The proof and Euclid's Lemma require `p\mid a` or `p\mid b`.
The target restores `a`.","The authority states `p\mid ab` implies `p\mid` or `p\mid b`, leaving the first
dividend blank. The proof and Euclid's Lemma require `p\mid a` or `p\mid b`.
The target restores `a`.","{""evidence_sha256"":""dd4de4ca603dc1bf67b635bce3199fcdbf6bcacbc3b8d3736350b5a825a00f57"",""ledger_id"":""R014-ADV-0049"",""path"":""qa/review-candidates/boundary28-r2/ADVERSE_LEDGER.md"",""target_path"":""qa/review-candidates/boundary28-r2/yaintt-id.tex"",""target_sha256"":""b1dd2926dc8bfdb84c6a3b4605490a8d96b14c44d89653867160d701fa0f17db""}","hold for at most one concise, deduplicated, high-confidence final upstream report","[""ttp.r014.unit.sec.batfta""]",not_sent
r014.backend.record,1.0.0,ttp.r014.correction.0050,correction,active,ttp.r014.yaintt,ttp.r014.yaintt,ttp.r014.edition.id-id.boundary28-r2,mul,2026-08-22T03:06:00+02:00,codex.r014.id-ID,,source-backed correction documented in authoritative adverse ledger,"{""end_line"":381,""ledger_id"":""R014-ADV-0050"",""path"":""qa/review-candidates/boundary28-r2/ADVERSE_LEDGER.md"",""start_line"":375}",Prime-factor cancellation incorrectly leaves `n` unchanged,"In the uniqueness proof for the Fundamental Theorem of Arithmetic, the
authority cancels the equal factors `p_1=q_j` but then writes the remaining
products as still equal to `n`. They equal `n/p_1`. The target restores that
quotient and makes the empty-product/end-of-list argument explicit.","In the uniqueness proof for the Fundamental Theorem of Arithmetic, the
authority cancels the equal factors `p_1=q_j` but then writes the remaining
products as still equal to `n`. They equal `n/p_1`. The target restores that
quotient and makes the empty-product/end-of-list argument explicit.","{""evidence_sha256"":""dd4de4ca603dc1bf67b635bce3199fcdbf6bcacbc3b8d3736350b5a825a00f57"",""ledger_id"":""R014-ADV-0050"",""path"":""qa/review-candidates/boundary28-r2/ADVERSE_LEDGER.md"",""target_path"":""qa/review-candidates/boundary28-r2/yaintt-id.tex"",""target_sha256"":""b1dd2926dc8bfdb84c6a3b4605490a8d96b14c44d89653867160d701fa0f17db""}","hold for at most one concise, deduplicated, high-confidence final upstream report","[""ttp.r014.unit.sec.batfta""]",not_sent
r014.backend.record,1.0.0,ttp.r014.correction.0051,correction,active,ttp.r014.yaintt,ttp.r014.yaintt,ttp.r014.edition.id-id.boundary28-r2,mul,2026-08-22T03:06:00+02:00,codex.r014.id-ID,,source-backed correction documented in authoritative adverse ledger,"{""end_line"":388,""ledger_id"":""R014-ADV-0051"",""path"":""qa/review-candidates/boundary28-r2/ADVERSE_LEDGER.md"",""start_line"":382}",Square-free exercise changes domain without handling one,"The authority first defines square-free only for `n>1`, then asks for an
equivalence for every `n\ge1`. The case `n=1` is square-free but is not a
nonempty product of distinct primes. The target defines the property on
`\NN` and explicitly permits the empty product, of value `1`.","The authority first defines square-free only for `n>1`, then asks for an
equivalence for every `n\ge1`. The case `n=1` is square-free but is not a
nonempty product of distinct primes. The target defines the property on
`\NN` and explicitly permits the empty product, of value `1`.","{""evidence_sha256"":""dd4de4ca603dc1bf67b635bce3199fcdbf6bcacbc3b8d3736350b5a825a00f57"",""ledger_id"":""R014-ADV-0051"",""path"":""qa/review-candidates/boundary28-r2/ADVERSE_LEDGER.md"",""target_path"":""qa/review-candidates/boundary28-r2/yaintt-id.tex"",""target_sha256"":""b1dd2926dc8bfdb84c6a3b4605490a8d96b14c44d89653867160d701fa0f17db""}","hold for at most one concise, deduplicated, high-confidence final upstream report","[""ttp.r014.unit.sec.batfta""]",not_sent
r014.backend.record,1.0.0,ttp.r014.correction.0052,correction,active,ttp.r014.yaintt,ttp.r014.yaintt,ttp.r014.edition.id-id.boundary28-r2,mul,2026-08-22T03:06:00+02:00,codex.r014.id-ID,,source-backed correction documented in authoritative adverse ledger,"{""end_line"":394,""ledger_id"":""R014-ADV-0052"",""path"":""qa/review-candidates/boundary28-r2/ADVERSE_LEDGER.md"",""start_line"":389}",Fundamental-theorem prose contains two broken phrases,"The authority says `in term s of the p's` and later `run of of primes`. The
target renders the intended factor-reordering and exhaustion statements
without those typographical breaks.","The authority says `in term s of the p's` and later `run of of primes`. The
target renders the intended factor-reordering and exhaustion statements
without those typographical breaks.","{""evidence_sha256"":""dd4de4ca603dc1bf67b635bce3199fcdbf6bcacbc3b8d3736350b5a825a00f57"",""ledger_id"":""R014-ADV-0052"",""path"":""qa/review-candidates/boundary28-r2/ADVERSE_LEDGER.md"",""target_path"":""qa/review-candidates/boundary28-r2/yaintt-id.tex"",""target_sha256"":""b1dd2926dc8bfdb84c6a3b4605490a8d96b14c44d89653867160d701fa0f17db""}","hold for at most one concise, deduplicated, high-confidence final upstream report","[""ttp.r014.unit.sec.batfta""]",not_sent
r014.backend.record,1.0.0,ttp.r014.correction.0053,correction,active,ttp.r014.yaintt,ttp.r014.yaintt,ttp.r014.edition.id-id.boundary28-r2,mul,2026-08-22T03:06:00+02:00,codex.r014.id-ID,,source-backed correction documented in authoritative adverse ledger,"{""end_line"":401,""ledger_id"":""R014-ADV-0053"",""path"":""qa/review-candidates/boundary28-r2/ADVERSE_LEDGER.md"",""start_line"":395}",Wilson proof does not handle the prime two,"The authority groups the nontrivial factors into `(p-3)/2` inverse pairs. For
`p=2`, which is included in the theorem, this count is `-1/2` and the pairing
argument is not defined. The target proves the `p=2` case directly and applies
the inverse-pair argument only to odd primes.","The authority groups the nontrivial factors into `(p-3)/2` inverse pairs. For
`p=2`, which is included in the theorem, this count is `-1/2` and the pairing
argument is not defined. The target proves the `p=2` case directly and applies
the inverse-pair argument only to odd primes.","{""evidence_sha256"":""dd4de4ca603dc1bf67b635bce3199fcdbf6bcacbc3b8d3736350b5a825a00f57"",""ledger_id"":""R014-ADV-0053"",""path"":""qa/review-candidates/boundary28-r2/ADVERSE_LEDGER.md"",""target_path"":""qa/review-candidates/boundary28-r2/yaintt-id.tex"",""target_sha256"":""b1dd2926dc8bfdb84c6a3b4605490a8d96b14c44d89653867160d701fa0f17db""}","hold for at most one concise, deduplicated, high-confidence final upstream report","[""ttp.r014.unit.sec.wt""]",not_sent
r014.backend.record,1.0.0,ttp.r014.correction.0054,correction,active,ttp.r014.yaintt,ttp.r014.yaintt,ttp.r014.edition.id-id.boundary28-r2,mul,2026-08-22T03:06:00+02:00,codex.r014.id-ID,,source-backed correction documented in authoritative adverse ledger,"{""end_line"":407,""ledger_id"":""R014-ADV-0054"",""path"":""qa/review-candidates/boundary28-r2/ADVERSE_LEDGER.md"",""start_line"":402}",Wilson proof leaves a parenthetical clause unclosed,"The authority opens the parenthetical clause beginning `so would p-1` but does
not close it after the lemma reference. The target recasts the argument as
complete sentences while preserving the mathematical content.","The authority opens the parenthetical clause beginning `so would p-1` but does
not close it after the lemma reference. The target recasts the argument as
complete sentences while preserving the mathematical content.","{""evidence_sha256"":""dd4de4ca603dc1bf67b635bce3199fcdbf6bcacbc3b8d3736350b5a825a00f57"",""ledger_id"":""R014-ADV-0054"",""path"":""qa/review-candidates/boundary28-r2/ADVERSE_LEDGER.md"",""target_path"":""qa/review-candidates/boundary28-r2/yaintt-id.tex"",""target_sha256"":""b1dd2926dc8bfdb84c6a3b4605490a8d96b14c44d89653867160d701fa0f17db""}","hold for at most one concise, deduplicated, high-confidence final upstream report","[""ttp.r014.unit.sec.wt""]",not_sent
r014.backend.record,1.0.0,ttp.r014.correction.0055,correction,active,ttp.r014.yaintt,ttp.r014.yaintt,ttp.r014.edition.id-id.boundary28-r2,mul,2026-08-22T03:06:00+02:00,codex.r014.id-ID,,source-backed correction documented in authoritative adverse ledger,"{""end_line"":414,""ledger_id"":""R014-ADV-0055"",""path"":""qa/review-candidates/boundary28-r2/ADVERSE_LEDGER.md"",""start_line"":408}",Worked Wilson example overstates the inverse search range,"The authority says it finds all inverses of `2,...,6` but lists only the two
nontrivial inverse pairs among `2,...,5`; the factor `6=p-1` is handled
separately in the following display. The target states that exact range and
also repairs the authority's missing space in `or$ 4^{-1}`.","The authority says it finds all inverses of `2,...,6` but lists only the two
nontrivial inverse pairs among `2,...,5`; the factor `6=p-1` is handled
separately in the following display. The target states that exact range and
also repairs the authority's missing space in `or$ 4^{-1}`.","{""evidence_sha256"":""dd4de4ca603dc1bf67b635bce3199fcdbf6bcacbc3b8d3736350b5a825a00f57"",""ledger_id"":""R014-ADV-0055"",""path"":""qa/review-candidates/boundary28-r2/ADVERSE_LEDGER.md"",""target_path"":""qa/review-candidates/boundary28-r2/yaintt-id.tex"",""target_sha256"":""b1dd2926dc8bfdb84c6a3b4605490a8d96b14c44d89653867160d701fa0f17db""}","hold for at most one concise, deduplicated, high-confidence final upstream report","[""ttp.r014.unit.sec.wt""]",not_sent
r014.backend.record,1.0.0,ttp.r014.correction.0056,correction,active,ttp.r014.yaintt,ttp.r014.yaintt,ttp.r014.edition.id-id.boundary28-r2,mul,2026-08-22T03:06:00+02:00,codex.r014.id-ID,,source-backed correction documented in authoritative adverse ledger,"{""end_line"":420,""ledger_id"":""R014-ADV-0056"",""path"":""qa/review-candidates/boundary28-r2/ADVERSE_LEDGER.md"",""start_line"":415}",Order-divisibility theorem omits its defining modulus domain,"The authority states `ord_n(a) | phi(n)` for `n in N`, although its own
definition of `ord_n(a)` requires `n>=2`. The target adds that missing domain
condition to the theorem.","The authority states `ord_n(a) | phi(n)` for `n in N`, although its own
definition of `ord_n(a)` requires `n>=2`. The target adds that missing domain
condition to the theorem.","{""evidence_sha256"":""dd4de4ca603dc1bf67b635bce3199fcdbf6bcacbc3b8d3736350b5a825a00f57"",""ledger_id"":""R014-ADV-0056"",""path"":""qa/review-candidates/boundary28-r2/ADVERSE_LEDGER.md"",""target_path"":""qa/review-candidates/boundary28-r2/yaintt-id.tex"",""target_sha256"":""b1dd2926dc8bfdb84c6a3b4605490a8d96b14c44d89653867160d701fa0f17db""}","hold for at most one concise, deduplicated, high-confidence final upstream report","[""ttp.r014.unit.sec.moaa""]",not_sent
r014.backend.record,1.0.0,ttp.r014.correction.0057,correction,active,ttp.r014.yaintt,ttp.r014.yaintt,ttp.r014.edition.id-id.boundary28-r2,mul,2026-08-22T03:06:00+02:00,codex.r014.id-ID,,source-backed correction documented in authoritative adverse ledger,"{""end_line"":427,""ledger_id"":""R014-ADV-0057"",""path"":""qa/review-candidates/boundary28-r2/ADVERSE_LEDGER.md"",""start_line"":421}",Coset cover uses the wrong ambient set and relation,"The authority concludes that all unit classes lie in a coset but displays
`ZZ/nZZ` as a subset of the coset union. Nonunit classes need not lie in any of
those cosets, and the established cover is an equality on `(ZZ/nZZ)^*`. The
target displays that exact unit-group equality and states both inclusions.","The authority concludes that all unit classes lie in a coset but displays
`ZZ/nZZ` as a subset of the coset union. Nonunit classes need not lie in any of
those cosets, and the established cover is an equality on `(ZZ/nZZ)^*`. The
target displays that exact unit-group equality and states both inclusions.","{""evidence_sha256"":""dd4de4ca603dc1bf67b635bce3199fcdbf6bcacbc3b8d3736350b5a825a00f57"",""ledger_id"":""R014-ADV-0057"",""path"":""qa/review-candidates/boundary28-r2/ADVERSE_LEDGER.md"",""target_path"":""qa/review-candidates/boundary28-r2/yaintt-id.tex"",""target_sha256"":""b1dd2926dc8bfdb84c6a3b4605490a8d96b14c44d89653867160d701fa0f17db""}","hold for at most one concise, deduplicated, high-confidence final upstream report","[""ttp.r014.unit.sec.moaa""]",not_sent
r014.backend.record,1.0.0,ttp.r014.correction.0058,correction,active,ttp.r014.yaintt,ttp.r014.yaintt,ttp.r014.edition.id-id.boundary28-r2,mul,2026-08-22T03:06:00+02:00,codex.r014.id-ID,,source-backed correction documented in authoritative adverse ledger,"{""end_line"":436,""ledger_id"":""R014-ADV-0058"",""path"":""qa/review-candidates/boundary28-r2/ADVERSE_LEDGER.md"",""start_line"":428}",Coset-equality argument leaves its exponent range unjustified,"The authority rewrites an arbitrary element of one coset using exponent
`q+j-k`, which may be negative even though the cyclic subgroup was defined
using exponents `1,...,ord_n(a)`. The same sentence also repeats the broken
phrase `is can be expressed`. The target proves one inclusion, reduces powers
modulo the order into the defined range, and obtains equality from the equal
finite cardinalities.","The authority rewrites an arbitrary element of one coset using exponent
`q+j-k`, which may be negative even though the cyclic subgroup was defined
using exponents `1,...,ord_n(a)`. The same sentence also repeats the broken
phrase `is can be expressed`. The target proves one inclusion, reduces powers
modulo the order into the defined range, and obtains equality from the equal
finite cardinalities.","{""evidence_sha256"":""dd4de4ca603dc1bf67b635bce3199fcdbf6bcacbc3b8d3736350b5a825a00f57"",""ledger_id"":""R014-ADV-0058"",""path"":""qa/review-candidates/boundary28-r2/ADVERSE_LEDGER.md"",""target_path"":""qa/review-candidates/boundary28-r2/yaintt-id.tex"",""target_sha256"":""b1dd2926dc8bfdb84c6a3b4605490a8d96b14c44d89653867160d701fa0f17db""}","hold for at most one concise, deduplicated, high-confidence final upstream report","[""ttp.r014.unit.sec.moaa""]",not_sent
r014.backend.record,1.0.0,ttp.r014.correction.0059,correction,active,ttp.r014.yaintt,ttp.r014.yaintt,ttp.r014.edition.id-id.boundary28-r2,mul,2026-08-22T03:06:00+02:00,codex.r014.id-ID,,source-backed correction documented in authoritative adverse ledger,"{""end_line"":442,""ledger_id"":""R014-ADV-0059"",""path"":""qa/review-candidates/boundary28-r2/ADVERSE_LEDGER.md"",""start_line"":437}",Euler proof invokes an order that is undefined at modulus one,"Euler's theorem is stated for every `n in N`, but the proof immediately invokes
`ord_n(a)`, which the preceding definition only supplies for `n>=2`. The target
proves the `n=1` case directly and then applies the order theorem for `n>=2`.","Euler's theorem is stated for every `n in N`, but the proof immediately invokes
`ord_n(a)`, which the preceding definition only supplies for `n>=2`. The target
proves the `n=1` case directly and then applies the order theorem for `n>=2`.","{""evidence_sha256"":""dd4de4ca603dc1bf67b635bce3199fcdbf6bcacbc3b8d3736350b5a825a00f57"",""ledger_id"":""R014-ADV-0059"",""path"":""qa/review-candidates/boundary28-r2/ADVERSE_LEDGER.md"",""target_path"":""qa/review-candidates/boundary28-r2/yaintt-id.tex"",""target_sha256"":""b1dd2926dc8bfdb84c6a3b4605490a8d96b14c44d89653867160d701fa0f17db""}","hold for at most one concise, deduplicated, high-confidence final upstream report","[""ttp.r014.unit.sec.moaa""]",not_sent
r014.backend.record,1.0.0,ttp.r014.correction.0060,correction,active,ttp.r014.yaintt,ttp.r014.yaintt,ttp.r014.edition.id-id.boundary28-r2,mul,2026-08-22T03:06:00+02:00,codex.r014.id-ID,,source-backed correction documented in authoritative adverse ledger,"{""end_line"":447,""ledger_id"":""R014-ADV-0060"",""path"":""qa/review-candidates/boundary28-r2/ADVERSE_LEDGER.md"",""start_line"":443}",Remainder exercise has singular–plural disagreement,"The authority asks `What are the remainder` while requesting two separate
remainders. The target asks the two division questions explicitly.","The authority asks `What are the remainder` while requesting two separate
remainders. The target asks the two division questions explicitly.","{""evidence_sha256"":""dd4de4ca603dc1bf67b635bce3199fcdbf6bcacbc3b8d3736350b5a825a00f57"",""ledger_id"":""R014-ADV-0060"",""path"":""qa/review-candidates/boundary28-r2/ADVERSE_LEDGER.md"",""target_path"":""qa/review-candidates/boundary28-r2/yaintt-id.tex"",""target_sha256"":""b1dd2926dc8bfdb84c6a3b4605490a8d96b14c44d89653867160d701fa0f17db""}","hold for at most one concise, deduplicated, high-confidence final upstream report","[""ttp.r014.unit.sec.moaa""]",not_sent
r014.backend.record,1.0.0,ttp.r014.correction.0061,correction,active,ttp.r014.yaintt,ttp.r014.yaintt,ttp.r014.edition.id-id.boundary28-r2,mul,2026-08-22T03:06:00+02:00,codex.r014.id-ID,,source-backed correction documented in authoritative adverse ledger,"{""end_line"":454,""ledger_id"":""R014-ADV-0061"",""path"":""qa/review-candidates/boundary28-r2/ADVERSE_LEDGER.md"",""start_line"":448}",Fermat permutation proof gives false difference bounds,"For `0<=j,k<p`, the authority claims `-p+1<j-k<p-1`, which excludes the
possible endpoint differences `-(p-1)` and `p-1`. The needed and correct bound
is `-p<j-k<p`; it still shows that the only multiple of `p` in the range is
zero. The target uses that bound.","For `0<=j,k<p`, the authority claims `-p+1<j-k<p-1`, which excludes the
possible endpoint differences `-(p-1)` and `p-1`. The needed and correct bound
is `-p<j-k<p`; it still shows that the only multiple of `p` in the range is
zero. The target uses that bound.","{""evidence_sha256"":""dd4de4ca603dc1bf67b635bce3199fcdbf6bcacbc3b8d3736350b5a825a00f57"",""ledger_id"":""R014-ADV-0061"",""path"":""qa/review-candidates/boundary28-r2/ADVERSE_LEDGER.md"",""target_path"":""qa/review-candidates/boundary28-r2/yaintt-id.tex"",""target_sha256"":""b1dd2926dc8bfdb84c6a3b4605490a8d96b14c44d89653867160d701fa0f17db""}","hold for at most one concise, deduplicated, high-confidence final upstream report","[""ttp.r014.unit.sec.aatflaet""]",not_sent
r014.backend.record,1.0.0,ttp.r014.correction.0062,correction,active,ttp.r014.yaintt,ttp.r014.yaintt,ttp.r014.edition.id-id.boundary28-r2,mul,2026-08-22T03:06:00+02:00,codex.r014.id-ID,,source-backed correction documented in authoritative adverse ledger,"{""end_line"":459,""ledger_id"":""R014-ADV-0062"",""path"":""qa/review-candidates/boundary28-r2/ADVERSE_LEDGER.md"",""start_line"":455}",Fermat product display contains a duplicated product symbol,"The authority writes `1\cdot\cdot2` on the right-hand side of the product
congruence. The target restores `1\cdot2`.","The authority writes `1\cdot\cdot2` on the right-hand side of the product
congruence. The target restores `1\cdot2`.","{""evidence_sha256"":""dd4de4ca603dc1bf67b635bce3199fcdbf6bcacbc3b8d3736350b5a825a00f57"",""ledger_id"":""R014-ADV-0062"",""path"":""qa/review-candidates/boundary28-r2/ADVERSE_LEDGER.md"",""target_path"":""qa/review-candidates/boundary28-r2/yaintt-id.tex"",""target_sha256"":""b1dd2926dc8bfdb84c6a3b4605490a8d96b14c44d89653867160d701fa0f17db""}","hold for at most one concise, deduplicated, high-confidence final upstream report","[""ttp.r014.unit.sec.aatflaet""]",not_sent
r014.backend.record,1.0.0,ttp.r014.correction.0063,correction,active,ttp.r014.yaintt,ttp.r014.yaintt,ttp.r014.edition.id-id.boundary28-r2,mul,2026-08-22T03:06:00+02:00,codex.r014.id-ID,,source-backed correction documented in authoritative adverse ledger,"{""end_line"":466,""ledger_id"":""R014-ADV-0063"",""path"":""qa/review-candidates/boundary28-r2/ADVERSE_LEDGER.md"",""start_line"":460}",Euler permutation set drops the final factor,"The authority defines `M_a^*` with first term `[b_1a]_n` but final term
`[b_{phi(n)}]_n`, omitting the factor `a`. The subsequent distinctness and
product arguments require every listed unit class to be multiplied by `a`.
The target restores `[b_{phi(n)}a]_n`.","The authority defines `M_a^*` with first term `[b_1a]_n` but final term
`[b_{phi(n)}]_n`, omitting the factor `a`. The subsequent distinctness and
product arguments require every listed unit class to be multiplied by `a`.
The target restores `[b_{phi(n)}a]_n`.","{""evidence_sha256"":""dd4de4ca603dc1bf67b635bce3199fcdbf6bcacbc3b8d3736350b5a825a00f57"",""ledger_id"":""R014-ADV-0063"",""path"":""qa/review-candidates/boundary28-r2/ADVERSE_LEDGER.md"",""target_path"":""qa/review-candidates/boundary28-r2/yaintt-id.tex"",""target_sha256"":""b1dd2926dc8bfdb84c6a3b4605490a8d96b14c44d89653867160d701fa0f17db""}","hold for at most one concise, deduplicated, high-confidence final upstream report","[""ttp.r014.unit.sec.aatflaet""]",not_sent
r014.backend.record,1.0.0,ttp.r014.correction.0064,correction,active,ttp.r014.yaintt,ttp.r014.yaintt,ttp.r014.edition.id-id.boundary28-r2,mul,2026-08-22T03:06:00+02:00,codex.r014.id-ID,,source-backed correction documented in authoritative adverse ledger,"{""end_line"":473,""ledger_id"":""R014-ADV-0064"",""path"":""qa/review-candidates/boundary28-r2/ADVERSE_LEDGER.md"",""start_line"":467}",Alternate Euler proof again omits the modulus-one case,"The theorem includes `n=1`, but its displayed enumeration of unit
representatives requires `1<=b_1<...<b_{phi(n)}<n` and therefore cannot be
formed at modulus one. The target proves `n=1` directly, then performs the
unit-permutation argument for `n>=2`.","The theorem includes `n=1`, but its displayed enumeration of unit
representatives requires `1<=b_1<...<b_{phi(n)}<n` and therefore cannot be
formed at modulus one. The target proves `n=1` directly, then performs the
unit-permutation argument for `n>=2`.","{""evidence_sha256"":""dd4de4ca603dc1bf67b635bce3199fcdbf6bcacbc3b8d3736350b5a825a00f57"",""ledger_id"":""R014-ADV-0064"",""path"":""qa/review-candidates/boundary28-r2/ADVERSE_LEDGER.md"",""target_path"":""qa/review-candidates/boundary28-r2/yaintt-id.tex"",""target_sha256"":""b1dd2926dc8bfdb84c6a3b4605490a8d96b14c44d89653867160d701fa0f17db""}","hold for at most one concise, deduplicated, high-confidence final upstream report","[""ttp.r014.unit.sec.aatflaet""]",not_sent
r014.backend.record,1.0.0,ttp.r014.correction.0065,correction,active,ttp.r014.yaintt,ttp.r014.yaintt,ttp.r014.edition.id-id.boundary28-r2,mul,2026-08-22T03:06:00+02:00,codex.r014.id-ID,,source-backed correction documented in authoritative adverse ledger,"{""end_line"":479,""ledger_id"":""R014-ADV-0065"",""path"":""qa/review-candidates/boundary28-r2/ADVERSE_LEDGER.md"",""start_line"":474}",Decryption definition is indexed under ciphertext,"The authority's definition of decrypting a ciphertext inserts
`\index{ciphertext}` rather than an index entry for decryption. The target
indexes the operation as `dekripsi`.","The authority's definition of decrypting a ciphertext inserts
`\index{ciphertext}` rather than an index entry for decryption. The target
indexes the operation as `dekripsi`.","{""evidence_sha256"":""dd4de4ca603dc1bf67b635bce3199fcdbf6bcacbc3b8d3736350b5a825a00f57"",""ledger_id"":""R014-ADV-0065"",""path"":""qa/review-candidates/boundary28-r2/ADVERSE_LEDGER.md"",""target_path"":""qa/review-candidates/boundary28-r2/yaintt-id.tex"",""target_sha256"":""b1dd2926dc8bfdb84c6a3b4605490a8d96b14c44d89653867160d701fa0f17db""}","hold for at most one concise, deduplicated, high-confidence final upstream report","[""ttp.r014.unit.sec.ssh""]",not_sent
r014.backend.record,1.0.0,ttp.r014.correction.0066,correction,active,ttp.r014.yaintt,ttp.r014.yaintt,ttp.r014.edition.id-id.boundary28-r2,mul,2026-08-22T03:06:00+02:00,codex.r014.id-ID,,source-backed correction documented in authoritative adverse ledger,"{""end_line"":485,""ledger_id"":""R014-ADV-0066"",""path"":""qa/review-candidates/boundary28-r2/ADVERSE_LEDGER.md"",""start_line"":480}",Scytale authentication explanation contains two broken phrases,"The authority calls the device `a simple from of authentication` and says that
Alice has a scytale `matching ... to the Bob's`. The target renders the intended
claim as a simple authentication mechanism based on a scytale matching Bob's.","The authority calls the device `a simple from of authentication` and says that
Alice has a scytale `matching ... to the Bob's`. The target renders the intended
claim as a simple authentication mechanism based on a scytale matching Bob's.","{""evidence_sha256"":""dd4de4ca603dc1bf67b635bce3199fcdbf6bcacbc3b8d3736350b5a825a00f57"",""ledger_id"":""R014-ADV-0066"",""path"":""qa/review-candidates/boundary28-r2/ADVERSE_LEDGER.md"",""target_path"":""qa/review-candidates/boundary28-r2/yaintt-id.tex"",""target_sha256"":""b1dd2926dc8bfdb84c6a3b4605490a8d96b14c44d89653867160d701fa0f17db""}","hold for at most one concise, deduplicated, high-confidence final upstream report","[""ttp.r014.unit.sec.ssh""]",not_sent
r014.backend.record,1.0.0,ttp.r014.correction.0067,correction,active,ttp.r014.yaintt,ttp.r014.yaintt,ttp.r014.edition.id-id.boundary28-r2,mul,2026-08-22T03:06:00+02:00,codex.r014.id-ID,,source-backed correction documented in authoritative adverse ledger,"{""end_line"":491,""ledger_id"":""R014-ADV-0067"",""path"":""qa/review-candidates/boundary28-r2/ADVERSE_LEDGER.md"",""start_line"":486}",Key-secrecy paragraph uses the wrong adverbial form,"The authority refers to `the key for a particularly communication channel`.
The intended phrase is `the key for a particular communication channel`; the
target translates that meaning.","The authority refers to `the key for a particularly communication channel`.
The intended phrase is `the key for a particular communication channel`; the
target translates that meaning.","{""evidence_sha256"":""dd4de4ca603dc1bf67b635bce3199fcdbf6bcacbc3b8d3736350b5a825a00f57"",""ledger_id"":""R014-ADV-0067"",""path"":""qa/review-candidates/boundary28-r2/ADVERSE_LEDGER.md"",""target_path"":""qa/review-candidates/boundary28-r2/yaintt-id.tex"",""target_sha256"":""b1dd2926dc8bfdb84c6a3b4605490a8d96b14c44d89653867160d701fa0f17db""}","hold for at most one concise, deduplicated, high-confidence final upstream report","[""ttp.r014.unit.sec.ssh""]",not_sent
r014.backend.record,1.0.0,ttp.r014.correction.0068,correction,active,ttp.r014.yaintt,ttp.r014.yaintt,ttp.r014.edition.id-id.boundary28-r2,mul,2026-08-22T03:06:00+02:00,codex.r014.id-ID,,source-backed correction documented in authoritative adverse ledger,"{""end_line"":499,""ledger_id"":""R014-ADV-0068"",""path"":""qa/review-candidates/boundary28-r2/ADVERSE_LEDGER.md"",""start_line"":492}",Kerckhoffs passage misspells the name and misstates the role,"The authority writes `Kerckhoff's Principle` and describes its namesake as `a
French military cryptography`. The target uses the correct spelling
`Kerckhoffs`, identifies Auguste Kerckhoffs as the author, and names his 1883
two-part work *La Cryptographie militaire* without inheriting the malformed
role phrase.","The authority writes `Kerckhoff's Principle` and describes its namesake as `a
French military cryptography`. The target uses the correct spelling
`Kerckhoffs`, identifies Auguste Kerckhoffs as the author, and names his 1883
two-part work *La Cryptographie militaire* without inheriting the malformed
role phrase.","{""evidence_sha256"":""dd4de4ca603dc1bf67b635bce3199fcdbf6bcacbc3b8d3736350b5a825a00f57"",""ledger_id"":""R014-ADV-0068"",""path"":""qa/review-candidates/boundary28-r2/ADVERSE_LEDGER.md"",""target_path"":""qa/review-candidates/boundary28-r2/yaintt-id.tex"",""target_sha256"":""b1dd2926dc8bfdb84c6a3b4605490a8d96b14c44d89653867160d701fa0f17db""}","hold for at most one concise, deduplicated, high-confidence final upstream report","[""ttp.r014.unit.sec.ssh""]",not_sent
r014.backend.record,1.0.0,ttp.r014.correction.0069,correction,active,ttp.r014.yaintt,ttp.r014.yaintt,ttp.r014.edition.id-id.boundary28-r2,mul,2026-08-22T03:06:00+02:00,codex.r014.id-ID,,source-backed correction documented in authoritative adverse ledger,"{""end_line"":505,""ledger_id"":""R014-ADV-0069"",""path"":""qa/review-candidates/boundary28-r2/ADVERSE_LEDGER.md"",""start_line"":500}",Greek `kryptos` headword omits its accent,"The authority ends the Greek root with `\tau o\varsigma` (κρυπτος). The
correct headword is κρυπτός, so the target restores the acute accent as
`\tau\acute{o}\varsigma` in both the visible entry and its index entry.","The authority ends the Greek root with `\tau o\varsigma` (κρυπτος). The
correct headword is κρυπτός, so the target restores the acute accent as
`\tau\acute{o}\varsigma` in both the visible entry and its index entry.","{""evidence_sha256"":""dd4de4ca603dc1bf67b635bce3199fcdbf6bcacbc3b8d3736350b5a825a00f57"",""ledger_id"":""R014-ADV-0069"",""path"":""qa/review-candidates/boundary28-r2/ADVERSE_LEDGER.md"",""target_path"":""qa/review-candidates/boundary28-r2/yaintt-id.tex"",""target_sha256"":""b1dd2926dc8bfdb84c6a3b4605490a8d96b14c44d89653867160d701fa0f17db""}","hold for at most one concise, deduplicated, high-confidence final upstream report","[""ttp.r014.unit.sec.ssh""]",not_sent
r014.backend.record,1.0.0,ttp.r014.correction.0070,correction,active,ttp.r014.yaintt,ttp.r014.yaintt,ttp.r014.edition.id-id.boundary28-r2,mul,2026-08-22T03:06:00+02:00,codex.r014.id-ID,,source-backed correction documented in authoritative adverse ledger,"{""end_line"":512,""ledger_id"":""R014-ADV-0070"",""path"":""qa/review-candidates/boundary28-r2/ADVERSE_LEDGER.md"",""start_line"":506}",Greek `scytale` headword omits lambda,"The authority prints `\sigma\kappa\upsilon\tau\acute{\alpha}\eta`
(σκυτάη), which is not the intended headword. The target restores the missing
`\lambda` in σκυτάλη:
`\sigma\kappa\upsilon\tau\acute{\alpha}\lambda\eta`.","The authority prints `\sigma\kappa\upsilon\tau\acute{\alpha}\eta`
(σκυτάη), which is not the intended headword. The target restores the missing
`\lambda` in σκυτάλη:
`\sigma\kappa\upsilon\tau\acute{\alpha}\lambda\eta`.","{""evidence_sha256"":""dd4de4ca603dc1bf67b635bce3199fcdbf6bcacbc3b8d3736350b5a825a00f57"",""ledger_id"":""R014-ADV-0070"",""path"":""qa/review-candidates/boundary28-r2/ADVERSE_LEDGER.md"",""target_path"":""qa/review-candidates/boundary28-r2/yaintt-id.tex"",""target_sha256"":""b1dd2926dc8bfdb84c6a3b4605490a8d96b14c44d89653867160d701fa0f17db""}","hold for at most one concise, deduplicated, high-confidence final upstream report","[""ttp.r014.unit.sec.ssh""]",not_sent
r014.backend.record,1.0.0,ttp.r014.correction.0071,correction,active,ttp.r014.yaintt,ttp.r014.yaintt,ttp.r014.edition.id-id.boundary28-r2,mul,2026-08-22T03:06:00+02:00,codex.r014.id-ID,,source-backed correction documented in authoritative adverse ledger,"{""end_line"":520,""ledger_id"":""R014-ADV-0071"",""path"":""qa/review-candidates/boundary28-r2/ADVERSE_LEDGER.md"",""start_line"":513}",Vigenère decryption refers to an undefined scalar key,"The authority tells Bob to move every letter `k` places backward, although the
defined key is the vector `\vec{k}=(k_1,\dots,k_\ell)` and no scalar `k` is
defined in that construction. The target states that each letter is shifted by
the corresponding key component and preserves the equivalent inverse key
`-\vec{k}`.","The authority tells Bob to move every letter `k` places backward, although the
defined key is the vector `\vec{k}=(k_1,\dots,k_\ell)` and no scalar `k` is
defined in that construction. The target states that each letter is shifted by
the corresponding key component and preserves the equivalent inverse key
`-\vec{k}`.","{""evidence_sha256"":""dd4de4ca603dc1bf67b635bce3199fcdbf6bcacbc3b8d3736350b5a825a00f57"",""ledger_id"":""R014-ADV-0071"",""path"":""qa/review-candidates/boundary28-r2/ADVERSE_LEDGER.md"",""target_path"":""qa/review-candidates/boundary28-r2/yaintt-id.tex"",""target_sha256"":""b1dd2926dc8bfdb84c6a3b4605490a8d96b14c44d89653867160d701fa0f17db""}","hold for at most one concise, deduplicated, high-confidence final upstream report","[""ttp.r014.unit.sec.ccaiv""]",not_sent
r014.backend.record,1.0.0,ttp.r014.correction.0072,correction,active,ttp.r014.yaintt,ttp.r014.yaintt,ttp.r014.edition.id-id.boundary28-r2,mul,2026-08-22T03:06:00+02:00,codex.r014.id-ID,,source-backed correction documented in authoritative adverse ledger,"{""end_line"":526,""ledger_id"":""R014-ADV-0072"",""path"":""qa/review-candidates/boundary28-r2/ADVERSE_LEDGER.md"",""start_line"":521}",Vigenère key sentence lacks its grammatical head,"The authority says `the key in Vigenère is a written down, memorized, and
shared ... in the form of a word`. The target supplies the intended
construction: the key is a word that is written down, memorized, and shared.","The authority says `the key in Vigenère is a written down, memorized, and
shared ... in the form of a word`. The target supplies the intended
construction: the key is a word that is written down, memorized, and shared.","{""evidence_sha256"":""dd4de4ca603dc1bf67b635bce3199fcdbf6bcacbc3b8d3736350b5a825a00f57"",""ledger_id"":""R014-ADV-0072"",""path"":""qa/review-candidates/boundary28-r2/ADVERSE_LEDGER.md"",""target_path"":""qa/review-candidates/boundary28-r2/yaintt-id.tex"",""target_sha256"":""b1dd2926dc8bfdb84c6a3b4605490a8d96b14c44d89653867160d701fa0f17db""}","hold for at most one concise, deduplicated, high-confidence final upstream report","[""ttp.r014.unit.sec.ccaiv""]",not_sent
r014.backend.record,1.0.0,ttp.r014.correction.0073,correction,active,ttp.r014.yaintt,ttp.r014.yaintt,ttp.r014.edition.id-id.boundary28-r2,mul,2026-08-22T03:06:00+02:00,codex.r014.id-ID,,source-backed correction documented in authoritative adverse ledger,"{""end_line"":531,""ledger_id"":""R014-ADV-0073"",""path"":""qa/review-candidates/boundary28-r2/ADVERSE_LEDGER.md"",""start_line"":527}",Diplomatic-cipher description uses the wrong homophone,"The authority calls Vigenère `the principle diplomatic cipher`; the intended
adjective is `principal`. The target renders this as `cipher diplomatik utama`.","The authority calls Vigenère `the principle diplomatic cipher`; the intended
adjective is `principal`. The target renders this as `cipher diplomatik utama`.","{""evidence_sha256"":""dd4de4ca603dc1bf67b635bce3199fcdbf6bcacbc3b8d3736350b5a825a00f57"",""ledger_id"":""R014-ADV-0073"",""path"":""qa/review-candidates/boundary28-r2/ADVERSE_LEDGER.md"",""target_path"":""qa/review-candidates/boundary28-r2/yaintt-id.tex"",""target_sha256"":""b1dd2926dc8bfdb84c6a3b4605490a8d96b14c44d89653867160d701fa0f17db""}","hold for at most one concise, deduplicated, high-confidence final upstream report","[""ttp.r014.unit.sec.ccaiv""]",not_sent
r014.backend.record,1.0.0,ttp.r014.correction.0074,correction,active,ttp.r014.yaintt,ttp.r014.yaintt,ttp.r014.edition.id-id.boundary28-r2,mul,2026-08-22T03:06:00+02:00,codex.r014.id-ID,,source-backed correction documented in authoritative adverse ledger,"{""end_line"":537,""ledger_id"":""R014-ADV-0074"",""path"":""qa/review-candidates/boundary28-r2/ADVERSE_LEDGER.md"",""start_line"":532}",Bitwise-encryption explanation repeats a whole phrase,"The authority begins a sentence `Another way of saying that is to say that is
that`. The target removes the duplicated wording while preserving the
bit-addition statement in `\ZZ/2\ZZ`.","The authority begins a sentence `Another way of saying that is to say that is
that`. The target removes the duplicated wording while preserving the
bit-addition statement in `\ZZ/2\ZZ`.","{""evidence_sha256"":""dd4de4ca603dc1bf67b635bce3199fcdbf6bcacbc3b8d3736350b5a825a00f57"",""ledger_id"":""R014-ADV-0074"",""path"":""qa/review-candidates/boundary28-r2/ADVERSE_LEDGER.md"",""target_path"":""qa/review-candidates/boundary28-r2/yaintt-id.tex"",""target_sha256"":""b1dd2926dc8bfdb84c6a3b4605490a8d96b14c44d89653867160d701fa0f17db""}","hold for at most one concise, deduplicated, high-confidence final upstream report","[""ttp.r014.unit.sec.ccaiv""]",not_sent
r014.backend.record,1.0.0,ttp.r014.correction.0075,correction,active,ttp.r014.yaintt,ttp.r014.yaintt,ttp.r014.edition.id-id.boundary28-r2,mul,2026-08-22T03:06:00+02:00,codex.r014.id-ID,,source-backed correction documented in authoritative adverse ledger,"{""end_line"":543,""ledger_id"":""R014-ADV-0075"",""path"":""qa/review-candidates/boundary28-r2/ADVERSE_LEDGER.md"",""start_line"":538}",Octavian is described as Caesar's nephew,"The authority calls Octavian Julius Caesar's nephew. Octavian was the grandson
of Caesar's sister Julia and therefore Caesar's great-nephew. The target states
that exact family relationship without changing the surrounding cipher history.","The authority calls Octavian Julius Caesar's nephew. Octavian was the grandson
of Caesar's sister Julia and therefore Caesar's great-nephew. The target states
that exact family relationship without changing the surrounding cipher history.","{""evidence_sha256"":""dd4de4ca603dc1bf67b635bce3199fcdbf6bcacbc3b8d3736350b5a825a00f57"",""ledger_id"":""R014-ADV-0075"",""path"":""qa/review-candidates/boundary28-r2/ADVERSE_LEDGER.md"",""target_path"":""qa/review-candidates/boundary28-r2/yaintt-id.tex"",""target_sha256"":""b1dd2926dc8bfdb84c6a3b4605490a8d96b14c44d89653867160d701fa0f17db""}","hold for at most one concise, deduplicated, high-confidence final upstream report","[""ttp.r014.unit.sec.ccaiv""]",not_sent
r014.backend.record,1.0.0,ttp.r014.correction.0076,correction,active,ttp.r014.yaintt,ttp.r014.yaintt,ttp.r014.edition.id-id.boundary28-r2,mul,2026-08-22T03:06:00+02:00,codex.r014.id-ID,,source-backed correction documented in authoritative adverse ledger,"{""end_line"":548,""ledger_id"":""R014-ADV-0076"",""path"":""qa/review-candidates/boundary28-r2/ADVERSE_LEDGER.md"",""start_line"":544}",Kerckhoffs is misspelled again,"The frequency-analysis section again writes `Kerckhoff's Principle`. The
target consistently uses the correct name `Prinsip Kerckhoffs`.","The frequency-analysis section again writes `Kerckhoff's Principle`. The
target consistently uses the correct name `Prinsip Kerckhoffs`.","{""evidence_sha256"":""dd4de4ca603dc1bf67b635bce3199fcdbf6bcacbc3b8d3736350b5a825a00f57"",""ledger_id"":""R014-ADV-0076"",""path"":""qa/review-candidates/boundary28-r2/ADVERSE_LEDGER.md"",""target_path"":""qa/review-candidates/boundary28-r2/yaintt-id.tex"",""target_sha256"":""b1dd2926dc8bfdb84c6a3b4605490a8d96b14c44d89653867160d701fa0f17db""}","hold for at most one concise, deduplicated, high-confidence final upstream report","[""ttp.r014.unit.sec.ccaiv""]",not_sent
r014.backend.record,1.0.0,ttp.r014.correction.0077,correction,active,ttp.r014.yaintt,ttp.r014.yaintt,ttp.r014.edition.id-id.boundary28-r2,mul,2026-08-22T03:06:00+02:00,codex.r014.id-ID,,source-backed correction documented in authoritative adverse ledger,"{""end_line"":554,""ledger_id"":""R014-ADV-0077"",""path"":""qa/review-candidates/boundary28-r2/ADVERSE_LEDGER.md"",""start_line"":549}",Vigenère paragraph makes `decryption` singular,"The authority says that a computer generates `all of those possible
decryption` while referring to nearly twelve million separate results. The
target uses the intended plural, `semua kemungkinan dekripsi`.","The authority says that a computer generates `all of those possible
decryption` while referring to nearly twelve million separate results. The
target uses the intended plural, `semua kemungkinan dekripsi`.","{""evidence_sha256"":""dd4de4ca603dc1bf67b635bce3199fcdbf6bcacbc3b8d3736350b5a825a00f57"",""ledger_id"":""R014-ADV-0077"",""path"":""qa/review-candidates/boundary28-r2/ADVERSE_LEDGER.md"",""target_path"":""qa/review-candidates/boundary28-r2/yaintt-id.tex"",""target_sha256"":""b1dd2926dc8bfdb84c6a3b4605490a8d96b14c44d89653867160d701fa0f17db""}","hold for at most one concise, deduplicated, high-confidence final upstream report","[""ttp.r014.unit.sec.ccaiv""]",not_sent
r014.backend.record,1.0.0,ttp.r014.correction.0078,correction,active,ttp.r014.yaintt,ttp.r014.yaintt,ttp.r014.edition.id-id.boundary28-r2,mul,2026-08-22T03:06:00+02:00,codex.r014.id-ID,,source-backed correction documented in authoritative adverse ledger,"{""end_line"":560,""ledger_id"":""R014-ADV-0078"",""path"":""qa/review-candidates/boundary28-r2/ADVERSE_LEDGER.md"",""start_line"":555}",Safe-combination example omits `of`,"The authority says Alice sends `an encrypted version the combination of a
safe`. The target restores the intended relation: an encrypted version of a
safe's combination.","The authority says Alice sends `an encrypted version the combination of a
safe`. The target restores the intended relation: an encrypted version of a
safe's combination.","{""evidence_sha256"":""dd4de4ca603dc1bf67b635bce3199fcdbf6bcacbc3b8d3736350b5a825a00f57"",""ledger_id"":""R014-ADV-0078"",""path"":""qa/review-candidates/boundary28-r2/ADVERSE_LEDGER.md"",""target_path"":""qa/review-candidates/boundary28-r2/yaintt-id.tex"",""target_sha256"":""b1dd2926dc8bfdb84c6a3b4605490a8d96b14c44d89653867160d701fa0f17db""}","hold for at most one concise, deduplicated, high-confidence final upstream report","[""ttp.r014.unit.sec.ccaiv""]",not_sent
r014.backend.record,1.0.0,ttp.r014.correction.0079,correction,active,ttp.r014.yaintt,ttp.r014.yaintt,ttp.r014.edition.id-id.boundary28-r2,mul,2026-08-22T03:06:00+02:00,codex.r014.id-ID,,source-backed correction documented in authoritative adverse ledger,"{""end_line"":565,""ledger_id"":""R014-ADV-0079"",""path"":""qa/review-candidates/boundary28-r2/ADVERSE_LEDGER.md"",""start_line"":561}",Refined-approach sentence has subject–verb disagreement,"The authority begins `This suggest the following`. The target renders the
intended singular agreement and introduces the refined method naturally.","The authority begins `This suggest the following`. The target renders the
intended singular agreement and introduces the refined method naturally.","{""evidence_sha256"":""dd4de4ca603dc1bf67b635bce3199fcdbf6bcacbc3b8d3736350b5a825a00f57"",""ledger_id"":""R014-ADV-0079"",""path"":""qa/review-candidates/boundary28-r2/ADVERSE_LEDGER.md"",""target_path"":""qa/review-candidates/boundary28-r2/yaintt-id.tex"",""target_sha256"":""b1dd2926dc8bfdb84c6a3b4605490a8d96b14c44d89653867160d701fa0f17db""}","hold for at most one concise, deduplicated, high-confidence final upstream report","[""ttp.r014.unit.sec.ccaiv""]",not_sent
r014.backend.record,1.0.0,ttp.r014.correction.0080,correction,active,ttp.r014.yaintt,ttp.r014.yaintt,ttp.r014.edition.id-id.boundary28-r2,mul,2026-08-22T03:06:00+02:00,codex.r014.id-ID,,source-backed correction documented in authoritative adverse ledger,"{""end_line"":570,""ledger_id"":""R014-ADV-0080"",""path"":""qa/review-candidates/boundary28-r2/ADVERSE_LEDGER.md"",""start_line"":566}",Square-error definition ends with an unmatched parenthesis,"The authority closes its explanation of `a=0, b=1, ...` with `).` although
no parenthetical clause was opened. The target omits the stray parenthesis.","The authority closes its explanation of `a=0, b=1, ...` with `).` although
no parenthetical clause was opened. The target omits the stray parenthesis.","{""evidence_sha256"":""dd4de4ca603dc1bf67b635bce3199fcdbf6bcacbc3b8d3736350b5a825a00f57"",""ledger_id"":""R014-ADV-0080"",""path"":""qa/review-candidates/boundary28-r2/ADVERSE_LEDGER.md"",""target_path"":""qa/review-candidates/boundary28-r2/yaintt-id.tex"",""target_sha256"":""b1dd2926dc8bfdb84c6a3b4605490a8d96b14c44d89653867160d701fa0f17db""}","hold for at most one concise, deduplicated, high-confidence final upstream report","[""ttp.r014.unit.sec.ccaiv""]",not_sent
r014.backend.record,1.0.0,ttp.r014.correction.0081,correction,active,ttp.r014.yaintt,ttp.r014.yaintt,ttp.r014.edition.id-id.boundary28-r2,mul,2026-08-22T03:06:00+02:00,codex.r014.id-ID,,source-backed correction documented in authoritative adverse ledger,"{""end_line"":577,""ledger_id"":""R014-ADV-0081"",""path"":""qa/review-candidates/boundary28-r2/ADVERSE_LEDGER.md"",""start_line"":571}",Final Vigenère algorithm puts a vector in a scalar range,"The authority says `for each such \vec{k}_\ell in the range 1,\dots,L`,
although `\vec{k}_\ell` is a key vector and the scalar key length `\ell` is
what ranges from 1 to `L`. The target binds each vector to its corresponding
`\ell=1,\dots,L`.","The authority says `for each such \vec{k}_\ell in the range 1,\dots,L`,
although `\vec{k}_\ell` is a key vector and the scalar key length `\ell` is
what ranges from 1 to `L`. The target binds each vector to its corresponding
`\ell=1,\dots,L`.","{""evidence_sha256"":""dd4de4ca603dc1bf67b635bce3199fcdbf6bcacbc3b8d3736350b5a825a00f57"",""ledger_id"":""R014-ADV-0081"",""path"":""qa/review-candidates/boundary28-r2/ADVERSE_LEDGER.md"",""target_path"":""qa/review-candidates/boundary28-r2/yaintt-id.tex"",""target_sha256"":""b1dd2926dc8bfdb84c6a3b4605490a8d96b14c44d89653867160d701fa0f17db""}","hold for at most one concise, deduplicated, high-confidence final upstream report","[""ttp.r014.unit.sec.ccaiv""]",not_sent
r014.backend.record,1.0.0,ttp.r014.correction.0082,correction,active,ttp.r014.yaintt,ttp.r014.yaintt,ttp.r014.edition.id-id.boundary28-r2,mul,2026-08-22T03:06:00+02:00,codex.r014.id-ID,,source-backed correction documented in authoritative adverse ledger,"{""end_line"":582,""ledger_id"":""R014-ADV-0082"",""path"":""qa/review-candidates/boundary28-r2/ADVERSE_LEDGER.md"",""start_line"":578}",Exercise uses the wrong indefinite article,"The authority asks about `an brute-force attack`. The target renders the
exercise without inheriting that grammatical error.","The authority asks about `an brute-force attack`. The target renders the
exercise without inheriting that grammatical error.","{""evidence_sha256"":""dd4de4ca603dc1bf67b635bce3199fcdbf6bcacbc3b8d3736350b5a825a00f57"",""ledger_id"":""R014-ADV-0082"",""path"":""qa/review-candidates/boundary28-r2/ADVERSE_LEDGER.md"",""target_path"":""qa/review-candidates/boundary28-r2/yaintt-id.tex"",""target_sha256"":""b1dd2926dc8bfdb84c6a3b4605490a8d96b14c44d89653867160d701fa0f17db""}","hold for at most one concise, deduplicated, high-confidence final upstream report","[""ttp.r014.unit.sec.ccaiv""]",not_sent
r014.backend.record,1.0.0,ttp.r014.correction.0083,correction,active,ttp.r014.yaintt,ttp.r014.yaintt,ttp.r014.edition.id-id.boundary28-r2,mul,2026-08-22T03:06:00+02:00,codex.r014.id-ID,,source-backed correction documented in authoritative adverse ledger,"{""end_line"":590,""ledger_id"":""R014-ADV-0083"",""path"":""qa/review-candidates/boundary28-r2/ADVERSE_LEDGER.md"",""start_line"":583}",Keyword-frequency explanation treats unequal shifts as an unweighted average,"The authority says the full Vigenère ciphertext distribution is the average of
16 shifted English distributions because the 35-character keyword has 16
distinct letters. Those letters occur with unequal multiplicities, so the
distribution is instead approximately a weighted mixture over all 35 keyword
positions, comprising 16 distinct shifts. The target states that distinction.","The authority says the full Vigenère ciphertext distribution is the average of
16 shifted English distributions because the 35-character keyword has 16
distinct letters. Those letters occur with unequal multiplicities, so the
distribution is instead approximately a weighted mixture over all 35 keyword
positions, comprising 16 distinct shifts. The target states that distinction.","{""evidence_sha256"":""dd4de4ca603dc1bf67b635bce3199fcdbf6bcacbc3b8d3736350b5a825a00f57"",""ledger_id"":""R014-ADV-0083"",""path"":""qa/review-candidates/boundary28-r2/ADVERSE_LEDGER.md"",""target_path"":""qa/review-candidates/boundary28-r2/yaintt-id.tex"",""target_sha256"":""b1dd2926dc8bfdb84c6a3b4605490a8d96b14c44d89653867160d701fa0f17db""}","hold for at most one concise, deduplicated, high-confidence final upstream report","[""ttp.r014.unit.sec.frequency""]",not_sent
r014.backend.record,1.0.0,ttp.r014.correction.0084,correction,active,ttp.r014.yaintt,ttp.r014.yaintt,ttp.r014.edition.id-id.boundary28-r2,mul,2026-08-22T03:06:00+02:00,codex.r014.id-ID,,source-backed correction documented in authoritative adverse ledger,"{""end_line"":598,""ledger_id"":""R014-ADV-0084"",""path"":""qa/review-candidates/boundary28-r2/ADVERSE_LEDGER.md"",""start_line"":591}",Wrong key-length claim guarantees flattening too broadly,"The authority claims that every guessed length smaller than the true key length
makes every residue-class letter distribution flat. That is not guaranteed:
flattening is a tendency when an incorrect grouping mixes several different
Caesar shifts. The target states the qualified claim and retains the concrete
`\ell=5` example as evidence.","The authority claims that every guessed length smaller than the true key length
makes every residue-class letter distribution flat. That is not guaranteed:
flattening is a tendency when an incorrect grouping mixes several different
Caesar shifts. The target states the qualified claim and retains the concrete
`\ell=5` example as evidence.","{""evidence_sha256"":""dd4de4ca603dc1bf67b635bce3199fcdbf6bcacbc3b8d3736350b5a825a00f57"",""ledger_id"":""R014-ADV-0084"",""path"":""qa/review-candidates/boundary28-r2/ADVERSE_LEDGER.md"",""target_path"":""qa/review-candidates/boundary28-r2/yaintt-id.tex"",""target_sha256"":""b1dd2926dc8bfdb84c6a3b4605490a8d96b14c44d89653867160d701fa0f17db""}","hold for at most one concise, deduplicated, high-confidence final upstream report","[""ttp.r014.unit.sec.frequency""]",not_sent
r014.backend.record,1.0.0,ttp.r014.correction.0085,correction,active,ttp.r014.yaintt,ttp.r014.yaintt,ttp.r014.edition.id-id.boundary28-r2,mul,2026-08-22T03:06:00+02:00,codex.r014.id-ID,,source-backed correction documented in authoritative adverse ledger,"{""end_line"":604,""ledger_id"":""R014-ADV-0085"",""path"":""qa/review-candidates/boundary28-r2/ADVERSE_LEDGER.md"",""start_line"":599}",Private-key diagram has a broken shared-key caption,"The authority's diagram places the fragment `of shared key` between Alice and
Bob, leaving the communication action unstated. The target identifies the
intended private exchange of the shared key.","The authority's diagram places the fragment `of shared key` between Alice and
Bob, leaving the communication action unstated. The target identifies the
intended private exchange of the shared key.","{""evidence_sha256"":""dd4de4ca603dc1bf67b635bce3199fcdbf6bcacbc3b8d3736350b5a825a00f57"",""ledger_id"":""R014-ADV-0085"",""path"":""qa/review-candidates/boundary28-r2/ADVERSE_LEDGER.md"",""target_path"":""qa/review-candidates/boundary28-r2/yaintt-id.tex"",""target_sha256"":""b1dd2926dc8bfdb84c6a3b4605490a8d96b14c44d89653867160d701fa0f17db""}","hold for at most one concise, deduplicated, high-confidence final upstream report","[""ttp.r014.unit.sec.rsa""]",not_sent
r014.backend.record,1.0.0,ttp.r014.correction.0086,correction,active,ttp.r014.yaintt,ttp.r014.yaintt,ttp.r014.edition.id-id.boundary28-r2,mul,2026-08-22T03:06:00+02:00,codex.r014.id-ID,,source-backed correction documented in authoritative adverse ledger,"{""end_line"":610,""ledger_id"":""R014-ADV-0086"",""path"":""qa/review-candidates/boundary28-r2/ADVERSE_LEDGER.md"",""start_line"":605}",Public-key security paragraph uses the wrong function,"The authority writes Bob's public encryption key as `k_e=\Dd(k_d)` even
though the asymmetric-system definition names the key-association function
`\Ee:\Kk_d\to\Kk_e`. The target restores `k_e=\Ee(k_d)`.","The authority writes Bob's public encryption key as `k_e=\Dd(k_d)` even
though the asymmetric-system definition names the key-association function
`\Ee:\Kk_d\to\Kk_e`. The target restores `k_e=\Ee(k_d)`.","{""evidence_sha256"":""dd4de4ca603dc1bf67b635bce3199fcdbf6bcacbc3b8d3736350b5a825a00f57"",""ledger_id"":""R014-ADV-0086"",""path"":""qa/review-candidates/boundary28-r2/ADVERSE_LEDGER.md"",""target_path"":""qa/review-candidates/boundary28-r2/yaintt-id.tex"",""target_sha256"":""b1dd2926dc8bfdb84c6a3b4605490a8d96b14c44d89653867160d701fa0f17db""}","hold for at most one concise, deduplicated, high-confidence final upstream report","[""ttp.r014.unit.sec.rsa""]",not_sent
r014.backend.record,1.0.0,ttp.r014.correction.0087,correction,active,ttp.r014.yaintt,ttp.r014.yaintt,ttp.r014.edition.id-id.boundary28-r2,mul,2026-08-22T03:06:00+02:00,codex.r014.id-ID,,source-backed correction documented in authoritative adverse ledger,"{""end_line"":617,""ledger_id"":""R014-ADV-0087"",""path"":""qa/review-candidates/boundary28-r2/ADVERSE_LEDGER.md"",""start_line"":611}",RSA setup omits the distinct-prime requirement,"The authority initially permits the two RSA primes `p` and `q` to be equal,
but later uses `\phi(pq)=(p-1)(q-1)` and assigns the non-coprime correctness
case under the explicit hypothesis that they are distinct. The target states
the necessary distinctness at key generation.","The authority initially permits the two RSA primes `p` and `q` to be equal,
but later uses `\phi(pq)=(p-1)(q-1)` and assigns the non-coprime correctness
case under the explicit hypothesis that they are distinct. The target states
the necessary distinctness at key generation.","{""evidence_sha256"":""dd4de4ca603dc1bf67b635bce3199fcdbf6bcacbc3b8d3736350b5a825a00f57"",""ledger_id"":""R014-ADV-0087"",""path"":""qa/review-candidates/boundary28-r2/ADVERSE_LEDGER.md"",""target_path"":""qa/review-candidates/boundary28-r2/yaintt-id.tex"",""target_sha256"":""b1dd2926dc8bfdb84c6a3b4605490a8d96b14c44d89653867160d701fa0f17db""}","hold for at most one concise, deduplicated, high-confidence final upstream report","[""ttp.r014.unit.sec.rsa""]",not_sent
r014.backend.record,1.0.0,ttp.r014.correction.0088,correction,active,ttp.r014.yaintt,ttp.r014.yaintt,ttp.r014.edition.id-id.boundary28-r2,mul,2026-08-22T03:06:00+02:00,codex.r014.id-ID,,source-backed correction documented in authoritative adverse ledger,"{""end_line"":627,""ledger_id"":""R014-ADV-0088"",""path"":""qa/review-candidates/boundary28-r2/ADVERSE_LEDGER.md"",""start_line"":618}",RSA key-association map exposes a flaw in the abstract key model,"The authority reverses its abstract map `\Ee:\Kk_d\to\Kk_e`; merely reversing
the arrow still fails because `(n,d)` neither identifies an unrestricted
integer `e` uniquely nor exposes `\phi(n)` for feasible computation. The target
repairs the abstraction itself: a key-generation algorithm `\mathsf{Gen}`
jointly emits an associated `(k_e,k_d)` pair, and the RSA definition implements
that algorithm from canonical `p,q,e,d` choices while retaining `(n,d)` as the
operational decryption key.","The authority reverses its abstract map `\Ee:\Kk_d\to\Kk_e`; merely reversing
the arrow still fails because `(n,d)` neither identifies an unrestricted
integer `e` uniquely nor exposes `\phi(n)` for feasible computation. The target
repairs the abstraction itself: a key-generation algorithm `\mathsf{Gen}`
jointly emits an associated `(k_e,k_d)` pair, and the RSA definition implements
that algorithm from canonical `p,q,e,d` choices while retaining `(n,d)` as the
operational decryption key.","{""evidence_sha256"":""dd4de4ca603dc1bf67b635bce3199fcdbf6bcacbc3b8d3736350b5a825a00f57"",""ledger_id"":""R014-ADV-0088"",""path"":""qa/review-candidates/boundary28-r2/ADVERSE_LEDGER.md"",""target_path"":""qa/review-candidates/boundary28-r2/yaintt-id.tex"",""target_sha256"":""b1dd2926dc8bfdb84c6a3b4605490a8d96b14c44d89653867160d701fa0f17db""}","hold for at most one concise, deduplicated, high-confidence final upstream report","[""ttp.r014.unit.sec.rsa""]",not_sent
r014.backend.record,1.0.0,ttp.r014.correction.0089,correction,active,ttp.r014.yaintt,ttp.r014.yaintt,ttp.r014.edition.id-id.boundary28-r2,mul,2026-08-22T03:06:00+02:00,codex.r014.id-ID,,source-backed correction documented in authoritative adverse ledger,"{""end_line"":632,""ledger_id"":""R014-ADV-0089"",""path"":""qa/review-candidates/boundary28-r2/ADVERSE_LEDGER.md"",""start_line"":628}",RSA setup diagram omits the coprimality value,"The authority's diagram says only `with \gcd(e,\phi(n))`. The target
restores the required condition `\gcd(e,\phi(n))=1` from the definition.","The authority's diagram says only `with \gcd(e,\phi(n))`. The target
restores the required condition `\gcd(e,\phi(n))=1` from the definition.","{""evidence_sha256"":""dd4de4ca603dc1bf67b635bce3199fcdbf6bcacbc3b8d3736350b5a825a00f57"",""ledger_id"":""R014-ADV-0089"",""path"":""qa/review-candidates/boundary28-r2/ADVERSE_LEDGER.md"",""target_path"":""qa/review-candidates/boundary28-r2/yaintt-id.tex"",""target_sha256"":""b1dd2926dc8bfdb84c6a3b4605490a8d96b14c44d89653867160d701fa0f17db""}","hold for at most one concise, deduplicated, high-confidence final upstream report","[""ttp.r014.unit.sec.rsa""]",not_sent
r014.backend.record,1.0.0,ttp.r014.correction.0090,correction,active,ttp.r014.yaintt,ttp.r014.yaintt,ttp.r014.edition.id-id.boundary28-r2,mul,2026-08-22T03:06:00+02:00,codex.r014.id-ID,,source-backed correction documented in authoritative adverse ledger,"{""end_line"":638,""ledger_id"":""R014-ADV-0090"",""path"":""qa/review-candidates/boundary28-r2/ADVERSE_LEDGER.md"",""start_line"":633}",Prime-counting function uses the wrong bound variable and set,"The authority defines `\pi(x)` using `p\le n`, where `n` is unbound in
the theorem, and never restricts `p` to primes. The target defines
`\pi(x)=\#\{p\in\NN\mid p\text{ prime and }p\le x\}`.","The authority defines `\pi(x)` using `p\le n`, where `n` is unbound in
the theorem, and never restricts `p` to primes. The target defines
`\pi(x)=\#\{p\in\NN\mid p\text{ prime and }p\le x\}`.","{""evidence_sha256"":""dd4de4ca603dc1bf67b635bce3199fcdbf6bcacbc3b8d3736350b5a825a00f57"",""ledger_id"":""R014-ADV-0090"",""path"":""qa/review-candidates/boundary28-r2/ADVERSE_LEDGER.md"",""target_path"":""qa/review-candidates/boundary28-r2/yaintt-id.tex"",""target_sha256"":""b1dd2926dc8bfdb84c6a3b4605490a8d96b14c44d89653867160d701fa0f17db""}","hold for at most one concise, deduplicated, high-confidence final upstream report","[""ttp.r014.unit.sec.rsa""]",not_sent
r014.backend.record,1.0.0,ttp.r014.correction.0091,correction,active,ttp.r014.yaintt,ttp.r014.yaintt,ttp.r014.edition.id-id.boundary28-r2,mul,2026-08-22T03:06:00+02:00,codex.r014.id-ID,,source-backed correction documented in authoritative adverse ledger,"{""end_line"":646,""ledger_id"":""R014-ADV-0091"",""path"":""qa/review-candidates/boundary28-r2/ADVERSE_LEDGER.md"",""start_line"":639}",Salt paragraph overstates what traffic analysis cannot do,"The authority concludes broadly that traffic analysis is impossible once salt
is added. Independently sampled salt from a sufficiently large space makes
equality-of-ciphertext correlation very unlikely; it does not make salt
collisions impossible or hide timing, size, endpoint, and other metadata. The
target states the probabilistic limitation explicitly.","The authority concludes broadly that traffic analysis is impossible once salt
is added. Independently sampled salt from a sufficiently large space makes
equality-of-ciphertext correlation very unlikely; it does not make salt
collisions impossible or hide timing, size, endpoint, and other metadata. The
target states the probabilistic limitation explicitly.","{""evidence_sha256"":""dd4de4ca603dc1bf67b635bce3199fcdbf6bcacbc3b8d3736350b5a825a00f57"",""ledger_id"":""R014-ADV-0091"",""path"":""qa/review-candidates/boundary28-r2/ADVERSE_LEDGER.md"",""target_path"":""qa/review-candidates/boundary28-r2/yaintt-id.tex"",""target_sha256"":""b1dd2926dc8bfdb84c6a3b4605490a8d96b14c44d89653867160d701fa0f17db""}","hold for at most one concise, deduplicated, high-confidence final upstream report","[""ttp.r014.unit.sec.rsa""]",not_sent
r014.backend.record,1.0.0,ttp.r014.correction.0092,correction,active,ttp.r014.yaintt,ttp.r014.yaintt,ttp.r014.edition.id-id.boundary28-r2,mul,2026-08-22T03:06:00+02:00,codex.r014.id-ID,,source-backed correction documented in authoritative adverse ledger,"{""end_line"":652,""ledger_id"":""R014-ADV-0092"",""path"":""qa/review-candidates/boundary28-r2/ADVERSE_LEDGER.md"",""start_line"":647}",UTF-8 and UTF-16 are assigned one false shared byte range,"The authority says both common encodings use between two and four bytes per
character. UTF-8 uses one to four bytes, whereas UTF-16 uses two or four bytes
for a Unicode scalar value. The target states the ranges separately.","The authority says both common encodings use between two and four bytes per
character. UTF-8 uses one to four bytes, whereas UTF-16 uses two or four bytes
for a Unicode scalar value. The target states the ranges separately.","{""evidence_sha256"":""dd4de4ca603dc1bf67b635bce3199fcdbf6bcacbc3b8d3736350b5a825a00f57"",""ledger_id"":""R014-ADV-0092"",""path"":""qa/review-candidates/boundary28-r2/ADVERSE_LEDGER.md"",""target_path"":""qa/review-candidates/boundary28-r2/yaintt-id.tex"",""target_sha256"":""b1dd2926dc8bfdb84c6a3b4605490a8d96b14c44d89653867160d701fa0f17db""}","hold for at most one concise, deduplicated, high-confidence final upstream report","[""ttp.r014.unit.sec.rsa""]",not_sent
r014.backend.record,1.0.0,ttp.r014.correction.0093,correction,active,ttp.r014.yaintt,ttp.r014.yaintt,ttp.r014.edition.id-id.boundary28-r2,mul,2026-08-22T03:06:00+02:00,codex.r014.id-ID,,source-backed correction documented in authoritative adverse ledger,"{""end_line"":659,""ledger_id"":""R014-ADV-0093"",""path"":""qa/review-candidates/boundary28-r2/ADVERSE_LEDGER.md"",""start_line"":653}",Naive exponentiation counts one multiplication too many,"The authority says computing `a^k` means multiplying `a` by itself `k`
times. Starting from one factor, only `k-1` multiplications are needed. The
target explicitly forms `k` factors and performs `k-1` multiplications while
retaining the same exponential-runtime comparison.","The authority says computing `a^k` means multiplying `a` by itself `k`
times. Starting from one factor, only `k-1` multiplications are needed. The
target explicitly forms `k` factors and performs `k-1` multiplications while
retaining the same exponential-runtime comparison.","{""evidence_sha256"":""dd4de4ca603dc1bf67b635bce3199fcdbf6bcacbc3b8d3736350b5a825a00f57"",""ledger_id"":""R014-ADV-0093"",""path"":""qa/review-candidates/boundary28-r2/ADVERSE_LEDGER.md"",""target_path"":""qa/review-candidates/boundary28-r2/yaintt-id.tex"",""target_sha256"":""b1dd2926dc8bfdb84c6a3b4605490a8d96b14c44d89653867160d701fa0f17db""}","hold for at most one concise, deduplicated, high-confidence final upstream report","[""ttp.r014.unit.sec.rsa""]",not_sent
r014.backend.record,1.0.0,ttp.r014.correction.0094,correction,active,ttp.r014.yaintt,ttp.r014.yaintt,ttp.r014.edition.id-id.boundary28-r2,mul,2026-08-22T03:06:00+02:00,codex.r014.id-ID,,source-backed correction documented in authoritative adverse ledger,"{""end_line"":664,""ledger_id"":""R014-ADV-0094"",""path"":""qa/review-candidates/boundary28-r2/ADVERSE_LEDGER.md"",""start_line"":660}",Repeated-squaring hint lists `a^6` instead of `a^8`,"The authority's alleged successive squares are `a^2,a^4,a^6`. The third
successive square is `a^8`; the target restores the binary-power sequence.","The authority's alleged successive squares are `a^2,a^4,a^6`. The third
successive square is `a^8`; the target restores the binary-power sequence.","{""evidence_sha256"":""dd4de4ca603dc1bf67b635bce3199fcdbf6bcacbc3b8d3736350b5a825a00f57"",""ledger_id"":""R014-ADV-0094"",""path"":""qa/review-candidates/boundary28-r2/ADVERSE_LEDGER.md"",""target_path"":""qa/review-candidates/boundary28-r2/yaintt-id.tex"",""target_sha256"":""b1dd2926dc8bfdb84c6a3b4605490a8d96b14c44d89653867160d701fa0f17db""}","hold for at most one concise, deduplicated, high-confidence final upstream report","[""ttp.r014.unit.sec.rsa""]",not_sent
r014.backend.record,1.0.0,ttp.r014.correction.0095,correction,active,ttp.r014.yaintt,ttp.r014.yaintt,ttp.r014.edition.id-id.boundary28-r2,mul,2026-08-22T03:06:00+02:00,codex.r014.id-ID,,source-backed correction documented in authoritative adverse ledger,"{""end_line"":671,""ledger_id"":""R014-ADV-0095"",""path"":""qa/review-candidates/boundary28-r2/ADVERSE_LEDGER.md"",""start_line"":665}",Euclidean-algorithm step bound drops the factor of two,"After establishing that the remainders halve every two divisions, the authority
claims at most `\log_2(b)` divisions. The target asks for the valid bound
`2\lfloor\log_2(b)\rfloor+1` and retains the resulting linear bound in the
number of decimal digits, with small endpoint cases checked separately.","After establishing that the remainders halve every two divisions, the authority
claims at most `\log_2(b)` divisions. The target asks for the valid bound
`2\lfloor\log_2(b)\rfloor+1` and retains the resulting linear bound in the
number of decimal digits, with small endpoint cases checked separately.","{""evidence_sha256"":""dd4de4ca603dc1bf67b635bce3199fcdbf6bcacbc3b8d3736350b5a825a00f57"",""ledger_id"":""R014-ADV-0095"",""path"":""qa/review-candidates/boundary28-r2/ADVERSE_LEDGER.md"",""target_path"":""qa/review-candidates/boundary28-r2/yaintt-id.tex"",""target_sha256"":""b1dd2926dc8bfdb84c6a3b4605490a8d96b14c44d89653867160d701fa0f17db""}","hold for at most one concise, deduplicated, high-confidence final upstream report","[""ttp.r014.unit.sec.rsa""]",not_sent
r014.backend.record,1.0.0,ttp.r014.correction.0096,correction,active,ttp.r014.yaintt,ttp.r014.yaintt,ttp.r014.edition.id-id.boundary28-r2,mul,2026-08-22T03:06:00+02:00,codex.r014.id-ID,,source-backed correction documented in authoritative adverse ledger,"{""end_line"":679,""ledger_id"":""R014-ADV-0096"",""path"":""qa/review-candidates/boundary28-r2/ADVERSE_LEDGER.md"",""start_line"":672}",RSA practicality prose contains several mechanical defects,"The authority uses `no-printing` for nonprinting ASCII controls, says Unicode
`which as` characters and is stored `in a variety encodings`, asks for a
`much fast` algorithm, and later writes `a least a faction` and
`digits require`. The target renders the intended prose without those
typographical and grammatical defects.","The authority uses `no-printing` for nonprinting ASCII controls, says Unicode
`which as` characters and is stored `in a variety encodings`, asks for a
`much fast` algorithm, and later writes `a least a faction` and
`digits require`. The target renders the intended prose without those
typographical and grammatical defects.","{""evidence_sha256"":""dd4de4ca603dc1bf67b635bce3199fcdbf6bcacbc3b8d3736350b5a825a00f57"",""ledger_id"":""R014-ADV-0096"",""path"":""qa/review-candidates/boundary28-r2/ADVERSE_LEDGER.md"",""target_path"":""qa/review-candidates/boundary28-r2/yaintt-id.tex"",""target_sha256"":""b1dd2926dc8bfdb84c6a3b4605490a8d96b14c44d89653867160d701fa0f17db""}","hold for at most one concise, deduplicated, high-confidence final upstream report","[""ttp.r014.unit.sec.rsa""]",not_sent
r014.backend.record,1.0.0,ttp.r014.correction.0097,correction,active,ttp.r014.yaintt,ttp.r014.yaintt,ttp.r014.edition.id-id.boundary28-r2,mul,2026-08-22T03:06:00+02:00,codex.r014.id-ID,,source-backed correction documented in authoritative adverse ledger,"{""end_line"":685,""ledger_id"":""R014-ADV-0097"",""path"":""qa/review-candidates/boundary28-r2/ADVERSE_LEDGER.md"",""start_line"":680}",ASCII adoption date is stated as the single year 1960,"The authority says ASCII has been used `since 1960`, although the standard
was developed and first standardized during the early 1960s. The target uses
the historically accurate broader phrase `sejak dekade 1960-an`.","The authority says ASCII has been used `since 1960`, although the standard
was developed and first standardized during the early 1960s. The target uses
the historically accurate broader phrase `sejak dekade 1960-an`.","{""evidence_sha256"":""dd4de4ca603dc1bf67b635bce3199fcdbf6bcacbc3b8d3736350b5a825a00f57"",""ledger_id"":""R014-ADV-0097"",""path"":""qa/review-candidates/boundary28-r2/ADVERSE_LEDGER.md"",""target_path"":""qa/review-candidates/boundary28-r2/yaintt-id.tex"",""target_sha256"":""b1dd2926dc8bfdb84c6a3b4605490a8d96b14c44d89653867160d701fa0f17db""}","hold for at most one concise, deduplicated, high-confidence final upstream report","[""ttp.r014.unit.sec.rsa""]",not_sent
r014.backend.record,1.0.0,ttp.r014.correction.0098,correction,active,ttp.r014.yaintt,ttp.r014.yaintt,ttp.r014.edition.id-id.boundary28-r2,mul,2026-08-22T03:06:00+02:00,codex.r014.id-ID,,source-backed correction documented in authoritative adverse ledger,"{""end_line"":693,""ledger_id"":""R014-ADV-0098"",""path"":""qa/review-candidates/boundary28-r2/ADVERSE_LEDGER.md"",""start_line"":686}",Naive-exponentiation runtime equates unrelated variables,"The authority defines `d` as the digit length of multiplication operands, then
asserts `kp(d)=c_1e^{c_2d}p(d)` without relating exponent `k` to that `d`.
The target instead lets `D` be the maximum encoded input length, obtains the
valid bound `O(kp(D))`, and observes that a `D`-digit `k` can have order `10^D`,
which makes the naive algorithm exponential in input length.","The authority defines `d` as the digit length of multiplication operands, then
asserts `kp(d)=c_1e^{c_2d}p(d)` without relating exponent `k` to that `d`.
The target instead lets `D` be the maximum encoded input length, obtains the
valid bound `O(kp(D))`, and observes that a `D`-digit `k` can have order `10^D`,
which makes the naive algorithm exponential in input length.","{""evidence_sha256"":""dd4de4ca603dc1bf67b635bce3199fcdbf6bcacbc3b8d3736350b5a825a00f57"",""ledger_id"":""R014-ADV-0098"",""path"":""qa/review-candidates/boundary28-r2/ADVERSE_LEDGER.md"",""target_path"":""qa/review-candidates/boundary28-r2/yaintt-id.tex"",""target_sha256"":""b1dd2926dc8bfdb84c6a3b4605490a8d96b14c44d89653867160d701fa0f17db""}","hold for at most one concise, deduplicated, high-confidence final upstream report","[""ttp.r014.unit.sec.rsa""]",not_sent
r014.backend.record,1.0.0,ttp.r014.correction.0099,correction,active,ttp.r014.yaintt,ttp.r014.yaintt,ttp.r014.edition.id-id.boundary28-r2,mul,2026-08-22T03:06:00+02:00,codex.r014.id-ID,,source-backed correction documented in authoritative adverse ledger,"{""end_line"":700,""ledger_id"":""R014-ADV-0099"",""path"":""qa/review-candidates/boundary28-r2/ADVERSE_LEDGER.md"",""start_line"":694}",Factoring claim treats every large composite as hard,"The authority says larger composite integers are astronomically harder to
factor, although even integers and integers with small factors are trivial.
The target restricts the claim to RSA-style semiprimes formed from two large,
comparably sized primes and retains RSA-768 as the concrete historical example.","The authority says larger composite integers are astronomically harder to
factor, although even integers and integers with small factors are trivial.
The target restricts the claim to RSA-style semiprimes formed from two large,
comparably sized primes and retains RSA-768 as the concrete historical example.","{""evidence_sha256"":""dd4de4ca603dc1bf67b635bce3199fcdbf6bcacbc3b8d3736350b5a825a00f57"",""ledger_id"":""R014-ADV-0099"",""path"":""qa/review-candidates/boundary28-r2/ADVERSE_LEDGER.md"",""target_path"":""qa/review-candidates/boundary28-r2/yaintt-id.tex"",""target_sha256"":""b1dd2926dc8bfdb84c6a3b4605490a8d96b14c44d89653867160d701fa0f17db""}","hold for at most one concise, deduplicated, high-confidence final upstream report","[""ttp.r014.unit.sec.rsa""]",not_sent
r014.backend.record,1.0.0,ttp.r014.correction.0100,correction,active,ttp.r014.yaintt,ttp.r014.yaintt,ttp.r014.edition.id-id.boundary28-r2,mul,2026-08-22T03:06:00+02:00,codex.r014.id-ID,,source-backed correction documented in authoritative adverse ledger,"{""end_line"":710,""ledger_id"":""R014-ADV-0100"",""path"":""qa/review-candidates/boundary28-r2/ADVERSE_LEDGER.md"",""start_line"":701}",Generic public-key definition does not justify reverse-order signing,"The authority presents its basic digital-signature construction for a generic
public-key cryptosystem and asserts that encryption and decryption are inverses
in either order. The preceding asymmetric-system definition requires only
`d_{k_d}(e_{k_e}(m))=m`; it neither makes the private operation defined on
messages nor requires the reverse composition. The target states both domain
and reverse-identity conditions for every generated keypair and `m\in\Mm`, and
identifies RSA as the intended example.","The authority presents its basic digital-signature construction for a generic
public-key cryptosystem and asserts that encryption and decryption are inverses
in either order. The preceding asymmetric-system definition requires only
`d_{k_d}(e_{k_e}(m))=m`; it neither makes the private operation defined on
messages nor requires the reverse composition. The target states both domain
and reverse-identity conditions for every generated keypair and `m\in\Mm`, and
identifies RSA as the intended example.","{""evidence_sha256"":""dd4de4ca603dc1bf67b635bce3199fcdbf6bcacbc3b8d3736350b5a825a00f57"",""ledger_id"":""R014-ADV-0100"",""path"":""qa/review-candidates/boundary28-r2/ADVERSE_LEDGER.md"",""target_path"":""qa/review-candidates/boundary28-r2/yaintt-id.tex"",""target_sha256"":""b1dd2926dc8bfdb84c6a3b4605490a8d96b14c44d89653867160d701fa0f17db""}","hold for at most one concise, deduplicated, high-confidence final upstream report","[""ttp.r014.unit.sec.rsa""]",not_sent
r014.backend.record,1.0.0,ttp.r014.correction.0101,correction,active,ttp.r014.yaintt,ttp.r014.yaintt,ttp.r014.edition.id-id.boundary28-r2,mul,2026-08-22T03:06:00+02:00,codex.r014.id-ID,,source-backed correction documented in authoritative adverse ledger,"{""end_line"":716,""ledger_id"":""R014-ADV-0101"",""path"":""qa/review-candidates/boundary28-r2/ADVERSE_LEDGER.md"",""start_line"":711}",Collision resistance permits the same message twice,"The authority defines collision resistance using “two messages” `m_1,m_2` but
does not require them to be distinct, so the displayed equality is trivially
satisfied by `m_1=m_2`. The target adds the necessary condition `m_1\ne m_2`.","The authority defines collision resistance using “two messages” `m_1,m_2` but
does not require them to be distinct, so the displayed equality is trivially
satisfied by `m_1=m_2`. The target adds the necessary condition `m_1\ne m_2`.","{""evidence_sha256"":""dd4de4ca603dc1bf67b635bce3199fcdbf6bcacbc3b8d3736350b5a825a00f57"",""ledger_id"":""R014-ADV-0101"",""path"":""qa/review-candidates/boundary28-r2/ADVERSE_LEDGER.md"",""target_path"":""qa/review-candidates/boundary28-r2/yaintt-id.tex"",""target_sha256"":""b1dd2926dc8bfdb84c6a3b4605490a8d96b14c44d89653867160d701fa0f17db""}","hold for at most one concise, deduplicated, high-confidence final upstream report","[""ttp.r014.unit.sec.digital-signatures""]",not_sent
r014.backend.record,1.0.0,ttp.r014.correction.0102,correction,active,ttp.r014.yaintt,ttp.r014.yaintt,ttp.r014.edition.id-id.boundary28-r2,mul,2026-08-22T03:06:00+02:00,codex.r014.id-ID,,source-backed correction documented in authoritative adverse ledger,"{""end_line"":723,""ledger_id"":""R014-ADV-0102"",""path"":""qa/review-candidates/boundary28-r2/ADVERSE_LEDGER.md"",""start_line"":717}",RSA signature uses a transposed private-key subscript,"The authority writes the signature as `s=d_{d_k}(h(m))`, although the private
decryption/signing key is consistently named `k_d`. The target restores
`s=d_{k_d}(H_n(m))`, using the encoded representative defined for the RSA
message space.","The authority writes the signature as `s=d_{d_k}(h(m))`, although the private
decryption/signing key is consistently named `k_d`. The target restores
`s=d_{k_d}(H_n(m))`, using the encoded representative defined for the RSA
message space.","{""evidence_sha256"":""dd4de4ca603dc1bf67b635bce3199fcdbf6bcacbc3b8d3736350b5a825a00f57"",""ledger_id"":""R014-ADV-0102"",""path"":""qa/review-candidates/boundary28-r2/ADVERSE_LEDGER.md"",""target_path"":""qa/review-candidates/boundary28-r2/yaintt-id.tex"",""target_sha256"":""b1dd2926dc8bfdb84c6a3b4605490a8d96b14c44d89653867160d701fa0f17db""}","hold for at most one concise, deduplicated, high-confidence final upstream report","[""ttp.r014.unit.sec.digital-signatures""]",not_sent
r014.backend.record,1.0.0,ttp.r014.correction.0103,correction,active,ttp.r014.yaintt,ttp.r014.yaintt,ttp.r014.edition.id-id.boundary28-r2,mul,2026-08-22T03:06:00+02:00,codex.r014.id-ID,,source-backed correction documented in authoritative adverse ledger,"{""end_line"":730,""ledger_id"":""R014-ADV-0103"",""path"":""qa/review-candidates/boundary28-r2/ADVERSE_LEDGER.md"",""start_line"":724}",Digital-signature prose contains several mechanical defects,"The authority omits the subject in `in that are hard`, writes `After, all`,
adds a stray article in `compute the h(m)`, repeats `here` in the feasibility
definition, and omits terminal punctuation after the infinite-collisions
sentence. The target renders the intended prose without those defects.","The authority omits the subject in `in that are hard`, writes `After, all`,
adds a stray article in `compute the h(m)`, repeats `here` in the feasibility
definition, and omits terminal punctuation after the infinite-collisions
sentence. The target renders the intended prose without those defects.","{""evidence_sha256"":""dd4de4ca603dc1bf67b635bce3199fcdbf6bcacbc3b8d3736350b5a825a00f57"",""ledger_id"":""R014-ADV-0103"",""path"":""qa/review-candidates/boundary28-r2/ADVERSE_LEDGER.md"",""target_path"":""qa/review-candidates/boundary28-r2/yaintt-id.tex"",""target_sha256"":""b1dd2926dc8bfdb84c6a3b4605490a8d96b14c44d89653867160d701fa0f17db""}","hold for at most one concise, deduplicated, high-confidence final upstream report","[""ttp.r014.unit.sec.digital-signatures""]",not_sent
r014.backend.record,1.0.0,ttp.r014.correction.0104,correction,active,ttp.r014.yaintt,ttp.r014.yaintt,ttp.r014.edition.id-id.boundary28-r2,mul,2026-08-22T03:06:00+02:00,codex.r014.id-ID,,source-backed correction documented in authoritative adverse ledger,"{""end_line"":737,""ledger_id"":""R014-ADV-0104"",""path"":""qa/review-candidates/boundary28-r2/ADVERSE_LEDGER.md"",""start_line"":731}",Second-preimage exercise forgets to exclude the original input,"The authority asks for an input `m_1` having no second preimage, then formalizes
this as no `m_2` at all satisfying `h(m_2)=h(m_1)`. That formula is impossible
because `m_2=m_1` always works. The target states the intended condition
`m_2\ne m_1` explicitly.","The authority asks for an input `m_1` having no second preimage, then formalizes
this as no `m_2` at all satisfying `h(m_2)=h(m_1)`. That formula is impossible
because `m_2=m_1` always works. The target states the intended condition
`m_2\ne m_1` explicitly.","{""evidence_sha256"":""dd4de4ca603dc1bf67b635bce3199fcdbf6bcacbc3b8d3736350b5a825a00f57"",""ledger_id"":""R014-ADV-0104"",""path"":""qa/review-candidates/boundary28-r2/ADVERSE_LEDGER.md"",""target_path"":""qa/review-candidates/boundary28-r2/yaintt-id.tex"",""target_sha256"":""b1dd2926dc8bfdb84c6a3b4605490a8d96b14c44d89653867160d701fa0f17db""}","hold for at most one concise, deduplicated, high-confidence final upstream report","[""ttp.r014.unit.sec.digital-signatures""]",not_sent
r014.backend.record,1.0.0,ttp.r014.correction.0105,correction,active,ttp.r014.yaintt,ttp.r014.yaintt,ttp.r014.edition.id-id.boundary28-r2,mul,2026-08-22T03:06:00+02:00,codex.r014.id-ID,,source-backed correction documented in authoritative adverse ledger,"{""end_line"":745,""ledger_id"":""R014-ADV-0105"",""path"":""qa/review-candidates/boundary28-r2/ADVERSE_LEDGER.md"",""start_line"":738}",RSA signature applies modular arithmetic to an unencoded bit string,"The authority applies the RSA private operation directly to bit-string hash
output, omits reduction modulo `n` in its signing table, and never maps the
digest into the RSA message space. The target defines an agreed encoded
representative `H_n(m)\in\{0,\dots,n-1\}`, uses modular exponentiation in both
directions, and labels the diagram schematic rather than deployment-ready.","The authority applies the RSA private operation directly to bit-string hash
output, omits reduction modulo `n` in its signing table, and never maps the
digest into the RSA message space. The target defines an agreed encoded
representative `H_n(m)\in\{0,\dots,n-1\}`, uses modular exponentiation in both
directions, and labels the diagram schematic rather than deployment-ready.","{""evidence_sha256"":""dd4de4ca603dc1bf67b635bce3199fcdbf6bcacbc3b8d3736350b5a825a00f57"",""ledger_id"":""R014-ADV-0105"",""path"":""qa/review-candidates/boundary28-r2/ADVERSE_LEDGER.md"",""target_path"":""qa/review-candidates/boundary28-r2/yaintt-id.tex"",""target_sha256"":""b1dd2926dc8bfdb84c6a3b4605490a8d96b14c44d89653867160d701fa0f17db""}","hold for at most one concise, deduplicated, high-confidence final upstream report","[""ttp.r014.unit.sec.digital-signatures""]",not_sent
r014.backend.record,1.0.0,ttp.r014.correction.0106,correction,active,ttp.r014.yaintt,ttp.r014.yaintt,ttp.r014.edition.id-id.boundary28-r2,mul,2026-08-22T03:06:00+02:00,codex.r014.id-ID,,source-backed correction documented in authoritative adverse ledger,"{""end_line"":755,""ledger_id"":""R014-ADV-0106"",""path"":""qa/review-candidates/boundary28-r2/ADVERSE_LEDGER.md"",""start_line"":746}",Signature verification is mistaken for sender identity and freshness,"The authority concludes that a valid signed pair proves the network sender had
the private key. Verification alone establishes only algebraic consistency of
the pair with the public key. Attributing its creation to the named signer also
requires an unforgeable signature scheme, an uncompromised private key, and a
trusted identity--key binding. Even under those assumptions, verification does
not identify the network sender or establish message freshness: anyone can
forward or replay an old pair. The target states those limits.","The authority concludes that a valid signed pair proves the network sender had
the private key. Verification alone establishes only algebraic consistency of
the pair with the public key. Attributing its creation to the named signer also
requires an unforgeable signature scheme, an uncompromised private key, and a
trusted identity--key binding. Even under those assumptions, verification does
not identify the network sender or establish message freshness: anyone can
forward or replay an old pair. The target states those limits.","{""evidence_sha256"":""dd4de4ca603dc1bf67b635bce3199fcdbf6bcacbc3b8d3736350b5a825a00f57"",""ledger_id"":""R014-ADV-0106"",""path"":""qa/review-candidates/boundary28-r2/ADVERSE_LEDGER.md"",""target_path"":""qa/review-candidates/boundary28-r2/yaintt-id.tex"",""target_sha256"":""b1dd2926dc8bfdb84c6a3b4605490a8d96b14c44d89653867160d701fa0f17db""}","hold for at most one concise, deduplicated, high-confidence final upstream report","[""ttp.r014.unit.sec.digital-signatures""]",not_sent
r014.backend.record,1.0.0,ttp.r014.correction.0107,correction,active,ttp.r014.yaintt,ttp.r014.yaintt,ttp.r014.edition.id-id.boundary28-r2,mul,2026-08-22T03:06:00+02:00,codex.r014.id-ID,,source-backed correction documented in authoritative adverse ledger,"{""end_line"":762,""ledger_id"":""R014-ADV-0107"",""path"":""qa/review-candidates/boundary28-r2/ADVERSE_LEDGER.md"",""start_line"":756}",Preimage resistance lacks a challenge distribution,"The authority says only “given a hash value `t`,” which lets an adversary choose
a digest with a known preimage or an unreachable target. The target defines the
challenge as `t=h(M)` for a randomly sampled hidden input under a specified
distribution, then asks the adversary to recover any preimage.","The authority says only “given a hash value `t`,” which lets an adversary choose
a digest with a known preimage or an unreachable target. The target defines the
challenge as `t=h(M)` for a randomly sampled hidden input under a specified
distribution, then asks the adversary to recover any preimage.","{""evidence_sha256"":""dd4de4ca603dc1bf67b635bce3199fcdbf6bcacbc3b8d3736350b5a825a00f57"",""ledger_id"":""R014-ADV-0107"",""path"":""qa/review-candidates/boundary28-r2/ADVERSE_LEDGER.md"",""target_path"":""qa/review-candidates/boundary28-r2/yaintt-id.tex"",""target_sha256"":""b1dd2926dc8bfdb84c6a3b4605490a8d96b14c44d89653867160d701fa0f17db""}","hold for at most one concise, deduplicated, high-confidence final upstream report","[""ttp.r014.unit.sec.digital-signatures""]",not_sent
r014.backend.record,1.0.0,ttp.r014.correction.0108,correction,active,ttp.r014.yaintt,ttp.r014.yaintt,ttp.r014.edition.id-id.boundary28-r2,mul,2026-08-22T03:06:00+02:00,codex.r014.id-ID,,source-backed correction documented in authoritative adverse ledger,"{""end_line"":769,""ledger_id"":""R014-ADV-0108"",""path"":""qa/review-candidates/boundary28-r2/ADVERSE_LEDGER.md"",""start_line"":763}",Certificate definition signs a bare key without an identity binding,"The authority describes a digital certificate as a CA signature on the public
key itself. A bare signed key does not state whose identity is being certified.
The target defines the certificate as a signed, structured statement binding an
identified subject to a public key and necessary metadata.","The authority describes a digital certificate as a CA signature on the public
key itself. A bare signed key does not state whose identity is being certified.
The target defines the certificate as a signed, structured statement binding an
identified subject to a public key and necessary metadata.","{""evidence_sha256"":""dd4de4ca603dc1bf67b635bce3199fcdbf6bcacbc3b8d3736350b5a825a00f57"",""ledger_id"":""R014-ADV-0108"",""path"":""qa/review-candidates/boundary28-r2/ADVERSE_LEDGER.md"",""target_path"":""qa/review-candidates/boundary28-r2/yaintt-id.tex"",""target_sha256"":""b1dd2926dc8bfdb84c6a3b4605490a8d96b14c44d89653867160d701fa0f17db""}","hold for at most one concise, deduplicated, high-confidence final upstream report","[""ttp.r014.unit.sec.mitm-certificates-trust""]",not_sent
r014.backend.record,1.0.0,ttp.r014.correction.0109,correction,active,ttp.r014.yaintt,ttp.r014.yaintt,ttp.r014.edition.id-id.boundary28-r2,mul,2026-08-22T03:06:00+02:00,codex.r014.id-ID,,source-backed correction documented in authoritative adverse ledger,"{""end_line"":779,""ledger_id"":""R014-ADV-0109"",""path"":""qa/review-candidates/boundary28-r2/ADVERSE_LEDGER.md"",""start_line"":770}",Web-of-trust advice rewards unverified edges and hearsay signing,"The authority says usefulness requires as many people and connections as
possible, then suggests signing a stranger's key because a trusted acquaintance
vouches for that person. Trust depends on directly verified identity--key
certifications plus the relying user's local policy and judgment of each
certifier as an introducer (`ownertrust`), not raw graph density or signature
validity alone. A signer must directly verify the claimed identity--key binding.
The target states all of these requirements.","The authority says usefulness requires as many people and connections as
possible, then suggests signing a stranger's key because a trusted acquaintance
vouches for that person. Trust depends on directly verified identity--key
certifications plus the relying user's local policy and judgment of each
certifier as an introducer (`ownertrust`), not raw graph density or signature
validity alone. A signer must directly verify the claimed identity--key binding.
The target states all of these requirements.","{""evidence_sha256"":""dd4de4ca603dc1bf67b635bce3199fcdbf6bcacbc3b8d3736350b5a825a00f57"",""ledger_id"":""R014-ADV-0109"",""path"":""qa/review-candidates/boundary28-r2/ADVERSE_LEDGER.md"",""target_path"":""qa/review-candidates/boundary28-r2/yaintt-id.tex"",""target_sha256"":""b1dd2926dc8bfdb84c6a3b4605490a8d96b14c44d89653867160d701fa0f17db""}","hold for at most one concise, deduplicated, high-confidence final upstream report","[""ttp.r014.unit.sec.mitm-certificates-trust""]",not_sent
r014.backend.record,1.0.0,ttp.r014.correction.0110,correction,active,ttp.r014.yaintt,ttp.r014.yaintt,ttp.r014.edition.id-id.boundary28-r2,mul,2026-08-22T03:06:00+02:00,codex.r014.id-ID,,source-backed correction documented in authoritative adverse ledger,"{""end_line"":787,""ledger_id"":""R014-ADV-0110"",""path"":""qa/review-candidates/boundary28-r2/ADVERSE_LEDGER.md"",""start_line"":780}",Key-fingerprint advice recommends broken MD5 and has a missing preposition,"The authority recommends checking an `md5` key fingerprint and ends with the
malformed phrase `second md5 pre-image the fingerprint`. MD5 has lacked
collision resistance since the source's own 2004 example and is unsuitable for
new key-fingerprint verification. The target requires the full fingerprint
under the current key format and explicitly rejects MD5 for this purpose.","The authority recommends checking an `md5` key fingerprint and ends with the
malformed phrase `second md5 pre-image the fingerprint`. MD5 has lacked
collision resistance since the source's own 2004 example and is unsuitable for
new key-fingerprint verification. The target requires the full fingerprint
under the current key format and explicitly rejects MD5 for this purpose.","{""evidence_sha256"":""dd4de4ca603dc1bf67b635bce3199fcdbf6bcacbc3b8d3736350b5a825a00f57"",""ledger_id"":""R014-ADV-0110"",""path"":""qa/review-candidates/boundary28-r2/ADVERSE_LEDGER.md"",""target_path"":""qa/review-candidates/boundary28-r2/yaintt-id.tex"",""target_sha256"":""b1dd2926dc8bfdb84c6a3b4605490a8d96b14c44d89653867160d701fa0f17db""}","hold for at most one concise, deduplicated, high-confidence final upstream report","[""ttp.r014.unit.sec.mitm-certificates-trust""]",not_sent
r014.backend.record,1.0.0,ttp.r014.correction.0111,correction,active,ttp.r014.yaintt,ttp.r014.yaintt,ttp.r014.edition.id-id.boundary28-r2,mul,2026-08-22T03:06:00+02:00,codex.r014.id-ID,,source-backed correction documented in authoritative adverse ledger,"{""end_line"":794,""ledger_id"":""R014-ADV-0111"",""path"":""qa/review-candidates/boundary28-r2/ADVERSE_LEDGER.md"",""start_line"":788}",Subgroup-order divisibility is attributed to Euler instead of Lagrange,"The authority says the order of `\left<a\right>` divides the order of the
ambient unit group “from Euler's Theorem.” This is the Lagrange-theorem result
already proved as Theorem `thm:orddividesphi`. The target restores that theorem
name and cross-reference.","The authority says the order of `\left<a\right>` divides the order of the
ambient unit group “from Euler's Theorem.” This is the Lagrange-theorem result
already proved as Theorem `thm:orddividesphi`. The target restores that theorem
name and cross-reference.","{""evidence_sha256"":""dd4de4ca603dc1bf67b635bce3199fcdbf6bcacbc3b8d3736350b5a825a00f57"",""ledger_id"":""R014-ADV-0111"",""path"":""qa/review-candidates/boundary28-r2/ADVERSE_LEDGER.md"",""target_path"":""qa/review-candidates/boundary28-r2/yaintt-id.tex"",""target_sha256"":""b1dd2926dc8bfdb84c6a3b4605490a8d96b14c44d89653867160d701fa0f17db""}","hold for at most one concise, deduplicated, high-confidence final upstream report","[""ttp.r014.unit.id-id.chap.ieqdl""]",not_sent
r014.backend.record,1.0.0,ttp.r014.correction.0112,correction,active,ttp.r014.yaintt,ttp.r014.yaintt,ttp.r014.edition.id-id.boundary28-r2,mul,2026-08-22T03:06:00+02:00,codex.r014.id-ID,,source-backed correction documented in authoritative adverse ledger,"{""end_line"":800,""ledger_id"":""R014-ADV-0112"",""path"":""qa/review-candidates/boundary28-r2/ADVERSE_LEDGER.md"",""start_line"":795}",Chapter observations drop the unit-group star,"Two bullets discuss large cyclic subgroups in `\ZZ/n\ZZ`, although all rows and
the surrounding argument concern the multiplicative unit group
`(\ZZ/n\ZZ)^*`. The target restores the starred group in both bullets.","Two bullets discuss large cyclic subgroups in `\ZZ/n\ZZ`, although all rows and
the surrounding argument concern the multiplicative unit group
`(\ZZ/n\ZZ)^*`. The target restores the starred group in both bullets.","{""evidence_sha256"":""dd4de4ca603dc1bf67b635bce3199fcdbf6bcacbc3b8d3736350b5a825a00f57"",""ledger_id"":""R014-ADV-0112"",""path"":""qa/review-candidates/boundary28-r2/ADVERSE_LEDGER.md"",""target_path"":""qa/review-candidates/boundary28-r2/yaintt-id.tex"",""target_sha256"":""b1dd2926dc8bfdb84c6a3b4605490a8d96b14c44d89653867160d701fa0f17db""}","hold for at most one concise, deduplicated, high-confidence final upstream report","[""ttp.r014.unit.id-id.chap.ieqdl""]",not_sent
r014.backend.record,1.0.0,ttp.r014.correction.0113,correction,active,ttp.r014.yaintt,ttp.r014.yaintt,ttp.r014.edition.id-id.boundary28-r2,mul,2026-08-22T03:06:00+02:00,codex.r014.id-ID,,source-backed correction documented in authoritative adverse ledger,"{""end_line"":806,""ledger_id"":""R014-ADV-0113"",""path"":""qa/review-candidates/boundary28-r2/ADVERSE_LEDGER.md"",""start_line"":801}",Order-of-a-power theorem drops the macro and modulus,"The authority states `ord_n(a^k)` without the command backslash and then sets
`r=\ord(a^k)` and `s=\ord(a)`, dropping the modulus that defines both orders.
The target consistently writes `\ord_n(a^k)` and `\ord_n(a)`.","The authority states `ord_n(a^k)` without the command backslash and then sets
`r=\ord(a^k)` and `s=\ord(a)`, dropping the modulus that defines both orders.
The target consistently writes `\ord_n(a^k)` and `\ord_n(a)`.","{""evidence_sha256"":""dd4de4ca603dc1bf67b635bce3199fcdbf6bcacbc3b8d3736350b5a825a00f57"",""ledger_id"":""R014-ADV-0113"",""path"":""qa/review-candidates/boundary28-r2/ADVERSE_LEDGER.md"",""target_path"":""qa/review-candidates/boundary28-r2/yaintt-id.tex"",""target_sha256"":""b1dd2926dc8bfdb84c6a3b4605490a8d96b14c44d89653867160d701fa0f17db""}","hold for at most one concise, deduplicated, high-confidence final upstream report","[""ttp.r014.unit.id-id.chap.ieqdl""]",not_sent
r014.backend.record,1.0.0,ttp.r014.correction.0114,correction,active,ttp.r014.yaintt,ttp.r014.yaintt,ttp.r014.edition.id-id.boundary28-r2,mul,2026-08-22T03:06:00+02:00,codex.r014.id-ID,,source-backed correction documented in authoritative adverse ledger,"{""end_line"":813,""ledger_id"":""R014-ADV-0114"",""path"":""qa/review-candidates/boundary28-r2/ADVERSE_LEDGER.md"",""start_line"":807}",Congruence in the order-of-a-power proof is printed as equality,"The authority writes
`(a^k)^{s/g}=(a^s)^{k/g}=1^{k/g}\equiv1\pmod n`. From the definition of
`s=\ord_n(a)`, only `a^s\equiv1\pmod n` is known, not literal equality.
The target changes the second equality to a congruence.","The authority writes
`(a^k)^{s/g}=(a^s)^{k/g}=1^{k/g}\equiv1\pmod n`. From the definition of
`s=\ord_n(a)`, only `a^s\equiv1\pmod n` is known, not literal equality.
The target changes the second equality to a congruence.","{""evidence_sha256"":""dd4de4ca603dc1bf67b635bce3199fcdbf6bcacbc3b8d3736350b5a825a00f57"",""ledger_id"":""R014-ADV-0114"",""path"":""qa/review-candidates/boundary28-r2/ADVERSE_LEDGER.md"",""target_path"":""qa/review-candidates/boundary28-r2/yaintt-id.tex"",""target_sha256"":""b1dd2926dc8bfdb84c6a3b4605490a8d96b14c44d89653867160d701fa0f17db""}","hold for at most one concise, deduplicated, high-confidence final upstream report","[""ttp.r014.unit.id-id.chap.ieqdl""]",not_sent
r014.backend.record,1.0.0,ttp.r014.correction.0115,correction,active,ttp.r014.yaintt,ttp.r014.yaintt,ttp.r014.edition.id-id.boundary28-r2,mul,2026-08-22T03:06:00+02:00,codex.r014.id-ID,,source-backed correction documented in authoritative adverse ledger,"{""end_line"":820,""ledger_id"":""R014-ADV-0115"",""path"":""qa/review-candidates/boundary28-r2/ADVERSE_LEDGER.md"",""start_line"":814}",Exercise applies relative primality to residue-class objects,"The authority declares `a,b\in\ZZ/n\ZZ` and then says those residue classes
are relatively prime to the integer `n`. The target states the intended typed
hypotheses as `a,b\in\ZZ` with `\gcd(a,n)=\gcd(b,n)=1`, under which every
displayed multiplicative order is defined.","The authority declares `a,b\in\ZZ/n\ZZ` and then says those residue classes
are relatively prime to the integer `n`. The target states the intended typed
hypotheses as `a,b\in\ZZ` with `\gcd(a,n)=\gcd(b,n)=1`, under which every
displayed multiplicative order is defined.","{""evidence_sha256"":""dd4de4ca603dc1bf67b635bce3199fcdbf6bcacbc3b8d3736350b5a825a00f57"",""ledger_id"":""R014-ADV-0115"",""path"":""qa/review-candidates/boundary28-r2/ADVERSE_LEDGER.md"",""target_path"":""qa/review-candidates/boundary28-r2/yaintt-id.tex"",""target_sha256"":""b1dd2926dc8bfdb84c6a3b4605490a8d96b14c44d89653867160d701fa0f17db""}","hold for at most one concise, deduplicated, high-confidence final upstream report","[""ttp.r014.unit.id-id.chap.ieqdl""]",not_sent
r014.backend.record,1.0.0,ttp.r014.correction.0116,correction,active,ttp.r014.yaintt,ttp.r014.yaintt,ttp.r014.edition.id-id.boundary28-r2,mul,2026-08-22T03:06:00+02:00,codex.r014.id-ID,,source-backed correction documented in authoritative adverse ledger,"{""end_line"":828,""ledger_id"":""R014-ADV-0116"",""path"":""qa/review-candidates/boundary28-r2/ADVERSE_LEDGER.md"",""start_line"":821}",Widely distributed CA keys are treated as inherently trusted,"The authority treats broad distribution of a CA verification key as a basis
for trust. Distribution alone permits the same key-substitution attack the
section is meant to prevent. The target requires an independently authenticated
trust anchor or a validated certification path ending at such an anchor, and
describes distribution as PKI machinery rather than a source of trust.","The authority treats broad distribution of a CA verification key as a basis
for trust. Distribution alone permits the same key-substitution attack the
section is meant to prevent. The target requires an independently authenticated
trust anchor or a validated certification path ending at such an anchor, and
describes distribution as PKI machinery rather than a source of trust.","{""evidence_sha256"":""dd4de4ca603dc1bf67b635bce3199fcdbf6bcacbc3b8d3736350b5a825a00f57"",""ledger_id"":""R014-ADV-0116"",""path"":""qa/review-candidates/boundary28-r2/ADVERSE_LEDGER.md"",""target_path"":""qa/review-candidates/boundary28-r2/yaintt-id.tex"",""target_sha256"":""b1dd2926dc8bfdb84c6a3b4605490a8d96b14c44d89653867160d701fa0f17db""}","hold for at most one concise, deduplicated, high-confidence final upstream report","[""ttp.r014.unit.id-id.chap.ieqdl""]",not_sent
r014.backend.record,1.0.0,ttp.r014.correction.0117,correction,active,ttp.r014.yaintt,ttp.r014.yaintt,ttp.r014.edition.id-id.boundary28-r2,mul,2026-08-22T03:06:00+02:00,codex.r014.id-ID,,source-backed correction documented in authoritative adverse ledger,"{""end_line"":839,""ledger_id"":""R014-ADV-0117"",""path"":""qa/review-candidates/boundary28-r2/ADVERSE_LEDGER.md"",""start_line"":829}",Positive-natural-number convention breaks two exponent proofs,"The authority uses `q,r\in\NN` in a division-algorithm step even though the
quotient or remainder may be zero. It also chooses `\ell\in\ZZ` in the
forward exponent-congruence proof and then raises a residue to a potentially
negative power without defining that operation; the reverse direction can
apply a theorem restricted to positive exponents to `j-k=0`. The target uses
nonnegative quotient/remainder and exponent domains, exploits symmetry to
avoid negative powers, and handles `j=k` before invoking the positive-exponent
theorem.","The authority uses `q,r\in\NN` in a division-algorithm step even though the
quotient or remainder may be zero. It also chooses `\ell\in\ZZ` in the
forward exponent-congruence proof and then raises a residue to a potentially
negative power without defining that operation; the reverse direction can
apply a theorem restricted to positive exponents to `j-k=0`. The target uses
nonnegative quotient/remainder and exponent domains, exploits symmetry to
avoid negative powers, and handles `j=k` before invoking the positive-exponent
theorem.","{""evidence_sha256"":""dd4de4ca603dc1bf67b635bce3199fcdbf6bcacbc3b8d3736350b5a825a00f57"",""ledger_id"":""R014-ADV-0117"",""path"":""qa/review-candidates/boundary28-r2/ADVERSE_LEDGER.md"",""target_path"":""qa/review-candidates/boundary28-r2/yaintt-id.tex"",""target_sha256"":""b1dd2926dc8bfdb84c6a3b4605490a8d96b14c44d89653867160d701fa0f17db""}","hold for at most one concise, deduplicated, high-confidence final upstream report","[""ttp.r014.unit.sec.multiplicative-order-properties""]",not_sent
r014.backend.record,1.0.0,ttp.r014.correction.0118,correction,active,ttp.r014.yaintt,ttp.r014.yaintt,ttp.r014.edition.id-id.boundary28-r2,mul,2026-08-22T03:06:00+02:00,codex.r014.id-ID,,source-backed correction documented in authoritative adverse ledger,"{""end_line"":847,""ledger_id"":""R014-ADV-0118"",""path"":""qa/review-candidates/boundary28-r2/ADVERSE_LEDGER.md"",""start_line"":840}",Primitive-root count proof loses its modulus and counting range,"The authority writes `\ord(b)` and `\ord(a)` although multiplicative order here
is defined modulo `n`, and introduces an unrestricted `k` even though powers
repeat periodically. It also has the typo “if `n` has any primitive roots than
it has.” The target uses `\ord_n`, takes the unique representative
`1\le k\le\phi(n)`, and repairs “then.”","The authority writes `\ord(b)` and `\ord(a)` although multiplicative order here
is defined modulo `n`, and introduces an unrestricted `k` even though powers
repeat periodically. It also has the typo “if `n` has any primitive roots than
it has.” The target uses `\ord_n`, takes the unique representative
`1\le k\le\phi(n)`, and repairs “then.”","{""evidence_sha256"":""dd4de4ca603dc1bf67b635bce3199fcdbf6bcacbc3b8d3736350b5a825a00f57"",""ledger_id"":""R014-ADV-0118"",""path"":""qa/review-candidates/boundary28-r2/ADVERSE_LEDGER.md"",""target_path"":""qa/review-candidates/boundary28-r2/yaintt-id.tex"",""target_sha256"":""b1dd2926dc8bfdb84c6a3b4605490a8d96b14c44d89653867160d701fa0f17db""}","hold for at most one concise, deduplicated, high-confidence final upstream report","[""ttp.r014.unit.sec.primitive-roots""]",not_sent
r014.backend.record,1.0.0,ttp.r014.correction.0119,correction,active,ttp.r014.yaintt,ttp.r014.yaintt,ttp.r014.edition.id-id.boundary28-r2,mul,2026-08-22T03:06:00+02:00,codex.r014.id-ID,,source-backed correction documented in authoritative adverse ledger,"{""end_line"":854,""ledger_id"":""R014-ADV-0119"",""path"":""qa/review-candidates/boundary28-r2/ADVERSE_LEDGER.md"",""start_line"":848}",Polynomial root proof substitutes the wrong variables,"Near the end of the Lagrange polynomial-root proof, the authority writes
`a(z)=b(x)(x-z_1)` and then says a root of `a(x)` must be a root of `b(a)`.
Both expressions mix or substitute the wrong variable. The target consistently
uses `a(x)\equiv b(x)(x-z_1)\pmod p` and roots of `b(x)` or `x-z_1`.","Near the end of the Lagrange polynomial-root proof, the authority writes
`a(z)=b(x)(x-z_1)` and then says a root of `a(x)` must be a root of `b(a)`.
Both expressions mix or substitute the wrong variable. The target consistently
uses `a(x)\equiv b(x)(x-z_1)\pmod p` and roots of `b(x)` or `x-z_1`.","{""evidence_sha256"":""dd4de4ca603dc1bf67b635bce3199fcdbf6bcacbc3b8d3736350b5a825a00f57"",""ledger_id"":""R014-ADV-0119"",""path"":""qa/review-candidates/boundary28-r2/ADVERSE_LEDGER.md"",""target_path"":""qa/review-candidates/boundary28-r2/yaintt-id.tex"",""target_sha256"":""b1dd2926dc8bfdb84c6a3b4605490a8d96b14c44d89653867160d701fa0f17db""}","hold for at most one concise, deduplicated, high-confidence final upstream report","[""ttp.r014.unit.sec.primitive-roots""]",not_sent
r014.backend.record,1.0.0,ttp.r014.correction.0120,correction,active,ttp.r014.yaintt,ttp.r014.yaintt,ttp.r014.edition.id-id.boundary28-r2,mul,2026-08-22T03:06:00+02:00,codex.r014.id-ID,,source-backed correction documented in authoritative adverse ledger,"{""end_line"":861,""ledger_id"":""R014-ADV-0120"",""path"":""qa/review-candidates/boundary28-r2/ADVERSE_LEDGER.md"",""start_line"":855}",Exact-root proof omits half of the bounding argument,"After showing that `x^d-1` has at least `d` roots, the authority ends with a
malformed sentence and never invokes the degree bound that gives at most `d`
roots. The target explicitly applies the preceding polynomial theorem to obtain
the matching upper bound and hence exact equality.","After showing that `x^d-1` has at least `d` roots, the authority ends with a
malformed sentence and never invokes the degree bound that gives at most `d`
roots. The target explicitly applies the preceding polynomial theorem to obtain
the matching upper bound and hence exact equality.","{""evidence_sha256"":""dd4de4ca603dc1bf67b635bce3199fcdbf6bcacbc3b8d3736350b5a825a00f57"",""ledger_id"":""R014-ADV-0120"",""path"":""qa/review-candidates/boundary28-r2/ADVERSE_LEDGER.md"",""target_path"":""qa/review-candidates/boundary28-r2/yaintt-id.tex"",""target_sha256"":""b1dd2926dc8bfdb84c6a3b4605490a8d96b14c44d89653867160d701fa0f17db""}","hold for at most one concise, deduplicated, high-confidence final upstream report","[""ttp.r014.unit.sec.primitive-roots""]",not_sent
r014.backend.record,1.0.0,ttp.r014.correction.0121,correction,active,ttp.r014.yaintt,ttp.r014.yaintt,ttp.r014.edition.id-id.boundary28-r2,mul,2026-08-22T03:06:00+02:00,codex.r014.id-ID,,source-backed correction documented in authoritative adverse ledger,"{""end_line"":868,""ledger_id"":""R014-ADV-0121"",""path"":""qa/review-candidates/boundary28-r2/ADVERSE_LEDGER.md"",""start_line"":862}",Element-count proof compares psi with itself,"The authority repeatedly prints `\psi(k)\le\psi(k)`, `\psi(k)=\psi(k)`, and
strict variants where the comparison required by the two divisor sums is
between `\psi(k)` and `\phi(k)`. The target restores `\psi(k)\le\phi(k)` and
uses equality of the finite sums to justify termwise equality.","The authority repeatedly prints `\psi(k)\le\psi(k)`, `\psi(k)=\psi(k)`, and
strict variants where the comparison required by the two divisor sums is
between `\psi(k)` and `\phi(k)`. The target restores `\psi(k)\le\phi(k)` and
uses equality of the finite sums to justify termwise equality.","{""evidence_sha256"":""dd4de4ca603dc1bf67b635bce3199fcdbf6bcacbc3b8d3736350b5a825a00f57"",""ledger_id"":""R014-ADV-0121"",""path"":""qa/review-candidates/boundary28-r2/ADVERSE_LEDGER.md"",""target_path"":""qa/review-candidates/boundary28-r2/yaintt-id.tex"",""target_sha256"":""b1dd2926dc8bfdb84c6a3b4605490a8d96b14c44d89653867160d701fa0f17db""}","hold for at most one concise, deduplicated, high-confidence final upstream report","[""ttp.r014.unit.sec.primitive-roots""]",not_sent
r014.backend.record,1.0.0,ttp.r014.correction.0122,correction,active,ttp.r014.yaintt,ttp.r014.yaintt,ttp.r014.edition.id-id.boundary28-r2,mul,2026-08-22T03:06:00+02:00,codex.r014.id-ID,,source-backed correction documented in authoritative adverse ledger,"{""end_line"":874,""ledger_id"":""R014-ADV-0122"",""path"":""qa/review-candidates/boundary28-r2/ADVERSE_LEDGER.md"",""start_line"":869}",Roots of unity are given the wrong congruence,"The authority says the powers of an element of order `k` satisfy
`x^k-1\equiv1\pmod p`; they satisfy `x^k-1\equiv0\pmod p`. The target restores
the zero on the right-hand side before applying the exact-root theorem.","The authority says the powers of an element of order `k` satisfy
`x^k-1\equiv1\pmod p`; they satisfy `x^k-1\equiv0\pmod p`. The target restores
the zero on the right-hand side before applying the exact-root theorem.","{""evidence_sha256"":""dd4de4ca603dc1bf67b635bce3199fcdbf6bcacbc3b8d3736350b5a825a00f57"",""ledger_id"":""R014-ADV-0122"",""path"":""qa/review-candidates/boundary28-r2/ADVERSE_LEDGER.md"",""target_path"":""qa/review-candidates/boundary28-r2/yaintt-id.tex"",""target_sha256"":""b1dd2926dc8bfdb84c6a3b4605490a8d96b14c44d89653867160d701fa0f17db""}","hold for at most one concise, deduplicated, high-confidence final upstream report","[""ttp.r014.unit.sec.primitive-roots""]",not_sent
r014.backend.record,1.0.0,ttp.r014.correction.0123,correction,active,ttp.r014.yaintt,ttp.r014.yaintt,ttp.r014.edition.id-id.boundary28-r2,mul,2026-08-22T03:06:00+02:00,codex.r014.id-ID,,source-backed correction documented in authoritative adverse ledger,"{""end_line"":880,""ledger_id"":""R014-ADV-0123"",""path"":""qa/review-candidates/boundary28-r2/ADVERSE_LEDGER.md"",""start_line"":875}",Root-count theorems omit the positive domain of d,"Two theorems quantify `d\mid p-1` while using `d` as a polynomial exponent and
an element order without declaring its domain. The target states
`d\in\NN`, consistent with the book's positive-natural-number convention.","Two theorems quantify `d\mid p-1` while using `d` as a polynomial exponent and
an element order without declaring its domain. The target states
`d\in\NN`, consistent with the book's positive-natural-number convention.","{""evidence_sha256"":""dd4de4ca603dc1bf67b635bce3199fcdbf6bcacbc3b8d3736350b5a825a00f57"",""ledger_id"":""R014-ADV-0123"",""path"":""qa/review-candidates/boundary28-r2/ADVERSE_LEDGER.md"",""target_path"":""qa/review-candidates/boundary28-r2/yaintt-id.tex"",""target_sha256"":""b1dd2926dc8bfdb84c6a3b4605490a8d96b14c44d89653867160d701fa0f17db""}","hold for at most one concise, deduplicated, high-confidence final upstream report","[""ttp.r014.unit.sec.primitive-roots""]",not_sent
r014.backend.record,1.0.0,ttp.r014.correction.0124,correction,active,ttp.r014.yaintt,ttp.r014.yaintt,ttp.r014.edition.id-id.boundary28-r2,mul,2026-08-22T03:06:00+02:00,codex.r014.id-ID,,source-backed correction documented in authoritative adverse ledger,"{""end_line"":885,""ledger_id"":""R014-ADV-0124"",""path"":""qa/review-candidates/boundary28-r2/ADVERSE_LEDGER.md"",""start_line"":881}",Primitive-root corollary substitutes a nonexistent variable,"The authority tells the reader to use `k=p-1` in a theorem whose quantified
order variable is `d`. The target correctly substitutes `d=p-1`.","The authority tells the reader to use `k=p-1` in a theorem whose quantified
order variable is `d`. The target correctly substitutes `d=p-1`.","{""evidence_sha256"":""dd4de4ca603dc1bf67b635bce3199fcdbf6bcacbc3b8d3736350b5a825a00f57"",""ledger_id"":""R014-ADV-0124"",""path"":""qa/review-candidates/boundary28-r2/ADVERSE_LEDGER.md"",""target_path"":""qa/review-candidates/boundary28-r2/yaintt-id.tex"",""target_sha256"":""b1dd2926dc8bfdb84c6a3b4605490a8d96b14c44d89653867160d701fa0f17db""}","hold for at most one concise, deduplicated, high-confidence final upstream report","[""ttp.r014.unit.sec.primitive-roots""]",not_sent
r014.backend.record,1.0.0,ttp.r014.correction.0125,correction,active,ttp.r014.yaintt,ttp.r014.yaintt,ttp.r014.edition.id-id.boundary28-r2,mul,2026-08-22T03:06:00+02:00,codex.r014.id-ID,,source-backed correction documented in authoritative adverse ledger,"{""end_line"":891,""ledger_id"":""R014-ADV-0125"",""path"":""qa/review-candidates/boundary28-r2/ADVERSE_LEDGER.md"",""start_line"":886}",Power-of-two theorem constrains an unbound n,"The authority begins `Let k\in\NN satisfy n\ge3. Then n=2^k ...`, constraining
`n` before it is introduced and failing to impose the induction's actual base
condition. The target states `k\ge3` and concludes directly about `2^k`.","The authority begins `Let k\in\NN satisfy n\ge3. Then n=2^k ...`, constraining
`n` before it is introduced and failing to impose the induction's actual base
condition. The target states `k\ge3` and concludes directly about `2^k`.","{""evidence_sha256"":""dd4de4ca603dc1bf67b635bce3199fcdbf6bcacbc3b8d3736350b5a825a00f57"",""ledger_id"":""R014-ADV-0125"",""path"":""qa/review-candidates/boundary28-r2/ADVERSE_LEDGER.md"",""target_path"":""qa/review-candidates/boundary28-r2/yaintt-id.tex"",""target_sha256"":""b1dd2926dc8bfdb84c6a3b4605490a8d96b14c44d89653867160d701fa0f17db""}","hold for at most one concise, deduplicated, high-confidence final upstream report","[""ttp.r014.unit.sec.primitive-roots""]",not_sent
r014.backend.record,1.0.0,ttp.r014.correction.0126,correction,active,ttp.r014.yaintt,ttp.r014.yaintt,ttp.r014.edition.id-id.boundary28-r2,mul,2026-08-22T03:06:00+02:00,codex.r014.id-ID,,source-backed correction documented in authoritative adverse ledger,"{""end_line"":897,""ledger_id"":""R014-ADV-0126"",""path"":""qa/review-candidates/boundary28-r2/ADVERSE_LEDGER.md"",""start_line"":892}",The n=17 index table has one incorrect entry,"In the row with primitive root `a=14`, the authority gives `16` for the column
`b=11`. Direct modular exponentiation gives `14^{15}\equiv11\pmod{17}`, while
`14^{16}\equiv1\pmod{17}`. The target changes that one entry to `15`.","In the row with primitive root `a=14`, the authority gives `16` for the column
`b=11`. Direct modular exponentiation gives `14^{15}\equiv11\pmod{17}`, while
`14^{16}\equiv1\pmod{17}`. The target changes that one entry to `15`.","{""evidence_sha256"":""dd4de4ca603dc1bf67b635bce3199fcdbf6bcacbc3b8d3736350b5a825a00f57"",""ledger_id"":""R014-ADV-0126"",""path"":""qa/review-candidates/boundary28-r2/ADVERSE_LEDGER.md"",""target_path"":""qa/review-candidates/boundary28-r2/yaintt-id.tex"",""target_sha256"":""b1dd2926dc8bfdb84c6a3b4605490a8d96b14c44d89653867160d701fa0f17db""}","hold for at most one concise, deduplicated, high-confidence final upstream report","[""ttp.r014.unit.sec.indices""]",not_sent
r014.backend.record,1.0.0,ttp.r014.correction.0127,correction,active,ttp.r014.yaintt,ttp.r014.yaintt,ttp.r014.edition.id-id.boundary28-r2,mul,2026-08-22T03:06:00+02:00,codex.r014.id-ID,,source-backed correction documented in authoritative adverse ledger,"{""end_line"":904,""ledger_id"":""R014-ADV-0127"",""path"":""qa/review-candidates/boundary28-r2/ADVERSE_LEDGER.md"",""start_line"":898}",A change-of-base example reverts to the old index base,"After explicitly changing the primitive-root base from `5` to `3`, the
authority correctly starts with `\ind_3` but reverts to `\ind_5` in the next
two displays. The target consistently uses `\ind_3` throughout that second
calculation.","After explicitly changing the primitive-root base from `5` to `3`, the
authority correctly starts with `\ind_3` but reverts to `\ind_5` in the next
two displays. The target consistently uses `\ind_3` throughout that second
calculation.","{""evidence_sha256"":""dd4de4ca603dc1bf67b635bce3199fcdbf6bcacbc3b8d3736350b5a825a00f57"",""ledger_id"":""R014-ADV-0127"",""path"":""qa/review-candidates/boundary28-r2/ADVERSE_LEDGER.md"",""target_path"":""qa/review-candidates/boundary28-r2/yaintt-id.tex"",""target_sha256"":""b1dd2926dc8bfdb84c6a3b4605490a8d96b14c44d89653867160d701fa0f17db""}","hold for at most one concise, deduplicated, high-confidence final upstream report","[""ttp.r014.unit.sec.indices""]",not_sent
r014.backend.record,1.0.0,ttp.r014.correction.0128,correction,active,ttp.r014.yaintt,ttp.r014.yaintt,ttp.r014.edition.id-id.boundary28-r2,mul,2026-08-22T03:06:00+02:00,codex.r014.id-ID,,source-backed correction documented in authoritative adverse ledger,"{""end_line"":912,""ledger_id"":""R014-ADV-0128"",""path"":""qa/review-candidates/boundary28-r2/ADVERSE_LEDGER.md"",""start_line"":905}",The discrete-logarithm hardness claim is unscoped,"The authority's wording can be read as claiming that inversion is infeasible
for arbitrary `n,a,b`, although small or poorly chosen groups are easy and the
computational qualification is platform-dependent. The target limits the claim
to suitably chosen large parameter families and states that no feasible
classical algorithm is known for those families.","The authority's wording can be read as claiming that inversion is infeasible
for arbitrary `n,a,b`, although small or poorly chosen groups are easy and the
computational qualification is platform-dependent. The target limits the claim
to suitably chosen large parameter families and states that no feasible
classical algorithm is known for those families.","{""evidence_sha256"":""dd4de4ca603dc1bf67b635bce3199fcdbf6bcacbc3b8d3736350b5a825a00f57"",""ledger_id"":""R014-ADV-0128"",""path"":""qa/review-candidates/boundary28-r2/ADVERSE_LEDGER.md"",""target_path"":""qa/review-candidates/boundary28-r2/yaintt-id.tex"",""target_sha256"":""b1dd2926dc8bfdb84c6a3b4605490a8d96b14c44d89653867160d701fa0f17db""}","hold for at most one concise, deduplicated, high-confidence final upstream report","[""ttp.r014.unit.sec.indices""]",not_sent
r014.backend.record,1.0.0,ttp.r014.correction.0129,correction,active,ttp.r014.yaintt,ttp.r014.yaintt,ttp.r014.edition.id-id.boundary28-r2,mul,2026-08-22T03:06:00+02:00,codex.r014.id-ID,,source-backed correction documented in authoritative adverse ledger,"{""end_line"":920,""ledger_id"":""R014-ADV-0129"",""path"":""qa/review-candidates/boundary28-r2/ADVERSE_LEDGER.md"",""start_line"":913}",DHKE permits two transparently insecure secret exponents,"The authority permits `1\le\alpha,\beta\le p-1`. An exponent of `1` publishes
the generator itself and makes the corresponding shared secret equal to the
other public share; an exponent of `p-1` publishes `1` and forces the shared
secret to `1`. The target excludes both endpoints by using
`2\le\alpha,\beta\le p-2`.","The authority permits `1\le\alpha,\beta\le p-1`. An exponent of `1` publishes
the generator itself and makes the corresponding shared secret equal to the
other public share; an exponent of `p-1` publishes `1` and forces the shared
secret to `1`. The target excludes both endpoints by using
`2\le\alpha,\beta\le p-2`.","{""evidence_sha256"":""dd4de4ca603dc1bf67b635bce3199fcdbf6bcacbc3b8d3736350b5a825a00f57"",""ledger_id"":""R014-ADV-0129"",""path"":""qa/review-candidates/boundary28-r2/ADVERSE_LEDGER.md"",""target_path"":""qa/review-candidates/boundary28-r2/yaintt-id.tex"",""target_sha256"":""b1dd2926dc8bfdb84c6a3b4605490a8d96b14c44d89653867160d701fa0f17db""}","hold for at most one concise, deduplicated, high-confidence final upstream report","[""ttp.r014.unit.id-id.sec.dhke""]",not_sent
r014.backend.record,1.0.0,ttp.r014.correction.0130,correction,active,ttp.r014.yaintt,ttp.r014.yaintt,ttp.r014.edition.id-id.boundary28-r2,mul,2026-08-22T03:06:00+02:00,codex.r014.id-ID,,source-backed correction documented in authoritative adverse ledger,"{""end_line"":927,""ledger_id"":""R014-ADV-0130"",""path"":""qa/review-candidates/boundary28-r2/ADVERSE_LEDGER.md"",""start_line"":921}",The DHKE definition and proof omit reduction modulo p,"The authority defines the two computations as literal integer powers and proves
their agreement with an equality chain, although the public shares and shared
secret are residue classes modulo `p`. The target includes `\pmod p` in both
protocol steps and uses a congruence chain in the proof.","The authority defines the two computations as literal integer powers and proves
their agreement with an equality chain, although the public shares and shared
secret are residue classes modulo `p`. The target includes `\pmod p` in both
protocol steps and uses a congruence chain in the proof.","{""evidence_sha256"":""dd4de4ca603dc1bf67b635bce3199fcdbf6bcacbc3b8d3736350b5a825a00f57"",""ledger_id"":""R014-ADV-0130"",""path"":""qa/review-candidates/boundary28-r2/ADVERSE_LEDGER.md"",""target_path"":""qa/review-candidates/boundary28-r2/yaintt-id.tex"",""target_sha256"":""b1dd2926dc8bfdb84c6a3b4605490a8d96b14c44d89653867160d701fa0f17db""}","hold for at most one concise, deduplicated, high-confidence final upstream report","[""ttp.r014.unit.id-id.sec.dhke""]",not_sent
r014.backend.record,1.0.0,ttp.r014.correction.0131,correction,active,ttp.r014.yaintt,ttp.r014.yaintt,ttp.r014.edition.id-id.boundary28-r2,mul,2026-08-22T03:06:00+02:00,codex.r014.id-ID,,source-backed correction documented in authoritative adverse ledger,"{""end_line"":934,""ledger_id"":""R014-ADV-0131"",""path"":""qa/review-candidates/boundary28-r2/ADVERSE_LEDGER.md"",""start_line"":928}",The DHKE diagram assigns the shared key to asymmetric crypto,"The authority's diagram says “assymteric crypto with key S,” both misspelling
“asymmetric” and contradicting the definition, which uses the negotiated
shared secret with a symmetric cryptosystem. The target labels the channel
“kriptografi simetris dengan kunci S.”","The authority's diagram says “assymteric crypto with key S,” both misspelling
“asymmetric” and contradicting the definition, which uses the negotiated
shared secret with a symmetric cryptosystem. The target labels the channel
“kriptografi simetris dengan kunci S.”","{""evidence_sha256"":""dd4de4ca603dc1bf67b635bce3199fcdbf6bcacbc3b8d3736350b5a825a00f57"",""ledger_id"":""R014-ADV-0131"",""path"":""qa/review-candidates/boundary28-r2/ADVERSE_LEDGER.md"",""target_path"":""qa/review-candidates/boundary28-r2/yaintt-id.tex"",""target_sha256"":""b1dd2926dc8bfdb84c6a3b4605490a8d96b14c44d89653867160d701fa0f17db""}","hold for at most one concise, deduplicated, high-confidence final upstream report","[""ttp.r014.unit.id-id.sec.dhke""]",not_sent
r014.backend.record,1.0.0,ttp.r014.correction.0132,correction,active,ttp.r014.yaintt,ttp.r014.yaintt,ttp.r014.edition.id-id.boundary28-r2,mul,2026-08-22T03:06:00+02:00,codex.r014.id-ID,,source-backed correction documented in authoritative adverse ledger,"{""end_line"":941,""ledger_id"":""R014-ADV-0132"",""path"":""qa/review-candidates/boundary28-r2/ADVERSE_LEDGER.md"",""start_line"":935}",The DHKE prose contains five mechanical sentence errors,"The authority prints “finding a the [large] prime,” “is explored” after an
already finite clause, “to computer backwards,” “which is does not,” and
“amounts of solving.” The target repairs these respectively while preserving
the surrounding claims.","The authority prints “finding a the [large] prime,” “is explored” after an
already finite clause, “to computer backwards,” “which is does not,” and
“amounts of solving.” The target repairs these respectively while preserving
the surrounding claims.","{""evidence_sha256"":""dd4de4ca603dc1bf67b635bce3199fcdbf6bcacbc3b8d3736350b5a825a00f57"",""ledger_id"":""R014-ADV-0132"",""path"":""qa/review-candidates/boundary28-r2/ADVERSE_LEDGER.md"",""target_path"":""qa/review-candidates/boundary28-r2/yaintt-id.tex"",""target_sha256"":""b1dd2926dc8bfdb84c6a3b4605490a8d96b14c44d89653867160d701fa0f17db""}","hold for at most one concise, deduplicated, high-confidence final upstream report","[""ttp.r014.unit.id-id.sec.dhke""]",not_sent
r014.backend.record,1.0.0,ttp.r014.correction.0133,correction,active,ttp.r014.yaintt,ttp.r014.yaintt,ttp.r014.edition.id-id.boundary28-r2,mul,2026-08-22T03:06:00+02:00,codex.r014.id-ID,,source-backed correction documented in authoritative adverse ledger,"{""end_line"":948,""ledger_id"":""R014-ADV-0133"",""path"":""qa/review-candidates/boundary28-r2/ADVERSE_LEDGER.md"",""start_line"":942}",DHP infeasibility is stated as an unconditional fact,"The authority says that the Diffie--Hellman problem “is not feasible on a
classical computer,” although this is an assumption that depends on the group
and parameter sizes. The target states instead that no feasible classical
algorithm is known for suitably chosen large parameter families.","The authority says that the Diffie--Hellman problem “is not feasible on a
classical computer,” although this is an assumption that depends on the group
and parameter sizes. The target states instead that no feasible classical
algorithm is known for suitably chosen large parameter families.","{""evidence_sha256"":""dd4de4ca603dc1bf67b635bce3199fcdbf6bcacbc3b8d3736350b5a825a00f57"",""ledger_id"":""R014-ADV-0133"",""path"":""qa/review-candidates/boundary28-r2/ADVERSE_LEDGER.md"",""target_path"":""qa/review-candidates/boundary28-r2/yaintt-id.tex"",""target_sha256"":""b1dd2926dc8bfdb84c6a3b4605490a8d96b14c44d89653867160d701fa0f17db""}","hold for at most one concise, deduplicated, high-confidence final upstream report","[""ttp.r014.unit.id-id.sec.dhke""]",not_sent
r014.backend.record,1.0.0,ttp.r014.correction.0134,correction,active,ttp.r014.yaintt,ttp.r014.yaintt,ttp.r014.edition.id-id.boundary28-r2,mul,2026-08-22T03:06:00+02:00,codex.r014.id-ID,,source-backed correction documented in authoritative adverse ledger,"{""end_line"":955,""ledger_id"":""R014-ADV-0134"",""path"":""qa/review-candidates/boundary28-r2/ADVERSE_LEDGER.md"",""start_line"":949}",The RSA recap identifies the secret factors as the private key,"The authority calls `(p,q)` the RSA private key, although its own RSA
definition uses `(n,d)` as that key. The factorization is secret information
from which `\phi(n)` and hence `d` can be derived. The target describes the
key owner as knowing the secret factors without relabeling them as the key.","The authority calls `(p,q)` the RSA private key, although its own RSA
definition uses `(n,d)` as that key. The factorization is secret information
from which `\phi(n)` and hence `d` can be derived. The target describes the
key owner as knowing the secret factors without relabeling them as the key.","{""evidence_sha256"":""dd4de4ca603dc1bf67b635bce3199fcdbf6bcacbc3b8d3736350b5a825a00f57"",""ledger_id"":""R014-ADV-0134"",""path"":""qa/review-candidates/boundary28-r2/ADVERSE_LEDGER.md"",""target_path"":""qa/review-candidates/boundary28-r2/yaintt-id.tex"",""target_sha256"":""b1dd2926dc8bfdb84c6a3b4605490a8d96b14c44d89653867160d701fa0f17db""}","hold for at most one concise, deduplicated, high-confidence final upstream report","[""ttp.r014.unit.id-id.sec.tegc""]",not_sent
r014.backend.record,1.0.0,ttp.r014.correction.0135,correction,active,ttp.r014.yaintt,ttp.r014.yaintt,ttp.r014.edition.id-id.boundary28-r2,mul,2026-08-22T03:06:00+02:00,codex.r014.id-ID,,source-backed correction documented in authoritative adverse ledger,"{""end_line"":961,""ledger_id"":""R014-ADV-0135"",""path"":""qa/review-candidates/boundary28-r2/ADVERSE_LEDGER.md"",""start_line"":956}",ElGamal key generation permits the trivial public value a=1,"The authority permits `2\le\alpha\le p-1`; choosing `\alpha=p-1` gives
`a\equiv1\pmod p` and destroys confidentiality. The target uses
`2\le\alpha\le p-2` in the definition and both diagrams.","The authority permits `2\le\alpha\le p-1`; choosing `\alpha=p-1` gives
`a\equiv1\pmod p` and destroys confidentiality. The target uses
`2\le\alpha\le p-2` in the definition and both diagrams.","{""evidence_sha256"":""dd4de4ca603dc1bf67b635bce3199fcdbf6bcacbc3b8d3736350b5a825a00f57"",""ledger_id"":""R014-ADV-0135"",""path"":""qa/review-candidates/boundary28-r2/ADVERSE_LEDGER.md"",""target_path"":""qa/review-candidates/boundary28-r2/yaintt-id.tex"",""target_sha256"":""b1dd2926dc8bfdb84c6a3b4605490a8d96b14c44d89653867160d701fa0f17db""}","hold for at most one concise, deduplicated, high-confidence final upstream report","[""ttp.r014.unit.id-id.sec.tegc""]",not_sent
r014.backend.record,1.0.0,ttp.r014.correction.0136,correction,active,ttp.r014.yaintt,ttp.r014.yaintt,ttp.r014.edition.id-id.boundary28-r2,mul,2026-08-22T03:06:00+02:00,codex.r014.id-ID,,source-backed correction documented in authoritative adverse ledger,"{""end_line"":968,""ledger_id"":""R014-ADV-0136"",""path"":""qa/review-candidates/boundary28-r2/ADVERSE_LEDGER.md"",""start_line"":962}",The ElGamal public-key map omits reduction modulo p,"The authority first writes `a=r^\alpha` and maps the private tuple to
`(p,r,r^\alpha)`, even though the public value is a residue represented modulo
`p`, as its own diagram later shows. The target makes the reduction explicit
at key generation and in the key-association map.","The authority first writes `a=r^\alpha` and maps the private tuple to
`(p,r,r^\alpha)`, even though the public value is a residue represented modulo
`p`, as its own diagram later shows. The target makes the reduction explicit
at key generation and in the key-association map.","{""evidence_sha256"":""dd4de4ca603dc1bf67b635bce3199fcdbf6bcacbc3b8d3736350b5a825a00f57"",""ledger_id"":""R014-ADV-0136"",""path"":""qa/review-candidates/boundary28-r2/ADVERSE_LEDGER.md"",""target_path"":""qa/review-candidates/boundary28-r2/yaintt-id.tex"",""target_sha256"":""b1dd2926dc8bfdb84c6a3b4605490a8d96b14c44d89653867160d701fa0f17db""}","hold for at most one concise, deduplicated, high-confidence final upstream report","[""ttp.r014.unit.id-id.sec.tegc""]",not_sent
r014.backend.record,1.0.0,ttp.r014.correction.0137,correction,active,ttp.r014.yaintt,ttp.r014.yaintt,ttp.r014.edition.id-id.boundary28-r2,mul,2026-08-22T03:06:00+02:00,codex.r014.id-ID,,source-backed correction documented in authoritative adverse ledger,"{""end_line"":975,""ledger_id"":""R014-ADV-0137"",""path"":""qa/review-candidates/boundary28-r2/ADVERSE_LEDGER.md"",""start_line"":969}",The ElGamal decryption formula and proof mishandle the modulus,"The authority's decryption definition omits reduction modulo `p`. Its first
proof line then inserts `\pmod*{p}` in the middle of a product, where it cannot
serve as an operand. The target defines the decrypted representative modulo
`p` and places one congruence modulus at the end of each proof line.","The authority's decryption definition omits reduction modulo `p`. Its first
proof line then inserts `\pmod*{p}` in the middle of a product, where it cannot
serve as an operand. The target defines the decrypted representative modulo
`p` and places one congruence modulus at the end of each proof line.","{""evidence_sha256"":""dd4de4ca603dc1bf67b635bce3199fcdbf6bcacbc3b8d3736350b5a825a00f57"",""ledger_id"":""R014-ADV-0137"",""path"":""qa/review-candidates/boundary28-r2/ADVERSE_LEDGER.md"",""target_path"":""qa/review-candidates/boundary28-r2/yaintt-id.tex"",""target_sha256"":""b1dd2926dc8bfdb84c6a3b4605490a8d96b14c44d89653867160d701fa0f17db""}","hold for at most one concise, deduplicated, high-confidence final upstream report","[""ttp.r014.unit.id-id.sec.tegc""]",not_sent
r014.backend.record,1.0.0,ttp.r014.correction.0138,correction,active,ttp.r014.yaintt,ttp.r014.yaintt,ttp.r014.edition.id-id.boundary28-r2,mul,2026-08-22T03:06:00+02:00,codex.r014.id-ID,,source-backed correction documented in authoritative adverse ledger,"{""end_line"":984,""ledger_id"":""R014-ADV-0138"",""path"":""qa/review-candidates/boundary28-r2/ADVERSE_LEDGER.md"",""start_line"":976}",The ElGamal signature uses the wrong value in its second component,"The first signature component is `x=r^\gamma\pmod p`, but the authority forms
the second component with the unreduced integer `r^\gamma`. Those values need
not agree modulo `p-1`, so the printed correctness proof does not follow.
The exercise's numerical signature confirms the intended standard formula
`y=\gamma^{-1}(m-\alpha x)\pmod{p-1}`. The target uses `x` in the definition,
diagram, and a corrected proof based on exponents modulo `p-1`.","The first signature component is `x=r^\gamma\pmod p`, but the authority forms
the second component with the unreduced integer `r^\gamma`. Those values need
not agree modulo `p-1`, so the printed correctness proof does not follow.
The exercise's numerical signature confirms the intended standard formula
`y=\gamma^{-1}(m-\alpha x)\pmod{p-1}`. The target uses `x` in the definition,
diagram, and a corrected proof based on exponents modulo `p-1`.","{""evidence_sha256"":""dd4de4ca603dc1bf67b635bce3199fcdbf6bcacbc3b8d3736350b5a825a00f57"",""ledger_id"":""R014-ADV-0138"",""path"":""qa/review-candidates/boundary28-r2/ADVERSE_LEDGER.md"",""target_path"":""qa/review-candidates/boundary28-r2/yaintt-id.tex"",""target_sha256"":""b1dd2926dc8bfdb84c6a3b4605490a8d96b14c44d89653867160d701fa0f17db""}","hold for at most one concise, deduplicated, high-confidence final upstream report","[""ttp.r014.unit.id-id.sec.tegc""]",not_sent
r014.backend.record,1.0.0,ttp.r014.correction.0139,correction,active,ttp.r014.yaintt,ttp.r014.yaintt,ttp.r014.edition.id-id.boundary28-r2,mul,2026-08-22T03:06:00+02:00,codex.r014.id-ID,,source-backed correction documented in authoritative adverse ledger,"{""end_line"":992,""ledger_id"":""R014-ADV-0139"",""path"":""qa/review-candidates/boundary28-r2/ADVERSE_LEDGER.md"",""start_line"":985}",Signature verification is treated as unconditional origin proof,"The authority asks whether a numerically valid signature proves that an email
came from the instructor. The target first asks whether verification passes,
then conditions signer attribution on an authenticated identity--key binding
and an uncompromised private key, consistent with the earlier signature and
PKI sections.","The authority asks whether a numerically valid signature proves that an email
came from the instructor. The target first asks whether verification passes,
then conditions signer attribution on an authenticated identity--key binding
and an uncompromised private key, consistent with the earlier signature and
PKI sections.","{""evidence_sha256"":""dd4de4ca603dc1bf67b635bce3199fcdbf6bcacbc3b8d3736350b5a825a00f57"",""ledger_id"":""R014-ADV-0139"",""path"":""qa/review-candidates/boundary28-r2/ADVERSE_LEDGER.md"",""target_path"":""qa/review-candidates/boundary28-r2/yaintt-id.tex"",""target_sha256"":""b1dd2926dc8bfdb84c6a3b4605490a8d96b14c44d89653867160d701fa0f17db""}","hold for at most one concise, deduplicated, high-confidence final upstream report","[""ttp.r014.unit.id-id.sec.tegc""]",not_sent
r014.backend.record,1.0.0,ttp.r014.correction.0140,correction,active,ttp.r014.yaintt,ttp.r014.yaintt,ttp.r014.edition.id-id.boundary28-r2,mul,2026-08-22T03:06:00+02:00,codex.r014.id-ID,,source-backed correction documented in authoritative adverse ledger,"{""end_line"":1000,""ledger_id"":""R014-ADV-0140"",""path"":""qa/review-candidates/boundary28-r2/ADVERSE_LEDGER.md"",""start_line"":993}",ElGamal functional correctness is not separated from security,"The authority motivates the construction using one-wayness and immediately
proves only decryption and signature correctness, which can be mistaken for a
strong security guarantee. The target explicitly states that stronger
guarantees require additional group, parameter-generation, encoding, and
fresh-randomness assumptions not proved in this section.","The authority motivates the construction using one-wayness and immediately
proves only decryption and signature correctness, which can be mistaken for a
strong security guarantee. The target explicitly states that stronger
guarantees require additional group, parameter-generation, encoding, and
fresh-randomness assumptions not proved in this section.","{""evidence_sha256"":""dd4de4ca603dc1bf67b635bce3199fcdbf6bcacbc3b8d3736350b5a825a00f57"",""ledger_id"":""R014-ADV-0140"",""path"":""qa/review-candidates/boundary28-r2/ADVERSE_LEDGER.md"",""target_path"":""qa/review-candidates/boundary28-r2/yaintt-id.tex"",""target_sha256"":""b1dd2926dc8bfdb84c6a3b4605490a8d96b14c44d89653867160d701fa0f17db""}","hold for at most one concise, deduplicated, high-confidence final upstream report","[""ttp.r014.unit.id-id.sec.tegc""]",not_sent
r014.backend.record,1.0.0,ttp.r014.correction.0141,correction,active,ttp.r014.yaintt,ttp.r014.yaintt,ttp.r014.edition.id-id.boundary28-r2,mul,2026-08-22T03:06:00+02:00,codex.r014.id-ID,,source-backed correction documented in authoritative adverse ledger,"{""end_line"":1005,""ledger_id"":""R014-ADV-0141"",""path"":""qa/review-candidates/boundary28-r2/ADVERSE_LEDGER.md"",""start_line"":1001}",The first ElGamal exercise begins with a subject typo,"The authority begins “You instructor still likes”; the target restores the
possessive meaning as “Pengajar Anda.”","The authority begins “You instructor still likes”; the target restores the
possessive meaning as “Pengajar Anda.”","{""evidence_sha256"":""dd4de4ca603dc1bf67b635bce3199fcdbf6bcacbc3b8d3736350b5a825a00f57"",""ledger_id"":""R014-ADV-0141"",""path"":""qa/review-candidates/boundary28-r2/ADVERSE_LEDGER.md"",""target_path"":""qa/review-candidates/boundary28-r2/yaintt-id.tex"",""target_sha256"":""b1dd2926dc8bfdb84c6a3b4605490a8d96b14c44d89653867160d701fa0f17db""}","hold for at most one concise, deduplicated, high-confidence final upstream report","[""ttp.r014.unit.id-id.sec.tegc""]",not_sent
