schema,schema_version,record_id,entity_class,status,work_id,resource_id,edition_id,locale,created_at,responsible_workflow,supersedes,subject_id,predicate,object_id,relation_order,evidence_locator,confidence
r014.backend.record,1.0.0,ttp.r014.relation.0001,relation,active,ttp.r014.yaintt,ttp.r014.yaintt,,und,2026-08-21T13:53:00+02:00,codex.r014.id-ID,,ttp.r014.unit.book,contains,ttp.r014.unit.frontmatter,1,,high
r014.backend.record,1.0.0,ttp.r014.relation.0002,relation,active,ttp.r014.yaintt,ttp.r014.yaintt,,und,2026-08-21T13:53:00+02:00,codex.r014.id-ID,,ttp.r014.unit.frontmatter,contains,ttp.r014.unit.frontmatter.title-page,2,,high
r014.backend.record,1.0.0,ttp.r014.relation.0003,relation,active,ttp.r014.yaintt,ttp.r014.yaintt,,und,2026-08-21T13:53:00+02:00,codex.r014.id-ID,,ttp.r014.unit.frontmatter.title-page,contains,ttp.r014.unit.frontmatter.title-page.figure.cover,3,,high
r014.backend.record,1.0.0,ttp.r014.relation.0004,relation,active,ttp.r014.yaintt,ttp.r014.yaintt,,und,2026-08-21T13:53:00+02:00,codex.r014.id-ID,,ttp.r014.unit.frontmatter,contains,ttp.r014.unit.frontmatter.preface,4,,high
r014.backend.record,1.0.0,ttp.r014.relation.0005,relation,active,ttp.r014.yaintt,ttp.r014.yaintt,,und,2026-08-21T13:53:00+02:00,codex.r014.id-ID,,ttp.r014.unit.frontmatter.preface,contains,ttp.r014.unit.frontmatter.preface.figure.license-badge,5,,high
r014.backend.record,1.0.0,ttp.r014.relation.0006,relation,active,ttp.r014.yaintt,ttp.r014.yaintt,,und,2026-08-21T13:53:00+02:00,codex.r014.id-ID,,ttp.r014.unit.frontmatter,contains,ttp.r014.unit.frontmatter.release-notes,6,,high
r014.backend.record,1.0.0,ttp.r014.relation.0007,relation,active,ttp.r014.yaintt,ttp.r014.yaintt,,und,2026-08-21T13:53:00+02:00,codex.r014.id-ID,,ttp.r014.unit.frontmatter.release-notes,contains,ttp.r014.unit.frontmatter.release-notes.figure.caution,7,,high
r014.backend.record,1.0.0,ttp.r014.relation.0008,relation,active,ttp.r014.yaintt,ttp.r014.yaintt,,und,2026-08-21T13:53:00+02:00,codex.r014.id-ID,,ttp.r014.unit.frontmatter,contains,ttp.r014.unit.frontmatter.toc,8,,high
r014.backend.record,1.0.0,ttp.r014.relation.0009,relation,active,ttp.r014.yaintt,ttp.r014.yaintt,,und,2026-08-21T13:53:00+02:00,codex.r014.id-ID,,ttp.r014.unit.book,contains,ttp.r014.unit.chap.woad,9,,high
r014.backend.record,1.0.0,ttp.r014.relation.0010,relation,active,ttp.r014.yaintt,ttp.r014.yaintt,,und,2026-08-21T13:53:00+02:00,codex.r014.id-ID,,ttp.r014.unit.chap.woad,contains,ttp.r014.unit.sec.wopami,10,,high
r014.backend.record,1.0.0,ttp.r014.relation.0011,relation,active,ttp.r014.yaintt,ttp.r014.yaintt,,und,2026-08-21T13:53:00+02:00,codex.r014.id-ID,,ttp.r014.unit.sec.wopami,contains,ttp.r014.unit.sec.wopami.discussion.01,11,,high
r014.backend.record,1.0.0,ttp.r014.relation.0012,relation,active,ttp.r014.yaintt,ttp.r014.yaintt,,und,2026-08-21T13:53:00+02:00,codex.r014.id-ID,,ttp.r014.unit.sec.wopami,contains,ttp.r014.unit.sec.wopami.subsection.01,12,,high
r014.backend.record,1.0.0,ttp.r014.relation.0013,relation,active,ttp.r014.yaintt,ttp.r014.yaintt,,und,2026-08-21T13:53:00+02:00,codex.r014.id-ID,,ttp.r014.unit.sec.wopami.subsection.01,contains,ttp.r014.unit.sec.wopami.definition.01,13,,high
r014.backend.record,1.0.0,ttp.r014.relation.0014,relation,active,ttp.r014.yaintt,ttp.r014.yaintt,,und,2026-08-21T13:53:00+02:00,codex.r014.id-ID,,ttp.r014.unit.sec.wopami.subsection.01,contains,ttp.r014.unit.sec.wopami.principle.well-ordering,14,,high
r014.backend.record,1.0.0,ttp.r014.relation.0015,relation,active,ttp.r014.yaintt,ttp.r014.yaintt,,und,2026-08-21T13:53:00+02:00,codex.r014.id-ID,,ttp.r014.unit.sec.wopami.subsection.01,contains,ttp.r014.unit.sec.wopami.discussion.02,15,,high
r014.backend.record,1.0.0,ttp.r014.relation.0016,relation,active,ttp.r014.yaintt,ttp.r014.yaintt,,und,2026-08-21T13:53:00+02:00,codex.r014.id-ID,,ttp.r014.unit.sec.wopami,contains,ttp.r014.unit.sec.wopami.subsection.02,16,,high
r014.backend.record,1.0.0,ttp.r014.relation.0017,relation,active,ttp.r014.yaintt,ttp.r014.yaintt,,und,2026-08-21T13:53:00+02:00,codex.r014.id-ID,,ttp.r014.unit.sec.wopami.subsection.02,contains,ttp.r014.unit.thm.pigeonhole,17,,high
r014.backend.record,1.0.0,ttp.r014.relation.0018,relation,active,ttp.r014.yaintt,ttp.r014.yaintt,,und,2026-08-21T13:53:00+02:00,codex.r014.id-ID,,ttp.r014.unit.thm.pigeonhole,contains,ttp.r014.unit.thm.pigeonhole.proof,18,,high
r014.backend.record,1.0.0,ttp.r014.relation.0019,relation,active,ttp.r014.yaintt,ttp.r014.yaintt,,und,2026-08-21T13:53:00+02:00,codex.r014.id-ID,,ttp.r014.unit.sec.wopami,contains,ttp.r014.unit.sec.wopami.subsection.03,19,,high
r014.backend.record,1.0.0,ttp.r014.relation.0020,relation,active,ttp.r014.yaintt,ttp.r014.yaintt,,und,2026-08-21T13:53:00+02:00,codex.r014.id-ID,,ttp.r014.unit.sec.wopami.subsection.03,contains,ttp.r014.unit.sec.wopami.discussion.03,20,,high
r014.backend.record,1.0.0,ttp.r014.relation.0021,relation,active,ttp.r014.yaintt,ttp.r014.yaintt,,und,2026-08-21T13:53:00+02:00,codex.r014.id-ID,,ttp.r014.unit.sec.wopami.subsection.03,contains,ttp.r014.unit.sec.wopami.theorem.induction.01,21,,high
r014.backend.record,1.0.0,ttp.r014.relation.0022,relation,active,ttp.r014.yaintt,ttp.r014.yaintt,,und,2026-08-21T13:53:00+02:00,codex.r014.id-ID,,ttp.r014.unit.sec.wopami.theorem.induction.01,contains,ttp.r014.unit.sec.wopami.theorem.induction.01.proof,22,,high
r014.backend.record,1.0.0,ttp.r014.relation.0023,relation,active,ttp.r014.yaintt,ttp.r014.yaintt,,und,2026-08-21T13:53:00+02:00,codex.r014.id-ID,,ttp.r014.unit.sec.wopami.subsection.03,contains,ttp.r014.unit.eg.inductionv1a,23,,high
r014.backend.record,1.0.0,ttp.r014.relation.0024,relation,active,ttp.r014.yaintt,ttp.r014.yaintt,,und,2026-08-21T13:53:00+02:00,codex.r014.id-ID,,ttp.r014.unit.eg.inductionv1a,contains,ttp.r014.unit.eg.inductionv1a.equation.01,24,,high
r014.backend.record,1.0.0,ttp.r014.relation.0025,relation,active,ttp.r014.yaintt,ttp.r014.yaintt,,und,2026-08-21T13:53:00+02:00,codex.r014.id-ID,,ttp.r014.unit.eg.inductionv1a,contains,ttp.r014.unit.eg.inductionv1a.equation.02,25,,high
r014.backend.record,1.0.0,ttp.r014.relation.0026,relation,active,ttp.r014.yaintt,ttp.r014.yaintt,,und,2026-08-21T13:53:00+02:00,codex.r014.id-ID,,ttp.r014.unit.eg.inductionv1a,contains,ttp.r014.unit.eg.inductionv1a.equation.03,26,,high
r014.backend.record,1.0.0,ttp.r014.relation.0027,relation,active,ttp.r014.yaintt,ttp.r014.yaintt,,und,2026-08-21T13:53:00+02:00,codex.r014.id-ID,,ttp.r014.unit.eg.inductionv1a,contains,ttp.r014.unit.eg.inductionv1a.equation.04,27,,high
r014.backend.record,1.0.0,ttp.r014.relation.0028,relation,active,ttp.r014.yaintt,ttp.r014.yaintt,,und,2026-08-21T13:53:00+02:00,codex.r014.id-ID,,ttp.r014.unit.sec.wopami.subsection.03,contains,ttp.r014.unit.eg.inductionv1b,28,,high
r014.backend.record,1.0.0,ttp.r014.relation.0029,relation,active,ttp.r014.yaintt,ttp.r014.yaintt,,und,2026-08-21T13:53:00+02:00,codex.r014.id-ID,,ttp.r014.unit.eg.inductionv1b,contains,ttp.r014.unit.eg.inductionv1b.equation.01,29,,high
r014.backend.record,1.0.0,ttp.r014.relation.0030,relation,active,ttp.r014.yaintt,ttp.r014.yaintt,,und,2026-08-21T13:53:00+02:00,codex.r014.id-ID,,ttp.r014.unit.eg.inductionv1b,contains,ttp.r014.unit.eg.inductionv1b.equation.02,30,,high
r014.backend.record,1.0.0,ttp.r014.relation.0031,relation,active,ttp.r014.yaintt,ttp.r014.yaintt,,und,2026-08-21T13:53:00+02:00,codex.r014.id-ID,,ttp.r014.unit.sec.wopami.subsection.03,contains,ttp.r014.unit.sec.wopami.theorem.induction.02,31,,high
r014.backend.record,1.0.0,ttp.r014.relation.0032,relation,active,ttp.r014.yaintt,ttp.r014.yaintt,,und,2026-08-21T13:53:00+02:00,codex.r014.id-ID,,ttp.r014.unit.sec.wopami.theorem.induction.02,contains,ttp.r014.unit.sec.wopami.theorem.induction.02.proof,32,,high
r014.backend.record,1.0.0,ttp.r014.relation.0033,relation,active,ttp.r014.yaintt,ttp.r014.yaintt,,und,2026-08-21T13:53:00+02:00,codex.r014.id-ID,,ttp.r014.unit.sec.wopami,contains,ttp.r014.unit.sec.wopami.exercises,33,,high
r014.backend.record,1.0.0,ttp.r014.relation.0034,relation,active,ttp.r014.yaintt,ttp.r014.yaintt,,und,2026-08-21T13:53:00+02:00,codex.r014.id-ID,,ttp.r014.unit.sec.wopami.exercises,contains,ttp.r014.unit.sec.wopami.exercise.01,34,,high
r014.backend.record,1.0.0,ttp.r014.relation.0035,relation,active,ttp.r014.yaintt,ttp.r014.yaintt,,und,2026-08-21T13:53:00+02:00,codex.r014.id-ID,,ttp.r014.unit.sec.wopami.exercises,contains,ttp.r014.unit.sec.wopami.exercise.02,35,,high
r014.backend.record,1.0.0,ttp.r014.relation.0036,relation,active,ttp.r014.yaintt,ttp.r014.yaintt,,und,2026-08-21T13:53:00+02:00,codex.r014.id-ID,,ttp.r014.unit.sec.wopami.exercises,contains,ttp.r014.unit.sec.wopami.exercise.03,36,,high
r014.backend.record,1.0.0,ttp.r014.relation.0037,relation,active,ttp.r014.yaintt,ttp.r014.yaintt,,und,2026-08-21T13:53:00+02:00,codex.r014.id-ID,,ttp.r014.unit.sec.wopami.exercises,contains,ttp.r014.unit.sec.wopami.exercise.04,37,,high
r014.backend.record,1.0.0,ttp.r014.relation.0038,relation,active,ttp.r014.yaintt,ttp.r014.yaintt,,und,2026-08-21T13:53:00+02:00,codex.r014.id-ID,,ttp.r014.unit.sec.wopami.exercises,contains,ttp.r014.unit.sec.wopami.exercise.05,38,,high
r014.backend.record,1.0.0,ttp.r014.relation.0039,relation,active,ttp.r014.yaintt,ttp.r014.yaintt,,und,2026-08-21T13:53:00+02:00,codex.r014.id-ID,,ttp.r014.unit.sec.wopami.exercises,contains,ttp.r014.unit.sec.wopami.exercise.06,39,,high
r014.backend.record,1.0.0,ttp.r014.relation.0040,relation,active,ttp.r014.yaintt,ttp.r014.yaintt,,und,2026-08-21T13:53:00+02:00,codex.r014.id-ID,,ttp.r014.unit.sec.wopami.exercises,contains,ttp.r014.unit.sec.wopami.exercise.07,40,,high
r014.backend.record,1.0.0,ttp.r014.relation.0041,relation,active,ttp.r014.yaintt,ttp.r014.yaintt,,und,2026-08-21T13:53:00+02:00,codex.r014.id-ID,,ttp.r014.unit.chap.woad,contains,ttp.r014.unit.sec.aowi,41,,high
r014.backend.record,1.0.0,ttp.r014.relation.0042,relation,active,ttp.r014.yaintt,ttp.r014.yaintt,,und,2026-08-21T13:53:00+02:00,codex.r014.id-ID,,ttp.r014.unit.book,contains,ttp.r014.unit.chap.crypto,42,,high
r014.backend.record,1.0.0,ttp.r014.relation.0043,relation,active,ttp.r014.yaintt,ttp.r014.yaintt,,und,2026-08-21T13:53:00+02:00,codex.r014.id-ID,,ttp.r014.unit.book,contains,ttp.r014.unit.chap.ieqdl,43,,high
r014.backend.record,1.0.0,ttp.r014.relation.0044,relation,active,ttp.r014.yaintt,ttp.r014.yaintt,,und,2026-08-21T13:53:00+02:00,codex.r014.id-ID,,ttp.r014.unit.chap.ieqdl,contains,ttp.r014.unit.sec.dhke,44,,high
r014.backend.record,1.0.0,ttp.r014.relation.0045,relation,active,ttp.r014.yaintt,ttp.r014.yaintt,,und,2026-08-21T13:53:00+02:00,codex.r014.id-ID,,ttp.r014.unit.chap.ieqdl,contains,ttp.r014.unit.sec.tegc,45,,high
r014.backend.record,1.0.0,ttp.r014.relation.0046,relation,active,ttp.r014.yaintt,ttp.r014.yaintt,,und,2026-08-21T13:53:00+02:00,codex.r014.id-ID,,ttp.r014.unit.book,contains,ttp.r014.unit.backmatter,46,,high
r014.backend.record,1.0.0,ttp.r014.relation.0047,relation,active,ttp.r014.yaintt,ttp.r014.yaintt,,und,2026-08-21T13:53:00+02:00,codex.r014.id-ID,,ttp.r014.unit.backmatter,contains,ttp.r014.unit.backmatter.bibliography,47,,high
r014.backend.record,1.0.0,ttp.r014.relation.0048,relation,active,ttp.r014.yaintt,ttp.r014.yaintt,,und,2026-08-21T13:53:00+02:00,codex.r014.id-ID,,ttp.r014.unit.backmatter.bibliography,contains,ttp.r014.unit.bib.stallman2002free,48,,high
r014.backend.record,1.0.0,ttp.r014.relation.0049,relation,active,ttp.r014.yaintt,ttp.r014.yaintt,,und,2026-08-21T13:53:00+02:00,codex.r014.id-ID,,ttp.r014.unit.backmatter.bibliography,contains,ttp.r014.unit.bib.hardy2005mathematician,49,,high
r014.backend.record,1.0.0,ttp.r014.relation.0050,relation,active,ttp.r014.yaintt,ttp.r014.yaintt,,und,2026-08-21T13:53:00+02:00,codex.r014.id-ID,,ttp.r014.unit.backmatter.bibliography,contains,ttp.r014.unit.bib.bourbaki2004theory,50,,high
r014.backend.record,1.0.0,ttp.r014.relation.0051,relation,active,ttp.r014.yaintt,ttp.r014.yaintt,,und,2026-08-21T13:53:00+02:00,codex.r014.id-ID,,ttp.r014.unit.backmatter,contains,ttp.r014.unit.backmatter.index,51,,high
r014.backend.record,1.0.0,ttp.r014.relation.0052,relation,active,ttp.r014.yaintt,ttp.r014.yaintt,,und,2026-08-21T13:53:00+02:00,codex.r014.id-ID,,ttp.program.mathematics.id-id.v1,contains,ttp.course.c60,52,,high
r014.backend.record,1.0.0,ttp.r014.relation.0053,relation,active,ttp.r014.yaintt,ttp.r014.yaintt,,und,2026-08-21T13:53:00+02:00,codex.r014.id-ID,,ttp.r014.unit.frontmatter.title-page,precedes,ttp.r014.unit.frontmatter.preface,53,,high
r014.backend.record,1.0.0,ttp.r014.relation.0054,relation,active,ttp.r014.yaintt,ttp.r014.yaintt,,und,2026-08-21T13:53:00+02:00,codex.r014.id-ID,,ttp.r014.unit.frontmatter.preface,precedes,ttp.r014.unit.frontmatter.release-notes,54,,high
r014.backend.record,1.0.0,ttp.r014.relation.0055,relation,active,ttp.r014.yaintt,ttp.r014.yaintt,,und,2026-08-21T13:53:00+02:00,codex.r014.id-ID,,ttp.r014.unit.frontmatter.release-notes,precedes,ttp.r014.unit.frontmatter.toc,55,,high
r014.backend.record,1.0.0,ttp.r014.relation.0056,relation,active,ttp.r014.yaintt,ttp.r014.yaintt,,und,2026-08-21T13:53:00+02:00,codex.r014.id-ID,,ttp.r014.unit.sec.wopami.discussion.01,precedes,ttp.r014.unit.sec.wopami.subsection.01,56,,high
r014.backend.record,1.0.0,ttp.r014.relation.0057,relation,active,ttp.r014.yaintt,ttp.r014.yaintt,,und,2026-08-21T13:53:00+02:00,codex.r014.id-ID,,ttp.r014.unit.sec.wopami.subsection.01,precedes,ttp.r014.unit.sec.wopami.subsection.02,57,,high
r014.backend.record,1.0.0,ttp.r014.relation.0058,relation,active,ttp.r014.yaintt,ttp.r014.yaintt,,und,2026-08-21T13:53:00+02:00,codex.r014.id-ID,,ttp.r014.unit.sec.wopami.subsection.02,precedes,ttp.r014.unit.sec.wopami.subsection.03,58,,high
r014.backend.record,1.0.0,ttp.r014.relation.0059,relation,active,ttp.r014.yaintt,ttp.r014.yaintt,,und,2026-08-21T13:53:00+02:00,codex.r014.id-ID,,ttp.r014.unit.sec.wopami.subsection.03,precedes,ttp.r014.unit.sec.wopami.exercises,59,,high
r014.backend.record,1.0.0,ttp.r014.relation.0060,relation,active,ttp.r014.yaintt,ttp.r014.yaintt,,und,2026-08-21T13:53:00+02:00,codex.r014.id-ID,,ttp.r014.unit.sec.wopami.definition.01,precedes,ttp.r014.unit.sec.wopami.principle.well-ordering,60,,high
r014.backend.record,1.0.0,ttp.r014.relation.0061,relation,active,ttp.r014.yaintt,ttp.r014.yaintt,,und,2026-08-21T13:53:00+02:00,codex.r014.id-ID,,ttp.r014.unit.sec.wopami.principle.well-ordering,precedes,ttp.r014.unit.sec.wopami.discussion.02,61,,high
r014.backend.record,1.0.0,ttp.r014.relation.0062,relation,active,ttp.r014.yaintt,ttp.r014.yaintt,,und,2026-08-21T13:53:00+02:00,codex.r014.id-ID,,ttp.r014.unit.sec.wopami.discussion.03,precedes,ttp.r014.unit.sec.wopami.theorem.induction.01,62,,high
r014.backend.record,1.0.0,ttp.r014.relation.0063,relation,active,ttp.r014.yaintt,ttp.r014.yaintt,,und,2026-08-21T13:53:00+02:00,codex.r014.id-ID,,ttp.r014.unit.sec.wopami.theorem.induction.01,precedes,ttp.r014.unit.eg.inductionv1a,63,,high
r014.backend.record,1.0.0,ttp.r014.relation.0064,relation,active,ttp.r014.yaintt,ttp.r014.yaintt,,und,2026-08-21T13:53:00+02:00,codex.r014.id-ID,,ttp.r014.unit.eg.inductionv1a,precedes,ttp.r014.unit.eg.inductionv1b,64,,high
r014.backend.record,1.0.0,ttp.r014.relation.0065,relation,active,ttp.r014.yaintt,ttp.r014.yaintt,,und,2026-08-21T13:53:00+02:00,codex.r014.id-ID,,ttp.r014.unit.eg.inductionv1b,precedes,ttp.r014.unit.sec.wopami.theorem.induction.02,65,,high
r014.backend.record,1.0.0,ttp.r014.relation.0066,relation,active,ttp.r014.yaintt,ttp.r014.yaintt,,und,2026-08-21T13:53:00+02:00,codex.r014.id-ID,,ttp.r014.unit.eg.inductionv1a.equation.01,precedes,ttp.r014.unit.eg.inductionv1a.equation.02,66,,high
r014.backend.record,1.0.0,ttp.r014.relation.0067,relation,active,ttp.r014.yaintt,ttp.r014.yaintt,,und,2026-08-21T13:53:00+02:00,codex.r014.id-ID,,ttp.r014.unit.eg.inductionv1a.equation.02,precedes,ttp.r014.unit.eg.inductionv1a.equation.03,67,,high
r014.backend.record,1.0.0,ttp.r014.relation.0068,relation,active,ttp.r014.yaintt,ttp.r014.yaintt,,und,2026-08-21T13:53:00+02:00,codex.r014.id-ID,,ttp.r014.unit.eg.inductionv1a.equation.03,precedes,ttp.r014.unit.eg.inductionv1a.equation.04,68,,high
r014.backend.record,1.0.0,ttp.r014.relation.0069,relation,active,ttp.r014.yaintt,ttp.r014.yaintt,,und,2026-08-21T13:53:00+02:00,codex.r014.id-ID,,ttp.r014.unit.eg.inductionv1b.equation.01,precedes,ttp.r014.unit.eg.inductionv1b.equation.02,69,,high
r014.backend.record,1.0.0,ttp.r014.relation.0070,relation,active,ttp.r014.yaintt,ttp.r014.yaintt,,und,2026-08-21T13:53:00+02:00,codex.r014.id-ID,,ttp.r014.unit.sec.wopami.exercise.01,precedes,ttp.r014.unit.sec.wopami.exercise.02,70,,high
r014.backend.record,1.0.0,ttp.r014.relation.0071,relation,active,ttp.r014.yaintt,ttp.r014.yaintt,,und,2026-08-21T13:53:00+02:00,codex.r014.id-ID,,ttp.r014.unit.sec.wopami.exercise.02,precedes,ttp.r014.unit.sec.wopami.exercise.03,71,,high
r014.backend.record,1.0.0,ttp.r014.relation.0072,relation,active,ttp.r014.yaintt,ttp.r014.yaintt,,und,2026-08-21T13:53:00+02:00,codex.r014.id-ID,,ttp.r014.unit.sec.wopami.exercise.03,precedes,ttp.r014.unit.sec.wopami.exercise.04,72,,high
r014.backend.record,1.0.0,ttp.r014.relation.0073,relation,active,ttp.r014.yaintt,ttp.r014.yaintt,,und,2026-08-21T13:53:00+02:00,codex.r014.id-ID,,ttp.r014.unit.sec.wopami.exercise.04,precedes,ttp.r014.unit.sec.wopami.exercise.05,73,,high
r014.backend.record,1.0.0,ttp.r014.relation.0074,relation,active,ttp.r014.yaintt,ttp.r014.yaintt,,und,2026-08-21T13:53:00+02:00,codex.r014.id-ID,,ttp.r014.unit.sec.wopami.exercise.05,precedes,ttp.r014.unit.sec.wopami.exercise.06,74,,high
r014.backend.record,1.0.0,ttp.r014.relation.0075,relation,active,ttp.r014.yaintt,ttp.r014.yaintt,,und,2026-08-21T13:53:00+02:00,codex.r014.id-ID,,ttp.r014.unit.sec.wopami.exercise.06,precedes,ttp.r014.unit.sec.wopami.exercise.07,75,,high
r014.backend.record,1.0.0,ttp.r014.relation.0076,relation,active,ttp.r014.yaintt,ttp.r014.yaintt,,und,2026-08-21T13:53:00+02:00,codex.r014.id-ID,,ttp.r014.unit.backmatter.bibliography,precedes,ttp.r014.unit.backmatter.index,76,,high
r014.backend.record,1.0.0,ttp.r014.relation.0077,relation,active,ttp.r014.yaintt,ttp.r014.yaintt,,und,2026-08-21T13:53:00+02:00,codex.r014.id-ID,,ttp.r014.unit.bib.stallman2002free,precedes,ttp.r014.unit.bib.hardy2005mathematician,77,,high
r014.backend.record,1.0.0,ttp.r014.relation.0078,relation,active,ttp.r014.yaintt,ttp.r014.yaintt,,und,2026-08-21T13:53:00+02:00,codex.r014.id-ID,,ttp.r014.unit.bib.hardy2005mathematician,precedes,ttp.r014.unit.bib.bourbaki2004theory,78,,high
r014.backend.record,1.0.0,ttp.r014.relation.0079,relation,active,ttp.r014.yaintt,ttp.r014.yaintt,,und,2026-08-21T13:53:00+02:00,codex.r014.id-ID,,ttp.r014.unit.sec.wopami,precedes,ttp.r014.unit.sec.aowi,79,,high
r014.backend.record,1.0.0,ttp.r014.relation.0080,relation,active,ttp.r014.yaintt,ttp.r014.yaintt,,und,2026-08-21T13:53:00+02:00,codex.r014.id-ID,,ttp.course.c60,depends_on,ttp.r014.yaintt,80,"{""path"":""authority/receipts/C60_CURRICULUM_AUTHORITY.json""}",high
r014.backend.record,1.0.0,ttp.r014.relation.0081,relation,active,ttp.r014.yaintt,ttp.r014.yaintt,,und,2026-08-21T13:53:00+02:00,codex.r014.id-ID,,ttp.r014.edition.id-id.boundary3,translates,ttp.r014.edition.source.2014-05-07,81,,high
r014.backend.record,1.0.0,ttp.r014.relation.0082,relation,active,ttp.r014.yaintt,ttp.r014.yaintt,,und,2026-08-21T13:53:00+02:00,codex.r014.id-ID,,ttp.r014.edition.id-id.boundary3,adapts,ttp.r014.edition.source.2014-05-07,82,,high
r014.backend.record,1.0.0,ttp.r014.relation.0083,relation,active,ttp.r014.yaintt,ttp.r014.yaintt,,und,2026-08-21T13:53:00+02:00,codex.r014.id-ID,,ttp.r014.edition.source.2014-05-07,depends_on,ttp.r014.asset.authority.yaintt_tex,83,,high
r014.backend.record,1.0.0,ttp.r014.relation.0084,relation,active,ttp.r014.yaintt,ttp.r014.yaintt,,und,2026-08-21T13:53:00+02:00,codex.r014.id-ID,,ttp.r014.edition.source.2014-05-07,depends_on,ttp.r014.asset.authority.refs_bib,84,,high
r014.backend.record,1.0.0,ttp.r014.relation.0085,relation,active,ttp.r014.yaintt,ttp.r014.yaintt,,und,2026-08-21T13:53:00+02:00,codex.r014.id-ID,,ttp.r014.edition.source.2014-05-07,depends_on,ttp.r014.asset.authority.by_sa_eps,85,,high
r014.backend.record,1.0.0,ttp.r014.relation.0086,relation,active,ttp.r014.yaintt,ttp.r014.yaintt,,und,2026-08-21T13:53:00+02:00,codex.r014.id-ID,,ttp.r014.edition.source.2014-05-07,depends_on,ttp.r014.asset.authority.cover_art_eps,86,,high
r014.backend.record,1.0.0,ttp.r014.relation.0087,relation,active,ttp.r014.yaintt,ttp.r014.yaintt,,und,2026-08-21T13:53:00+02:00,codex.r014.id-ID,,ttp.r014.edition.source.2014-05-07,depends_on,ttp.r014.asset.authority.dbend_eps,87,,high
r014.backend.record,1.0.0,ttp.r014.relation.0088,relation,active,ttp.r014.yaintt,ttp.r014.yaintt,,und,2026-08-21T13:53:00+02:00,codex.r014.id-ID,,ttp.r014.edition.source.2014-05-07,depends_on,ttp.r014.asset.authority.eng_freq_hist_eps,88,,high
r014.backend.record,1.0.0,ttp.r014.relation.0089,relation,active,ttp.r014.yaintt,ttp.r014.yaintt,,und,2026-08-21T13:53:00+02:00,codex.r014.id-ID,,ttp.r014.edition.source.2014-05-07,depends_on,ttp.r014.asset.authority.hamhip_freqs_eps,89,,high
r014.backend.record,1.0.0,ttp.r014.relation.0090,relation,active,ttp.r014.yaintt,ttp.r014.yaintt,,und,2026-08-21T13:53:00+02:00,codex.r014.id-ID,,ttp.r014.edition.source.2014-05-07,depends_on,ttp.r014.asset.authority.samp_cct_hist_eps,90,,high
r014.backend.record,1.0.0,ttp.r014.relation.0091,relation,active,ttp.r014.yaintt,ttp.r014.yaintt,,und,2026-08-21T13:53:00+02:00,codex.r014.id-ID,,ttp.r014.edition.source.2014-05-07,depends_on,ttp.r014.asset.authority.scytale_eps,91,,high
r014.backend.record,1.0.0,ttp.r014.relation.0092,relation,active,ttp.r014.yaintt,ttp.r014.yaintt,,und,2026-08-21T13:53:00+02:00,codex.r014.id-ID,,ttp.r014.edition.source.2014-05-07,depends_on,ttp.r014.asset.authority.seadk_cct_eps,92,,high
r014.backend.record,1.0.0,ttp.r014.relation.0093,relation,active,ttp.r014.yaintt,ttp.r014.yaintt,,und,2026-08-21T13:53:00+02:00,codex.r014.id-ID,,ttp.r014.edition.source.2014-05-07,depends_on,ttp.r014.asset.authority.seadk_hamhip_eps,93,,high
r014.backend.record,1.0.0,ttp.r014.relation.0094,relation,active,ttp.r014.yaintt,ttp.r014.yaintt,,und,2026-08-21T13:53:00+02:00,codex.r014.id-ID,,ttp.r014.edition.source.2014-05-07,depends_on,ttp.r014.asset.authority.seadk_rkkrt_eps,94,,high
r014.backend.record,1.0.0,ttp.r014.relation.0095,relation,active,ttp.r014.yaintt,ttp.r014.yaintt,,und,2026-08-21T13:53:00+02:00,codex.r014.id-ID,,ttp.r014.edition.id-id.boundary3,depends_on,ttp.r014.asset.authority.yaintt_tex,95,,high
r014.backend.record,1.0.0,ttp.r014.relation.0096,relation,active,ttp.r014.yaintt,ttp.r014.yaintt,,und,2026-08-21T13:53:00+02:00,codex.r014.id-ID,,ttp.r014.edition.id-id.boundary3,depends_on,ttp.r014.asset.authority.refs_bib,96,,high
r014.backend.record,1.0.0,ttp.r014.relation.0097,relation,active,ttp.r014.yaintt,ttp.r014.yaintt,,und,2026-08-21T13:53:00+02:00,codex.r014.id-ID,,ttp.r014.edition.id-id.boundary3,depends_on,ttp.r014.asset.authority.cover_art_eps,97,,high
r014.backend.record,1.0.0,ttp.r014.relation.0098,relation,active,ttp.r014.yaintt,ttp.r014.yaintt,,und,2026-08-21T13:53:00+02:00,codex.r014.id-ID,,ttp.r014.edition.id-id.boundary3,depends_on,ttp.r014.asset.authority.dbend_eps,98,,high
r014.backend.record,1.0.0,ttp.r014.relation.0099,relation,active,ttp.r014.yaintt,ttp.r014.yaintt,,und,2026-08-21T13:53:00+02:00,codex.r014.id-ID,,ttp.r014.edition.id-id.boundary3,depends_on,ttp.r014.asset.authority.eng_freq_hist_eps,99,,high
r014.backend.record,1.0.0,ttp.r014.relation.0100,relation,active,ttp.r014.yaintt,ttp.r014.yaintt,,und,2026-08-21T13:53:00+02:00,codex.r014.id-ID,,ttp.r014.edition.id-id.boundary3,depends_on,ttp.r014.asset.authority.hamhip_freqs_eps,100,,high
r014.backend.record,1.0.0,ttp.r014.relation.0101,relation,active,ttp.r014.yaintt,ttp.r014.yaintt,,und,2026-08-21T13:53:00+02:00,codex.r014.id-ID,,ttp.r014.edition.id-id.boundary3,depends_on,ttp.r014.asset.authority.samp_cct_hist_eps,101,,high
r014.backend.record,1.0.0,ttp.r014.relation.0102,relation,active,ttp.r014.yaintt,ttp.r014.yaintt,,und,2026-08-21T13:53:00+02:00,codex.r014.id-ID,,ttp.r014.edition.id-id.boundary3,depends_on,ttp.r014.asset.authority.scytale_eps,102,,high
r014.backend.record,1.0.0,ttp.r014.relation.0103,relation,active,ttp.r014.yaintt,ttp.r014.yaintt,,und,2026-08-21T13:53:00+02:00,codex.r014.id-ID,,ttp.r014.edition.id-id.boundary3,depends_on,ttp.r014.asset.authority.seadk_cct_eps,103,,high
r014.backend.record,1.0.0,ttp.r014.relation.0104,relation,active,ttp.r014.yaintt,ttp.r014.yaintt,,und,2026-08-21T13:53:00+02:00,codex.r014.id-ID,,ttp.r014.edition.id-id.boundary3,depends_on,ttp.r014.asset.authority.seadk_hamhip_eps,104,,high
r014.backend.record,1.0.0,ttp.r014.relation.0105,relation,active,ttp.r014.yaintt,ttp.r014.yaintt,,und,2026-08-21T13:53:00+02:00,codex.r014.id-ID,,ttp.r014.edition.id-id.boundary3,depends_on,ttp.r014.asset.authority.seadk_rkkrt_eps,105,,high
r014.backend.record,1.0.0,ttp.r014.relation.0106,relation,active,ttp.r014.yaintt,ttp.r014.yaintt,,und,2026-08-21T13:53:00+02:00,codex.r014.id-ID,,ttp.r014.unit.frontmatter.title-page.figure.cover,uses_asset,ttp.r014.asset.authority.cover_art_eps,106,,high
r014.backend.record,1.0.0,ttp.r014.relation.0107,relation,active,ttp.r014.yaintt,ttp.r014.yaintt,,und,2026-08-21T13:53:00+02:00,codex.r014.id-ID,,ttp.r014.unit.frontmatter.preface.figure.license-badge,source_uses_asset,ttp.r014.asset.authority.by_sa_eps,107,,high
r014.backend.record,1.0.0,ttp.r014.relation.0108,relation,active,ttp.r014.yaintt,ttp.r014.yaintt,,und,2026-08-21T13:53:00+02:00,codex.r014.id-ID,,ttp.r014.unit.frontmatter.release-notes.figure.caution,uses_asset,ttp.r014.asset.authority.dbend_eps,108,,high
r014.backend.record,1.0.0,ttp.r014.relation.0109,relation,active,ttp.r014.yaintt,ttp.r014.yaintt,,und,2026-08-21T13:53:00+02:00,codex.r014.id-ID,,ttp.r014.unit.frontmatter.release-notes,references,ttp.r014.unit.chap.crypto,109,,high
r014.backend.record,1.0.0,ttp.r014.relation.0110,relation,active,ttp.r014.yaintt,ttp.r014.yaintt,,und,2026-08-21T13:53:00+02:00,codex.r014.id-ID,,ttp.r014.unit.frontmatter.release-notes,references,ttp.r014.unit.sec.dhke,110,,high
r014.backend.record,1.0.0,ttp.r014.relation.0111,relation,active,ttp.r014.yaintt,ttp.r014.yaintt,,und,2026-08-21T13:53:00+02:00,codex.r014.id-ID,,ttp.r014.unit.frontmatter.release-notes,references,ttp.r014.unit.sec.tegc,111,,high
r014.backend.record,1.0.0,ttp.r014.relation.0112,relation,active,ttp.r014.yaintt,ttp.r014.yaintt,,und,2026-08-21T13:53:00+02:00,codex.r014.id-ID,,ttp.r014.unit.sec.wopami.exercises,references,ttp.r014.unit.sec.wopami,112,,high
r014.backend.record,1.0.0,ttp.r014.relation.0113,relation,active,ttp.r014.yaintt,ttp.r014.yaintt,,und,2026-08-21T13:53:00+02:00,codex.r014.id-ID,,ttp.r014.unit.frontmatter.preface,cites,ttp.r014.unit.bib.stallman2002free,113,,high
r014.backend.record,1.0.0,ttp.r014.relation.0114,relation,active,ttp.r014.yaintt,ttp.r014.yaintt,,und,2026-08-21T13:53:00+02:00,codex.r014.id-ID,,ttp.r014.unit.frontmatter.release-notes,cites,ttp.r014.unit.bib.hardy2005mathematician,114,,high
r014.backend.record,1.0.0,ttp.r014.relation.0115,relation,active,ttp.r014.yaintt,ttp.r014.yaintt,,und,2026-08-21T13:53:00+02:00,codex.r014.id-ID,,ttp.r014.unit.frontmatter.release-notes,cites,ttp.r014.unit.bib.bourbaki2004theory,115,,high
r014.backend.record,1.0.0,ttp.r014.relation.0116,relation,active,ttp.r014.yaintt,ttp.r014.yaintt,,und,2026-08-21T13:53:00+02:00,codex.r014.id-ID,,ttp.r014.correction.0001,corrects,ttp.r014.unit.backmatter.index,116,,high
r014.backend.record,1.0.0,ttp.r014.relation.0117,relation,active,ttp.r014.yaintt,ttp.r014.yaintt,,und,2026-08-21T13:53:00+02:00,codex.r014.id-ID,,ttp.r014.correction.0002,corrects,ttp.r014.unit.eg.inductionv1b,117,,high
r014.backend.record,1.0.0,ttp.r014.relation.0118,relation,active,ttp.r014.yaintt,ttp.r014.yaintt,,und,2026-08-21T13:53:00+02:00,codex.r014.id-ID,,ttp.r014.correction.0003,corrects,ttp.r014.unit.eg.inductionv1a,118,,high
r014.backend.record,1.0.0,ttp.r014.relation.0119,relation,active,ttp.r014.yaintt,ttp.r014.yaintt,,und,2026-08-21T13:53:00+02:00,codex.r014.id-ID,,ttp.r014.correction.0004,corrects,ttp.r014.unit.frontmatter.release-notes,119,,high
r014.backend.record,1.0.0,ttp.r014.relation.0120,relation,active,ttp.r014.yaintt,ttp.r014.yaintt,,und,2026-08-21T13:53:00+02:00,codex.r014.id-ID,,ttp.r014.correction.0005,corrects,ttp.r014.unit.frontmatter.title-page.figure.cover,120,,high
r014.backend.record,1.0.0,ttp.r014.relation.0121,relation,active,ttp.r014.yaintt,ttp.r014.yaintt,,und,2026-08-21T13:53:00+02:00,codex.r014.id-ID,,ttp.r014.correction.0006,corrects,ttp.r014.unit.sec.wopami.exercise.03,121,,high
r014.backend.record,1.0.0,ttp.r014.relation.0122,relation,active,ttp.r014.yaintt,ttp.r014.yaintt,,und,2026-08-21T13:53:00+02:00,codex.r014.id-ID,,ttp.r014.correction.0007,corrects,ttp.r014.unit.frontmatter.release-notes,122,,high
r014.backend.record,1.0.0,ttp.r014.relation.0123,relation,active,ttp.r014.yaintt,ttp.r014.yaintt,,und,2026-08-21T13:53:00+02:00,codex.r014.id-ID,,ttp.r014.correction.0008,corrects,ttp.r014.unit.frontmatter.preface.figure.license-badge,123,,high
r014.backend.record,1.0.0,ttp.r014.relation.0124,relation,active,ttp.r014.yaintt,ttp.r014.yaintt,,und,2026-08-21T13:53:00+02:00,codex.r014.id-ID,,ttp.r014.correction.0009,corrects,ttp.r014.unit.frontmatter.title-page,124,,high
r014.backend.record,1.0.0,ttp.r014.relation.0125,relation,active,ttp.r014.yaintt,ttp.r014.yaintt,,und,2026-08-21T13:53:00+02:00,codex.r014.id-ID,,ttp.r014.correction.0010,corrects,ttp.r014.unit.book,125,,high
r014.backend.record,1.0.0,ttp.r014.relation.0126,relation,active,ttp.r014.yaintt,ttp.r014.yaintt,,und,2026-08-21T13:53:00+02:00,codex.r014.id-ID,,ttp.r014.unit.thm.pigeonhole.proof,proves,ttp.r014.unit.thm.pigeonhole,126,,high
r014.backend.record,1.0.0,ttp.r014.relation.0127,relation,active,ttp.r014.yaintt,ttp.r014.yaintt,,und,2026-08-21T13:53:00+02:00,codex.r014.id-ID,,ttp.r014.unit.sec.wopami.theorem.induction.01.proof,proves,ttp.r014.unit.sec.wopami.theorem.induction.01,127,,high
r014.backend.record,1.0.0,ttp.r014.relation.0128,relation,active,ttp.r014.yaintt,ttp.r014.yaintt,,und,2026-08-21T13:53:00+02:00,codex.r014.id-ID,,ttp.r014.unit.sec.wopami.theorem.induction.02.proof,proves,ttp.r014.unit.sec.wopami.theorem.induction.02,128,,high
r014.backend.record,1.0.0,ttp.r014.relation.0129,relation,active,ttp.r014.yaintt,ttp.r014.yaintt,,und,2026-08-21T13:53:00+02:00,codex.r014.id-ID,,ttp.r014.unit.eg.inductionv1a,illustrates,ttp.r014.unit.sec.wopami.theorem.induction.01,129,,high
r014.backend.record,1.0.0,ttp.r014.relation.0130,relation,active,ttp.r014.yaintt,ttp.r014.yaintt,,und,2026-08-21T13:53:00+02:00,codex.r014.id-ID,,ttp.r014.unit.eg.inductionv1b,illustrates,ttp.r014.unit.sec.wopami.theorem.induction.01,130,,high
r014.backend.record,1.0.0,ttp.r014.relation.0131,relation,active,ttp.r014.yaintt,ttp.r014.yaintt,,und,2026-08-21T13:53:00+02:00,codex.r014.id-ID,,ttp.r014.unit.frontmatter.release-notes,covers,ttp.concept.cryptology,131,,high
r014.backend.record,1.0.0,ttp.r014.relation.0132,relation,active,ttp.r014.yaintt,ttp.r014.yaintt,,und,2026-08-21T13:53:00+02:00,codex.r014.id-ID,,ttp.r014.unit.frontmatter.release-notes,covers,ttp.concept.primitive_root,132,,high
r014.backend.record,1.0.0,ttp.r014.relation.0133,relation,active,ttp.r014.yaintt,ttp.r014.yaintt,,und,2026-08-21T13:53:00+02:00,codex.r014.id-ID,,ttp.r014.unit.frontmatter.release-notes,covers,ttp.concept.index_discrete_log,133,,high
r014.backend.record,1.0.0,ttp.r014.relation.0134,relation,active,ttp.r014.yaintt,ttp.r014.yaintt,,und,2026-08-21T13:53:00+02:00,codex.r014.id-ID,,ttp.r014.unit.frontmatter.release-notes,covers,ttp.concept.cryptosystem,134,,high
r014.backend.record,1.0.0,ttp.r014.relation.0135,relation,active,ttp.r014.yaintt,ttp.r014.yaintt,,und,2026-08-21T13:53:00+02:00,codex.r014.id-ID,,ttp.r014.unit.frontmatter.release-notes,covers,ttp.concept.key_exchange,135,,high
r014.backend.record,1.0.0,ttp.r014.relation.0136,relation,active,ttp.r014.yaintt,ttp.r014.yaintt,,und,2026-08-21T13:53:00+02:00,codex.r014.id-ID,,ttp.r014.unit.frontmatter.release-notes,covers,ttp.concept.rsa,136,,high
r014.backend.record,1.0.0,ttp.r014.relation.0137,relation,active,ttp.r014.yaintt,ttp.r014.yaintt,,und,2026-08-21T13:53:00+02:00,codex.r014.id-ID,,ttp.r014.unit.frontmatter.release-notes,covers,ttp.concept.diffie_hellman,137,,high
r014.backend.record,1.0.0,ttp.r014.relation.0138,relation,active,ttp.r014.yaintt,ttp.r014.yaintt,,und,2026-08-21T13:53:00+02:00,codex.r014.id-ID,,ttp.r014.unit.frontmatter.release-notes,covers,ttp.concept.elgamal,138,,high
r014.backend.record,1.0.0,ttp.r014.relation.0139,relation,active,ttp.r014.yaintt,ttp.r014.yaintt,,und,2026-08-21T13:53:00+02:00,codex.r014.id-ID,,ttp.r014.unit.frontmatter.release-notes,covers,ttp.concept.euler_theorem,139,,high
r014.backend.record,1.0.0,ttp.r014.relation.0140,relation,active,ttp.r014.yaintt,ttp.r014.yaintt,,und,2026-08-21T13:53:00+02:00,codex.r014.id-ID,,ttp.r014.unit.sec.wopami.discussion.01,covers,ttp.concept.well_ordering_principle,140,,high
r014.backend.record,1.0.0,ttp.r014.relation.0141,relation,active,ttp.r014.yaintt,ttp.r014.yaintt,,und,2026-08-21T13:53:00+02:00,codex.r014.id-ID,,ttp.r014.unit.sec.wopami.discussion.01,covers,ttp.concept.pigeonhole_principle,141,,high
r014.backend.record,1.0.0,ttp.r014.relation.0142,relation,active,ttp.r014.yaintt,ttp.r014.yaintt,,und,2026-08-21T13:53:00+02:00,codex.r014.id-ID,,ttp.r014.unit.sec.wopami.discussion.01,covers,ttp.concept.mathematical_induction,142,,high
r014.backend.record,1.0.0,ttp.r014.relation.0143,relation,active,ttp.r014.yaintt,ttp.r014.yaintt,,und,2026-08-21T13:53:00+02:00,codex.r014.id-ID,,ttp.r014.unit.sec.wopami.definition.01,covers,ttp.concept.least_element,143,,high
r014.backend.record,1.0.0,ttp.r014.relation.0144,relation,active,ttp.r014.yaintt,ttp.r014.yaintt,,und,2026-08-21T13:53:00+02:00,codex.r014.id-ID,,ttp.r014.unit.sec.wopami.principle.well-ordering,covers,ttp.concept.well_ordering_principle,144,,high
r014.backend.record,1.0.0,ttp.r014.relation.0145,relation,active,ttp.r014.yaintt,ttp.r014.yaintt,,und,2026-08-21T13:53:00+02:00,codex.r014.id-ID,,ttp.r014.unit.sec.wopami.principle.well-ordering,covers,ttp.concept.least_element,145,,high
r014.backend.record,1.0.0,ttp.r014.relation.0146,relation,active,ttp.r014.yaintt,ttp.r014.yaintt,,und,2026-08-21T13:53:00+02:00,codex.r014.id-ID,,ttp.r014.unit.sec.wopami.principle.well-ordering,covers,ttp.concept.natural_number,146,,high
r014.backend.record,1.0.0,ttp.r014.relation.0147,relation,active,ttp.r014.yaintt,ttp.r014.yaintt,,und,2026-08-21T13:53:00+02:00,codex.r014.id-ID,,ttp.r014.unit.thm.pigeonhole,covers,ttp.concept.pigeonhole_principle,147,,high
r014.backend.record,1.0.0,ttp.r014.relation.0148,relation,active,ttp.r014.yaintt,ttp.r014.yaintt,,und,2026-08-21T13:53:00+02:00,codex.r014.id-ID,,ttp.r014.unit.thm.pigeonhole,covers,ttp.concept.natural_number,148,,high
r014.backend.record,1.0.0,ttp.r014.relation.0149,relation,active,ttp.r014.yaintt,ttp.r014.yaintt,,und,2026-08-21T13:53:00+02:00,codex.r014.id-ID,,ttp.r014.unit.thm.pigeonhole.proof,covers,ttp.concept.pigeonhole_principle,149,,high
r014.backend.record,1.0.0,ttp.r014.relation.0150,relation,active,ttp.r014.yaintt,ttp.r014.yaintt,,und,2026-08-21T13:53:00+02:00,codex.r014.id-ID,,ttp.r014.unit.thm.pigeonhole.proof,covers,ttp.concept.proof_by_contradiction,150,,high
r014.backend.record,1.0.0,ttp.r014.relation.0151,relation,active,ttp.r014.yaintt,ttp.r014.yaintt,,und,2026-08-21T13:53:00+02:00,codex.r014.id-ID,,ttp.r014.unit.sec.wopami.discussion.03,covers,ttp.concept.mathematical_induction,151,,high
r014.backend.record,1.0.0,ttp.r014.relation.0152,relation,active,ttp.r014.yaintt,ttp.r014.yaintt,,und,2026-08-21T13:53:00+02:00,codex.r014.id-ID,,ttp.r014.unit.sec.wopami.theorem.induction.01,covers,ttp.concept.mathematical_induction,152,,high
r014.backend.record,1.0.0,ttp.r014.relation.0153,relation,active,ttp.r014.yaintt,ttp.r014.yaintt,,und,2026-08-21T13:53:00+02:00,codex.r014.id-ID,,ttp.r014.unit.sec.wopami.theorem.induction.01,covers,ttp.concept.natural_number,153,,high
r014.backend.record,1.0.0,ttp.r014.relation.0154,relation,active,ttp.r014.yaintt,ttp.r014.yaintt,,und,2026-08-21T13:53:00+02:00,codex.r014.id-ID,,ttp.r014.unit.sec.wopami.theorem.induction.01.proof,covers,ttp.concept.mathematical_induction,154,,high
r014.backend.record,1.0.0,ttp.r014.relation.0155,relation,active,ttp.r014.yaintt,ttp.r014.yaintt,,und,2026-08-21T13:53:00+02:00,codex.r014.id-ID,,ttp.r014.unit.sec.wopami.theorem.induction.01.proof,covers,ttp.concept.well_ordering_principle,155,,high
r014.backend.record,1.0.0,ttp.r014.relation.0156,relation,active,ttp.r014.yaintt,ttp.r014.yaintt,,und,2026-08-21T13:53:00+02:00,codex.r014.id-ID,,ttp.r014.unit.sec.wopami.theorem.induction.01.proof,covers,ttp.concept.proof_by_contradiction,156,,high
r014.backend.record,1.0.0,ttp.r014.relation.0157,relation,active,ttp.r014.yaintt,ttp.r014.yaintt,,und,2026-08-21T13:53:00+02:00,codex.r014.id-ID,,ttp.r014.unit.eg.inductionv1a,covers,ttp.concept.mathematical_induction,157,,high
r014.backend.record,1.0.0,ttp.r014.relation.0158,relation,active,ttp.r014.yaintt,ttp.r014.yaintt,,und,2026-08-21T13:53:00+02:00,codex.r014.id-ID,,ttp.r014.unit.eg.inductionv1a,covers,ttp.concept.finite_sum,158,,high
r014.backend.record,1.0.0,ttp.r014.relation.0159,relation,active,ttp.r014.yaintt,ttp.r014.yaintt,,und,2026-08-21T13:53:00+02:00,codex.r014.id-ID,,ttp.r014.unit.eg.inductionv1b,covers,ttp.concept.mathematical_induction,159,,high
r014.backend.record,1.0.0,ttp.r014.relation.0160,relation,active,ttp.r014.yaintt,ttp.r014.yaintt,,und,2026-08-21T13:53:00+02:00,codex.r014.id-ID,,ttp.r014.unit.eg.inductionv1b,covers,ttp.concept.factorial,160,,high
r014.backend.record,1.0.0,ttp.r014.relation.0161,relation,active,ttp.r014.yaintt,ttp.r014.yaintt,,und,2026-08-21T13:53:00+02:00,codex.r014.id-ID,,ttp.r014.unit.sec.wopami.theorem.induction.02,covers,ttp.concept.strong_induction,161,,high
r014.backend.record,1.0.0,ttp.r014.relation.0162,relation,active,ttp.r014.yaintt,ttp.r014.yaintt,,und,2026-08-21T13:53:00+02:00,codex.r014.id-ID,,ttp.r014.unit.sec.wopami.theorem.induction.02,covers,ttp.concept.natural_number,162,,high
r014.backend.record,1.0.0,ttp.r014.relation.0163,relation,active,ttp.r014.yaintt,ttp.r014.yaintt,,und,2026-08-21T13:53:00+02:00,codex.r014.id-ID,,ttp.r014.unit.sec.wopami.theorem.induction.02.proof,covers,ttp.concept.strong_induction,163,,high
r014.backend.record,1.0.0,ttp.r014.relation.0164,relation,active,ttp.r014.yaintt,ttp.r014.yaintt,,und,2026-08-21T13:53:00+02:00,codex.r014.id-ID,,ttp.r014.unit.sec.wopami.theorem.induction.02.proof,covers,ttp.concept.mathematical_induction,164,,high
r014.backend.record,1.0.0,ttp.r014.relation.0165,relation,active,ttp.r014.yaintt,ttp.r014.yaintt,,und,2026-08-21T13:53:00+02:00,codex.r014.id-ID,,ttp.r014.unit.sec.wopami.exercise.01,covers,ttp.concept.mathematical_induction,165,,high
r014.backend.record,1.0.0,ttp.r014.relation.0166,relation,active,ttp.r014.yaintt,ttp.r014.yaintt,,und,2026-08-21T13:53:00+02:00,codex.r014.id-ID,,ttp.r014.unit.sec.wopami.exercise.02,covers,ttp.concept.mathematical_induction,166,,high
r014.backend.record,1.0.0,ttp.r014.relation.0167,relation,active,ttp.r014.yaintt,ttp.r014.yaintt,,und,2026-08-21T13:53:00+02:00,codex.r014.id-ID,,ttp.r014.unit.sec.wopami.exercise.02,covers,ttp.concept.finite_sum,167,,high
r014.backend.record,1.0.0,ttp.r014.relation.0168,relation,active,ttp.r014.yaintt,ttp.r014.yaintt,,und,2026-08-21T13:53:00+02:00,codex.r014.id-ID,,ttp.r014.unit.sec.wopami.exercise.03,covers,ttp.concept.mathematical_induction,168,,high
r014.backend.record,1.0.0,ttp.r014.relation.0169,relation,active,ttp.r014.yaintt,ttp.r014.yaintt,,und,2026-08-21T13:53:00+02:00,codex.r014.id-ID,,ttp.r014.unit.sec.wopami.exercise.03,covers,ttp.concept.finite_sum,169,,high
r014.backend.record,1.0.0,ttp.r014.relation.0170,relation,active,ttp.r014.yaintt,ttp.r014.yaintt,,und,2026-08-21T13:53:00+02:00,codex.r014.id-ID,,ttp.r014.unit.sec.wopami.exercise.04,covers,ttp.concept.mathematical_induction,170,,high
r014.backend.record,1.0.0,ttp.r014.relation.0171,relation,active,ttp.r014.yaintt,ttp.r014.yaintt,,und,2026-08-21T13:53:00+02:00,codex.r014.id-ID,,ttp.r014.unit.sec.wopami.exercise.04,covers,ttp.concept.finite_sum,171,,high
r014.backend.record,1.0.0,ttp.r014.relation.0172,relation,active,ttp.r014.yaintt,ttp.r014.yaintt,,und,2026-08-21T13:53:00+02:00,codex.r014.id-ID,,ttp.r014.unit.sec.wopami.exercise.05,covers,ttp.concept.mathematical_induction,172,,high
r014.backend.record,1.0.0,ttp.r014.relation.0173,relation,active,ttp.r014.yaintt,ttp.r014.yaintt,,und,2026-08-21T13:53:00+02:00,codex.r014.id-ID,,ttp.r014.unit.sec.wopami.exercise.05,covers,ttp.concept.finite_sum,173,,high
r014.backend.record,1.0.0,ttp.r014.relation.0174,relation,active,ttp.r014.yaintt,ttp.r014.yaintt,,und,2026-08-21T13:53:00+02:00,codex.r014.id-ID,,ttp.r014.unit.sec.wopami.exercise.06,covers,ttp.concept.mathematical_induction,174,,high
r014.backend.record,1.0.0,ttp.r014.relation.0175,relation,active,ttp.r014.yaintt,ttp.r014.yaintt,,und,2026-08-21T13:53:00+02:00,codex.r014.id-ID,,ttp.r014.unit.sec.wopami.exercise.06,covers,ttp.concept.factorial,175,,high
r014.backend.record,1.0.0,ttp.r014.relation.0176,relation,active,ttp.r014.yaintt,ttp.r014.yaintt,,und,2026-08-21T13:53:00+02:00,codex.r014.id-ID,,ttp.r014.unit.sec.wopami.exercise.07,covers,ttp.concept.mathematical_induction,176,,high
r014.backend.record,1.0.0,ttp.r014.relation.0177,relation,active,ttp.r014.yaintt,ttp.r014.yaintt,,und,2026-08-21T13:53:00+02:00,codex.r014.id-ID,,ttp.r014.unit.sec.wopami.exercise.07,covers,ttp.concept.factorial,177,,high
r014.backend.record,1.0.0,ttp.r014.relation.0178,relation,active,ttp.r014.yaintt,ttp.r014.yaintt,,und,2026-08-21T13:53:00+02:00,codex.r014.id-ID,,ttp.concept.least_element,prerequisite_for,ttp.concept.well_ordering_principle,178,,high
r014.backend.record,1.0.0,ttp.r014.relation.0179,relation,active,ttp.r014.yaintt,ttp.r014.yaintt,,und,2026-08-21T13:53:00+02:00,codex.r014.id-ID,,ttp.concept.natural_number,prerequisite_for,ttp.concept.well_ordering_principle,179,,high
r014.backend.record,1.0.0,ttp.r014.relation.0180,relation,active,ttp.r014.yaintt,ttp.r014.yaintt,,und,2026-08-21T13:53:00+02:00,codex.r014.id-ID,,ttp.concept.well_ordering_principle,prerequisite_for,ttp.concept.mathematical_induction,180,,high
r014.backend.record,1.0.0,ttp.r014.relation.0181,relation,active,ttp.r014.yaintt,ttp.r014.yaintt,,und,2026-08-21T13:53:00+02:00,codex.r014.id-ID,,ttp.concept.mathematical_induction,prerequisite_for,ttp.concept.strong_induction,181,,high
r014.backend.record,1.0.0,ttp.r014.relation.0182,relation,active,ttp.r014.yaintt,ttp.r014.yaintt,,und,2026-08-21T13:53:00+02:00,codex.r014.id-ID,,ttp.concept.cryptosystem,prerequisite_for,ttp.concept.rsa,182,,high
r014.backend.record,1.0.0,ttp.r014.relation.0183,relation,active,ttp.r014.yaintt,ttp.r014.yaintt,,und,2026-08-21T13:53:00+02:00,codex.r014.id-ID,,ttp.concept.cryptosystem,prerequisite_for,ttp.concept.elgamal,183,,high
r014.backend.record,1.0.0,ttp.r014.relation.0184,relation,active,ttp.r014.yaintt,ttp.r014.yaintt,,und,2026-08-21T13:53:00+02:00,codex.r014.id-ID,,ttp.concept.key_exchange,prerequisite_for,ttp.concept.diffie_hellman,184,,high
r014.backend.record,1.0.0,ttp.r014.relation.0185,relation,active,ttp.r014.yaintt,ttp.r014.yaintt,,und,2026-08-21T13:53:00+02:00,codex.r014.id-ID,,ttp.r014.correction.0011,corrects,ttp.r014.unit.sec.aowi,185,,high
r014.backend.record,1.0.0,ttp.r014.relation.0186,relation,active,ttp.r014.yaintt,ttp.r014.yaintt,,und,2026-08-21T13:53:00+02:00,codex.r014.id-ID,,ttp.r014.unit.sec.aowi,covers,ttp.concept.integer,186,,high
r014.backend.record,1.0.0,ttp.r014.relation.0187,relation,active,ttp.r014.yaintt,ttp.r014.yaintt,,und,2026-08-21T13:53:00+02:00,codex.r014.id-ID,,ttp.r014.unit.sec.aowi,covers,ttp.concept.binary_operation,187,,high
r014.backend.record,1.0.0,ttp.r014.relation.0188,relation,active,ttp.r014.yaintt,ttp.r014.yaintt,,und,2026-08-21T13:53:00+02:00,codex.r014.id-ID,,ttp.r014.unit.sec.aowi,covers,ttp.concept.addition,188,,high
r014.backend.record,1.0.0,ttp.r014.relation.0189,relation,active,ttp.r014.yaintt,ttp.r014.yaintt,,und,2026-08-21T13:53:00+02:00,codex.r014.id-ID,,ttp.r014.unit.sec.aowi,covers,ttp.concept.multiplication,189,,high
r014.backend.record,1.0.0,ttp.r014.relation.0190,relation,active,ttp.r014.yaintt,ttp.r014.yaintt,,und,2026-08-21T13:53:00+02:00,codex.r014.id-ID,,ttp.r014.unit.sec.aowi,covers,ttp.concept.commutativity,190,,high
r014.backend.record,1.0.0,ttp.r014.relation.0191,relation,active,ttp.r014.yaintt,ttp.r014.yaintt,,und,2026-08-21T13:53:00+02:00,codex.r014.id-ID,,ttp.r014.unit.sec.aowi,covers,ttp.concept.associativity,191,,high
r014.backend.record,1.0.0,ttp.r014.relation.0192,relation,active,ttp.r014.yaintt,ttp.r014.yaintt,,und,2026-08-21T13:53:00+02:00,codex.r014.id-ID,,ttp.r014.unit.sec.aowi,covers,ttp.concept.distributivity,192,,high
r014.backend.record,1.0.0,ttp.r014.relation.0193,relation,active,ttp.r014.yaintt,ttp.r014.yaintt,,und,2026-08-21T13:53:00+02:00,codex.r014.id-ID,,ttp.r014.unit.sec.aowi,covers,ttp.concept.identity_element,193,,high
r014.backend.record,1.0.0,ttp.r014.relation.0194,relation,active,ttp.r014.yaintt,ttp.r014.yaintt,,und,2026-08-21T13:53:00+02:00,codex.r014.id-ID,,ttp.r014.unit.sec.aowi,covers,ttp.concept.additive_inverse,194,,high
r014.backend.record,1.0.0,ttp.r014.relation.0195,relation,active,ttp.r014.yaintt,ttp.r014.yaintt,,und,2026-08-21T13:53:00+02:00,codex.r014.id-ID,,ttp.r014.unit.sec.aowi,covers,ttp.concept.multiplicative_inverse,195,,high
r014.backend.record,1.0.0,ttp.r014.relation.0196,relation,active,ttp.r014.yaintt,ttp.r014.yaintt,,und,2026-08-21T13:53:00+02:00,codex.r014.id-ID,,ttp.r014.unit.sec.aowi,covers,ttp.concept.subtraction,196,,high
r014.backend.record,1.0.0,ttp.r014.relation.0197,relation,active,ttp.r014.yaintt,ttp.r014.yaintt,,und,2026-08-21T13:53:00+02:00,codex.r014.id-ID,,ttp.r014.unit.sec.aowi,covers,ttp.concept.division,197,,high
r014.backend.record,1.0.0,ttp.r014.relation.0198,relation,active,ttp.r014.yaintt,ttp.r014.yaintt,,und,2026-08-21T13:53:00+02:00,codex.r014.id-ID,,ttp.concept.integer,prerequisite_for,ttp.concept.addition,198,,high
r014.backend.record,1.0.0,ttp.r014.relation.0199,relation,active,ttp.r014.yaintt,ttp.r014.yaintt,,und,2026-08-21T13:53:00+02:00,codex.r014.id-ID,,ttp.concept.integer,prerequisite_for,ttp.concept.multiplication,199,,high
r014.backend.record,1.0.0,ttp.r014.relation.0200,relation,active,ttp.r014.yaintt,ttp.r014.yaintt,,und,2026-08-21T13:53:00+02:00,codex.r014.id-ID,,ttp.concept.binary_operation,prerequisite_for,ttp.concept.commutativity,200,,high
r014.backend.record,1.0.0,ttp.r014.relation.0201,relation,active,ttp.r014.yaintt,ttp.r014.yaintt,,und,2026-08-21T13:53:00+02:00,codex.r014.id-ID,,ttp.concept.binary_operation,prerequisite_for,ttp.concept.associativity,201,,high
r014.backend.record,1.0.0,ttp.r014.relation.0202,relation,active,ttp.r014.yaintt,ttp.r014.yaintt,,und,2026-08-21T13:53:00+02:00,codex.r014.id-ID,,ttp.concept.binary_operation,prerequisite_for,ttp.concept.identity_element,202,,high
r014.backend.record,1.0.0,ttp.r014.relation.0203,relation,active,ttp.r014.yaintt,ttp.r014.yaintt,,und,2026-08-21T13:53:00+02:00,codex.r014.id-ID,,ttp.concept.addition,prerequisite_for,ttp.concept.distributivity,203,,high
r014.backend.record,1.0.0,ttp.r014.relation.0204,relation,active,ttp.r014.yaintt,ttp.r014.yaintt,,und,2026-08-21T13:53:00+02:00,codex.r014.id-ID,,ttp.concept.addition,prerequisite_for,ttp.concept.additive_inverse,204,,high
r014.backend.record,1.0.0,ttp.r014.relation.0205,relation,active,ttp.r014.yaintt,ttp.r014.yaintt,,und,2026-08-21T13:53:00+02:00,codex.r014.id-ID,,ttp.concept.addition,prerequisite_for,ttp.concept.subtraction,205,,high
r014.backend.record,1.0.0,ttp.r014.relation.0206,relation,active,ttp.r014.yaintt,ttp.r014.yaintt,,und,2026-08-21T13:53:00+02:00,codex.r014.id-ID,,ttp.concept.multiplication,prerequisite_for,ttp.concept.distributivity,206,,high
r014.backend.record,1.0.0,ttp.r014.relation.0207,relation,active,ttp.r014.yaintt,ttp.r014.yaintt,,und,2026-08-21T13:53:00+02:00,codex.r014.id-ID,,ttp.concept.multiplication,prerequisite_for,ttp.concept.multiplicative_inverse,207,,high
r014.backend.record,1.0.0,ttp.r014.relation.0208,relation,active,ttp.r014.yaintt,ttp.r014.yaintt,,und,2026-08-21T13:53:00+02:00,codex.r014.id-ID,,ttp.concept.multiplication,prerequisite_for,ttp.concept.division,208,,high
r014.backend.record,1.0.0,ttp.r014.relation.0209,relation,active,ttp.r014.yaintt,ttp.r014.yaintt,,und,2026-08-21T13:53:00+02:00,codex.r014.id-ID,,ttp.concept.identity_element,prerequisite_for,ttp.concept.additive_inverse,209,,high
r014.backend.record,1.0.0,ttp.r014.relation.0210,relation,active,ttp.r014.yaintt,ttp.r014.yaintt,,und,2026-08-21T13:53:00+02:00,codex.r014.id-ID,,ttp.concept.identity_element,prerequisite_for,ttp.concept.multiplicative_inverse,210,,high
r014.backend.record,1.0.0,ttp.r014.relation.0211,relation,active,ttp.r014.yaintt,ttp.r014.yaintt,,und,2026-08-21T13:53:00+02:00,codex.r014.id-ID,,ttp.concept.additive_inverse,prerequisite_for,ttp.concept.subtraction,211,,high
r014.backend.record,1.0.0,ttp.r014.relation.0212,relation,active,ttp.r014.yaintt,ttp.r014.yaintt,,und,2026-08-21T13:53:00+02:00,codex.r014.id-ID,,ttp.r014.unit.chap.woad,contains,ttp.r014.unit.sec.dada,212,,high
r014.backend.record,1.0.0,ttp.r014.relation.0213,relation,active,ttp.r014.yaintt,ttp.r014.yaintt,,und,2026-08-21T13:53:00+02:00,codex.r014.id-ID,,ttp.r014.unit.sec.dada,contains,ttp.r014.unit.sec.dada.discussion.01,213,,high
r014.backend.record,1.0.0,ttp.r014.relation.0214,relation,active,ttp.r014.yaintt,ttp.r014.yaintt,,und,2026-08-21T13:53:00+02:00,codex.r014.id-ID,,ttp.r014.unit.sec.dada,contains,ttp.r014.unit.sec.dada.subsection.divisibility,214,,high
r014.backend.record,1.0.0,ttp.r014.relation.0215,relation,active,ttp.r014.yaintt,ttp.r014.yaintt,,und,2026-08-21T13:53:00+02:00,codex.r014.id-ID,,ttp.r014.unit.sec.dada.subsection.divisibility,contains,ttp.r014.unit.sec.dada.definition.divisibility,215,,high
r014.backend.record,1.0.0,ttp.r014.relation.0216,relation,active,ttp.r014.yaintt,ttp.r014.yaintt,,und,2026-08-21T13:53:00+02:00,codex.r014.id-ID,,ttp.r014.unit.sec.dada.subsection.divisibility,contains,ttp.r014.unit.sec.dada.example.basic,216,,high
r014.backend.record,1.0.0,ttp.r014.relation.0217,relation,active,ttp.r014.yaintt,ttp.r014.yaintt,,und,2026-08-21T13:53:00+02:00,codex.r014.id-ID,,ttp.r014.unit.sec.dada.subsection.divisibility,contains,ttp.r014.unit.sec.dada.definition.parity,217,,high
r014.backend.record,1.0.0,ttp.r014.relation.0218,relation,active,ttp.r014.yaintt,ttp.r014.yaintt,,und,2026-08-21T13:53:00+02:00,codex.r014.id-ID,,ttp.r014.unit.sec.dada.subsection.divisibility,contains,ttp.r014.unit.sec.dada.discussion.parity,218,,high
r014.backend.record,1.0.0,ttp.r014.relation.0219,relation,active,ttp.r014.yaintt,ttp.r014.yaintt,,und,2026-08-21T13:53:00+02:00,codex.r014.id-ID,,ttp.r014.unit.sec.dada.subsection.divisibility,contains,ttp.r014.unit.sec.dada.proposition.zero,219,,high
r014.backend.record,1.0.0,ttp.r014.relation.0220,relation,active,ttp.r014.yaintt,ttp.r014.yaintt,,und,2026-08-21T13:53:00+02:00,codex.r014.id-ID,,ttp.r014.unit.sec.dada.subsection.divisibility,contains,ttp.r014.unit.sec.dada.proposition.size,220,,high
r014.backend.record,1.0.0,ttp.r014.relation.0221,relation,active,ttp.r014.yaintt,ttp.r014.yaintt,,und,2026-08-21T13:53:00+02:00,codex.r014.id-ID,,ttp.r014.unit.sec.dada.subsection.divisibility,contains,ttp.r014.unit.sec.dada.proposition.absolute-value,221,,high
r014.backend.record,1.0.0,ttp.r014.relation.0222,relation,active,ttp.r014.yaintt,ttp.r014.yaintt,,und,2026-08-21T13:53:00+02:00,codex.r014.id-ID,,ttp.r014.unit.sec.dada.subsection.divisibility,contains,ttp.r014.unit.sec.dada.theorem.transitivity,222,,high
r014.backend.record,1.0.0,ttp.r014.relation.0223,relation,active,ttp.r014.yaintt,ttp.r014.yaintt,,und,2026-08-21T13:53:00+02:00,codex.r014.id-ID,,ttp.r014.unit.sec.dada.theorem.transitivity,contains,ttp.r014.unit.sec.dada.theorem.transitivity.proof,223,,high
r014.backend.record,1.0.0,ttp.r014.relation.0224,relation,active,ttp.r014.yaintt,ttp.r014.yaintt,,und,2026-08-21T13:53:00+02:00,codex.r014.id-ID,,ttp.r014.unit.sec.dada.subsection.divisibility,contains,ttp.r014.unit.eg.divisibility,224,,high
r014.backend.record,1.0.0,ttp.r014.relation.0225,relation,active,ttp.r014.yaintt,ttp.r014.yaintt,,und,2026-08-21T13:53:00+02:00,codex.r014.id-ID,,ttp.r014.unit.sec.dada.subsection.divisibility,contains,ttp.r014.unit.sec.dada.discussion.linear-combination,225,,high
r014.backend.record,1.0.0,ttp.r014.relation.0226,relation,active,ttp.r014.yaintt,ttp.r014.yaintt,,und,2026-08-21T13:53:00+02:00,codex.r014.id-ID,,ttp.r014.unit.sec.dada.subsection.divisibility,contains,ttp.r014.unit.thm.divisibilitylincombs,226,,high
r014.backend.record,1.0.0,ttp.r014.relation.0227,relation,active,ttp.r014.yaintt,ttp.r014.yaintt,,und,2026-08-21T13:53:00+02:00,codex.r014.id-ID,,ttp.r014.unit.thm.divisibilitylincombs,contains,ttp.r014.unit.thm.divisibilitylincombs.proof,227,,high
r014.backend.record,1.0.0,ttp.r014.relation.0228,relation,active,ttp.r014.yaintt,ttp.r014.yaintt,,und,2026-08-21T13:53:00+02:00,codex.r014.id-ID,,ttp.r014.unit.sec.dada.subsection.divisibility,contains,ttp.r014.unit.sec.dada.discussion.finite-combination,228,,high
r014.backend.record,1.0.0,ttp.r014.relation.0229,relation,active,ttp.r014.yaintt,ttp.r014.yaintt,,und,2026-08-21T13:53:00+02:00,codex.r014.id-ID,,ttp.r014.unit.sec.dada,contains,ttp.r014.unit.sec.dada.subsection.division-algorithm,229,,high
r014.backend.record,1.0.0,ttp.r014.relation.0230,relation,active,ttp.r014.yaintt,ttp.r014.yaintt,,und,2026-08-21T13:53:00+02:00,codex.r014.id-ID,,ttp.r014.unit.sec.dada.subsection.division-algorithm,contains,ttp.r014.unit.thm.the-da,230,,high
r014.backend.record,1.0.0,ttp.r014.relation.0231,relation,active,ttp.r014.yaintt,ttp.r014.yaintt,,und,2026-08-21T13:53:00+02:00,codex.r014.id-ID,,ttp.r014.unit.thm.the-da,contains,ttp.r014.unit.thm.the-da.proof,231,,high
r014.backend.record,1.0.0,ttp.r014.relation.0232,relation,active,ttp.r014.yaintt,ttp.r014.yaintt,,und,2026-08-21T13:53:00+02:00,codex.r014.id-ID,,ttp.r014.unit.sec.dada.subsection.division-algorithm,contains,ttp.r014.unit.eg.arithmetic,232,,high
r014.backend.record,1.0.0,ttp.r014.relation.0233,relation,active,ttp.r014.yaintt,ttp.r014.yaintt,,und,2026-08-21T13:53:00+02:00,codex.r014.id-ID,,ttp.r014.unit.sec.dada,contains,ttp.r014.unit.sec.dada.exercises,233,,high
r014.backend.record,1.0.0,ttp.r014.relation.0234,relation,active,ttp.r014.yaintt,ttp.r014.yaintt,,und,2026-08-21T13:53:00+02:00,codex.r014.id-ID,,ttp.r014.unit.sec.dada.exercises,contains,ttp.r014.unit.sec.dada.exercise.01,234,,high
r014.backend.record,1.0.0,ttp.r014.relation.0235,relation,active,ttp.r014.yaintt,ttp.r014.yaintt,,und,2026-08-21T13:53:00+02:00,codex.r014.id-ID,,ttp.r014.unit.sec.dada.exercises,contains,ttp.r014.unit.sec.dada.exercise.02,235,,high
r014.backend.record,1.0.0,ttp.r014.relation.0236,relation,active,ttp.r014.yaintt,ttp.r014.yaintt,,und,2026-08-21T13:53:00+02:00,codex.r014.id-ID,,ttp.r014.unit.sec.dada.exercises,contains,ttp.r014.unit.sec.dada.exercise.03,236,,high
r014.backend.record,1.0.0,ttp.r014.relation.0237,relation,active,ttp.r014.yaintt,ttp.r014.yaintt,,und,2026-08-21T13:53:00+02:00,codex.r014.id-ID,,ttp.r014.unit.sec.dada.exercises,contains,ttp.r014.unit.sec.dada.exercise.04,237,,high
r014.backend.record,1.0.0,ttp.r014.relation.0238,relation,active,ttp.r014.yaintt,ttp.r014.yaintt,,und,2026-08-21T13:53:00+02:00,codex.r014.id-ID,,ttp.r014.unit.sec.dada.exercises,contains,ttp.r014.unit.sec.dada.exercise.05,238,,high
r014.backend.record,1.0.0,ttp.r014.relation.0239,relation,active,ttp.r014.yaintt,ttp.r014.yaintt,,und,2026-08-21T13:53:00+02:00,codex.r014.id-ID,,ttp.r014.unit.sec.dada.exercises,contains,ttp.r014.unit.sec.dada.exercise.06,239,,high
r014.backend.record,1.0.0,ttp.r014.relation.0240,relation,active,ttp.r014.yaintt,ttp.r014.yaintt,,und,2026-08-21T13:53:00+02:00,codex.r014.id-ID,,ttp.r014.unit.sec.dada.exercises,contains,ttp.r014.unit.sec.dada.exercise.07,240,,high
r014.backend.record,1.0.0,ttp.r014.relation.0241,relation,active,ttp.r014.yaintt,ttp.r014.yaintt,,und,2026-08-21T13:53:00+02:00,codex.r014.id-ID,,ttp.r014.unit.sec.dada.exercises,contains,ttp.r014.unit.sec.dada.exercise.08,241,,high
r014.backend.record,1.0.0,ttp.r014.relation.0242,relation,active,ttp.r014.yaintt,ttp.r014.yaintt,,und,2026-08-21T13:53:00+02:00,codex.r014.id-ID,,ttp.r014.unit.sec.dada.exercises,contains,ttp.r014.unit.sec.dada.exercise.09,242,,high
r014.backend.record,1.0.0,ttp.r014.relation.0243,relation,active,ttp.r014.yaintt,ttp.r014.yaintt,,und,2026-08-21T13:53:00+02:00,codex.r014.id-ID,,ttp.r014.unit.sec.dada.exercises,contains,ttp.r014.unit.sec.dada.exercise.10,243,,high
r014.backend.record,1.0.0,ttp.r014.relation.0244,relation,active,ttp.r014.yaintt,ttp.r014.yaintt,,und,2026-08-21T13:53:00+02:00,codex.r014.id-ID,,ttp.r014.unit.sec.dada.exercises,contains,ttp.r014.unit.sec.dada.exercise.11,244,,high
r014.backend.record,1.0.0,ttp.r014.relation.0245,relation,active,ttp.r014.yaintt,ttp.r014.yaintt,,und,2026-08-21T13:53:00+02:00,codex.r014.id-ID,,ttp.r014.unit.sec.dada.exercises,contains,ttp.r014.unit.sec.dada.exercise.12,245,,high
r014.backend.record,1.0.0,ttp.r014.relation.0246,relation,active,ttp.r014.yaintt,ttp.r014.yaintt,,und,2026-08-21T13:53:00+02:00,codex.r014.id-ID,,ttp.r014.unit.sec.aowi,precedes,ttp.r014.unit.sec.dada,246,,high
r014.backend.record,1.0.0,ttp.r014.relation.0247,relation,active,ttp.r014.yaintt,ttp.r014.yaintt,,und,2026-08-21T13:53:00+02:00,codex.r014.id-ID,,ttp.r014.unit.sec.dada.discussion.01,precedes,ttp.r014.unit.sec.dada.subsection.divisibility,247,,high
r014.backend.record,1.0.0,ttp.r014.relation.0248,relation,active,ttp.r014.yaintt,ttp.r014.yaintt,,und,2026-08-21T13:53:00+02:00,codex.r014.id-ID,,ttp.r014.unit.sec.dada.subsection.divisibility,precedes,ttp.r014.unit.sec.dada.subsection.division-algorithm,248,,high
r014.backend.record,1.0.0,ttp.r014.relation.0249,relation,active,ttp.r014.yaintt,ttp.r014.yaintt,,und,2026-08-21T13:53:00+02:00,codex.r014.id-ID,,ttp.r014.unit.sec.dada.subsection.division-algorithm,precedes,ttp.r014.unit.sec.dada.exercises,249,,high
r014.backend.record,1.0.0,ttp.r014.relation.0250,relation,active,ttp.r014.yaintt,ttp.r014.yaintt,,und,2026-08-21T13:53:00+02:00,codex.r014.id-ID,,ttp.r014.unit.sec.dada.definition.divisibility,precedes,ttp.r014.unit.sec.dada.example.basic,250,,high
r014.backend.record,1.0.0,ttp.r014.relation.0251,relation,active,ttp.r014.yaintt,ttp.r014.yaintt,,und,2026-08-21T13:53:00+02:00,codex.r014.id-ID,,ttp.r014.unit.sec.dada.example.basic,precedes,ttp.r014.unit.sec.dada.definition.parity,251,,high
r014.backend.record,1.0.0,ttp.r014.relation.0252,relation,active,ttp.r014.yaintt,ttp.r014.yaintt,,und,2026-08-21T13:53:00+02:00,codex.r014.id-ID,,ttp.r014.unit.sec.dada.definition.parity,precedes,ttp.r014.unit.sec.dada.discussion.parity,252,,high
r014.backend.record,1.0.0,ttp.r014.relation.0253,relation,active,ttp.r014.yaintt,ttp.r014.yaintt,,und,2026-08-21T13:53:00+02:00,codex.r014.id-ID,,ttp.r014.unit.sec.dada.discussion.parity,precedes,ttp.r014.unit.sec.dada.proposition.zero,253,,high
r014.backend.record,1.0.0,ttp.r014.relation.0254,relation,active,ttp.r014.yaintt,ttp.r014.yaintt,,und,2026-08-21T13:53:00+02:00,codex.r014.id-ID,,ttp.r014.unit.sec.dada.proposition.zero,precedes,ttp.r014.unit.sec.dada.proposition.size,254,,high
r014.backend.record,1.0.0,ttp.r014.relation.0255,relation,active,ttp.r014.yaintt,ttp.r014.yaintt,,und,2026-08-21T13:53:00+02:00,codex.r014.id-ID,,ttp.r014.unit.sec.dada.proposition.size,precedes,ttp.r014.unit.sec.dada.proposition.absolute-value,255,,high
r014.backend.record,1.0.0,ttp.r014.relation.0256,relation,active,ttp.r014.yaintt,ttp.r014.yaintt,,und,2026-08-21T13:53:00+02:00,codex.r014.id-ID,,ttp.r014.unit.sec.dada.proposition.absolute-value,precedes,ttp.r014.unit.sec.dada.theorem.transitivity,256,,high
r014.backend.record,1.0.0,ttp.r014.relation.0257,relation,active,ttp.r014.yaintt,ttp.r014.yaintt,,und,2026-08-21T13:53:00+02:00,codex.r014.id-ID,,ttp.r014.unit.sec.dada.theorem.transitivity,precedes,ttp.r014.unit.eg.divisibility,257,,high
r014.backend.record,1.0.0,ttp.r014.relation.0258,relation,active,ttp.r014.yaintt,ttp.r014.yaintt,,und,2026-08-21T13:53:00+02:00,codex.r014.id-ID,,ttp.r014.unit.eg.divisibility,precedes,ttp.r014.unit.sec.dada.discussion.linear-combination,258,,high
r014.backend.record,1.0.0,ttp.r014.relation.0259,relation,active,ttp.r014.yaintt,ttp.r014.yaintt,,und,2026-08-21T13:53:00+02:00,codex.r014.id-ID,,ttp.r014.unit.sec.dada.discussion.linear-combination,precedes,ttp.r014.unit.thm.divisibilitylincombs,259,,high
r014.backend.record,1.0.0,ttp.r014.relation.0260,relation,active,ttp.r014.yaintt,ttp.r014.yaintt,,und,2026-08-21T13:53:00+02:00,codex.r014.id-ID,,ttp.r014.unit.thm.divisibilitylincombs,precedes,ttp.r014.unit.sec.dada.discussion.finite-combination,260,,high
r014.backend.record,1.0.0,ttp.r014.relation.0261,relation,active,ttp.r014.yaintt,ttp.r014.yaintt,,und,2026-08-21T13:53:00+02:00,codex.r014.id-ID,,ttp.r014.unit.thm.the-da,precedes,ttp.r014.unit.eg.arithmetic,261,,high
r014.backend.record,1.0.0,ttp.r014.relation.0262,relation,active,ttp.r014.yaintt,ttp.r014.yaintt,,und,2026-08-21T13:53:00+02:00,codex.r014.id-ID,,ttp.r014.unit.sec.dada.exercise.01,precedes,ttp.r014.unit.sec.dada.exercise.02,262,,high
r014.backend.record,1.0.0,ttp.r014.relation.0263,relation,active,ttp.r014.yaintt,ttp.r014.yaintt,,und,2026-08-21T13:53:00+02:00,codex.r014.id-ID,,ttp.r014.unit.sec.dada.exercise.02,precedes,ttp.r014.unit.sec.dada.exercise.03,263,,high
r014.backend.record,1.0.0,ttp.r014.relation.0264,relation,active,ttp.r014.yaintt,ttp.r014.yaintt,,und,2026-08-21T13:53:00+02:00,codex.r014.id-ID,,ttp.r014.unit.sec.dada.exercise.03,precedes,ttp.r014.unit.sec.dada.exercise.04,264,,high
r014.backend.record,1.0.0,ttp.r014.relation.0265,relation,active,ttp.r014.yaintt,ttp.r014.yaintt,,und,2026-08-21T13:53:00+02:00,codex.r014.id-ID,,ttp.r014.unit.sec.dada.exercise.04,precedes,ttp.r014.unit.sec.dada.exercise.05,265,,high
r014.backend.record,1.0.0,ttp.r014.relation.0266,relation,active,ttp.r014.yaintt,ttp.r014.yaintt,,und,2026-08-21T13:53:00+02:00,codex.r014.id-ID,,ttp.r014.unit.sec.dada.exercise.05,precedes,ttp.r014.unit.sec.dada.exercise.06,266,,high
r014.backend.record,1.0.0,ttp.r014.relation.0267,relation,active,ttp.r014.yaintt,ttp.r014.yaintt,,und,2026-08-21T13:53:00+02:00,codex.r014.id-ID,,ttp.r014.unit.sec.dada.exercise.06,precedes,ttp.r014.unit.sec.dada.exercise.07,267,,high
r014.backend.record,1.0.0,ttp.r014.relation.0268,relation,active,ttp.r014.yaintt,ttp.r014.yaintt,,und,2026-08-21T13:53:00+02:00,codex.r014.id-ID,,ttp.r014.unit.sec.dada.exercise.07,precedes,ttp.r014.unit.sec.dada.exercise.08,268,,high
r014.backend.record,1.0.0,ttp.r014.relation.0269,relation,active,ttp.r014.yaintt,ttp.r014.yaintt,,und,2026-08-21T13:53:00+02:00,codex.r014.id-ID,,ttp.r014.unit.sec.dada.exercise.08,precedes,ttp.r014.unit.sec.dada.exercise.09,269,,high
r014.backend.record,1.0.0,ttp.r014.relation.0270,relation,active,ttp.r014.yaintt,ttp.r014.yaintt,,und,2026-08-21T13:53:00+02:00,codex.r014.id-ID,,ttp.r014.unit.sec.dada.exercise.09,precedes,ttp.r014.unit.sec.dada.exercise.10,270,,high
r014.backend.record,1.0.0,ttp.r014.relation.0271,relation,active,ttp.r014.yaintt,ttp.r014.yaintt,,und,2026-08-21T13:53:00+02:00,codex.r014.id-ID,,ttp.r014.unit.sec.dada.exercise.10,precedes,ttp.r014.unit.sec.dada.exercise.11,271,,high
r014.backend.record,1.0.0,ttp.r014.relation.0272,relation,active,ttp.r014.yaintt,ttp.r014.yaintt,,und,2026-08-21T13:53:00+02:00,codex.r014.id-ID,,ttp.r014.unit.sec.dada.exercise.11,precedes,ttp.r014.unit.sec.dada.exercise.12,272,,high
r014.backend.record,1.0.0,ttp.r014.relation.0273,relation,active,ttp.r014.yaintt,ttp.r014.yaintt,,und,2026-08-21T13:53:00+02:00,codex.r014.id-ID,,ttp.r014.correction.0012,corrects,ttp.r014.unit.sec.dada.proposition.zero,273,,high
r014.backend.record,1.0.0,ttp.r014.relation.0274,relation,active,ttp.r014.yaintt,ttp.r014.yaintt,,und,2026-08-21T13:53:00+02:00,codex.r014.id-ID,,ttp.r014.correction.0012,corrects,ttp.r014.unit.sec.dada.proposition.size,274,,high
r014.backend.record,1.0.0,ttp.r014.relation.0275,relation,active,ttp.r014.yaintt,ttp.r014.yaintt,,und,2026-08-21T13:53:00+02:00,codex.r014.id-ID,,ttp.r014.correction.0012,corrects,ttp.r014.unit.sec.dada.proposition.absolute-value,275,,high
r014.backend.record,1.0.0,ttp.r014.relation.0276,relation,active,ttp.r014.yaintt,ttp.r014.yaintt,,und,2026-08-21T13:53:00+02:00,codex.r014.id-ID,,ttp.r014.correction.0013,corrects,ttp.r014.unit.thm.the-da.proof,276,,high
r014.backend.record,1.0.0,ttp.r014.relation.0277,relation,active,ttp.r014.yaintt,ttp.r014.yaintt,,und,2026-08-21T13:53:00+02:00,codex.r014.id-ID,,ttp.r014.correction.0014,corrects,ttp.r014.unit.thm.the-da.proof,277,,high
r014.backend.record,1.0.0,ttp.r014.relation.0278,relation,active,ttp.r014.yaintt,ttp.r014.yaintt,,und,2026-08-21T13:53:00+02:00,codex.r014.id-ID,,ttp.r014.correction.0015,corrects,ttp.r014.unit.sec.dada.exercise.09,278,,high
r014.backend.record,1.0.0,ttp.r014.relation.0279,relation,active,ttp.r014.yaintt,ttp.r014.yaintt,,und,2026-08-21T13:53:00+02:00,codex.r014.id-ID,,ttp.r014.correction.0015,corrects,ttp.r014.unit.sec.dada.exercise.10,279,,high
r014.backend.record,1.0.0,ttp.r014.relation.0280,relation,active,ttp.r014.yaintt,ttp.r014.yaintt,,und,2026-08-21T13:53:00+02:00,codex.r014.id-ID,,ttp.r014.unit.sec.dada.theorem.transitivity.proof,proves,ttp.r014.unit.sec.dada.theorem.transitivity,280,,high
r014.backend.record,1.0.0,ttp.r014.relation.0281,relation,active,ttp.r014.yaintt,ttp.r014.yaintt,,und,2026-08-21T13:53:00+02:00,codex.r014.id-ID,,ttp.r014.unit.thm.divisibilitylincombs.proof,proves,ttp.r014.unit.thm.divisibilitylincombs,281,,high
r014.backend.record,1.0.0,ttp.r014.relation.0282,relation,active,ttp.r014.yaintt,ttp.r014.yaintt,,und,2026-08-21T13:53:00+02:00,codex.r014.id-ID,,ttp.r014.unit.thm.the-da.proof,proves,ttp.r014.unit.thm.the-da,282,,high
r014.backend.record,1.0.0,ttp.r014.relation.0283,relation,active,ttp.r014.yaintt,ttp.r014.yaintt,,und,2026-08-21T13:53:00+02:00,codex.r014.id-ID,,ttp.r014.unit.sec.dada.example.basic,illustrates,ttp.r014.unit.sec.dada.definition.divisibility,283,,high
r014.backend.record,1.0.0,ttp.r014.relation.0284,relation,active,ttp.r014.yaintt,ttp.r014.yaintt,,und,2026-08-21T13:53:00+02:00,codex.r014.id-ID,,ttp.r014.unit.eg.divisibility,illustrates,ttp.r014.unit.sec.dada.theorem.transitivity,284,,high
r014.backend.record,1.0.0,ttp.r014.relation.0285,relation,active,ttp.r014.yaintt,ttp.r014.yaintt,,und,2026-08-21T13:53:00+02:00,codex.r014.id-ID,,ttp.r014.unit.eg.arithmetic,illustrates,ttp.r014.unit.thm.the-da,285,,high
r014.backend.record,1.0.0,ttp.r014.relation.0286,relation,active,ttp.r014.yaintt,ttp.r014.yaintt,,und,2026-08-21T13:53:00+02:00,codex.r014.id-ID,,ttp.r014.unit.sec.dada.discussion.parity,references,ttp.r014.unit.thm.the-da,286,,high
r014.backend.record,1.0.0,ttp.r014.relation.0287,relation,active,ttp.r014.yaintt,ttp.r014.yaintt,,und,2026-08-21T13:53:00+02:00,codex.r014.id-ID,,ttp.r014.unit.sec.dada.discussion.finite-combination,references,ttp.r014.unit.thm.divisibilitylincombs,287,,high
r014.backend.record,1.0.0,ttp.r014.relation.0288,relation,active,ttp.r014.yaintt,ttp.r014.yaintt,,und,2026-08-21T13:53:00+02:00,codex.r014.id-ID,,ttp.r014.unit.sec.dada.exercises,references,ttp.r014.unit.sec.dada,288,,high
r014.backend.record,1.0.0,ttp.r014.relation.0289,relation,active,ttp.r014.yaintt,ttp.r014.yaintt,,und,2026-08-21T13:53:00+02:00,codex.r014.id-ID,,ttp.r014.unit.sec.dada.discussion.01,covers,ttp.concept.divisibility,289,,high
r014.backend.record,1.0.0,ttp.r014.relation.0290,relation,active,ttp.r014.yaintt,ttp.r014.yaintt,,und,2026-08-21T13:53:00+02:00,codex.r014.id-ID,,ttp.r014.unit.sec.dada.definition.divisibility,covers,ttp.concept.integer,290,,high
r014.backend.record,1.0.0,ttp.r014.relation.0291,relation,active,ttp.r014.yaintt,ttp.r014.yaintt,,und,2026-08-21T13:53:00+02:00,codex.r014.id-ID,,ttp.r014.unit.sec.dada.definition.divisibility,covers,ttp.concept.divisibility,291,,high
r014.backend.record,1.0.0,ttp.r014.relation.0292,relation,active,ttp.r014.yaintt,ttp.r014.yaintt,,und,2026-08-21T13:53:00+02:00,codex.r014.id-ID,,ttp.r014.unit.sec.dada.definition.divisibility,covers,ttp.concept.factor,292,,high
r014.backend.record,1.0.0,ttp.r014.relation.0293,relation,active,ttp.r014.yaintt,ttp.r014.yaintt,,und,2026-08-21T13:53:00+02:00,codex.r014.id-ID,,ttp.r014.unit.sec.dada.definition.divisibility,covers,ttp.concept.divisor,293,,high
r014.backend.record,1.0.0,ttp.r014.relation.0294,relation,active,ttp.r014.yaintt,ttp.r014.yaintt,,und,2026-08-21T13:53:00+02:00,codex.r014.id-ID,,ttp.r014.unit.sec.dada.definition.divisibility,covers,ttp.concept.multiple,294,,high
r014.backend.record,1.0.0,ttp.r014.relation.0295,relation,active,ttp.r014.yaintt,ttp.r014.yaintt,,und,2026-08-21T13:53:00+02:00,codex.r014.id-ID,,ttp.r014.unit.sec.dada.example.basic,covers,ttp.concept.divisibility,295,,high
r014.backend.record,1.0.0,ttp.r014.relation.0296,relation,active,ttp.r014.yaintt,ttp.r014.yaintt,,und,2026-08-21T13:53:00+02:00,codex.r014.id-ID,,ttp.r014.unit.sec.dada.definition.parity,covers,ttp.concept.divisibility,296,,high
r014.backend.record,1.0.0,ttp.r014.relation.0297,relation,active,ttp.r014.yaintt,ttp.r014.yaintt,,und,2026-08-21T13:53:00+02:00,codex.r014.id-ID,,ttp.r014.unit.sec.dada.definition.parity,covers,ttp.concept.parity,297,,high
r014.backend.record,1.0.0,ttp.r014.relation.0298,relation,active,ttp.r014.yaintt,ttp.r014.yaintt,,und,2026-08-21T13:53:00+02:00,codex.r014.id-ID,,ttp.r014.unit.sec.dada.discussion.parity,covers,ttp.concept.parity,298,,high
r014.backend.record,1.0.0,ttp.r014.relation.0299,relation,active,ttp.r014.yaintt,ttp.r014.yaintt,,und,2026-08-21T13:53:00+02:00,codex.r014.id-ID,,ttp.r014.unit.sec.dada.discussion.parity,covers,ttp.concept.division_algorithm,299,,high
r014.backend.record,1.0.0,ttp.r014.relation.0300,relation,active,ttp.r014.yaintt,ttp.r014.yaintt,,und,2026-08-21T13:53:00+02:00,codex.r014.id-ID,,ttp.r014.unit.sec.dada.proposition.zero,covers,ttp.concept.divisibility,300,,high
r014.backend.record,1.0.0,ttp.r014.relation.0301,relation,active,ttp.r014.yaintt,ttp.r014.yaintt,,und,2026-08-21T13:53:00+02:00,codex.r014.id-ID,,ttp.r014.unit.sec.dada.proposition.size,covers,ttp.concept.divisibility,301,,high
r014.backend.record,1.0.0,ttp.r014.relation.0302,relation,active,ttp.r014.yaintt,ttp.r014.yaintt,,und,2026-08-21T13:53:00+02:00,codex.r014.id-ID,,ttp.r014.unit.sec.dada.proposition.absolute-value,covers,ttp.concept.divisibility,302,,high
r014.backend.record,1.0.0,ttp.r014.relation.0303,relation,active,ttp.r014.yaintt,ttp.r014.yaintt,,und,2026-08-21T13:53:00+02:00,codex.r014.id-ID,,ttp.r014.unit.sec.dada.theorem.transitivity,covers,ttp.concept.divisibility,303,,high
r014.backend.record,1.0.0,ttp.r014.relation.0304,relation,active,ttp.r014.yaintt,ttp.r014.yaintt,,und,2026-08-21T13:53:00+02:00,codex.r014.id-ID,,ttp.r014.unit.sec.dada.theorem.transitivity.proof,covers,ttp.concept.divisibility,304,,high
r014.backend.record,1.0.0,ttp.r014.relation.0305,relation,active,ttp.r014.yaintt,ttp.r014.yaintt,,und,2026-08-21T13:53:00+02:00,codex.r014.id-ID,,ttp.r014.unit.eg.divisibility,covers,ttp.concept.divisibility,305,,high
r014.backend.record,1.0.0,ttp.r014.relation.0306,relation,active,ttp.r014.yaintt,ttp.r014.yaintt,,und,2026-08-21T13:53:00+02:00,codex.r014.id-ID,,ttp.r014.unit.sec.dada.discussion.linear-combination,covers,ttp.concept.divisibility,306,,high
r014.backend.record,1.0.0,ttp.r014.relation.0307,relation,active,ttp.r014.yaintt,ttp.r014.yaintt,,und,2026-08-21T13:53:00+02:00,codex.r014.id-ID,,ttp.r014.unit.sec.dada.discussion.linear-combination,covers,ttp.concept.linear_combination,307,,high
r014.backend.record,1.0.0,ttp.r014.relation.0308,relation,active,ttp.r014.yaintt,ttp.r014.yaintt,,und,2026-08-21T13:53:00+02:00,codex.r014.id-ID,,ttp.r014.unit.thm.divisibilitylincombs,covers,ttp.concept.divisibility,308,,high
r014.backend.record,1.0.0,ttp.r014.relation.0309,relation,active,ttp.r014.yaintt,ttp.r014.yaintt,,und,2026-08-21T13:53:00+02:00,codex.r014.id-ID,,ttp.r014.unit.thm.divisibilitylincombs,covers,ttp.concept.linear_combination,309,,high
r014.backend.record,1.0.0,ttp.r014.relation.0310,relation,active,ttp.r014.yaintt,ttp.r014.yaintt,,und,2026-08-21T13:53:00+02:00,codex.r014.id-ID,,ttp.r014.unit.thm.divisibilitylincombs.proof,covers,ttp.concept.divisibility,310,,high
r014.backend.record,1.0.0,ttp.r014.relation.0311,relation,active,ttp.r014.yaintt,ttp.r014.yaintt,,und,2026-08-21T13:53:00+02:00,codex.r014.id-ID,,ttp.r014.unit.thm.divisibilitylincombs.proof,covers,ttp.concept.linear_combination,311,,high
r014.backend.record,1.0.0,ttp.r014.relation.0312,relation,active,ttp.r014.yaintt,ttp.r014.yaintt,,und,2026-08-21T13:53:00+02:00,codex.r014.id-ID,,ttp.r014.unit.sec.dada.discussion.finite-combination,covers,ttp.concept.divisibility,312,,high
r014.backend.record,1.0.0,ttp.r014.relation.0313,relation,active,ttp.r014.yaintt,ttp.r014.yaintt,,und,2026-08-21T13:53:00+02:00,codex.r014.id-ID,,ttp.r014.unit.sec.dada.discussion.finite-combination,covers,ttp.concept.linear_combination,313,,high
r014.backend.record,1.0.0,ttp.r014.relation.0314,relation,active,ttp.r014.yaintt,ttp.r014.yaintt,,und,2026-08-21T13:53:00+02:00,codex.r014.id-ID,,ttp.r014.unit.sec.dada.discussion.finite-combination,covers,ttp.concept.mathematical_induction,314,,high
r014.backend.record,1.0.0,ttp.r014.relation.0315,relation,active,ttp.r014.yaintt,ttp.r014.yaintt,,und,2026-08-21T13:53:00+02:00,codex.r014.id-ID,,ttp.r014.unit.thm.the-da,covers,ttp.concept.division_algorithm,315,,high
r014.backend.record,1.0.0,ttp.r014.relation.0316,relation,active,ttp.r014.yaintt,ttp.r014.yaintt,,und,2026-08-21T13:53:00+02:00,codex.r014.id-ID,,ttp.r014.unit.thm.the-da,covers,ttp.concept.quotient,316,,high
r014.backend.record,1.0.0,ttp.r014.relation.0317,relation,active,ttp.r014.yaintt,ttp.r014.yaintt,,und,2026-08-21T13:53:00+02:00,codex.r014.id-ID,,ttp.r014.unit.thm.the-da,covers,ttp.concept.remainder,317,,high
r014.backend.record,1.0.0,ttp.r014.relation.0318,relation,active,ttp.r014.yaintt,ttp.r014.yaintt,,und,2026-08-21T13:53:00+02:00,codex.r014.id-ID,,ttp.r014.unit.thm.the-da.proof,covers,ttp.concept.division_algorithm,318,,high
r014.backend.record,1.0.0,ttp.r014.relation.0319,relation,active,ttp.r014.yaintt,ttp.r014.yaintt,,und,2026-08-21T13:53:00+02:00,codex.r014.id-ID,,ttp.r014.unit.thm.the-da.proof,covers,ttp.concept.well_ordering_principle,319,,high
r014.backend.record,1.0.0,ttp.r014.relation.0320,relation,active,ttp.r014.yaintt,ttp.r014.yaintt,,und,2026-08-21T13:53:00+02:00,codex.r014.id-ID,,ttp.r014.unit.thm.the-da.proof,covers,ttp.concept.divisibility,320,,high
r014.backend.record,1.0.0,ttp.r014.relation.0321,relation,active,ttp.r014.yaintt,ttp.r014.yaintt,,und,2026-08-21T13:53:00+02:00,codex.r014.id-ID,,ttp.r014.unit.eg.arithmetic,covers,ttp.concept.division_algorithm,321,,high
r014.backend.record,1.0.0,ttp.r014.relation.0322,relation,active,ttp.r014.yaintt,ttp.r014.yaintt,,und,2026-08-21T13:53:00+02:00,codex.r014.id-ID,,ttp.r014.unit.eg.arithmetic,covers,ttp.concept.quotient,322,,high
r014.backend.record,1.0.0,ttp.r014.relation.0323,relation,active,ttp.r014.yaintt,ttp.r014.yaintt,,und,2026-08-21T13:53:00+02:00,codex.r014.id-ID,,ttp.r014.unit.eg.arithmetic,covers,ttp.concept.remainder,323,,high
r014.backend.record,1.0.0,ttp.r014.relation.0324,relation,active,ttp.r014.yaintt,ttp.r014.yaintt,,und,2026-08-21T13:53:00+02:00,codex.r014.id-ID,,ttp.r014.unit.sec.dada.exercise.01,covers,ttp.concept.divisibility,324,,high
r014.backend.record,1.0.0,ttp.r014.relation.0325,relation,active,ttp.r014.yaintt,ttp.r014.yaintt,,und,2026-08-21T13:53:00+02:00,codex.r014.id-ID,,ttp.r014.unit.sec.dada.exercise.02,covers,ttp.concept.division_algorithm,325,,high
r014.backend.record,1.0.0,ttp.r014.relation.0326,relation,active,ttp.r014.yaintt,ttp.r014.yaintt,,und,2026-08-21T13:53:00+02:00,codex.r014.id-ID,,ttp.r014.unit.sec.dada.exercise.02,covers,ttp.concept.quotient,326,,high
r014.backend.record,1.0.0,ttp.r014.relation.0327,relation,active,ttp.r014.yaintt,ttp.r014.yaintt,,und,2026-08-21T13:53:00+02:00,codex.r014.id-ID,,ttp.r014.unit.sec.dada.exercise.02,covers,ttp.concept.remainder,327,,high
r014.backend.record,1.0.0,ttp.r014.relation.0328,relation,active,ttp.r014.yaintt,ttp.r014.yaintt,,und,2026-08-21T13:53:00+02:00,codex.r014.id-ID,,ttp.r014.unit.sec.dada.exercise.03,covers,ttp.concept.division_algorithm,328,,high
r014.backend.record,1.0.0,ttp.r014.relation.0329,relation,active,ttp.r014.yaintt,ttp.r014.yaintt,,und,2026-08-21T13:53:00+02:00,codex.r014.id-ID,,ttp.r014.unit.sec.dada.exercise.03,covers,ttp.concept.quotient,329,,high
r014.backend.record,1.0.0,ttp.r014.relation.0330,relation,active,ttp.r014.yaintt,ttp.r014.yaintt,,und,2026-08-21T13:53:00+02:00,codex.r014.id-ID,,ttp.r014.unit.sec.dada.exercise.03,covers,ttp.concept.remainder,330,,high
r014.backend.record,1.0.0,ttp.r014.relation.0331,relation,active,ttp.r014.yaintt,ttp.r014.yaintt,,und,2026-08-21T13:53:00+02:00,codex.r014.id-ID,,ttp.r014.unit.sec.dada.exercise.04,covers,ttp.concept.divisibility,331,,high
r014.backend.record,1.0.0,ttp.r014.relation.0332,relation,active,ttp.r014.yaintt,ttp.r014.yaintt,,und,2026-08-21T13:53:00+02:00,codex.r014.id-ID,,ttp.r014.unit.sec.dada.exercise.04,covers,ttp.concept.multiplication,332,,high
r014.backend.record,1.0.0,ttp.r014.relation.0333,relation,active,ttp.r014.yaintt,ttp.r014.yaintt,,und,2026-08-21T13:53:00+02:00,codex.r014.id-ID,,ttp.r014.unit.sec.dada.exercise.05,covers,ttp.concept.divisibility,333,,high
r014.backend.record,1.0.0,ttp.r014.relation.0334,relation,active,ttp.r014.yaintt,ttp.r014.yaintt,,und,2026-08-21T13:53:00+02:00,codex.r014.id-ID,,ttp.r014.unit.sec.dada.exercise.06,covers,ttp.concept.parity,334,,high
r014.backend.record,1.0.0,ttp.r014.relation.0335,relation,active,ttp.r014.yaintt,ttp.r014.yaintt,,und,2026-08-21T13:53:00+02:00,codex.r014.id-ID,,ttp.r014.unit.sec.dada.exercise.06,covers,ttp.concept.addition,335,,high
r014.backend.record,1.0.0,ttp.r014.relation.0336,relation,active,ttp.r014.yaintt,ttp.r014.yaintt,,und,2026-08-21T13:53:00+02:00,codex.r014.id-ID,,ttp.r014.unit.sec.dada.exercise.07,covers,ttp.concept.parity,336,,high
r014.backend.record,1.0.0,ttp.r014.relation.0337,relation,active,ttp.r014.yaintt,ttp.r014.yaintt,,und,2026-08-21T13:53:00+02:00,codex.r014.id-ID,,ttp.r014.unit.sec.dada.exercise.07,covers,ttp.concept.multiplication,337,,high
r014.backend.record,1.0.0,ttp.r014.relation.0338,relation,active,ttp.r014.yaintt,ttp.r014.yaintt,,und,2026-08-21T13:53:00+02:00,codex.r014.id-ID,,ttp.r014.unit.sec.dada.exercise.08,covers,ttp.concept.divisibility,338,,high
r014.backend.record,1.0.0,ttp.r014.relation.0339,relation,active,ttp.r014.yaintt,ttp.r014.yaintt,,und,2026-08-21T13:53:00+02:00,codex.r014.id-ID,,ttp.r014.unit.sec.dada.exercise.09,covers,ttp.concept.parity,339,,high
r014.backend.record,1.0.0,ttp.r014.relation.0340,relation,active,ttp.r014.yaintt,ttp.r014.yaintt,,und,2026-08-21T13:53:00+02:00,codex.r014.id-ID,,ttp.r014.unit.sec.dada.exercise.10,covers,ttp.concept.remainder,340,,high
r014.backend.record,1.0.0,ttp.r014.relation.0341,relation,active,ttp.r014.yaintt,ttp.r014.yaintt,,und,2026-08-21T13:53:00+02:00,codex.r014.id-ID,,ttp.r014.unit.sec.dada.exercise.11,covers,ttp.concept.divisibility,341,,high
r014.backend.record,1.0.0,ttp.r014.relation.0342,relation,active,ttp.r014.yaintt,ttp.r014.yaintt,,und,2026-08-21T13:53:00+02:00,codex.r014.id-ID,,ttp.r014.unit.sec.dada.exercise.12,covers,ttp.concept.divisibility,342,,high
r014.backend.record,1.0.0,ttp.r014.relation.0343,relation,active,ttp.r014.yaintt,ttp.r014.yaintt,,und,2026-08-21T13:53:00+02:00,codex.r014.id-ID,,ttp.concept.integer,prerequisite_for,ttp.concept.divisibility,343,,high
r014.backend.record,1.0.0,ttp.r014.relation.0344,relation,active,ttp.r014.yaintt,ttp.r014.yaintt,,und,2026-08-21T13:53:00+02:00,codex.r014.id-ID,,ttp.concept.multiplication,prerequisite_for,ttp.concept.divisibility,344,,high
r014.backend.record,1.0.0,ttp.r014.relation.0345,relation,active,ttp.r014.yaintt,ttp.r014.yaintt,,und,2026-08-21T13:53:00+02:00,codex.r014.id-ID,,ttp.concept.divisibility,prerequisite_for,ttp.concept.factor,345,,high
r014.backend.record,1.0.0,ttp.r014.relation.0346,relation,active,ttp.r014.yaintt,ttp.r014.yaintt,,und,2026-08-21T13:53:00+02:00,codex.r014.id-ID,,ttp.concept.divisibility,prerequisite_for,ttp.concept.divisor,346,,high
r014.backend.record,1.0.0,ttp.r014.relation.0347,relation,active,ttp.r014.yaintt,ttp.r014.yaintt,,und,2026-08-21T13:53:00+02:00,codex.r014.id-ID,,ttp.concept.divisibility,prerequisite_for,ttp.concept.multiple,347,,high
r014.backend.record,1.0.0,ttp.r014.relation.0348,relation,active,ttp.r014.yaintt,ttp.r014.yaintt,,und,2026-08-21T13:53:00+02:00,codex.r014.id-ID,,ttp.concept.divisibility,prerequisite_for,ttp.concept.parity,348,,high
r014.backend.record,1.0.0,ttp.r014.relation.0349,relation,active,ttp.r014.yaintt,ttp.r014.yaintt,,und,2026-08-21T13:53:00+02:00,codex.r014.id-ID,,ttp.concept.addition,prerequisite_for,ttp.concept.linear_combination,349,,high
r014.backend.record,1.0.0,ttp.r014.relation.0350,relation,active,ttp.r014.yaintt,ttp.r014.yaintt,,und,2026-08-21T13:53:00+02:00,codex.r014.id-ID,,ttp.concept.multiplication,prerequisite_for,ttp.concept.linear_combination,350,,high
r014.backend.record,1.0.0,ttp.r014.relation.0351,relation,active,ttp.r014.yaintt,ttp.r014.yaintt,,und,2026-08-21T13:53:00+02:00,codex.r014.id-ID,,ttp.concept.integer,prerequisite_for,ttp.concept.division_algorithm,351,,high
r014.backend.record,1.0.0,ttp.r014.relation.0352,relation,active,ttp.r014.yaintt,ttp.r014.yaintt,,und,2026-08-21T13:53:00+02:00,codex.r014.id-ID,,ttp.concept.well_ordering_principle,prerequisite_for,ttp.concept.division_algorithm,352,,high
r014.backend.record,1.0.0,ttp.r014.relation.0353,relation,active,ttp.r014.yaintt,ttp.r014.yaintt,,und,2026-08-21T13:53:00+02:00,codex.r014.id-ID,,ttp.concept.division_algorithm,prerequisite_for,ttp.concept.quotient,353,,high
r014.backend.record,1.0.0,ttp.r014.relation.0354,relation,active,ttp.r014.yaintt,ttp.r014.yaintt,,und,2026-08-21T13:53:00+02:00,codex.r014.id-ID,,ttp.concept.division_algorithm,prerequisite_for,ttp.concept.remainder,354,,high
r014.backend.record,1.0.0,ttp.r014.relation.0355,relation,active,ttp.r014.yaintt,ttp.r014.yaintt,,und,2026-08-21T13:53:00+02:00,codex.r014.id-ID,,ttp.r014.unit.chap.woad,contains,ttp.r014.unit.sec.roiidb,355,,high
r014.backend.record,1.0.0,ttp.r014.relation.0356,relation,active,ttp.r014.yaintt,ttp.r014.yaintt,,und,2026-08-21T13:53:00+02:00,codex.r014.id-ID,,ttp.r014.unit.sec.roiidb,contains,ttp.r014.unit.sec.roiidb.discussion.01,356,,high
r014.backend.record,1.0.0,ttp.r014.relation.0357,relation,active,ttp.r014.yaintt,ttp.r014.yaintt,,und,2026-08-21T13:53:00+02:00,codex.r014.id-ID,,ttp.r014.unit.sec.roiidb,contains,ttp.r014.unit.thm.basebexpansion,357,,high
r014.backend.record,1.0.0,ttp.r014.relation.0358,relation,active,ttp.r014.yaintt,ttp.r014.yaintt,,und,2026-08-21T13:53:00+02:00,codex.r014.id-ID,,ttp.r014.unit.thm.basebexpansion,contains,ttp.r014.unit.thm.basebexpansion.proof,358,,high
r014.backend.record,1.0.0,ttp.r014.relation.0359,relation,active,ttp.r014.yaintt,ttp.r014.yaintt,,und,2026-08-21T13:53:00+02:00,codex.r014.id-ID,,ttp.r014.unit.sec.roiidb,contains,ttp.r014.unit.def.baseb,359,,high
r014.backend.record,1.0.0,ttp.r014.relation.0360,relation,active,ttp.r014.yaintt,ttp.r014.yaintt,,und,2026-08-21T13:53:00+02:00,codex.r014.id-ID,,ttp.r014.unit.sec.roiidb,contains,ttp.r014.unit.eg.basetwo,360,,high
r014.backend.record,1.0.0,ttp.r014.relation.0361,relation,active,ttp.r014.yaintt,ttp.r014.yaintt,,und,2026-08-21T13:53:00+02:00,codex.r014.id-ID,,ttp.r014.unit.sec.roiidb,contains,ttp.r014.unit.eg.changebase,361,,high
r014.backend.record,1.0.0,ttp.r014.relation.0362,relation,active,ttp.r014.yaintt,ttp.r014.yaintt,,und,2026-08-21T13:53:00+02:00,codex.r014.id-ID,,ttp.r014.unit.sec.roiidb,contains,ttp.r014.unit.sec.roiidb.exercises,362,,high
r014.backend.record,1.0.0,ttp.r014.relation.0363,relation,active,ttp.r014.yaintt,ttp.r014.yaintt,,und,2026-08-21T13:53:00+02:00,codex.r014.id-ID,,ttp.r014.unit.sec.roiidb.exercises,contains,ttp.r014.unit.sec.roiidb.exercise.01,363,,high
r014.backend.record,1.0.0,ttp.r014.relation.0364,relation,active,ttp.r014.yaintt,ttp.r014.yaintt,,und,2026-08-21T13:53:00+02:00,codex.r014.id-ID,,ttp.r014.unit.sec.roiidb.exercises,contains,ttp.r014.unit.sec.roiidb.exercise.02,364,,high
r014.backend.record,1.0.0,ttp.r014.relation.0365,relation,active,ttp.r014.yaintt,ttp.r014.yaintt,,und,2026-08-21T13:53:00+02:00,codex.r014.id-ID,,ttp.r014.unit.sec.roiidb.exercises,contains,ttp.r014.unit.sec.roiidb.exercise.03,365,,high
r014.backend.record,1.0.0,ttp.r014.relation.0366,relation,active,ttp.r014.yaintt,ttp.r014.yaintt,,und,2026-08-21T13:53:00+02:00,codex.r014.id-ID,,ttp.r014.unit.sec.roiidb.exercises,contains,ttp.r014.unit.sec.roiidb.exercise.04,366,,high
r014.backend.record,1.0.0,ttp.r014.relation.0367,relation,active,ttp.r014.yaintt,ttp.r014.yaintt,,und,2026-08-21T13:53:00+02:00,codex.r014.id-ID,,ttp.r014.unit.sec.roiidb.exercises,contains,ttp.r014.unit.sec.roiidb.exercise.05,367,,high
r014.backend.record,1.0.0,ttp.r014.relation.0368,relation,active,ttp.r014.yaintt,ttp.r014.yaintt,,und,2026-08-21T13:53:00+02:00,codex.r014.id-ID,,ttp.r014.unit.sec.dada,precedes,ttp.r014.unit.sec.roiidb,368,,high
r014.backend.record,1.0.0,ttp.r014.relation.0369,relation,active,ttp.r014.yaintt,ttp.r014.yaintt,,und,2026-08-21T13:53:00+02:00,codex.r014.id-ID,,ttp.r014.unit.sec.roiidb.discussion.01,precedes,ttp.r014.unit.thm.basebexpansion,369,,high
r014.backend.record,1.0.0,ttp.r014.relation.0370,relation,active,ttp.r014.yaintt,ttp.r014.yaintt,,und,2026-08-21T13:53:00+02:00,codex.r014.id-ID,,ttp.r014.unit.thm.basebexpansion,precedes,ttp.r014.unit.def.baseb,370,,high
r014.backend.record,1.0.0,ttp.r014.relation.0371,relation,active,ttp.r014.yaintt,ttp.r014.yaintt,,und,2026-08-21T13:53:00+02:00,codex.r014.id-ID,,ttp.r014.unit.def.baseb,precedes,ttp.r014.unit.eg.basetwo,371,,high
r014.backend.record,1.0.0,ttp.r014.relation.0372,relation,active,ttp.r014.yaintt,ttp.r014.yaintt,,und,2026-08-21T13:53:00+02:00,codex.r014.id-ID,,ttp.r014.unit.eg.basetwo,precedes,ttp.r014.unit.eg.changebase,372,,high
r014.backend.record,1.0.0,ttp.r014.relation.0373,relation,active,ttp.r014.yaintt,ttp.r014.yaintt,,und,2026-08-21T13:53:00+02:00,codex.r014.id-ID,,ttp.r014.unit.eg.changebase,precedes,ttp.r014.unit.sec.roiidb.exercises,373,,high
r014.backend.record,1.0.0,ttp.r014.relation.0374,relation,active,ttp.r014.yaintt,ttp.r014.yaintt,,und,2026-08-21T13:53:00+02:00,codex.r014.id-ID,,ttp.r014.unit.sec.roiidb.exercise.01,precedes,ttp.r014.unit.sec.roiidb.exercise.02,374,,high
r014.backend.record,1.0.0,ttp.r014.relation.0375,relation,active,ttp.r014.yaintt,ttp.r014.yaintt,,und,2026-08-21T13:53:00+02:00,codex.r014.id-ID,,ttp.r014.unit.sec.roiidb.exercise.02,precedes,ttp.r014.unit.sec.roiidb.exercise.03,375,,high
r014.backend.record,1.0.0,ttp.r014.relation.0376,relation,active,ttp.r014.yaintt,ttp.r014.yaintt,,und,2026-08-21T13:53:00+02:00,codex.r014.id-ID,,ttp.r014.unit.sec.roiidb.exercise.03,precedes,ttp.r014.unit.sec.roiidb.exercise.04,376,,high
r014.backend.record,1.0.0,ttp.r014.relation.0377,relation,active,ttp.r014.yaintt,ttp.r014.yaintt,,und,2026-08-21T13:53:00+02:00,codex.r014.id-ID,,ttp.r014.unit.sec.roiidb.exercise.04,precedes,ttp.r014.unit.sec.roiidb.exercise.05,377,,high
r014.backend.record,1.0.0,ttp.r014.relation.0378,relation,active,ttp.r014.yaintt,ttp.r014.yaintt,,und,2026-08-21T13:53:00+02:00,codex.r014.id-ID,,ttp.r014.correction.0016,corrects,ttp.r014.unit.thm.basebexpansion,378,,high
r014.backend.record,1.0.0,ttp.r014.relation.0379,relation,active,ttp.r014.yaintt,ttp.r014.yaintt,,und,2026-08-21T13:53:00+02:00,codex.r014.id-ID,,ttp.r014.correction.0016,corrects,ttp.r014.unit.thm.basebexpansion.proof,379,,high
r014.backend.record,1.0.0,ttp.r014.relation.0380,relation,active,ttp.r014.yaintt,ttp.r014.yaintt,,und,2026-08-21T13:53:00+02:00,codex.r014.id-ID,,ttp.r014.correction.0017,corrects,ttp.r014.unit.thm.basebexpansion.proof,380,,high
r014.backend.record,1.0.0,ttp.r014.relation.0381,relation,active,ttp.r014.yaintt,ttp.r014.yaintt,,und,2026-08-21T13:53:00+02:00,codex.r014.id-ID,,ttp.r014.correction.0018,corrects,ttp.r014.unit.def.baseb,381,,high
r014.backend.record,1.0.0,ttp.r014.relation.0382,relation,active,ttp.r014.yaintt,ttp.r014.yaintt,,und,2026-08-21T13:53:00+02:00,codex.r014.id-ID,,ttp.r014.unit.thm.basebexpansion.proof,proves,ttp.r014.unit.thm.basebexpansion,382,,high
r014.backend.record,1.0.0,ttp.r014.relation.0383,relation,active,ttp.r014.yaintt,ttp.r014.yaintt,,und,2026-08-21T13:53:00+02:00,codex.r014.id-ID,,ttp.r014.unit.eg.basetwo,illustrates,ttp.r014.unit.thm.basebexpansion,383,,high
r014.backend.record,1.0.0,ttp.r014.relation.0384,relation,active,ttp.r014.yaintt,ttp.r014.yaintt,,und,2026-08-21T13:53:00+02:00,codex.r014.id-ID,,ttp.r014.unit.eg.changebase,illustrates,ttp.r014.unit.def.baseb,384,,high
r014.backend.record,1.0.0,ttp.r014.relation.0385,relation,active,ttp.r014.yaintt,ttp.r014.yaintt,,und,2026-08-21T13:53:00+02:00,codex.r014.id-ID,,ttp.r014.unit.def.baseb,references,ttp.r014.unit.thm.basebexpansion,385,,high
r014.backend.record,1.0.0,ttp.r014.relation.0386,relation,active,ttp.r014.yaintt,ttp.r014.yaintt,,und,2026-08-21T13:53:00+02:00,codex.r014.id-ID,,ttp.r014.unit.sec.roiidb.exercises,references,ttp.r014.unit.sec.roiidb,386,,high
r014.backend.record,1.0.0,ttp.r014.relation.0387,relation,active,ttp.r014.yaintt,ttp.r014.yaintt,,und,2026-08-21T13:53:00+02:00,codex.r014.id-ID,,ttp.r014.unit.sec.roiidb,covers,ttp.concept.base,387,,high
r014.backend.record,1.0.0,ttp.r014.relation.0388,relation,active,ttp.r014.yaintt,ttp.r014.yaintt,,und,2026-08-21T13:53:00+02:00,codex.r014.id-ID,,ttp.r014.unit.sec.roiidb,covers,ttp.concept.base_representation,388,,high
r014.backend.record,1.0.0,ttp.r014.relation.0389,relation,active,ttp.r014.yaintt,ttp.r014.yaintt,,und,2026-08-21T13:53:00+02:00,codex.r014.id-ID,,ttp.r014.unit.sec.roiidb.discussion.01,covers,ttp.concept.base,389,,high
r014.backend.record,1.0.0,ttp.r014.relation.0390,relation,active,ttp.r014.yaintt,ttp.r014.yaintt,,und,2026-08-21T13:53:00+02:00,codex.r014.id-ID,,ttp.r014.unit.sec.roiidb.discussion.01,covers,ttp.concept.base_representation,390,,high
r014.backend.record,1.0.0,ttp.r014.relation.0391,relation,active,ttp.r014.yaintt,ttp.r014.yaintt,,und,2026-08-21T13:53:00+02:00,codex.r014.id-ID,,ttp.r014.unit.sec.roiidb.discussion.01,covers,ttp.concept.decimal,391,,high
r014.backend.record,1.0.0,ttp.r014.relation.0392,relation,active,ttp.r014.yaintt,ttp.r014.yaintt,,und,2026-08-21T13:53:00+02:00,codex.r014.id-ID,,ttp.r014.unit.sec.roiidb.discussion.01,covers,ttp.concept.sexagesimal,392,,high
r014.backend.record,1.0.0,ttp.r014.relation.0393,relation,active,ttp.r014.yaintt,ttp.r014.yaintt,,und,2026-08-21T13:53:00+02:00,codex.r014.id-ID,,ttp.r014.unit.thm.basebexpansion,covers,ttp.concept.base,393,,high
r014.backend.record,1.0.0,ttp.r014.relation.0394,relation,active,ttp.r014.yaintt,ttp.r014.yaintt,,und,2026-08-21T13:53:00+02:00,codex.r014.id-ID,,ttp.r014.unit.thm.basebexpansion,covers,ttp.concept.base_representation,394,,high
r014.backend.record,1.0.0,ttp.r014.relation.0395,relation,active,ttp.r014.yaintt,ttp.r014.yaintt,,und,2026-08-21T13:53:00+02:00,codex.r014.id-ID,,ttp.r014.unit.thm.basebexpansion,covers,ttp.concept.digit,395,,high
r014.backend.record,1.0.0,ttp.r014.relation.0396,relation,active,ttp.r014.yaintt,ttp.r014.yaintt,,und,2026-08-21T13:53:00+02:00,codex.r014.id-ID,,ttp.r014.unit.thm.basebexpansion,covers,ttp.concept.division_algorithm,396,,high
r014.backend.record,1.0.0,ttp.r014.relation.0397,relation,active,ttp.r014.yaintt,ttp.r014.yaintt,,und,2026-08-21T13:53:00+02:00,codex.r014.id-ID,,ttp.r014.unit.thm.basebexpansion,covers,ttp.concept.natural_number,397,,high
r014.backend.record,1.0.0,ttp.r014.relation.0398,relation,active,ttp.r014.yaintt,ttp.r014.yaintt,,und,2026-08-21T13:53:00+02:00,codex.r014.id-ID,,ttp.r014.unit.thm.basebexpansion.proof,covers,ttp.concept.base,398,,high
r014.backend.record,1.0.0,ttp.r014.relation.0399,relation,active,ttp.r014.yaintt,ttp.r014.yaintt,,und,2026-08-21T13:53:00+02:00,codex.r014.id-ID,,ttp.r014.unit.thm.basebexpansion.proof,covers,ttp.concept.base_representation,399,,high
r014.backend.record,1.0.0,ttp.r014.relation.0400,relation,active,ttp.r014.yaintt,ttp.r014.yaintt,,und,2026-08-21T13:53:00+02:00,codex.r014.id-ID,,ttp.r014.unit.thm.basebexpansion.proof,covers,ttp.concept.digit,400,,high
r014.backend.record,1.0.0,ttp.r014.relation.0401,relation,active,ttp.r014.yaintt,ttp.r014.yaintt,,und,2026-08-21T13:53:00+02:00,codex.r014.id-ID,,ttp.r014.unit.thm.basebexpansion.proof,covers,ttp.concept.division_algorithm,401,,high
r014.backend.record,1.0.0,ttp.r014.relation.0402,relation,active,ttp.r014.yaintt,ttp.r014.yaintt,,und,2026-08-21T13:53:00+02:00,codex.r014.id-ID,,ttp.r014.unit.thm.basebexpansion.proof,covers,ttp.concept.quotient,402,,high
r014.backend.record,1.0.0,ttp.r014.relation.0403,relation,active,ttp.r014.yaintt,ttp.r014.yaintt,,und,2026-08-21T13:53:00+02:00,codex.r014.id-ID,,ttp.r014.unit.thm.basebexpansion.proof,covers,ttp.concept.remainder,403,,high
r014.backend.record,1.0.0,ttp.r014.relation.0404,relation,active,ttp.r014.yaintt,ttp.r014.yaintt,,und,2026-08-21T13:53:00+02:00,codex.r014.id-ID,,ttp.r014.unit.def.baseb,covers,ttp.concept.base,404,,high
r014.backend.record,1.0.0,ttp.r014.relation.0405,relation,active,ttp.r014.yaintt,ttp.r014.yaintt,,und,2026-08-21T13:53:00+02:00,codex.r014.id-ID,,ttp.r014.unit.def.baseb,covers,ttp.concept.base_representation,405,,high
r014.backend.record,1.0.0,ttp.r014.relation.0406,relation,active,ttp.r014.yaintt,ttp.r014.yaintt,,und,2026-08-21T13:53:00+02:00,codex.r014.id-ID,,ttp.r014.unit.def.baseb,covers,ttp.concept.digit,406,,high
r014.backend.record,1.0.0,ttp.r014.relation.0407,relation,active,ttp.r014.yaintt,ttp.r014.yaintt,,und,2026-08-21T13:53:00+02:00,codex.r014.id-ID,,ttp.r014.unit.def.baseb,covers,ttp.concept.binary_representation,407,,high
r014.backend.record,1.0.0,ttp.r014.relation.0408,relation,active,ttp.r014.yaintt,ttp.r014.yaintt,,und,2026-08-21T13:53:00+02:00,codex.r014.id-ID,,ttp.r014.unit.def.baseb,covers,ttp.concept.bit,408,,high
r014.backend.record,1.0.0,ttp.r014.relation.0409,relation,active,ttp.r014.yaintt,ttp.r014.yaintt,,und,2026-08-21T13:53:00+02:00,codex.r014.id-ID,,ttp.r014.unit.def.baseb,covers,ttp.concept.octal,409,,high
r014.backend.record,1.0.0,ttp.r014.relation.0410,relation,active,ttp.r014.yaintt,ttp.r014.yaintt,,und,2026-08-21T13:53:00+02:00,codex.r014.id-ID,,ttp.r014.unit.def.baseb,covers,ttp.concept.hexadecimal,410,,high
r014.backend.record,1.0.0,ttp.r014.relation.0411,relation,active,ttp.r014.yaintt,ttp.r014.yaintt,,und,2026-08-21T13:53:00+02:00,codex.r014.id-ID,,ttp.r014.unit.def.baseb,covers,ttp.concept.hex,411,,high
r014.backend.record,1.0.0,ttp.r014.relation.0412,relation,active,ttp.r014.yaintt,ttp.r014.yaintt,,und,2026-08-21T13:53:00+02:00,codex.r014.id-ID,,ttp.r014.unit.def.baseb,covers,ttp.concept.sexagesimal,412,,high
r014.backend.record,1.0.0,ttp.r014.relation.0413,relation,active,ttp.r014.yaintt,ttp.r014.yaintt,,und,2026-08-21T13:53:00+02:00,codex.r014.id-ID,,ttp.r014.unit.eg.basetwo,covers,ttp.concept.base,413,,high
r014.backend.record,1.0.0,ttp.r014.relation.0414,relation,active,ttp.r014.yaintt,ttp.r014.yaintt,,und,2026-08-21T13:53:00+02:00,codex.r014.id-ID,,ttp.r014.unit.eg.basetwo,covers,ttp.concept.base_representation,414,,high
r014.backend.record,1.0.0,ttp.r014.relation.0415,relation,active,ttp.r014.yaintt,ttp.r014.yaintt,,und,2026-08-21T13:53:00+02:00,codex.r014.id-ID,,ttp.r014.unit.eg.basetwo,covers,ttp.concept.digit,415,,high
r014.backend.record,1.0.0,ttp.r014.relation.0416,relation,active,ttp.r014.yaintt,ttp.r014.yaintt,,und,2026-08-21T13:53:00+02:00,codex.r014.id-ID,,ttp.r014.unit.eg.basetwo,covers,ttp.concept.division_algorithm,416,,high
r014.backend.record,1.0.0,ttp.r014.relation.0417,relation,active,ttp.r014.yaintt,ttp.r014.yaintt,,und,2026-08-21T13:53:00+02:00,codex.r014.id-ID,,ttp.r014.unit.eg.basetwo,covers,ttp.concept.quotient,417,,high
r014.backend.record,1.0.0,ttp.r014.relation.0418,relation,active,ttp.r014.yaintt,ttp.r014.yaintt,,und,2026-08-21T13:53:00+02:00,codex.r014.id-ID,,ttp.r014.unit.eg.basetwo,covers,ttp.concept.remainder,418,,high
r014.backend.record,1.0.0,ttp.r014.relation.0419,relation,active,ttp.r014.yaintt,ttp.r014.yaintt,,und,2026-08-21T13:53:00+02:00,codex.r014.id-ID,,ttp.r014.unit.eg.basetwo,covers,ttp.concept.decimal,419,,high
r014.backend.record,1.0.0,ttp.r014.relation.0420,relation,active,ttp.r014.yaintt,ttp.r014.yaintt,,und,2026-08-21T13:53:00+02:00,codex.r014.id-ID,,ttp.r014.unit.eg.changebase,covers,ttp.concept.base,420,,high
r014.backend.record,1.0.0,ttp.r014.relation.0421,relation,active,ttp.r014.yaintt,ttp.r014.yaintt,,und,2026-08-21T13:53:00+02:00,codex.r014.id-ID,,ttp.r014.unit.eg.changebase,covers,ttp.concept.base_representation,421,,high
r014.backend.record,1.0.0,ttp.r014.relation.0422,relation,active,ttp.r014.yaintt,ttp.r014.yaintt,,und,2026-08-21T13:53:00+02:00,codex.r014.id-ID,,ttp.r014.unit.eg.changebase,covers,ttp.concept.digit,422,,high
r014.backend.record,1.0.0,ttp.r014.relation.0423,relation,active,ttp.r014.yaintt,ttp.r014.yaintt,,und,2026-08-21T13:53:00+02:00,codex.r014.id-ID,,ttp.r014.unit.eg.changebase,covers,ttp.concept.decimal,423,,high
r014.backend.record,1.0.0,ttp.r014.relation.0424,relation,active,ttp.r014.yaintt,ttp.r014.yaintt,,und,2026-08-21T13:53:00+02:00,codex.r014.id-ID,,ttp.r014.unit.sec.roiidb.exercise.01,covers,ttp.concept.base,424,,high
r014.backend.record,1.0.0,ttp.r014.relation.0425,relation,active,ttp.r014.yaintt,ttp.r014.yaintt,,und,2026-08-21T13:53:00+02:00,codex.r014.id-ID,,ttp.r014.unit.sec.roiidb.exercise.01,covers,ttp.concept.base_representation,425,,high
r014.backend.record,1.0.0,ttp.r014.relation.0426,relation,active,ttp.r014.yaintt,ttp.r014.yaintt,,und,2026-08-21T13:53:00+02:00,codex.r014.id-ID,,ttp.r014.unit.sec.roiidb.exercise.01,covers,ttp.concept.division_algorithm,426,,high
r014.backend.record,1.0.0,ttp.r014.relation.0427,relation,active,ttp.r014.yaintt,ttp.r014.yaintt,,und,2026-08-21T13:53:00+02:00,codex.r014.id-ID,,ttp.r014.unit.sec.roiidb.exercise.01,covers,ttp.concept.remainder,427,,high
r014.backend.record,1.0.0,ttp.r014.relation.0428,relation,active,ttp.r014.yaintt,ttp.r014.yaintt,,und,2026-08-21T13:53:00+02:00,codex.r014.id-ID,,ttp.r014.unit.sec.roiidb.exercise.01,covers,ttp.concept.decimal,428,,high
r014.backend.record,1.0.0,ttp.r014.relation.0429,relation,active,ttp.r014.yaintt,ttp.r014.yaintt,,und,2026-08-21T13:53:00+02:00,codex.r014.id-ID,,ttp.r014.unit.sec.roiidb.exercise.02,covers,ttp.concept.base,429,,high
r014.backend.record,1.0.0,ttp.r014.relation.0430,relation,active,ttp.r014.yaintt,ttp.r014.yaintt,,und,2026-08-21T13:53:00+02:00,codex.r014.id-ID,,ttp.r014.unit.sec.roiidb.exercise.02,covers,ttp.concept.base_representation,430,,high
r014.backend.record,1.0.0,ttp.r014.relation.0431,relation,active,ttp.r014.yaintt,ttp.r014.yaintt,,und,2026-08-21T13:53:00+02:00,codex.r014.id-ID,,ttp.r014.unit.sec.roiidb.exercise.02,covers,ttp.concept.division_algorithm,431,,high
r014.backend.record,1.0.0,ttp.r014.relation.0432,relation,active,ttp.r014.yaintt,ttp.r014.yaintt,,und,2026-08-21T13:53:00+02:00,codex.r014.id-ID,,ttp.r014.unit.sec.roiidb.exercise.02,covers,ttp.concept.remainder,432,,high
r014.backend.record,1.0.0,ttp.r014.relation.0433,relation,active,ttp.r014.yaintt,ttp.r014.yaintt,,und,2026-08-21T13:53:00+02:00,codex.r014.id-ID,,ttp.r014.unit.sec.roiidb.exercise.02,covers,ttp.concept.decimal,433,,high
r014.backend.record,1.0.0,ttp.r014.relation.0434,relation,active,ttp.r014.yaintt,ttp.r014.yaintt,,und,2026-08-21T13:53:00+02:00,codex.r014.id-ID,,ttp.r014.unit.sec.roiidb.exercise.02,covers,ttp.concept.octal,434,,high
r014.backend.record,1.0.0,ttp.r014.relation.0435,relation,active,ttp.r014.yaintt,ttp.r014.yaintt,,und,2026-08-21T13:53:00+02:00,codex.r014.id-ID,,ttp.r014.unit.sec.roiidb.exercise.03,covers,ttp.concept.base_representation,435,,high
r014.backend.record,1.0.0,ttp.r014.relation.0436,relation,active,ttp.r014.yaintt,ttp.r014.yaintt,,und,2026-08-21T13:53:00+02:00,codex.r014.id-ID,,ttp.r014.unit.sec.roiidb.exercise.03,covers,ttp.concept.binary_representation,436,,high
r014.backend.record,1.0.0,ttp.r014.relation.0437,relation,active,ttp.r014.yaintt,ttp.r014.yaintt,,und,2026-08-21T13:53:00+02:00,codex.r014.id-ID,,ttp.r014.unit.sec.roiidb.exercise.03,covers,ttp.concept.decimal,437,,high
r014.backend.record,1.0.0,ttp.r014.relation.0438,relation,active,ttp.r014.yaintt,ttp.r014.yaintt,,und,2026-08-21T13:53:00+02:00,codex.r014.id-ID,,ttp.r014.unit.sec.roiidb.exercise.04,covers,ttp.concept.base_representation,438,,high
r014.backend.record,1.0.0,ttp.r014.relation.0439,relation,active,ttp.r014.yaintt,ttp.r014.yaintt,,und,2026-08-21T13:53:00+02:00,codex.r014.id-ID,,ttp.r014.unit.sec.roiidb.exercise.04,covers,ttp.concept.hexadecimal,439,,high
r014.backend.record,1.0.0,ttp.r014.relation.0440,relation,active,ttp.r014.yaintt,ttp.r014.yaintt,,und,2026-08-21T13:53:00+02:00,codex.r014.id-ID,,ttp.r014.unit.sec.roiidb.exercise.04,covers,ttp.concept.decimal,440,,high
r014.backend.record,1.0.0,ttp.r014.relation.0441,relation,active,ttp.r014.yaintt,ttp.r014.yaintt,,und,2026-08-21T13:53:00+02:00,codex.r014.id-ID,,ttp.r014.unit.sec.roiidb.exercise.05,covers,ttp.concept.base_representation,441,,high
r014.backend.record,1.0.0,ttp.r014.relation.0442,relation,active,ttp.r014.yaintt,ttp.r014.yaintt,,und,2026-08-21T13:53:00+02:00,codex.r014.id-ID,,ttp.r014.unit.sec.roiidb.exercise.05,covers,ttp.concept.hexadecimal,442,,high
r014.backend.record,1.0.0,ttp.r014.relation.0443,relation,active,ttp.r014.yaintt,ttp.r014.yaintt,,und,2026-08-21T13:53:00+02:00,codex.r014.id-ID,,ttp.r014.unit.sec.roiidb.exercise.05,covers,ttp.concept.binary_representation,443,,high
r014.backend.record,1.0.0,ttp.r014.relation.0444,relation,active,ttp.r014.yaintt,ttp.r014.yaintt,,und,2026-08-21T13:53:00+02:00,codex.r014.id-ID,,ttp.concept.integer,prerequisite_for,ttp.concept.base,444,,high
r014.backend.record,1.0.0,ttp.r014.relation.0445,relation,active,ttp.r014.yaintt,ttp.r014.yaintt,,und,2026-08-21T13:53:00+02:00,codex.r014.id-ID,,ttp.concept.base,prerequisite_for,ttp.concept.base_representation,445,,high
r014.backend.record,1.0.0,ttp.r014.relation.0446,relation,active,ttp.r014.yaintt,ttp.r014.yaintt,,und,2026-08-21T13:53:00+02:00,codex.r014.id-ID,,ttp.concept.natural_number,prerequisite_for,ttp.concept.base_representation,446,,high
r014.backend.record,1.0.0,ttp.r014.relation.0447,relation,active,ttp.r014.yaintt,ttp.r014.yaintt,,und,2026-08-21T13:53:00+02:00,codex.r014.id-ID,,ttp.concept.division_algorithm,prerequisite_for,ttp.concept.base_representation,447,,high
r014.backend.record,1.0.0,ttp.r014.relation.0448,relation,active,ttp.r014.yaintt,ttp.r014.yaintt,,und,2026-08-21T13:53:00+02:00,codex.r014.id-ID,,ttp.concept.base_representation,prerequisite_for,ttp.concept.digit,448,,high
r014.backend.record,1.0.0,ttp.r014.relation.0449,relation,active,ttp.r014.yaintt,ttp.r014.yaintt,,und,2026-08-21T13:53:00+02:00,codex.r014.id-ID,,ttp.concept.base_representation,prerequisite_for,ttp.concept.binary_representation,449,,high
r014.backend.record,1.0.0,ttp.r014.relation.0450,relation,active,ttp.r014.yaintt,ttp.r014.yaintt,,und,2026-08-21T13:53:00+02:00,codex.r014.id-ID,,ttp.concept.base_representation,prerequisite_for,ttp.concept.decimal,450,,high
r014.backend.record,1.0.0,ttp.r014.relation.0451,relation,active,ttp.r014.yaintt,ttp.r014.yaintt,,und,2026-08-21T13:53:00+02:00,codex.r014.id-ID,,ttp.concept.base_representation,prerequisite_for,ttp.concept.octal,451,,high
r014.backend.record,1.0.0,ttp.r014.relation.0452,relation,active,ttp.r014.yaintt,ttp.r014.yaintt,,und,2026-08-21T13:53:00+02:00,codex.r014.id-ID,,ttp.concept.base_representation,prerequisite_for,ttp.concept.hexadecimal,452,,high
r014.backend.record,1.0.0,ttp.r014.relation.0453,relation,active,ttp.r014.yaintt,ttp.r014.yaintt,,und,2026-08-21T13:53:00+02:00,codex.r014.id-ID,,ttp.concept.base_representation,prerequisite_for,ttp.concept.sexagesimal,453,,high
r014.backend.record,1.0.0,ttp.r014.relation.0454,relation,active,ttp.r014.yaintt,ttp.r014.yaintt,,und,2026-08-21T13:53:00+02:00,codex.r014.id-ID,,ttp.concept.hexadecimal,prerequisite_for,ttp.concept.hex,454,,high
r014.backend.record,1.0.0,ttp.r014.relation.0455,relation,active,ttp.r014.yaintt,ttp.r014.yaintt,,und,2026-08-21T13:53:00+02:00,codex.r014.id-ID,,ttp.concept.binary_representation,prerequisite_for,ttp.concept.bit,455,,high
r014.backend.record,1.0.0,ttp.r014.relation.0456,relation,active,ttp.r014.yaintt,ttp.r014.yaintt,,und,2026-08-21T13:53:00+02:00,codex.r014.id-ID,,ttp.concept.digit,prerequisite_for,ttp.concept.bit,456,,high
r014.backend.record,1.0.0,ttp.r014.relation.0457,relation,active,ttp.r014.yaintt,ttp.r014.yaintt,,und,2026-08-21T13:53:00+02:00,codex.r014.id-ID,,ttp.r014.edition.id-id.boundary4,translates,ttp.r014.edition.source.2014-05-07,457,,high
r014.backend.record,1.0.0,ttp.r014.relation.0458,relation,active,ttp.r014.yaintt,ttp.r014.yaintt,,und,2026-08-21T13:53:00+02:00,codex.r014.id-ID,,ttp.r014.edition.id-id.boundary4,adapts,ttp.r014.edition.source.2014-05-07,458,,high
r014.backend.record,1.0.0,ttp.r014.relation.0459,relation,active,ttp.r014.yaintt,ttp.r014.yaintt,,und,2026-08-21T13:53:00+02:00,codex.r014.id-ID,,ttp.r014.edition.id-id.boundary4,depends_on,ttp.r014.asset.authority.yaintt_tex,459,,high
r014.backend.record,1.0.0,ttp.r014.relation.0460,relation,active,ttp.r014.yaintt,ttp.r014.yaintt,,und,2026-08-21T13:53:00+02:00,codex.r014.id-ID,,ttp.r014.edition.id-id.boundary4,depends_on,ttp.r014.asset.authority.refs_bib,460,,high
r014.backend.record,1.0.0,ttp.r014.relation.0461,relation,active,ttp.r014.yaintt,ttp.r014.yaintt,,und,2026-08-21T13:53:00+02:00,codex.r014.id-ID,,ttp.r014.edition.id-id.boundary4,depends_on,ttp.r014.asset.authority.cover_art_eps,461,,high
r014.backend.record,1.0.0,ttp.r014.relation.0462,relation,active,ttp.r014.yaintt,ttp.r014.yaintt,,und,2026-08-21T13:53:00+02:00,codex.r014.id-ID,,ttp.r014.edition.id-id.boundary4,depends_on,ttp.r014.asset.authority.dbend_eps,462,,high
r014.backend.record,1.0.0,ttp.r014.relation.0463,relation,active,ttp.r014.yaintt,ttp.r014.yaintt,,und,2026-08-21T13:53:00+02:00,codex.r014.id-ID,,ttp.r014.edition.id-id.boundary4,depends_on,ttp.r014.asset.authority.eng_freq_hist_eps,463,,high
r014.backend.record,1.0.0,ttp.r014.relation.0464,relation,active,ttp.r014.yaintt,ttp.r014.yaintt,,und,2026-08-21T13:53:00+02:00,codex.r014.id-ID,,ttp.r014.edition.id-id.boundary4,depends_on,ttp.r014.asset.authority.hamhip_freqs_eps,464,,high
r014.backend.record,1.0.0,ttp.r014.relation.0465,relation,active,ttp.r014.yaintt,ttp.r014.yaintt,,und,2026-08-21T13:53:00+02:00,codex.r014.id-ID,,ttp.r014.edition.id-id.boundary4,depends_on,ttp.r014.asset.authority.samp_cct_hist_eps,465,,high
r014.backend.record,1.0.0,ttp.r014.relation.0466,relation,active,ttp.r014.yaintt,ttp.r014.yaintt,,und,2026-08-21T13:53:00+02:00,codex.r014.id-ID,,ttp.r014.edition.id-id.boundary4,depends_on,ttp.r014.asset.authority.scytale_eps,466,,high
r014.backend.record,1.0.0,ttp.r014.relation.0467,relation,active,ttp.r014.yaintt,ttp.r014.yaintt,,und,2026-08-21T13:53:00+02:00,codex.r014.id-ID,,ttp.r014.edition.id-id.boundary4,depends_on,ttp.r014.asset.authority.seadk_cct_eps,467,,high
r014.backend.record,1.0.0,ttp.r014.relation.0468,relation,active,ttp.r014.yaintt,ttp.r014.yaintt,,und,2026-08-21T13:53:00+02:00,codex.r014.id-ID,,ttp.r014.edition.id-id.boundary4,depends_on,ttp.r014.asset.authority.seadk_hamhip_eps,468,,high
r014.backend.record,1.0.0,ttp.r014.relation.0469,relation,active,ttp.r014.yaintt,ttp.r014.yaintt,,und,2026-08-21T13:53:00+02:00,codex.r014.id-ID,,ttp.r014.edition.id-id.boundary4,depends_on,ttp.r014.asset.authority.seadk_rkkrt_eps,469,,high
r014.backend.record,1.0.0,ttp.r014.relation.0470,relation,active,ttp.r014.yaintt,ttp.r014.yaintt,,und,2026-08-21T13:53:00+02:00,codex.r014.id-ID,,ttp.r014.unit.chap.woad,contains,ttp.r014.unit.sec.gcd,470,,high
r014.backend.record,1.0.0,ttp.r014.relation.0471,relation,active,ttp.r014.yaintt,ttp.r014.yaintt,,und,2026-08-21T13:53:00+02:00,codex.r014.id-ID,,ttp.r014.unit.sec.gcd,contains,ttp.r014.unit.sec.gcd.discussion.01,471,,high
r014.backend.record,1.0.0,ttp.r014.relation.0472,relation,active,ttp.r014.yaintt,ttp.r014.yaintt,,und,2026-08-21T13:53:00+02:00,codex.r014.id-ID,,ttp.r014.unit.sec.gcd,contains,ttp.r014.unit.sec.gcd.definition.greatest-common-divisor,472,,high
r014.backend.record,1.0.0,ttp.r014.relation.0473,relation,active,ttp.r014.yaintt,ttp.r014.yaintt,,und,2026-08-21T13:53:00+02:00,codex.r014.id-ID,,ttp.r014.unit.sec.gcd,contains,ttp.r014.unit.eg.gcda,473,,high
r014.backend.record,1.0.0,ttp.r014.relation.0474,relation,active,ttp.r014.yaintt,ttp.r014.yaintt,,und,2026-08-21T13:53:00+02:00,codex.r014.id-ID,,ttp.r014.unit.sec.gcd,contains,ttp.r014.unit.sec.gcd.definition.relatively-prime,474,,high
r014.backend.record,1.0.0,ttp.r014.relation.0475,relation,active,ttp.r014.yaintt,ttp.r014.yaintt,,und,2026-08-21T13:53:00+02:00,codex.r014.id-ID,,ttp.r014.unit.sec.gcd,contains,ttp.r014.unit.eg.gcdb,475,,high
r014.backend.record,1.0.0,ttp.r014.relation.0476,relation,active,ttp.r014.yaintt,ttp.r014.yaintt,,und,2026-08-21T13:53:00+02:00,codex.r014.id-ID,,ttp.r014.unit.sec.gcd,contains,ttp.r014.unit.sec.gcd.discussion.02,476,,high
r014.backend.record,1.0.0,ttp.r014.relation.0477,relation,active,ttp.r014.yaintt,ttp.r014.yaintt,,und,2026-08-21T13:53:00+02:00,codex.r014.id-ID,,ttp.r014.unit.sec.gcd,contains,ttp.r014.unit.thm.dividebygcd,477,,high
r014.backend.record,1.0.0,ttp.r014.relation.0478,relation,active,ttp.r014.yaintt,ttp.r014.yaintt,,und,2026-08-21T13:53:00+02:00,codex.r014.id-ID,,ttp.r014.unit.thm.dividebygcd,contains,ttp.r014.unit.thm.dividebygcd.proof,478,,high
r014.backend.record,1.0.0,ttp.r014.relation.0479,relation,active,ttp.r014.yaintt,ttp.r014.yaintt,,und,2026-08-21T13:53:00+02:00,codex.r014.id-ID,,ttp.r014.unit.sec.gcd,contains,ttp.r014.unit.sec.gcd.discussion.03,479,,high
r014.backend.record,1.0.0,ttp.r014.relation.0480,relation,active,ttp.r014.yaintt,ttp.r014.yaintt,,und,2026-08-21T13:53:00+02:00,codex.r014.id-ID,,ttp.r014.unit.sec.gcd,contains,ttp.r014.unit.sec.gcd.theorem.invariance,480,,high
r014.backend.record,1.0.0,ttp.r014.relation.0481,relation,active,ttp.r014.yaintt,ttp.r014.yaintt,,und,2026-08-21T13:53:00+02:00,codex.r014.id-ID,,ttp.r014.unit.sec.gcd.theorem.invariance,contains,ttp.r014.unit.sec.gcd.theorem.invariance.proof,481,,high
r014.backend.record,1.0.0,ttp.r014.relation.0482,relation,active,ttp.r014.yaintt,ttp.r014.yaintt,,und,2026-08-21T13:53:00+02:00,codex.r014.id-ID,,ttp.r014.unit.sec.gcd,contains,ttp.r014.unit.eg.gcdc,482,,high
r014.backend.record,1.0.0,ttp.r014.relation.0483,relation,active,ttp.r014.yaintt,ttp.r014.yaintt,,und,2026-08-21T13:53:00+02:00,codex.r014.id-ID,,ttp.r014.unit.sec.gcd,contains,ttp.r014.unit.sec.gcd.discussion.04,483,,high
r014.backend.record,1.0.0,ttp.r014.relation.0484,relation,active,ttp.r014.yaintt,ttp.r014.yaintt,,und,2026-08-21T13:53:00+02:00,codex.r014.id-ID,,ttp.r014.unit.sec.gcd,contains,ttp.r014.unit.thm.gcdislincomb,484,,high
r014.backend.record,1.0.0,ttp.r014.relation.0485,relation,active,ttp.r014.yaintt,ttp.r014.yaintt,,und,2026-08-21T13:53:00+02:00,codex.r014.id-ID,,ttp.r014.unit.thm.gcdislincomb,contains,ttp.r014.unit.thm.gcdislincomb.proof,485,,high
r014.backend.record,1.0.0,ttp.r014.relation.0486,relation,active,ttp.r014.yaintt,ttp.r014.yaintt,,und,2026-08-21T13:53:00+02:00,codex.r014.id-ID,,ttp.r014.unit.sec.gcd,contains,ttp.r014.unit.sec.gcd.discussion.05,486,,high
r014.backend.record,1.0.0,ttp.r014.relation.0487,relation,active,ttp.r014.yaintt,ttp.r014.yaintt,,und,2026-08-21T13:53:00+02:00,codex.r014.id-ID,,ttp.r014.unit.sec.gcd,contains,ttp.r014.unit.cor.intlincombrelprime,487,,high
r014.backend.record,1.0.0,ttp.r014.relation.0488,relation,active,ttp.r014.yaintt,ttp.r014.yaintt,,und,2026-08-21T13:53:00+02:00,codex.r014.id-ID,,ttp.r014.unit.sec.gcd,contains,ttp.r014.unit.sec.gcd.definition.gcd-family,488,,high
r014.backend.record,1.0.0,ttp.r014.relation.0489,relation,active,ttp.r014.yaintt,ttp.r014.yaintt,,und,2026-08-21T13:53:00+02:00,codex.r014.id-ID,,ttp.r014.unit.sec.gcd,contains,ttp.r014.unit.sec.gcd.definition.mutually-relatively-prime,489,,high
r014.backend.record,1.0.0,ttp.r014.relation.0490,relation,active,ttp.r014.yaintt,ttp.r014.yaintt,,und,2026-08-21T13:53:00+02:00,codex.r014.id-ID,,ttp.r014.unit.sec.gcd,contains,ttp.r014.unit.eg.mutrelprime,490,,high
r014.backend.record,1.0.0,ttp.r014.relation.0491,relation,active,ttp.r014.yaintt,ttp.r014.yaintt,,und,2026-08-21T13:53:00+02:00,codex.r014.id-ID,,ttp.r014.unit.sec.gcd,contains,ttp.r014.unit.sec.gcd.definition.pairwise-relatively-prime,491,,high
r014.backend.record,1.0.0,ttp.r014.relation.0492,relation,active,ttp.r014.yaintt,ttp.r014.yaintt,,und,2026-08-21T13:53:00+02:00,codex.r014.id-ID,,ttp.r014.unit.sec.gcd,contains,ttp.r014.unit.eg.pairwiserelprime,492,,high
r014.backend.record,1.0.0,ttp.r014.relation.0493,relation,active,ttp.r014.yaintt,ttp.r014.yaintt,,und,2026-08-21T13:53:00+02:00,codex.r014.id-ID,,ttp.r014.unit.sec.gcd,contains,ttp.r014.unit.sec.gcd.proposition.pairwise-implies-mutual,493,,high
r014.backend.record,1.0.0,ttp.r014.relation.0494,relation,active,ttp.r014.yaintt,ttp.r014.yaintt,,und,2026-08-21T13:53:00+02:00,codex.r014.id-ID,,ttp.r014.unit.sec.gcd,contains,ttp.r014.unit.sec.gcd.exercises,494,,high
r014.backend.record,1.0.0,ttp.r014.relation.0495,relation,active,ttp.r014.yaintt,ttp.r014.yaintt,,und,2026-08-21T13:53:00+02:00,codex.r014.id-ID,,ttp.r014.unit.sec.gcd.exercises,contains,ttp.r014.unit.sec.gcd.exercise.01,495,,high
r014.backend.record,1.0.0,ttp.r014.relation.0496,relation,active,ttp.r014.yaintt,ttp.r014.yaintt,,und,2026-08-21T13:53:00+02:00,codex.r014.id-ID,,ttp.r014.unit.sec.gcd.exercises,contains,ttp.r014.unit.sec.gcd.exercise.02,496,,high
r014.backend.record,1.0.0,ttp.r014.relation.0497,relation,active,ttp.r014.yaintt,ttp.r014.yaintt,,und,2026-08-21T13:53:00+02:00,codex.r014.id-ID,,ttp.r014.unit.sec.gcd.exercises,contains,ttp.r014.unit.sec.gcd.exercise.03,497,,high
r014.backend.record,1.0.0,ttp.r014.relation.0498,relation,active,ttp.r014.yaintt,ttp.r014.yaintt,,und,2026-08-21T13:53:00+02:00,codex.r014.id-ID,,ttp.r014.unit.sec.gcd.exercises,contains,ttp.r014.unit.sec.gcd.exercise.04,498,,high
r014.backend.record,1.0.0,ttp.r014.relation.0499,relation,active,ttp.r014.yaintt,ttp.r014.yaintt,,und,2026-08-21T13:53:00+02:00,codex.r014.id-ID,,ttp.r014.unit.sec.gcd.exercises,contains,ttp.r014.unit.sec.gcd.exercise.05,499,,high
r014.backend.record,1.0.0,ttp.r014.relation.0500,relation,active,ttp.r014.yaintt,ttp.r014.yaintt,,und,2026-08-21T13:53:00+02:00,codex.r014.id-ID,,ttp.r014.unit.sec.gcd.exercises,contains,ttp.r014.unit.sec.gcd.exercise.06,500,,high
r014.backend.record,1.0.0,ttp.r014.relation.0501,relation,active,ttp.r014.yaintt,ttp.r014.yaintt,,und,2026-08-21T13:53:00+02:00,codex.r014.id-ID,,ttp.r014.unit.sec.gcd.exercises,contains,ttp.r014.unit.sec.gcd.exercise.07,501,,high
r014.backend.record,1.0.0,ttp.r014.relation.0502,relation,active,ttp.r014.yaintt,ttp.r014.yaintt,,und,2026-08-21T13:53:00+02:00,codex.r014.id-ID,,ttp.r014.unit.sec.gcd.exercises,contains,ttp.r014.unit.sec.gcd.exercise.08,502,,high
r014.backend.record,1.0.0,ttp.r014.relation.0503,relation,active,ttp.r014.yaintt,ttp.r014.yaintt,,und,2026-08-21T13:53:00+02:00,codex.r014.id-ID,,ttp.r014.unit.sec.gcd.exercises,contains,ttp.r014.unit.sec.gcd.exercise.09,503,,high
r014.backend.record,1.0.0,ttp.r014.relation.0504,relation,active,ttp.r014.yaintt,ttp.r014.yaintt,,und,2026-08-21T13:53:00+02:00,codex.r014.id-ID,,ttp.r014.unit.sec.roiidb,precedes,ttp.r014.unit.sec.gcd,504,,high
r014.backend.record,1.0.0,ttp.r014.relation.0505,relation,active,ttp.r014.yaintt,ttp.r014.yaintt,,und,2026-08-21T13:53:00+02:00,codex.r014.id-ID,,ttp.r014.unit.sec.gcd.discussion.01,precedes,ttp.r014.unit.sec.gcd.definition.greatest-common-divisor,505,,high
r014.backend.record,1.0.0,ttp.r014.relation.0506,relation,active,ttp.r014.yaintt,ttp.r014.yaintt,,und,2026-08-21T13:53:00+02:00,codex.r014.id-ID,,ttp.r014.unit.sec.gcd.definition.greatest-common-divisor,precedes,ttp.r014.unit.eg.gcda,506,,high
r014.backend.record,1.0.0,ttp.r014.relation.0507,relation,active,ttp.r014.yaintt,ttp.r014.yaintt,,und,2026-08-21T13:53:00+02:00,codex.r014.id-ID,,ttp.r014.unit.eg.gcda,precedes,ttp.r014.unit.sec.gcd.definition.relatively-prime,507,,high
r014.backend.record,1.0.0,ttp.r014.relation.0508,relation,active,ttp.r014.yaintt,ttp.r014.yaintt,,und,2026-08-21T13:53:00+02:00,codex.r014.id-ID,,ttp.r014.unit.sec.gcd.definition.relatively-prime,precedes,ttp.r014.unit.eg.gcdb,508,,high
r014.backend.record,1.0.0,ttp.r014.relation.0509,relation,active,ttp.r014.yaintt,ttp.r014.yaintt,,und,2026-08-21T13:53:00+02:00,codex.r014.id-ID,,ttp.r014.unit.eg.gcdb,precedes,ttp.r014.unit.sec.gcd.discussion.02,509,,high
r014.backend.record,1.0.0,ttp.r014.relation.0510,relation,active,ttp.r014.yaintt,ttp.r014.yaintt,,und,2026-08-21T13:53:00+02:00,codex.r014.id-ID,,ttp.r014.unit.sec.gcd.discussion.02,precedes,ttp.r014.unit.thm.dividebygcd,510,,high
r014.backend.record,1.0.0,ttp.r014.relation.0511,relation,active,ttp.r014.yaintt,ttp.r014.yaintt,,und,2026-08-21T13:53:00+02:00,codex.r014.id-ID,,ttp.r014.unit.thm.dividebygcd,precedes,ttp.r014.unit.sec.gcd.discussion.03,511,,high
r014.backend.record,1.0.0,ttp.r014.relation.0512,relation,active,ttp.r014.yaintt,ttp.r014.yaintt,,und,2026-08-21T13:53:00+02:00,codex.r014.id-ID,,ttp.r014.unit.sec.gcd.discussion.03,precedes,ttp.r014.unit.sec.gcd.theorem.invariance,512,,high
r014.backend.record,1.0.0,ttp.r014.relation.0513,relation,active,ttp.r014.yaintt,ttp.r014.yaintt,,und,2026-08-21T13:53:00+02:00,codex.r014.id-ID,,ttp.r014.unit.sec.gcd.theorem.invariance,precedes,ttp.r014.unit.eg.gcdc,513,,high
r014.backend.record,1.0.0,ttp.r014.relation.0514,relation,active,ttp.r014.yaintt,ttp.r014.yaintt,,und,2026-08-21T13:53:00+02:00,codex.r014.id-ID,,ttp.r014.unit.eg.gcdc,precedes,ttp.r014.unit.sec.gcd.discussion.04,514,,high
r014.backend.record,1.0.0,ttp.r014.relation.0515,relation,active,ttp.r014.yaintt,ttp.r014.yaintt,,und,2026-08-21T13:53:00+02:00,codex.r014.id-ID,,ttp.r014.unit.sec.gcd.discussion.04,precedes,ttp.r014.unit.thm.gcdislincomb,515,,high
r014.backend.record,1.0.0,ttp.r014.relation.0516,relation,active,ttp.r014.yaintt,ttp.r014.yaintt,,und,2026-08-21T13:53:00+02:00,codex.r014.id-ID,,ttp.r014.unit.thm.gcdislincomb,precedes,ttp.r014.unit.sec.gcd.discussion.05,516,,high
r014.backend.record,1.0.0,ttp.r014.relation.0517,relation,active,ttp.r014.yaintt,ttp.r014.yaintt,,und,2026-08-21T13:53:00+02:00,codex.r014.id-ID,,ttp.r014.unit.sec.gcd.discussion.05,precedes,ttp.r014.unit.cor.intlincombrelprime,517,,high
r014.backend.record,1.0.0,ttp.r014.relation.0518,relation,active,ttp.r014.yaintt,ttp.r014.yaintt,,und,2026-08-21T13:53:00+02:00,codex.r014.id-ID,,ttp.r014.unit.cor.intlincombrelprime,precedes,ttp.r014.unit.sec.gcd.definition.gcd-family,518,,high
r014.backend.record,1.0.0,ttp.r014.relation.0519,relation,active,ttp.r014.yaintt,ttp.r014.yaintt,,und,2026-08-21T13:53:00+02:00,codex.r014.id-ID,,ttp.r014.unit.sec.gcd.definition.gcd-family,precedes,ttp.r014.unit.sec.gcd.definition.mutually-relatively-prime,519,,high
r014.backend.record,1.0.0,ttp.r014.relation.0520,relation,active,ttp.r014.yaintt,ttp.r014.yaintt,,und,2026-08-21T13:53:00+02:00,codex.r014.id-ID,,ttp.r014.unit.sec.gcd.definition.mutually-relatively-prime,precedes,ttp.r014.unit.eg.mutrelprime,520,,high
r014.backend.record,1.0.0,ttp.r014.relation.0521,relation,active,ttp.r014.yaintt,ttp.r014.yaintt,,und,2026-08-21T13:53:00+02:00,codex.r014.id-ID,,ttp.r014.unit.eg.mutrelprime,precedes,ttp.r014.unit.sec.gcd.definition.pairwise-relatively-prime,521,,high
r014.backend.record,1.0.0,ttp.r014.relation.0522,relation,active,ttp.r014.yaintt,ttp.r014.yaintt,,und,2026-08-21T13:53:00+02:00,codex.r014.id-ID,,ttp.r014.unit.sec.gcd.definition.pairwise-relatively-prime,precedes,ttp.r014.unit.eg.pairwiserelprime,522,,high
r014.backend.record,1.0.0,ttp.r014.relation.0523,relation,active,ttp.r014.yaintt,ttp.r014.yaintt,,und,2026-08-21T13:53:00+02:00,codex.r014.id-ID,,ttp.r014.unit.eg.pairwiserelprime,precedes,ttp.r014.unit.sec.gcd.proposition.pairwise-implies-mutual,523,,high
r014.backend.record,1.0.0,ttp.r014.relation.0524,relation,active,ttp.r014.yaintt,ttp.r014.yaintt,,und,2026-08-21T13:53:00+02:00,codex.r014.id-ID,,ttp.r014.unit.sec.gcd.proposition.pairwise-implies-mutual,precedes,ttp.r014.unit.sec.gcd.exercises,524,,high
r014.backend.record,1.0.0,ttp.r014.relation.0525,relation,active,ttp.r014.yaintt,ttp.r014.yaintt,,und,2026-08-21T13:53:00+02:00,codex.r014.id-ID,,ttp.r014.unit.sec.gcd.exercise.01,precedes,ttp.r014.unit.sec.gcd.exercise.02,525,,high
r014.backend.record,1.0.0,ttp.r014.relation.0526,relation,active,ttp.r014.yaintt,ttp.r014.yaintt,,und,2026-08-21T13:53:00+02:00,codex.r014.id-ID,,ttp.r014.unit.sec.gcd.exercise.02,precedes,ttp.r014.unit.sec.gcd.exercise.03,526,,high
r014.backend.record,1.0.0,ttp.r014.relation.0527,relation,active,ttp.r014.yaintt,ttp.r014.yaintt,,und,2026-08-21T13:53:00+02:00,codex.r014.id-ID,,ttp.r014.unit.sec.gcd.exercise.03,precedes,ttp.r014.unit.sec.gcd.exercise.04,527,,high
r014.backend.record,1.0.0,ttp.r014.relation.0528,relation,active,ttp.r014.yaintt,ttp.r014.yaintt,,und,2026-08-21T13:53:00+02:00,codex.r014.id-ID,,ttp.r014.unit.sec.gcd.exercise.04,precedes,ttp.r014.unit.sec.gcd.exercise.05,528,,high
r014.backend.record,1.0.0,ttp.r014.relation.0529,relation,active,ttp.r014.yaintt,ttp.r014.yaintt,,und,2026-08-21T13:53:00+02:00,codex.r014.id-ID,,ttp.r014.unit.sec.gcd.exercise.05,precedes,ttp.r014.unit.sec.gcd.exercise.06,529,,high
r014.backend.record,1.0.0,ttp.r014.relation.0530,relation,active,ttp.r014.yaintt,ttp.r014.yaintt,,und,2026-08-21T13:53:00+02:00,codex.r014.id-ID,,ttp.r014.unit.sec.gcd.exercise.06,precedes,ttp.r014.unit.sec.gcd.exercise.07,530,,high
r014.backend.record,1.0.0,ttp.r014.relation.0531,relation,active,ttp.r014.yaintt,ttp.r014.yaintt,,und,2026-08-21T13:53:00+02:00,codex.r014.id-ID,,ttp.r014.unit.sec.gcd.exercise.07,precedes,ttp.r014.unit.sec.gcd.exercise.08,531,,high
r014.backend.record,1.0.0,ttp.r014.relation.0532,relation,active,ttp.r014.yaintt,ttp.r014.yaintt,,und,2026-08-21T13:53:00+02:00,codex.r014.id-ID,,ttp.r014.unit.sec.gcd.exercise.08,precedes,ttp.r014.unit.sec.gcd.exercise.09,532,,high
r014.backend.record,1.0.0,ttp.r014.relation.0533,relation,active,ttp.r014.yaintt,ttp.r014.yaintt,,und,2026-08-21T13:53:00+02:00,codex.r014.id-ID,,ttp.r014.correction.0019,corrects,ttp.r014.unit.sec.gcd.discussion.01,533,,high
r014.backend.record,1.0.0,ttp.r014.relation.0534,relation,active,ttp.r014.yaintt,ttp.r014.yaintt,,und,2026-08-21T13:53:00+02:00,codex.r014.id-ID,,ttp.r014.correction.0020,corrects,ttp.r014.unit.thm.dividebygcd,534,,high
r014.backend.record,1.0.0,ttp.r014.relation.0535,relation,active,ttp.r014.yaintt,ttp.r014.yaintt,,und,2026-08-21T13:53:00+02:00,codex.r014.id-ID,,ttp.r014.correction.0020,corrects,ttp.r014.unit.thm.dividebygcd.proof,535,,high
r014.backend.record,1.0.0,ttp.r014.relation.0536,relation,active,ttp.r014.yaintt,ttp.r014.yaintt,,und,2026-08-21T13:53:00+02:00,codex.r014.id-ID,,ttp.r014.correction.0021,corrects,ttp.r014.unit.thm.gcdislincomb.proof,536,,high
r014.backend.record,1.0.0,ttp.r014.relation.0537,relation,active,ttp.r014.yaintt,ttp.r014.yaintt,,und,2026-08-21T13:53:00+02:00,codex.r014.id-ID,,ttp.r014.correction.0022,corrects,ttp.r014.unit.sec.gcd.proposition.pairwise-implies-mutual,537,,high
r014.backend.record,1.0.0,ttp.r014.relation.0538,relation,active,ttp.r014.yaintt,ttp.r014.yaintt,,und,2026-08-21T13:53:00+02:00,codex.r014.id-ID,,ttp.r014.unit.thm.dividebygcd.proof,proves,ttp.r014.unit.thm.dividebygcd,538,,high
r014.backend.record,1.0.0,ttp.r014.relation.0539,relation,active,ttp.r014.yaintt,ttp.r014.yaintt,,und,2026-08-21T13:53:00+02:00,codex.r014.id-ID,,ttp.r014.unit.sec.gcd.theorem.invariance.proof,proves,ttp.r014.unit.sec.gcd.theorem.invariance,539,,high
r014.backend.record,1.0.0,ttp.r014.relation.0540,relation,active,ttp.r014.yaintt,ttp.r014.yaintt,,und,2026-08-21T13:53:00+02:00,codex.r014.id-ID,,ttp.r014.unit.thm.gcdislincomb.proof,proves,ttp.r014.unit.thm.gcdislincomb,540,,high
r014.backend.record,1.0.0,ttp.r014.relation.0541,relation,active,ttp.r014.yaintt,ttp.r014.yaintt,,und,2026-08-21T13:53:00+02:00,codex.r014.id-ID,,ttp.r014.unit.eg.gcda,illustrates,ttp.r014.unit.sec.gcd.definition.greatest-common-divisor,541,,high
r014.backend.record,1.0.0,ttp.r014.relation.0542,relation,active,ttp.r014.yaintt,ttp.r014.yaintt,,und,2026-08-21T13:53:00+02:00,codex.r014.id-ID,,ttp.r014.unit.eg.gcdb,illustrates,ttp.r014.unit.sec.gcd.definition.relatively-prime,542,,high
r014.backend.record,1.0.0,ttp.r014.relation.0543,relation,active,ttp.r014.yaintt,ttp.r014.yaintt,,und,2026-08-21T13:53:00+02:00,codex.r014.id-ID,,ttp.r014.unit.eg.gcdc,illustrates,ttp.r014.unit.sec.gcd.theorem.invariance,543,,high
r014.backend.record,1.0.0,ttp.r014.relation.0544,relation,active,ttp.r014.yaintt,ttp.r014.yaintt,,und,2026-08-21T13:53:00+02:00,codex.r014.id-ID,,ttp.r014.unit.eg.mutrelprime,illustrates,ttp.r014.unit.sec.gcd.definition.mutually-relatively-prime,544,,high
r014.backend.record,1.0.0,ttp.r014.relation.0545,relation,active,ttp.r014.yaintt,ttp.r014.yaintt,,und,2026-08-21T13:53:00+02:00,codex.r014.id-ID,,ttp.r014.unit.eg.pairwiserelprime,illustrates,ttp.r014.unit.sec.gcd.definition.pairwise-relatively-prime,545,,high
r014.backend.record,1.0.0,ttp.r014.relation.0546,relation,active,ttp.r014.yaintt,ttp.r014.yaintt,,und,2026-08-21T13:53:00+02:00,codex.r014.id-ID,,ttp.r014.unit.sec.gcd.discussion.01,references,ttp.r014.unit.sec.dada.exercise.05,546,,high
r014.backend.record,1.0.0,ttp.r014.relation.0547,relation,active,ttp.r014.yaintt,ttp.r014.yaintt,,und,2026-08-21T13:53:00+02:00,codex.r014.id-ID,,ttp.r014.unit.sec.gcd.theorem.invariance.proof,references,ttp.r014.unit.thm.divisibilitylincombs,547,,high
r014.backend.record,1.0.0,ttp.r014.relation.0548,relation,active,ttp.r014.yaintt,ttp.r014.yaintt,,und,2026-08-21T13:53:00+02:00,codex.r014.id-ID,,ttp.r014.unit.thm.gcdislincomb.proof,references,ttp.r014.unit.thm.divisibilitylincombs,548,,high
r014.backend.record,1.0.0,ttp.r014.relation.0549,relation,active,ttp.r014.yaintt,ttp.r014.yaintt,,und,2026-08-21T13:53:00+02:00,codex.r014.id-ID,,ttp.r014.unit.sec.gcd.exercises,references,ttp.r014.unit.sec.gcd,549,,high
r014.backend.record,1.0.0,ttp.r014.relation.0550,relation,active,ttp.r014.yaintt,ttp.r014.yaintt,,und,2026-08-21T13:53:00+02:00,codex.r014.id-ID,,ttp.r014.unit.sec.gcd,covers,ttp.concept.greatest_common_divisor,550,,high
r014.backend.record,1.0.0,ttp.r014.relation.0551,relation,active,ttp.r014.yaintt,ttp.r014.yaintt,,und,2026-08-21T13:53:00+02:00,codex.r014.id-ID,,ttp.r014.unit.sec.gcd,covers,ttp.concept.common_divisor,551,,high
r014.backend.record,1.0.0,ttp.r014.relation.0552,relation,active,ttp.r014.yaintt,ttp.r014.yaintt,,und,2026-08-21T13:53:00+02:00,codex.r014.id-ID,,ttp.r014.unit.sec.gcd,covers,ttp.concept.relatively_prime,552,,high
r014.backend.record,1.0.0,ttp.r014.relation.0553,relation,active,ttp.r014.yaintt,ttp.r014.yaintt,,und,2026-08-21T13:53:00+02:00,codex.r014.id-ID,,ttp.r014.unit.sec.gcd,covers,ttp.concept.linear_combination,553,,high
r014.backend.record,1.0.0,ttp.r014.relation.0554,relation,active,ttp.r014.yaintt,ttp.r014.yaintt,,und,2026-08-21T13:53:00+02:00,codex.r014.id-ID,,ttp.r014.unit.sec.gcd.discussion.01,covers,ttp.concept.greatest_common_divisor,554,,high
r014.backend.record,1.0.0,ttp.r014.relation.0555,relation,active,ttp.r014.yaintt,ttp.r014.yaintt,,und,2026-08-21T13:53:00+02:00,codex.r014.id-ID,,ttp.r014.unit.sec.gcd.discussion.01,covers,ttp.concept.common_divisor,555,,high
r014.backend.record,1.0.0,ttp.r014.relation.0556,relation,active,ttp.r014.yaintt,ttp.r014.yaintt,,und,2026-08-21T13:53:00+02:00,codex.r014.id-ID,,ttp.r014.unit.sec.gcd.discussion.01,covers,ttp.concept.divisor,556,,high
r014.backend.record,1.0.0,ttp.r014.relation.0557,relation,active,ttp.r014.yaintt,ttp.r014.yaintt,,und,2026-08-21T13:53:00+02:00,codex.r014.id-ID,,ttp.r014.unit.sec.gcd.definition.greatest-common-divisor,covers,ttp.concept.greatest_common_divisor,557,,high
r014.backend.record,1.0.0,ttp.r014.relation.0558,relation,active,ttp.r014.yaintt,ttp.r014.yaintt,,und,2026-08-21T13:53:00+02:00,codex.r014.id-ID,,ttp.r014.unit.sec.gcd.definition.greatest-common-divisor,covers,ttp.concept.common_divisor,558,,high
r014.backend.record,1.0.0,ttp.r014.relation.0559,relation,active,ttp.r014.yaintt,ttp.r014.yaintt,,und,2026-08-21T13:53:00+02:00,codex.r014.id-ID,,ttp.r014.unit.sec.gcd.definition.greatest-common-divisor,covers,ttp.concept.divisibility,559,,high
r014.backend.record,1.0.0,ttp.r014.relation.0560,relation,active,ttp.r014.yaintt,ttp.r014.yaintt,,und,2026-08-21T13:53:00+02:00,codex.r014.id-ID,,ttp.r014.unit.sec.gcd.definition.greatest-common-divisor,covers,ttp.concept.divisor,560,,high
r014.backend.record,1.0.0,ttp.r014.relation.0561,relation,active,ttp.r014.yaintt,ttp.r014.yaintt,,und,2026-08-21T13:53:00+02:00,codex.r014.id-ID,,ttp.r014.unit.sec.gcd.definition.greatest-common-divisor,covers,ttp.concept.integer,561,,high
r014.backend.record,1.0.0,ttp.r014.relation.0562,relation,active,ttp.r014.yaintt,ttp.r014.yaintt,,und,2026-08-21T13:53:00+02:00,codex.r014.id-ID,,ttp.r014.unit.eg.gcda,covers,ttp.concept.greatest_common_divisor,562,,high
r014.backend.record,1.0.0,ttp.r014.relation.0563,relation,active,ttp.r014.yaintt,ttp.r014.yaintt,,und,2026-08-21T13:53:00+02:00,codex.r014.id-ID,,ttp.r014.unit.eg.gcda,covers,ttp.concept.common_divisor,563,,high
r014.backend.record,1.0.0,ttp.r014.relation.0564,relation,active,ttp.r014.yaintt,ttp.r014.yaintt,,und,2026-08-21T13:53:00+02:00,codex.r014.id-ID,,ttp.r014.unit.sec.gcd.definition.relatively-prime,covers,ttp.concept.relatively_prime,564,,high
r014.backend.record,1.0.0,ttp.r014.relation.0565,relation,active,ttp.r014.yaintt,ttp.r014.yaintt,,und,2026-08-21T13:53:00+02:00,codex.r014.id-ID,,ttp.r014.unit.sec.gcd.definition.relatively-prime,covers,ttp.concept.greatest_common_divisor,565,,high
r014.backend.record,1.0.0,ttp.r014.relation.0566,relation,active,ttp.r014.yaintt,ttp.r014.yaintt,,und,2026-08-21T13:53:00+02:00,codex.r014.id-ID,,ttp.r014.unit.eg.gcdb,covers,ttp.concept.relatively_prime,566,,high
r014.backend.record,1.0.0,ttp.r014.relation.0567,relation,active,ttp.r014.yaintt,ttp.r014.yaintt,,und,2026-08-21T13:53:00+02:00,codex.r014.id-ID,,ttp.r014.unit.eg.gcdb,covers,ttp.concept.greatest_common_divisor,567,,high
r014.backend.record,1.0.0,ttp.r014.relation.0568,relation,active,ttp.r014.yaintt,ttp.r014.yaintt,,und,2026-08-21T13:53:00+02:00,codex.r014.id-ID,,ttp.r014.unit.sec.gcd.discussion.02,covers,ttp.concept.divisor,568,,high
r014.backend.record,1.0.0,ttp.r014.relation.0569,relation,active,ttp.r014.yaintt,ttp.r014.yaintt,,und,2026-08-21T13:53:00+02:00,codex.r014.id-ID,,ttp.r014.unit.sec.gcd.discussion.02,covers,ttp.concept.greatest_common_divisor,569,,high
r014.backend.record,1.0.0,ttp.r014.relation.0570,relation,active,ttp.r014.yaintt,ttp.r014.yaintt,,und,2026-08-21T13:53:00+02:00,codex.r014.id-ID,,ttp.r014.unit.sec.gcd.discussion.02,covers,ttp.concept.common_divisor,570,,high
r014.backend.record,1.0.0,ttp.r014.relation.0571,relation,active,ttp.r014.yaintt,ttp.r014.yaintt,,und,2026-08-21T13:53:00+02:00,codex.r014.id-ID,,ttp.r014.unit.sec.gcd.discussion.02,covers,ttp.concept.integer,571,,high
r014.backend.record,1.0.0,ttp.r014.relation.0572,relation,active,ttp.r014.yaintt,ttp.r014.yaintt,,und,2026-08-21T13:53:00+02:00,codex.r014.id-ID,,ttp.r014.unit.thm.dividebygcd,covers,ttp.concept.greatest_common_divisor,572,,high
r014.backend.record,1.0.0,ttp.r014.relation.0573,relation,active,ttp.r014.yaintt,ttp.r014.yaintt,,und,2026-08-21T13:53:00+02:00,codex.r014.id-ID,,ttp.r014.unit.thm.dividebygcd,covers,ttp.concept.relatively_prime,573,,high
r014.backend.record,1.0.0,ttp.r014.relation.0574,relation,active,ttp.r014.yaintt,ttp.r014.yaintt,,und,2026-08-21T13:53:00+02:00,codex.r014.id-ID,,ttp.r014.unit.thm.dividebygcd,covers,ttp.concept.divisibility,574,,high
r014.backend.record,1.0.0,ttp.r014.relation.0575,relation,active,ttp.r014.yaintt,ttp.r014.yaintt,,und,2026-08-21T13:53:00+02:00,codex.r014.id-ID,,ttp.r014.unit.thm.dividebygcd.proof,covers,ttp.concept.greatest_common_divisor,575,,high
r014.backend.record,1.0.0,ttp.r014.relation.0576,relation,active,ttp.r014.yaintt,ttp.r014.yaintt,,und,2026-08-21T13:53:00+02:00,codex.r014.id-ID,,ttp.r014.unit.thm.dividebygcd.proof,covers,ttp.concept.relatively_prime,576,,high
r014.backend.record,1.0.0,ttp.r014.relation.0577,relation,active,ttp.r014.yaintt,ttp.r014.yaintt,,und,2026-08-21T13:53:00+02:00,codex.r014.id-ID,,ttp.r014.unit.thm.dividebygcd.proof,covers,ttp.concept.common_divisor,577,,high
r014.backend.record,1.0.0,ttp.r014.relation.0578,relation,active,ttp.r014.yaintt,ttp.r014.yaintt,,und,2026-08-21T13:53:00+02:00,codex.r014.id-ID,,ttp.r014.unit.thm.dividebygcd.proof,covers,ttp.concept.divisor,578,,high
r014.backend.record,1.0.0,ttp.r014.relation.0579,relation,active,ttp.r014.yaintt,ttp.r014.yaintt,,und,2026-08-21T13:53:00+02:00,codex.r014.id-ID,,ttp.r014.unit.thm.dividebygcd.proof,covers,ttp.concept.divisibility,579,,high
r014.backend.record,1.0.0,ttp.r014.relation.0580,relation,active,ttp.r014.yaintt,ttp.r014.yaintt,,und,2026-08-21T13:53:00+02:00,codex.r014.id-ID,,ttp.r014.unit.thm.dividebygcd.proof,covers,ttp.concept.integer,580,,high
r014.backend.record,1.0.0,ttp.r014.relation.0581,relation,active,ttp.r014.yaintt,ttp.r014.yaintt,,und,2026-08-21T13:53:00+02:00,codex.r014.id-ID,,ttp.r014.unit.sec.gcd.discussion.03,covers,ttp.concept.greatest_common_divisor,581,,high
r014.backend.record,1.0.0,ttp.r014.relation.0582,relation,active,ttp.r014.yaintt,ttp.r014.yaintt,,und,2026-08-21T13:53:00+02:00,codex.r014.id-ID,,ttp.r014.unit.sec.gcd.discussion.03,covers,ttp.concept.addition,582,,high
r014.backend.record,1.0.0,ttp.r014.relation.0583,relation,active,ttp.r014.yaintt,ttp.r014.yaintt,,und,2026-08-21T13:53:00+02:00,codex.r014.id-ID,,ttp.r014.unit.sec.gcd.discussion.03,covers,ttp.concept.multiplication,583,,high
r014.backend.record,1.0.0,ttp.r014.relation.0584,relation,active,ttp.r014.yaintt,ttp.r014.yaintt,,und,2026-08-21T13:53:00+02:00,codex.r014.id-ID,,ttp.r014.unit.sec.gcd.theorem.invariance,covers,ttp.concept.greatest_common_divisor,584,,high
r014.backend.record,1.0.0,ttp.r014.relation.0585,relation,active,ttp.r014.yaintt,ttp.r014.yaintt,,und,2026-08-21T13:53:00+02:00,codex.r014.id-ID,,ttp.r014.unit.sec.gcd.theorem.invariance,covers,ttp.concept.addition,585,,high
r014.backend.record,1.0.0,ttp.r014.relation.0586,relation,active,ttp.r014.yaintt,ttp.r014.yaintt,,und,2026-08-21T13:53:00+02:00,codex.r014.id-ID,,ttp.r014.unit.sec.gcd.theorem.invariance,covers,ttp.concept.multiplication,586,,high
r014.backend.record,1.0.0,ttp.r014.relation.0587,relation,active,ttp.r014.yaintt,ttp.r014.yaintt,,und,2026-08-21T13:53:00+02:00,codex.r014.id-ID,,ttp.r014.unit.sec.gcd.theorem.invariance,covers,ttp.concept.integer,587,,high
r014.backend.record,1.0.0,ttp.r014.relation.0588,relation,active,ttp.r014.yaintt,ttp.r014.yaintt,,und,2026-08-21T13:53:00+02:00,codex.r014.id-ID,,ttp.r014.unit.sec.gcd.theorem.invariance.proof,covers,ttp.concept.greatest_common_divisor,588,,high
r014.backend.record,1.0.0,ttp.r014.relation.0589,relation,active,ttp.r014.yaintt,ttp.r014.yaintt,,und,2026-08-21T13:53:00+02:00,codex.r014.id-ID,,ttp.r014.unit.sec.gcd.theorem.invariance.proof,covers,ttp.concept.common_divisor,589,,high
r014.backend.record,1.0.0,ttp.r014.relation.0590,relation,active,ttp.r014.yaintt,ttp.r014.yaintt,,und,2026-08-21T13:53:00+02:00,codex.r014.id-ID,,ttp.r014.unit.sec.gcd.theorem.invariance.proof,covers,ttp.concept.divisibility,590,,high
r014.backend.record,1.0.0,ttp.r014.relation.0591,relation,active,ttp.r014.yaintt,ttp.r014.yaintt,,und,2026-08-21T13:53:00+02:00,codex.r014.id-ID,,ttp.r014.unit.sec.gcd.theorem.invariance.proof,covers,ttp.concept.linear_combination,591,,high
r014.backend.record,1.0.0,ttp.r014.relation.0592,relation,active,ttp.r014.yaintt,ttp.r014.yaintt,,und,2026-08-21T13:53:00+02:00,codex.r014.id-ID,,ttp.r014.unit.eg.gcdc,covers,ttp.concept.greatest_common_divisor,592,,high
r014.backend.record,1.0.0,ttp.r014.relation.0593,relation,active,ttp.r014.yaintt,ttp.r014.yaintt,,und,2026-08-21T13:53:00+02:00,codex.r014.id-ID,,ttp.r014.unit.sec.gcd.discussion.04,covers,ttp.concept.greatest_common_divisor,593,,high
r014.backend.record,1.0.0,ttp.r014.relation.0594,relation,active,ttp.r014.yaintt,ttp.r014.yaintt,,und,2026-08-21T13:53:00+02:00,codex.r014.id-ID,,ttp.r014.unit.sec.gcd.discussion.04,covers,ttp.concept.linear_combination,594,,high
r014.backend.record,1.0.0,ttp.r014.relation.0595,relation,active,ttp.r014.yaintt,ttp.r014.yaintt,,und,2026-08-21T13:53:00+02:00,codex.r014.id-ID,,ttp.r014.unit.thm.gcdislincomb,covers,ttp.concept.greatest_common_divisor,595,,high
r014.backend.record,1.0.0,ttp.r014.relation.0596,relation,active,ttp.r014.yaintt,ttp.r014.yaintt,,und,2026-08-21T13:53:00+02:00,codex.r014.id-ID,,ttp.r014.unit.thm.gcdislincomb,covers,ttp.concept.linear_combination,596,,high
r014.backend.record,1.0.0,ttp.r014.relation.0597,relation,active,ttp.r014.yaintt,ttp.r014.yaintt,,und,2026-08-21T13:53:00+02:00,codex.r014.id-ID,,ttp.r014.unit.thm.gcdislincomb,covers,ttp.concept.natural_number,597,,high
r014.backend.record,1.0.0,ttp.r014.relation.0598,relation,active,ttp.r014.yaintt,ttp.r014.yaintt,,und,2026-08-21T13:53:00+02:00,codex.r014.id-ID,,ttp.r014.unit.thm.gcdislincomb,covers,ttp.concept.integer,598,,high
r014.backend.record,1.0.0,ttp.r014.relation.0599,relation,active,ttp.r014.yaintt,ttp.r014.yaintt,,und,2026-08-21T13:53:00+02:00,codex.r014.id-ID,,ttp.r014.unit.thm.gcdislincomb.proof,covers,ttp.concept.greatest_common_divisor,599,,high
r014.backend.record,1.0.0,ttp.r014.relation.0600,relation,active,ttp.r014.yaintt,ttp.r014.yaintt,,und,2026-08-21T13:53:00+02:00,codex.r014.id-ID,,ttp.r014.unit.thm.gcdislincomb.proof,covers,ttp.concept.linear_combination,600,,high
r014.backend.record,1.0.0,ttp.r014.relation.0601,relation,active,ttp.r014.yaintt,ttp.r014.yaintt,,und,2026-08-21T13:53:00+02:00,codex.r014.id-ID,,ttp.r014.unit.thm.gcdislincomb.proof,covers,ttp.concept.well_ordering_principle,601,,high
r014.backend.record,1.0.0,ttp.r014.relation.0602,relation,active,ttp.r014.yaintt,ttp.r014.yaintt,,und,2026-08-21T13:53:00+02:00,codex.r014.id-ID,,ttp.r014.unit.thm.gcdislincomb.proof,covers,ttp.concept.division_algorithm,602,,high
r014.backend.record,1.0.0,ttp.r014.relation.0603,relation,active,ttp.r014.yaintt,ttp.r014.yaintt,,und,2026-08-21T13:53:00+02:00,codex.r014.id-ID,,ttp.r014.unit.thm.gcdislincomb.proof,covers,ttp.concept.quotient,603,,high
r014.backend.record,1.0.0,ttp.r014.relation.0604,relation,active,ttp.r014.yaintt,ttp.r014.yaintt,,und,2026-08-21T13:53:00+02:00,codex.r014.id-ID,,ttp.r014.unit.thm.gcdislincomb.proof,covers,ttp.concept.remainder,604,,high
r014.backend.record,1.0.0,ttp.r014.relation.0605,relation,active,ttp.r014.yaintt,ttp.r014.yaintt,,und,2026-08-21T13:53:00+02:00,codex.r014.id-ID,,ttp.r014.unit.thm.gcdislincomb.proof,covers,ttp.concept.divisibility,605,,high
r014.backend.record,1.0.0,ttp.r014.relation.0606,relation,active,ttp.r014.yaintt,ttp.r014.yaintt,,und,2026-08-21T13:53:00+02:00,codex.r014.id-ID,,ttp.r014.unit.sec.gcd.discussion.05,covers,ttp.concept.relatively_prime,606,,high
r014.backend.record,1.0.0,ttp.r014.relation.0607,relation,active,ttp.r014.yaintt,ttp.r014.yaintt,,und,2026-08-21T13:53:00+02:00,codex.r014.id-ID,,ttp.r014.unit.sec.gcd.discussion.05,covers,ttp.concept.linear_combination,607,,high
r014.backend.record,1.0.0,ttp.r014.relation.0608,relation,active,ttp.r014.yaintt,ttp.r014.yaintt,,und,2026-08-21T13:53:00+02:00,codex.r014.id-ID,,ttp.r014.unit.cor.intlincombrelprime,covers,ttp.concept.relatively_prime,608,,high
r014.backend.record,1.0.0,ttp.r014.relation.0609,relation,active,ttp.r014.yaintt,ttp.r014.yaintt,,und,2026-08-21T13:53:00+02:00,codex.r014.id-ID,,ttp.r014.unit.cor.intlincombrelprime,covers,ttp.concept.linear_combination,609,,high
r014.backend.record,1.0.0,ttp.r014.relation.0610,relation,active,ttp.r014.yaintt,ttp.r014.yaintt,,und,2026-08-21T13:53:00+02:00,codex.r014.id-ID,,ttp.r014.unit.cor.intlincombrelprime,covers,ttp.concept.greatest_common_divisor,610,,high
r014.backend.record,1.0.0,ttp.r014.relation.0611,relation,active,ttp.r014.yaintt,ttp.r014.yaintt,,und,2026-08-21T13:53:00+02:00,codex.r014.id-ID,,ttp.r014.unit.sec.gcd.definition.gcd-family,covers,ttp.concept.greatest_common_divisor,611,,high
r014.backend.record,1.0.0,ttp.r014.relation.0612,relation,active,ttp.r014.yaintt,ttp.r014.yaintt,,und,2026-08-21T13:53:00+02:00,codex.r014.id-ID,,ttp.r014.unit.sec.gcd.definition.gcd-family,covers,ttp.concept.common_divisor,612,,high
r014.backend.record,1.0.0,ttp.r014.relation.0613,relation,active,ttp.r014.yaintt,ttp.r014.yaintt,,und,2026-08-21T13:53:00+02:00,codex.r014.id-ID,,ttp.r014.unit.sec.gcd.definition.gcd-family,covers,ttp.concept.integer,613,,high
r014.backend.record,1.0.0,ttp.r014.relation.0614,relation,active,ttp.r014.yaintt,ttp.r014.yaintt,,und,2026-08-21T13:53:00+02:00,codex.r014.id-ID,,ttp.r014.unit.sec.gcd.definition.mutually-relatively-prime,covers,ttp.concept.mutually_relatively_prime,614,,high
r014.backend.record,1.0.0,ttp.r014.relation.0615,relation,active,ttp.r014.yaintt,ttp.r014.yaintt,,und,2026-08-21T13:53:00+02:00,codex.r014.id-ID,,ttp.r014.unit.sec.gcd.definition.mutually-relatively-prime,covers,ttp.concept.greatest_common_divisor,615,,high
r014.backend.record,1.0.0,ttp.r014.relation.0616,relation,active,ttp.r014.yaintt,ttp.r014.yaintt,,und,2026-08-21T13:53:00+02:00,codex.r014.id-ID,,ttp.r014.unit.eg.mutrelprime,covers,ttp.concept.mutually_relatively_prime,616,,high
r014.backend.record,1.0.0,ttp.r014.relation.0617,relation,active,ttp.r014.yaintt,ttp.r014.yaintt,,und,2026-08-21T13:53:00+02:00,codex.r014.id-ID,,ttp.r014.unit.eg.mutrelprime,covers,ttp.concept.relatively_prime,617,,high
r014.backend.record,1.0.0,ttp.r014.relation.0618,relation,active,ttp.r014.yaintt,ttp.r014.yaintt,,und,2026-08-21T13:53:00+02:00,codex.r014.id-ID,,ttp.r014.unit.eg.mutrelprime,covers,ttp.concept.greatest_common_divisor,618,,high
r014.backend.record,1.0.0,ttp.r014.relation.0619,relation,active,ttp.r014.yaintt,ttp.r014.yaintt,,und,2026-08-21T13:53:00+02:00,codex.r014.id-ID,,ttp.r014.unit.sec.gcd.definition.pairwise-relatively-prime,covers,ttp.concept.pairwise_relatively_prime,619,,high
r014.backend.record,1.0.0,ttp.r014.relation.0620,relation,active,ttp.r014.yaintt,ttp.r014.yaintt,,und,2026-08-21T13:53:00+02:00,codex.r014.id-ID,,ttp.r014.unit.sec.gcd.definition.pairwise-relatively-prime,covers,ttp.concept.relatively_prime,620,,high
r014.backend.record,1.0.0,ttp.r014.relation.0621,relation,active,ttp.r014.yaintt,ttp.r014.yaintt,,und,2026-08-21T13:53:00+02:00,codex.r014.id-ID,,ttp.r014.unit.sec.gcd.definition.pairwise-relatively-prime,covers,ttp.concept.greatest_common_divisor,621,,high
r014.backend.record,1.0.0,ttp.r014.relation.0622,relation,active,ttp.r014.yaintt,ttp.r014.yaintt,,und,2026-08-21T13:53:00+02:00,codex.r014.id-ID,,ttp.r014.unit.eg.pairwiserelprime,covers,ttp.concept.pairwise_relatively_prime,622,,high
r014.backend.record,1.0.0,ttp.r014.relation.0623,relation,active,ttp.r014.yaintt,ttp.r014.yaintt,,und,2026-08-21T13:53:00+02:00,codex.r014.id-ID,,ttp.r014.unit.eg.pairwiserelprime,covers,ttp.concept.mutually_relatively_prime,623,,high
r014.backend.record,1.0.0,ttp.r014.relation.0624,relation,active,ttp.r014.yaintt,ttp.r014.yaintt,,und,2026-08-21T13:53:00+02:00,codex.r014.id-ID,,ttp.r014.unit.eg.pairwiserelprime,covers,ttp.concept.relatively_prime,624,,high
r014.backend.record,1.0.0,ttp.r014.relation.0625,relation,active,ttp.r014.yaintt,ttp.r014.yaintt,,und,2026-08-21T13:53:00+02:00,codex.r014.id-ID,,ttp.r014.unit.sec.gcd.proposition.pairwise-implies-mutual,covers,ttp.concept.pairwise_relatively_prime,625,,high
r014.backend.record,1.0.0,ttp.r014.relation.0626,relation,active,ttp.r014.yaintt,ttp.r014.yaintt,,und,2026-08-21T13:53:00+02:00,codex.r014.id-ID,,ttp.r014.unit.sec.gcd.proposition.pairwise-implies-mutual,covers,ttp.concept.mutually_relatively_prime,626,,high
r014.backend.record,1.0.0,ttp.r014.relation.0627,relation,active,ttp.r014.yaintt,ttp.r014.yaintt,,und,2026-08-21T13:53:00+02:00,codex.r014.id-ID,,ttp.r014.unit.sec.gcd.exercise.01,covers,ttp.concept.greatest_common_divisor,627,,high
r014.backend.record,1.0.0,ttp.r014.relation.0628,relation,active,ttp.r014.yaintt,ttp.r014.yaintt,,und,2026-08-21T13:53:00+02:00,codex.r014.id-ID,,ttp.r014.unit.sec.gcd.exercise.01,covers,ttp.concept.common_divisor,628,,high
r014.backend.record,1.0.0,ttp.r014.relation.0629,relation,active,ttp.r014.yaintt,ttp.r014.yaintt,,und,2026-08-21T13:53:00+02:00,codex.r014.id-ID,,ttp.r014.unit.sec.gcd.exercise.02,covers,ttp.concept.greatest_common_divisor,629,,high
r014.backend.record,1.0.0,ttp.r014.relation.0630,relation,active,ttp.r014.yaintt,ttp.r014.yaintt,,und,2026-08-21T13:53:00+02:00,codex.r014.id-ID,,ttp.r014.unit.sec.gcd.exercise.02,covers,ttp.concept.common_divisor,630,,high
r014.backend.record,1.0.0,ttp.r014.relation.0631,relation,active,ttp.r014.yaintt,ttp.r014.yaintt,,und,2026-08-21T13:53:00+02:00,codex.r014.id-ID,,ttp.r014.unit.sec.gcd.exercise.03,covers,ttp.concept.greatest_common_divisor,631,,high
r014.backend.record,1.0.0,ttp.r014.relation.0632,relation,active,ttp.r014.yaintt,ttp.r014.yaintt,,und,2026-08-21T13:53:00+02:00,codex.r014.id-ID,,ttp.r014.unit.sec.gcd.exercise.03,covers,ttp.concept.common_divisor,632,,high
r014.backend.record,1.0.0,ttp.r014.relation.0633,relation,active,ttp.r014.yaintt,ttp.r014.yaintt,,und,2026-08-21T13:53:00+02:00,codex.r014.id-ID,,ttp.r014.unit.sec.gcd.exercise.04,covers,ttp.concept.greatest_common_divisor,633,,high
r014.backend.record,1.0.0,ttp.r014.relation.0634,relation,active,ttp.r014.yaintt,ttp.r014.yaintt,,und,2026-08-21T13:53:00+02:00,codex.r014.id-ID,,ttp.r014.unit.sec.gcd.exercise.04,covers,ttp.concept.relatively_prime,634,,high
r014.backend.record,1.0.0,ttp.r014.relation.0635,relation,active,ttp.r014.yaintt,ttp.r014.yaintt,,und,2026-08-21T13:53:00+02:00,codex.r014.id-ID,,ttp.r014.unit.sec.gcd.exercise.05,covers,ttp.concept.greatest_common_divisor,635,,high
r014.backend.record,1.0.0,ttp.r014.relation.0636,relation,active,ttp.r014.yaintt,ttp.r014.yaintt,,und,2026-08-21T13:53:00+02:00,codex.r014.id-ID,,ttp.r014.unit.sec.gcd.exercise.06,covers,ttp.concept.greatest_common_divisor,636,,high
r014.backend.record,1.0.0,ttp.r014.relation.0637,relation,active,ttp.r014.yaintt,ttp.r014.yaintt,,und,2026-08-21T13:53:00+02:00,codex.r014.id-ID,,ttp.r014.unit.sec.gcd.exercise.06,covers,ttp.concept.relatively_prime,637,,high
r014.backend.record,1.0.0,ttp.r014.relation.0638,relation,active,ttp.r014.yaintt,ttp.r014.yaintt,,und,2026-08-21T13:53:00+02:00,codex.r014.id-ID,,ttp.r014.unit.sec.gcd.exercise.06,covers,ttp.concept.addition,638,,high
r014.backend.record,1.0.0,ttp.r014.relation.0639,relation,active,ttp.r014.yaintt,ttp.r014.yaintt,,und,2026-08-21T13:53:00+02:00,codex.r014.id-ID,,ttp.r014.unit.sec.gcd.exercise.06,covers,ttp.concept.subtraction,639,,high
r014.backend.record,1.0.0,ttp.r014.relation.0640,relation,active,ttp.r014.yaintt,ttp.r014.yaintt,,und,2026-08-21T13:53:00+02:00,codex.r014.id-ID,,ttp.r014.unit.sec.gcd.exercise.07,covers,ttp.concept.relatively_prime,640,,high
r014.backend.record,1.0.0,ttp.r014.relation.0641,relation,active,ttp.r014.yaintt,ttp.r014.yaintt,,und,2026-08-21T13:53:00+02:00,codex.r014.id-ID,,ttp.r014.unit.sec.gcd.exercise.07,covers,ttp.concept.greatest_common_divisor,641,,high
r014.backend.record,1.0.0,ttp.r014.relation.0642,relation,active,ttp.r014.yaintt,ttp.r014.yaintt,,und,2026-08-21T13:53:00+02:00,codex.r014.id-ID,,ttp.r014.unit.sec.gcd.exercise.07,covers,ttp.concept.linear_combination,642,,high
r014.backend.record,1.0.0,ttp.r014.relation.0643,relation,active,ttp.r014.yaintt,ttp.r014.yaintt,,und,2026-08-21T13:53:00+02:00,codex.r014.id-ID,,ttp.r014.unit.sec.gcd.exercise.08,covers,ttp.concept.greatest_common_divisor,643,,high
r014.backend.record,1.0.0,ttp.r014.relation.0644,relation,active,ttp.r014.yaintt,ttp.r014.yaintt,,und,2026-08-21T13:53:00+02:00,codex.r014.id-ID,,ttp.r014.unit.sec.gcd.exercise.08,covers,ttp.concept.relatively_prime,644,,high
r014.backend.record,1.0.0,ttp.r014.relation.0645,relation,active,ttp.r014.yaintt,ttp.r014.yaintt,,und,2026-08-21T13:53:00+02:00,codex.r014.id-ID,,ttp.r014.unit.sec.gcd.exercise.08,covers,ttp.concept.addition,645,,high
r014.backend.record,1.0.0,ttp.r014.relation.0646,relation,active,ttp.r014.yaintt,ttp.r014.yaintt,,und,2026-08-21T13:53:00+02:00,codex.r014.id-ID,,ttp.r014.unit.sec.gcd.exercise.08,covers,ttp.concept.multiplication,646,,high
r014.backend.record,1.0.0,ttp.r014.relation.0647,relation,active,ttp.r014.yaintt,ttp.r014.yaintt,,und,2026-08-21T13:53:00+02:00,codex.r014.id-ID,,ttp.r014.unit.sec.gcd.exercise.09,covers,ttp.concept.greatest_common_divisor,647,,high
r014.backend.record,1.0.0,ttp.r014.relation.0648,relation,active,ttp.r014.yaintt,ttp.r014.yaintt,,und,2026-08-21T13:53:00+02:00,codex.r014.id-ID,,ttp.r014.unit.sec.gcd.exercise.09,covers,ttp.concept.common_divisor,648,,high
r014.backend.record,1.0.0,ttp.r014.relation.0649,relation,active,ttp.r014.yaintt,ttp.r014.yaintt,,und,2026-08-21T13:53:00+02:00,codex.r014.id-ID,,ttp.r014.unit.sec.gcd.exercise.09,covers,ttp.concept.multiplication,649,,high
r014.backend.record,1.0.0,ttp.r014.relation.0650,relation,active,ttp.r014.yaintt,ttp.r014.yaintt,,und,2026-08-21T13:53:00+02:00,codex.r014.id-ID,,ttp.concept.divisibility,prerequisite_for,ttp.concept.common_divisor,650,,high
r014.backend.record,1.0.0,ttp.r014.relation.0651,relation,active,ttp.r014.yaintt,ttp.r014.yaintt,,und,2026-08-21T13:53:00+02:00,codex.r014.id-ID,,ttp.concept.divisor,prerequisite_for,ttp.concept.common_divisor,651,,high
r014.backend.record,1.0.0,ttp.r014.relation.0652,relation,active,ttp.r014.yaintt,ttp.r014.yaintt,,und,2026-08-21T13:53:00+02:00,codex.r014.id-ID,,ttp.concept.common_divisor,prerequisite_for,ttp.concept.greatest_common_divisor,652,,high
r014.backend.record,1.0.0,ttp.r014.relation.0653,relation,active,ttp.r014.yaintt,ttp.r014.yaintt,,und,2026-08-21T13:53:00+02:00,codex.r014.id-ID,,ttp.concept.natural_number,prerequisite_for,ttp.concept.greatest_common_divisor,653,,high
r014.backend.record,1.0.0,ttp.r014.relation.0654,relation,active,ttp.r014.yaintt,ttp.r014.yaintt,,und,2026-08-21T13:53:00+02:00,codex.r014.id-ID,,ttp.concept.greatest_common_divisor,prerequisite_for,ttp.concept.relatively_prime,654,,high
r014.backend.record,1.0.0,ttp.r014.relation.0655,relation,active,ttp.r014.yaintt,ttp.r014.yaintt,,und,2026-08-21T13:53:00+02:00,codex.r014.id-ID,,ttp.concept.greatest_common_divisor,prerequisite_for,ttp.concept.mutually_relatively_prime,655,,high
r014.backend.record,1.0.0,ttp.r014.relation.0656,relation,active,ttp.r014.yaintt,ttp.r014.yaintt,,und,2026-08-21T13:53:00+02:00,codex.r014.id-ID,,ttp.concept.relatively_prime,prerequisite_for,ttp.concept.mutually_relatively_prime,656,,high
r014.backend.record,1.0.0,ttp.r014.relation.0657,relation,active,ttp.r014.yaintt,ttp.r014.yaintt,,und,2026-08-21T13:53:00+02:00,codex.r014.id-ID,,ttp.concept.greatest_common_divisor,prerequisite_for,ttp.concept.pairwise_relatively_prime,657,,high
r014.backend.record,1.0.0,ttp.r014.relation.0658,relation,active,ttp.r014.yaintt,ttp.r014.yaintt,,und,2026-08-21T13:53:00+02:00,codex.r014.id-ID,,ttp.concept.relatively_prime,prerequisite_for,ttp.concept.pairwise_relatively_prime,658,,high
r014.backend.record,1.0.0,ttp.r014.relation.0659,relation,active,ttp.r014.yaintt,ttp.r014.yaintt,,und,2026-08-21T13:53:00+02:00,codex.r014.id-ID,,ttp.r014.edition.id-id.boundary5,translates,ttp.r014.edition.source.2014-05-07,659,,high
r014.backend.record,1.0.0,ttp.r014.relation.0660,relation,active,ttp.r014.yaintt,ttp.r014.yaintt,,und,2026-08-21T13:53:00+02:00,codex.r014.id-ID,,ttp.r014.edition.id-id.boundary5,adapts,ttp.r014.edition.source.2014-05-07,660,,high
r014.backend.record,1.0.0,ttp.r014.relation.0661,relation,active,ttp.r014.yaintt,ttp.r014.yaintt,,und,2026-08-21T13:53:00+02:00,codex.r014.id-ID,,ttp.r014.edition.id-id.boundary5,depends_on,ttp.r014.asset.authority.yaintt_tex,661,,high
r014.backend.record,1.0.0,ttp.r014.relation.0662,relation,active,ttp.r014.yaintt,ttp.r014.yaintt,,und,2026-08-21T13:53:00+02:00,codex.r014.id-ID,,ttp.r014.edition.id-id.boundary5,depends_on,ttp.r014.asset.authority.refs_bib,662,,high
r014.backend.record,1.0.0,ttp.r014.relation.0663,relation,active,ttp.r014.yaintt,ttp.r014.yaintt,,und,2026-08-21T13:53:00+02:00,codex.r014.id-ID,,ttp.r014.edition.id-id.boundary5,depends_on,ttp.r014.asset.authority.cover_art_eps,663,,high
r014.backend.record,1.0.0,ttp.r014.relation.0664,relation,active,ttp.r014.yaintt,ttp.r014.yaintt,,und,2026-08-21T13:53:00+02:00,codex.r014.id-ID,,ttp.r014.edition.id-id.boundary5,depends_on,ttp.r014.asset.authority.dbend_eps,664,,high
r014.backend.record,1.0.0,ttp.r014.relation.0665,relation,active,ttp.r014.yaintt,ttp.r014.yaintt,,und,2026-08-21T13:53:00+02:00,codex.r014.id-ID,,ttp.r014.edition.id-id.boundary5,depends_on,ttp.r014.asset.authority.eng_freq_hist_eps,665,,high
r014.backend.record,1.0.0,ttp.r014.relation.0666,relation,active,ttp.r014.yaintt,ttp.r014.yaintt,,und,2026-08-21T13:53:00+02:00,codex.r014.id-ID,,ttp.r014.edition.id-id.boundary5,depends_on,ttp.r014.asset.authority.hamhip_freqs_eps,666,,high
r014.backend.record,1.0.0,ttp.r014.relation.0667,relation,active,ttp.r014.yaintt,ttp.r014.yaintt,,und,2026-08-21T13:53:00+02:00,codex.r014.id-ID,,ttp.r014.edition.id-id.boundary5,depends_on,ttp.r014.asset.authority.samp_cct_hist_eps,667,,high
r014.backend.record,1.0.0,ttp.r014.relation.0668,relation,active,ttp.r014.yaintt,ttp.r014.yaintt,,und,2026-08-21T13:53:00+02:00,codex.r014.id-ID,,ttp.r014.edition.id-id.boundary5,depends_on,ttp.r014.asset.authority.scytale_eps,668,,high
r014.backend.record,1.0.0,ttp.r014.relation.0669,relation,active,ttp.r014.yaintt,ttp.r014.yaintt,,und,2026-08-21T13:53:00+02:00,codex.r014.id-ID,,ttp.r014.edition.id-id.boundary5,depends_on,ttp.r014.asset.authority.seadk_cct_eps,669,,high
r014.backend.record,1.0.0,ttp.r014.relation.0670,relation,active,ttp.r014.yaintt,ttp.r014.yaintt,,und,2026-08-21T13:53:00+02:00,codex.r014.id-ID,,ttp.r014.edition.id-id.boundary5,depends_on,ttp.r014.asset.authority.seadk_hamhip_eps,670,,high
r014.backend.record,1.0.0,ttp.r014.relation.0671,relation,active,ttp.r014.yaintt,ttp.r014.yaintt,,und,2026-08-21T13:53:00+02:00,codex.r014.id-ID,,ttp.r014.edition.id-id.boundary5,depends_on,ttp.r014.asset.authority.seadk_rkkrt_eps,671,,high
r014.backend.record,1.0.0,ttp.r014.relation.0672,relation,active,ttp.r014.yaintt,ttp.r014.yaintt,,und,2026-08-21T13:53:00+02:00,codex.r014.id-ID,,ttp.r014.unit.chap.woad,contains,ttp.r014.unit.sec.ea,672,,high
r014.backend.record,1.0.0,ttp.r014.relation.0673,relation,active,ttp.r014.yaintt,ttp.r014.yaintt,,und,2026-08-21T13:53:00+02:00,codex.r014.id-ID,,ttp.r014.unit.sec.ea,contains,ttp.r014.unit.sec.ea.discussion.01,673,,high
r014.backend.record,1.0.0,ttp.r014.relation.0674,relation,active,ttp.r014.yaintt,ttp.r014.yaintt,,und,2026-08-21T13:53:00+02:00,codex.r014.id-ID,,ttp.r014.unit.sec.ea,contains,ttp.r014.unit.lem.gcdafterdivision,674,,high
r014.backend.record,1.0.0,ttp.r014.relation.0675,relation,active,ttp.r014.yaintt,ttp.r014.yaintt,,und,2026-08-21T13:53:00+02:00,codex.r014.id-ID,,ttp.r014.unit.lem.gcdafterdivision,contains,ttp.r014.unit.lem.gcdafterdivision.proof,675,,high
r014.backend.record,1.0.0,ttp.r014.relation.0676,relation,active,ttp.r014.yaintt,ttp.r014.yaintt,,und,2026-08-21T13:53:00+02:00,codex.r014.id-ID,,ttp.r014.unit.sec.ea,contains,ttp.r014.unit.sec.ea.discussion.02,676,,high
r014.backend.record,1.0.0,ttp.r014.relation.0677,relation,active,ttp.r014.yaintt,ttp.r014.yaintt,,und,2026-08-21T13:53:00+02:00,codex.r014.id-ID,,ttp.r014.unit.sec.ea,contains,ttp.r014.unit.thm.euclideanalg,677,,high
r014.backend.record,1.0.0,ttp.r014.relation.0678,relation,active,ttp.r014.yaintt,ttp.r014.yaintt,,und,2026-08-21T13:53:00+02:00,codex.r014.id-ID,,ttp.r014.unit.thm.euclideanalg,contains,ttp.r014.unit.thm.euclideanalg.proof,678,,high
r014.backend.record,1.0.0,ttp.r014.relation.0679,relation,active,ttp.r014.yaintt,ttp.r014.yaintt,,und,2026-08-21T13:53:00+02:00,codex.r014.id-ID,,ttp.r014.unit.sec.ea,contains,ttp.r014.unit.sec.ea.note.extended-algorithm,679,,high
r014.backend.record,1.0.0,ttp.r014.relation.0680,relation,active,ttp.r014.yaintt,ttp.r014.yaintt,,und,2026-08-21T13:53:00+02:00,codex.r014.id-ID,,ttp.r014.unit.sec.ea,contains,ttp.r014.unit.sec.ea.discussion.03,680,,high
r014.backend.record,1.0.0,ttp.r014.relation.0681,relation,active,ttp.r014.yaintt,ttp.r014.yaintt,,und,2026-08-21T13:53:00+02:00,codex.r014.id-ID,,ttp.r014.unit.sec.ea,contains,ttp.r014.unit.eg.ea,681,,high
r014.backend.record,1.0.0,ttp.r014.relation.0682,relation,active,ttp.r014.yaintt,ttp.r014.yaintt,,und,2026-08-21T13:53:00+02:00,codex.r014.id-ID,,ttp.r014.unit.sec.ea,contains,ttp.r014.unit.sec.ea.exercises,682,,high
r014.backend.record,1.0.0,ttp.r014.relation.0683,relation,active,ttp.r014.yaintt,ttp.r014.yaintt,,und,2026-08-21T13:53:00+02:00,codex.r014.id-ID,,ttp.r014.unit.sec.ea.exercises,contains,ttp.r014.unit.sec.ea.exercise.01,683,,high
r014.backend.record,1.0.0,ttp.r014.relation.0684,relation,active,ttp.r014.yaintt,ttp.r014.yaintt,,und,2026-08-21T13:53:00+02:00,codex.r014.id-ID,,ttp.r014.unit.sec.ea.exercises,contains,ttp.r014.unit.sec.ea.exercise.02,684,,high
r014.backend.record,1.0.0,ttp.r014.relation.0685,relation,active,ttp.r014.yaintt,ttp.r014.yaintt,,und,2026-08-21T13:53:00+02:00,codex.r014.id-ID,,ttp.r014.unit.sec.ea.exercises,contains,ttp.r014.unit.sec.ea.exercise.03,685,,high
r014.backend.record,1.0.0,ttp.r014.relation.0686,relation,active,ttp.r014.yaintt,ttp.r014.yaintt,,und,2026-08-21T13:53:00+02:00,codex.r014.id-ID,,ttp.r014.unit.sec.ea.exercises,contains,ttp.r014.unit.sec.ea.exercise.04,686,,high
r014.backend.record,1.0.0,ttp.r014.relation.0687,relation,active,ttp.r014.yaintt,ttp.r014.yaintt,,und,2026-08-21T13:53:00+02:00,codex.r014.id-ID,,ttp.r014.unit.sec.ea.exercises,contains,ttp.r014.unit.sec.ea.exercise.05,687,,high
r014.backend.record,1.0.0,ttp.r014.relation.0688,relation,active,ttp.r014.yaintt,ttp.r014.yaintt,,und,2026-08-21T13:53:00+02:00,codex.r014.id-ID,,ttp.r014.unit.sec.ea.exercises,contains,ttp.r014.unit.sec.ea.exercise.06,688,,high
r014.backend.record,1.0.0,ttp.r014.relation.0689,relation,active,ttp.r014.yaintt,ttp.r014.yaintt,,und,2026-08-21T13:53:00+02:00,codex.r014.id-ID,,ttp.r014.unit.sec.gcd,precedes,ttp.r014.unit.sec.ea,689,,high
r014.backend.record,1.0.0,ttp.r014.relation.0690,relation,active,ttp.r014.yaintt,ttp.r014.yaintt,,und,2026-08-21T13:53:00+02:00,codex.r014.id-ID,,ttp.r014.unit.sec.ea.discussion.01,precedes,ttp.r014.unit.lem.gcdafterdivision,690,,high
r014.backend.record,1.0.0,ttp.r014.relation.0691,relation,active,ttp.r014.yaintt,ttp.r014.yaintt,,und,2026-08-21T13:53:00+02:00,codex.r014.id-ID,,ttp.r014.unit.lem.gcdafterdivision,precedes,ttp.r014.unit.sec.ea.discussion.02,691,,high
r014.backend.record,1.0.0,ttp.r014.relation.0692,relation,active,ttp.r014.yaintt,ttp.r014.yaintt,,und,2026-08-21T13:53:00+02:00,codex.r014.id-ID,,ttp.r014.unit.sec.ea.discussion.02,precedes,ttp.r014.unit.thm.euclideanalg,692,,high
r014.backend.record,1.0.0,ttp.r014.relation.0693,relation,active,ttp.r014.yaintt,ttp.r014.yaintt,,und,2026-08-21T13:53:00+02:00,codex.r014.id-ID,,ttp.r014.unit.thm.euclideanalg,precedes,ttp.r014.unit.sec.ea.note.extended-algorithm,693,,high
r014.backend.record,1.0.0,ttp.r014.relation.0694,relation,active,ttp.r014.yaintt,ttp.r014.yaintt,,und,2026-08-21T13:53:00+02:00,codex.r014.id-ID,,ttp.r014.unit.sec.ea.note.extended-algorithm,precedes,ttp.r014.unit.sec.ea.discussion.03,694,,high
r014.backend.record,1.0.0,ttp.r014.relation.0695,relation,active,ttp.r014.yaintt,ttp.r014.yaintt,,und,2026-08-21T13:53:00+02:00,codex.r014.id-ID,,ttp.r014.unit.sec.ea.discussion.03,precedes,ttp.r014.unit.eg.ea,695,,high
r014.backend.record,1.0.0,ttp.r014.relation.0696,relation,active,ttp.r014.yaintt,ttp.r014.yaintt,,und,2026-08-21T13:53:00+02:00,codex.r014.id-ID,,ttp.r014.unit.eg.ea,precedes,ttp.r014.unit.sec.ea.exercises,696,,high
r014.backend.record,1.0.0,ttp.r014.relation.0697,relation,active,ttp.r014.yaintt,ttp.r014.yaintt,,und,2026-08-21T13:53:00+02:00,codex.r014.id-ID,,ttp.r014.unit.sec.ea.exercise.01,precedes,ttp.r014.unit.sec.ea.exercise.02,697,,high
r014.backend.record,1.0.0,ttp.r014.relation.0698,relation,active,ttp.r014.yaintt,ttp.r014.yaintt,,und,2026-08-21T13:53:00+02:00,codex.r014.id-ID,,ttp.r014.unit.sec.ea.exercise.02,precedes,ttp.r014.unit.sec.ea.exercise.03,698,,high
r014.backend.record,1.0.0,ttp.r014.relation.0699,relation,active,ttp.r014.yaintt,ttp.r014.yaintt,,und,2026-08-21T13:53:00+02:00,codex.r014.id-ID,,ttp.r014.unit.sec.ea.exercise.03,precedes,ttp.r014.unit.sec.ea.exercise.04,699,,high
r014.backend.record,1.0.0,ttp.r014.relation.0700,relation,active,ttp.r014.yaintt,ttp.r014.yaintt,,und,2026-08-21T13:53:00+02:00,codex.r014.id-ID,,ttp.r014.unit.sec.ea.exercise.04,precedes,ttp.r014.unit.sec.ea.exercise.05,700,,high
r014.backend.record,1.0.0,ttp.r014.relation.0701,relation,active,ttp.r014.yaintt,ttp.r014.yaintt,,und,2026-08-21T13:53:00+02:00,codex.r014.id-ID,,ttp.r014.unit.sec.ea.exercise.05,precedes,ttp.r014.unit.sec.ea.exercise.06,701,,high
r014.backend.record,1.0.0,ttp.r014.relation.0702,relation,active,ttp.r014.yaintt,ttp.r014.yaintt,,und,2026-08-21T13:53:00+02:00,codex.r014.id-ID,,ttp.r014.correction.0023,corrects,ttp.r014.unit.thm.euclideanalg,702,,high
r014.backend.record,1.0.0,ttp.r014.relation.0703,relation,active,ttp.r014.yaintt,ttp.r014.yaintt,,und,2026-08-21T13:53:00+02:00,codex.r014.id-ID,,ttp.r014.correction.0023,corrects,ttp.r014.unit.thm.euclideanalg.proof,703,,high
r014.backend.record,1.0.0,ttp.r014.relation.0704,relation,active,ttp.r014.yaintt,ttp.r014.yaintt,,und,2026-08-21T13:53:00+02:00,codex.r014.id-ID,,ttp.r014.unit.lem.gcdafterdivision.proof,proves,ttp.r014.unit.lem.gcdafterdivision,704,,high
r014.backend.record,1.0.0,ttp.r014.relation.0705,relation,active,ttp.r014.yaintt,ttp.r014.yaintt,,und,2026-08-21T13:53:00+02:00,codex.r014.id-ID,,ttp.r014.unit.thm.euclideanalg.proof,proves,ttp.r014.unit.thm.euclideanalg,705,,high
r014.backend.record,1.0.0,ttp.r014.relation.0706,relation,active,ttp.r014.yaintt,ttp.r014.yaintt,,und,2026-08-21T13:53:00+02:00,codex.r014.id-ID,,ttp.r014.unit.eg.ea,illustrates,ttp.r014.unit.thm.euclideanalg,706,,high
r014.backend.record,1.0.0,ttp.r014.relation.0707,relation,active,ttp.r014.yaintt,ttp.r014.yaintt,,und,2026-08-21T13:53:00+02:00,codex.r014.id-ID,,ttp.r014.unit.lem.gcdafterdivision.proof,references,ttp.r014.unit.sec.gcd.theorem.invariance,707,,high
r014.backend.record,1.0.0,ttp.r014.relation.0708,relation,active,ttp.r014.yaintt,ttp.r014.yaintt,,und,2026-08-21T13:53:00+02:00,codex.r014.id-ID,,ttp.r014.unit.thm.euclideanalg.proof,references,ttp.r014.unit.lem.gcdafterdivision,708,,high
r014.backend.record,1.0.0,ttp.r014.relation.0709,relation,active,ttp.r014.yaintt,ttp.r014.yaintt,,und,2026-08-21T13:53:00+02:00,codex.r014.id-ID,,ttp.r014.unit.sec.ea.exercises,references,ttp.r014.unit.sec.ea,709,,high
r014.backend.record,1.0.0,ttp.r014.relation.0710,relation,active,ttp.r014.yaintt,ttp.r014.yaintt,,und,2026-08-21T13:53:00+02:00,codex.r014.id-ID,,ttp.r014.unit.sec.ea,covers,ttp.concept.euclidean_algorithm,710,,high
r014.backend.record,1.0.0,ttp.r014.relation.0711,relation,active,ttp.r014.yaintt,ttp.r014.yaintt,,und,2026-08-21T13:53:00+02:00,codex.r014.id-ID,,ttp.r014.unit.sec.ea,covers,ttp.concept.extended_euclidean_algorithm,711,,high
r014.backend.record,1.0.0,ttp.r014.relation.0712,relation,active,ttp.r014.yaintt,ttp.r014.yaintt,,und,2026-08-21T13:53:00+02:00,codex.r014.id-ID,,ttp.r014.unit.sec.ea,covers,ttp.concept.greatest_common_divisor,712,,high
r014.backend.record,1.0.0,ttp.r014.relation.0713,relation,active,ttp.r014.yaintt,ttp.r014.yaintt,,und,2026-08-21T13:53:00+02:00,codex.r014.id-ID,,ttp.r014.unit.sec.ea,covers,ttp.concept.division_algorithm,713,,high
r014.backend.record,1.0.0,ttp.r014.relation.0714,relation,active,ttp.r014.yaintt,ttp.r014.yaintt,,und,2026-08-21T13:53:00+02:00,codex.r014.id-ID,,ttp.r014.unit.sec.ea,covers,ttp.concept.linear_combination,714,,high
r014.backend.record,1.0.0,ttp.r014.relation.0715,relation,active,ttp.r014.yaintt,ttp.r014.yaintt,,und,2026-08-21T13:53:00+02:00,codex.r014.id-ID,,ttp.r014.unit.sec.ea.discussion.01,covers,ttp.concept.euclidean_algorithm,715,,high
r014.backend.record,1.0.0,ttp.r014.relation.0716,relation,active,ttp.r014.yaintt,ttp.r014.yaintt,,und,2026-08-21T13:53:00+02:00,codex.r014.id-ID,,ttp.r014.unit.sec.ea.discussion.01,covers,ttp.concept.greatest_common_divisor,716,,high
r014.backend.record,1.0.0,ttp.r014.relation.0717,relation,active,ttp.r014.yaintt,ttp.r014.yaintt,,und,2026-08-21T13:53:00+02:00,codex.r014.id-ID,,ttp.r014.unit.lem.gcdafterdivision,covers,ttp.concept.greatest_common_divisor,717,,high
r014.backend.record,1.0.0,ttp.r014.relation.0718,relation,active,ttp.r014.yaintt,ttp.r014.yaintt,,und,2026-08-21T13:53:00+02:00,codex.r014.id-ID,,ttp.r014.unit.lem.gcdafterdivision,covers,ttp.concept.division_algorithm,718,,high
r014.backend.record,1.0.0,ttp.r014.relation.0719,relation,active,ttp.r014.yaintt,ttp.r014.yaintt,,und,2026-08-21T13:53:00+02:00,codex.r014.id-ID,,ttp.r014.unit.lem.gcdafterdivision,covers,ttp.concept.quotient,719,,high
r014.backend.record,1.0.0,ttp.r014.relation.0720,relation,active,ttp.r014.yaintt,ttp.r014.yaintt,,und,2026-08-21T13:53:00+02:00,codex.r014.id-ID,,ttp.r014.unit.lem.gcdafterdivision,covers,ttp.concept.remainder,720,,high
r014.backend.record,1.0.0,ttp.r014.relation.0721,relation,active,ttp.r014.yaintt,ttp.r014.yaintt,,und,2026-08-21T13:53:00+02:00,codex.r014.id-ID,,ttp.r014.unit.lem.gcdafterdivision.proof,covers,ttp.concept.greatest_common_divisor,721,,high
r014.backend.record,1.0.0,ttp.r014.relation.0722,relation,active,ttp.r014.yaintt,ttp.r014.yaintt,,und,2026-08-21T13:53:00+02:00,codex.r014.id-ID,,ttp.r014.unit.lem.gcdafterdivision.proof,covers,ttp.concept.addition,722,,high
r014.backend.record,1.0.0,ttp.r014.relation.0723,relation,active,ttp.r014.yaintt,ttp.r014.yaintt,,und,2026-08-21T13:53:00+02:00,codex.r014.id-ID,,ttp.r014.unit.lem.gcdafterdivision.proof,covers,ttp.concept.multiplication,723,,high
r014.backend.record,1.0.0,ttp.r014.relation.0724,relation,active,ttp.r014.yaintt,ttp.r014.yaintt,,und,2026-08-21T13:53:00+02:00,codex.r014.id-ID,,ttp.r014.unit.sec.ea.discussion.02,covers,ttp.concept.euclidean_algorithm,724,,high
r014.backend.record,1.0.0,ttp.r014.relation.0725,relation,active,ttp.r014.yaintt,ttp.r014.yaintt,,und,2026-08-21T13:53:00+02:00,codex.r014.id-ID,,ttp.r014.unit.sec.ea.discussion.02,covers,ttp.concept.greatest_common_divisor,725,,high
r014.backend.record,1.0.0,ttp.r014.relation.0726,relation,active,ttp.r014.yaintt,ttp.r014.yaintt,,und,2026-08-21T13:53:00+02:00,codex.r014.id-ID,,ttp.r014.unit.sec.ea.discussion.02,covers,ttp.concept.remainder,726,,high
r014.backend.record,1.0.0,ttp.r014.relation.0727,relation,active,ttp.r014.yaintt,ttp.r014.yaintt,,und,2026-08-21T13:53:00+02:00,codex.r014.id-ID,,ttp.r014.unit.sec.ea.discussion.02,covers,ttp.concept.division_algorithm,727,,high
r014.backend.record,1.0.0,ttp.r014.relation.0728,relation,active,ttp.r014.yaintt,ttp.r014.yaintt,,und,2026-08-21T13:53:00+02:00,codex.r014.id-ID,,ttp.r014.unit.thm.euclideanalg,covers,ttp.concept.euclidean_algorithm,728,,high
r014.backend.record,1.0.0,ttp.r014.relation.0729,relation,active,ttp.r014.yaintt,ttp.r014.yaintt,,und,2026-08-21T13:53:00+02:00,codex.r014.id-ID,,ttp.r014.unit.thm.euclideanalg,covers,ttp.concept.extended_euclidean_algorithm,729,,high
r014.backend.record,1.0.0,ttp.r014.relation.0730,relation,active,ttp.r014.yaintt,ttp.r014.yaintt,,und,2026-08-21T13:53:00+02:00,codex.r014.id-ID,,ttp.r014.unit.thm.euclideanalg,covers,ttp.concept.division_algorithm,730,,high
r014.backend.record,1.0.0,ttp.r014.relation.0731,relation,active,ttp.r014.yaintt,ttp.r014.yaintt,,und,2026-08-21T13:53:00+02:00,codex.r014.id-ID,,ttp.r014.unit.thm.euclideanalg,covers,ttp.concept.quotient,731,,high
r014.backend.record,1.0.0,ttp.r014.relation.0732,relation,active,ttp.r014.yaintt,ttp.r014.yaintt,,und,2026-08-21T13:53:00+02:00,codex.r014.id-ID,,ttp.r014.unit.thm.euclideanalg,covers,ttp.concept.remainder,732,,high
r014.backend.record,1.0.0,ttp.r014.relation.0733,relation,active,ttp.r014.yaintt,ttp.r014.yaintt,,und,2026-08-21T13:53:00+02:00,codex.r014.id-ID,,ttp.r014.unit.thm.euclideanalg,covers,ttp.concept.greatest_common_divisor,733,,high
r014.backend.record,1.0.0,ttp.r014.relation.0734,relation,active,ttp.r014.yaintt,ttp.r014.yaintt,,und,2026-08-21T13:53:00+02:00,codex.r014.id-ID,,ttp.r014.unit.thm.euclideanalg,covers,ttp.concept.linear_combination,734,,high
r014.backend.record,1.0.0,ttp.r014.relation.0735,relation,active,ttp.r014.yaintt,ttp.r014.yaintt,,und,2026-08-21T13:53:00+02:00,codex.r014.id-ID,,ttp.r014.unit.thm.euclideanalg,covers,ttp.concept.natural_number,735,,high
r014.backend.record,1.0.0,ttp.r014.relation.0736,relation,active,ttp.r014.yaintt,ttp.r014.yaintt,,und,2026-08-21T13:53:00+02:00,codex.r014.id-ID,,ttp.r014.unit.thm.euclideanalg.proof,covers,ttp.concept.euclidean_algorithm,736,,high
r014.backend.record,1.0.0,ttp.r014.relation.0737,relation,active,ttp.r014.yaintt,ttp.r014.yaintt,,und,2026-08-21T13:53:00+02:00,codex.r014.id-ID,,ttp.r014.unit.thm.euclideanalg.proof,covers,ttp.concept.division_algorithm,737,,high
r014.backend.record,1.0.0,ttp.r014.relation.0738,relation,active,ttp.r014.yaintt,ttp.r014.yaintt,,und,2026-08-21T13:53:00+02:00,codex.r014.id-ID,,ttp.r014.unit.thm.euclideanalg.proof,covers,ttp.concept.quotient,738,,high
r014.backend.record,1.0.0,ttp.r014.relation.0739,relation,active,ttp.r014.yaintt,ttp.r014.yaintt,,und,2026-08-21T13:53:00+02:00,codex.r014.id-ID,,ttp.r014.unit.thm.euclideanalg.proof,covers,ttp.concept.remainder,739,,high
r014.backend.record,1.0.0,ttp.r014.relation.0740,relation,active,ttp.r014.yaintt,ttp.r014.yaintt,,und,2026-08-21T13:53:00+02:00,codex.r014.id-ID,,ttp.r014.unit.thm.euclideanalg.proof,covers,ttp.concept.greatest_common_divisor,740,,high
r014.backend.record,1.0.0,ttp.r014.relation.0741,relation,active,ttp.r014.yaintt,ttp.r014.yaintt,,und,2026-08-21T13:53:00+02:00,codex.r014.id-ID,,ttp.r014.unit.thm.euclideanalg.proof,covers,ttp.concept.natural_number,741,,high
r014.backend.record,1.0.0,ttp.r014.relation.0742,relation,active,ttp.r014.yaintt,ttp.r014.yaintt,,und,2026-08-21T13:53:00+02:00,codex.r014.id-ID,,ttp.r014.unit.thm.euclideanalg.proof,covers,ttp.concept.integer,742,,high
r014.backend.record,1.0.0,ttp.r014.relation.0743,relation,active,ttp.r014.yaintt,ttp.r014.yaintt,,und,2026-08-21T13:53:00+02:00,codex.r014.id-ID,,ttp.r014.unit.thm.euclideanalg.proof,covers,ttp.concept.well_ordering_principle,743,,high
r014.backend.record,1.0.0,ttp.r014.relation.0744,relation,active,ttp.r014.yaintt,ttp.r014.yaintt,,und,2026-08-21T13:53:00+02:00,codex.r014.id-ID,,ttp.r014.unit.sec.ea.note.extended-algorithm,covers,ttp.concept.euclidean_algorithm,744,,high
r014.backend.record,1.0.0,ttp.r014.relation.0745,relation,active,ttp.r014.yaintt,ttp.r014.yaintt,,und,2026-08-21T13:53:00+02:00,codex.r014.id-ID,,ttp.r014.unit.sec.ea.note.extended-algorithm,covers,ttp.concept.extended_euclidean_algorithm,745,,high
r014.backend.record,1.0.0,ttp.r014.relation.0746,relation,active,ttp.r014.yaintt,ttp.r014.yaintt,,und,2026-08-21T13:53:00+02:00,codex.r014.id-ID,,ttp.r014.unit.sec.ea.note.extended-algorithm,covers,ttp.concept.linear_combination,746,,high
r014.backend.record,1.0.0,ttp.r014.relation.0747,relation,active,ttp.r014.yaintt,ttp.r014.yaintt,,und,2026-08-21T13:53:00+02:00,codex.r014.id-ID,,ttp.r014.unit.sec.ea.discussion.03,covers,ttp.concept.extended_euclidean_algorithm,747,,high
r014.backend.record,1.0.0,ttp.r014.relation.0748,relation,active,ttp.r014.yaintt,ttp.r014.yaintt,,und,2026-08-21T13:53:00+02:00,codex.r014.id-ID,,ttp.r014.unit.sec.ea.discussion.03,covers,ttp.concept.greatest_common_divisor,748,,high
r014.backend.record,1.0.0,ttp.r014.relation.0749,relation,active,ttp.r014.yaintt,ttp.r014.yaintt,,und,2026-08-21T13:53:00+02:00,codex.r014.id-ID,,ttp.r014.unit.sec.ea.discussion.03,covers,ttp.concept.linear_combination,749,,high
r014.backend.record,1.0.0,ttp.r014.relation.0750,relation,active,ttp.r014.yaintt,ttp.r014.yaintt,,und,2026-08-21T13:53:00+02:00,codex.r014.id-ID,,ttp.r014.unit.eg.ea,covers,ttp.concept.euclidean_algorithm,750,,high
r014.backend.record,1.0.0,ttp.r014.relation.0751,relation,active,ttp.r014.yaintt,ttp.r014.yaintt,,und,2026-08-21T13:53:00+02:00,codex.r014.id-ID,,ttp.r014.unit.eg.ea,covers,ttp.concept.greatest_common_divisor,751,,high
r014.backend.record,1.0.0,ttp.r014.relation.0752,relation,active,ttp.r014.yaintt,ttp.r014.yaintt,,und,2026-08-21T13:53:00+02:00,codex.r014.id-ID,,ttp.r014.unit.eg.ea,covers,ttp.concept.division_algorithm,752,,high
r014.backend.record,1.0.0,ttp.r014.relation.0753,relation,active,ttp.r014.yaintt,ttp.r014.yaintt,,und,2026-08-21T13:53:00+02:00,codex.r014.id-ID,,ttp.r014.unit.eg.ea,covers,ttp.concept.quotient,753,,high
r014.backend.record,1.0.0,ttp.r014.relation.0754,relation,active,ttp.r014.yaintt,ttp.r014.yaintt,,und,2026-08-21T13:53:00+02:00,codex.r014.id-ID,,ttp.r014.unit.eg.ea,covers,ttp.concept.remainder,754,,high
r014.backend.record,1.0.0,ttp.r014.relation.0755,relation,active,ttp.r014.yaintt,ttp.r014.yaintt,,und,2026-08-21T13:53:00+02:00,codex.r014.id-ID,,ttp.r014.unit.sec.ea.exercise.01,covers,ttp.concept.euclidean_algorithm,755,,high
r014.backend.record,1.0.0,ttp.r014.relation.0756,relation,active,ttp.r014.yaintt,ttp.r014.yaintt,,und,2026-08-21T13:53:00+02:00,codex.r014.id-ID,,ttp.r014.unit.sec.ea.exercise.01,covers,ttp.concept.greatest_common_divisor,756,,high
r014.backend.record,1.0.0,ttp.r014.relation.0757,relation,active,ttp.r014.yaintt,ttp.r014.yaintt,,und,2026-08-21T13:53:00+02:00,codex.r014.id-ID,,ttp.r014.unit.sec.ea.exercise.01,covers,ttp.concept.linear_combination,757,,high
r014.backend.record,1.0.0,ttp.r014.relation.0758,relation,active,ttp.r014.yaintt,ttp.r014.yaintt,,und,2026-08-21T13:53:00+02:00,codex.r014.id-ID,,ttp.r014.unit.sec.ea.exercise.02,covers,ttp.concept.euclidean_algorithm,758,,high
r014.backend.record,1.0.0,ttp.r014.relation.0759,relation,active,ttp.r014.yaintt,ttp.r014.yaintt,,und,2026-08-21T13:53:00+02:00,codex.r014.id-ID,,ttp.r014.unit.sec.ea.exercise.02,covers,ttp.concept.greatest_common_divisor,759,,high
r014.backend.record,1.0.0,ttp.r014.relation.0760,relation,active,ttp.r014.yaintt,ttp.r014.yaintt,,und,2026-08-21T13:53:00+02:00,codex.r014.id-ID,,ttp.r014.unit.sec.ea.exercise.02,covers,ttp.concept.linear_combination,760,,high
r014.backend.record,1.0.0,ttp.r014.relation.0761,relation,active,ttp.r014.yaintt,ttp.r014.yaintt,,und,2026-08-21T13:53:00+02:00,codex.r014.id-ID,,ttp.r014.unit.sec.ea.exercise.03,covers,ttp.concept.greatest_common_divisor,761,,high
r014.backend.record,1.0.0,ttp.r014.relation.0762,relation,active,ttp.r014.yaintt,ttp.r014.yaintt,,und,2026-08-21T13:53:00+02:00,codex.r014.id-ID,,ttp.r014.unit.sec.ea.exercise.04,covers,ttp.concept.greatest_common_divisor,762,,high
r014.backend.record,1.0.0,ttp.r014.relation.0763,relation,active,ttp.r014.yaintt,ttp.r014.yaintt,,und,2026-08-21T13:53:00+02:00,codex.r014.id-ID,,ttp.r014.unit.sec.ea.exercise.04,covers,ttp.concept.multiplication,763,,high
r014.backend.record,1.0.0,ttp.r014.relation.0764,relation,active,ttp.r014.yaintt,ttp.r014.yaintt,,und,2026-08-21T13:53:00+02:00,codex.r014.id-ID,,ttp.r014.unit.sec.ea.exercise.04,covers,ttp.concept.divisibility,764,,high
r014.backend.record,1.0.0,ttp.r014.relation.0765,relation,active,ttp.r014.yaintt,ttp.r014.yaintt,,und,2026-08-21T13:53:00+02:00,codex.r014.id-ID,,ttp.r014.unit.sec.ea.exercise.05,covers,ttp.concept.greatest_common_divisor,765,,high
r014.backend.record,1.0.0,ttp.r014.relation.0766,relation,active,ttp.r014.yaintt,ttp.r014.yaintt,,und,2026-08-21T13:53:00+02:00,codex.r014.id-ID,,ttp.r014.unit.sec.ea.exercise.05,covers,ttp.concept.parity,766,,high
r014.backend.record,1.0.0,ttp.r014.relation.0767,relation,active,ttp.r014.yaintt,ttp.r014.yaintt,,und,2026-08-21T13:53:00+02:00,codex.r014.id-ID,,ttp.r014.unit.sec.ea.exercise.05,covers,ttp.concept.division,767,,high
r014.backend.record,1.0.0,ttp.r014.relation.0768,relation,active,ttp.r014.yaintt,ttp.r014.yaintt,,und,2026-08-21T13:53:00+02:00,codex.r014.id-ID,,ttp.r014.unit.sec.ea.exercise.06,covers,ttp.concept.extended_euclidean_algorithm,768,,high
r014.backend.record,1.0.0,ttp.r014.relation.0769,relation,active,ttp.r014.yaintt,ttp.r014.yaintt,,und,2026-08-21T13:53:00+02:00,codex.r014.id-ID,,ttp.r014.unit.sec.ea.exercise.06,covers,ttp.concept.euclidean_algorithm,769,,high
r014.backend.record,1.0.0,ttp.r014.relation.0770,relation,active,ttp.r014.yaintt,ttp.r014.yaintt,,und,2026-08-21T13:53:00+02:00,codex.r014.id-ID,,ttp.r014.unit.sec.ea.exercise.06,covers,ttp.concept.linear_combination,770,,high
r014.backend.record,1.0.0,ttp.r014.relation.0771,relation,active,ttp.r014.yaintt,ttp.r014.yaintt,,und,2026-08-21T13:53:00+02:00,codex.r014.id-ID,,ttp.concept.greatest_common_divisor,prerequisite_for,ttp.concept.euclidean_algorithm,771,,high
r014.backend.record,1.0.0,ttp.r014.relation.0772,relation,active,ttp.r014.yaintt,ttp.r014.yaintt,,und,2026-08-21T13:53:00+02:00,codex.r014.id-ID,,ttp.concept.division_algorithm,prerequisite_for,ttp.concept.euclidean_algorithm,772,,high
r014.backend.record,1.0.0,ttp.r014.relation.0773,relation,active,ttp.r014.yaintt,ttp.r014.yaintt,,und,2026-08-21T13:53:00+02:00,codex.r014.id-ID,,ttp.concept.remainder,prerequisite_for,ttp.concept.euclidean_algorithm,773,,high
r014.backend.record,1.0.0,ttp.r014.relation.0774,relation,active,ttp.r014.yaintt,ttp.r014.yaintt,,und,2026-08-21T13:53:00+02:00,codex.r014.id-ID,,ttp.concept.euclidean_algorithm,prerequisite_for,ttp.concept.extended_euclidean_algorithm,774,,high
r014.backend.record,1.0.0,ttp.r014.relation.0775,relation,active,ttp.r014.yaintt,ttp.r014.yaintt,,und,2026-08-21T13:53:00+02:00,codex.r014.id-ID,,ttp.concept.linear_combination,prerequisite_for,ttp.concept.extended_euclidean_algorithm,775,,high
r014.backend.record,1.0.0,ttp.r014.relation.0776,relation,active,ttp.r014.yaintt,ttp.r014.yaintt,,und,2026-08-21T13:53:00+02:00,codex.r014.id-ID,,ttp.r014.edition.id-id.boundary6,translates,ttp.r014.edition.source.2014-05-07,776,,high
r014.backend.record,1.0.0,ttp.r014.relation.0777,relation,active,ttp.r014.yaintt,ttp.r014.yaintt,,und,2026-08-21T13:53:00+02:00,codex.r014.id-ID,,ttp.r014.edition.id-id.boundary6,adapts,ttp.r014.edition.source.2014-05-07,777,,high
r014.backend.record,1.0.0,ttp.r014.relation.0778,relation,active,ttp.r014.yaintt,ttp.r014.yaintt,,und,2026-08-21T13:53:00+02:00,codex.r014.id-ID,,ttp.r014.edition.id-id.boundary6,depends_on,ttp.r014.asset.authority.yaintt_tex,778,,high
r014.backend.record,1.0.0,ttp.r014.relation.0779,relation,active,ttp.r014.yaintt,ttp.r014.yaintt,,und,2026-08-21T13:53:00+02:00,codex.r014.id-ID,,ttp.r014.edition.id-id.boundary6,depends_on,ttp.r014.asset.authority.refs_bib,779,,high
r014.backend.record,1.0.0,ttp.r014.relation.0780,relation,active,ttp.r014.yaintt,ttp.r014.yaintt,,und,2026-08-21T13:53:00+02:00,codex.r014.id-ID,,ttp.r014.edition.id-id.boundary6,depends_on,ttp.r014.asset.authority.cover_art_eps,780,,high
r014.backend.record,1.0.0,ttp.r014.relation.0781,relation,active,ttp.r014.yaintt,ttp.r014.yaintt,,und,2026-08-21T13:53:00+02:00,codex.r014.id-ID,,ttp.r014.edition.id-id.boundary6,depends_on,ttp.r014.asset.authority.dbend_eps,781,,high
r014.backend.record,1.0.0,ttp.r014.relation.0782,relation,active,ttp.r014.yaintt,ttp.r014.yaintt,,und,2026-08-21T13:53:00+02:00,codex.r014.id-ID,,ttp.r014.edition.id-id.boundary6,depends_on,ttp.r014.asset.authority.eng_freq_hist_eps,782,,high
r014.backend.record,1.0.0,ttp.r014.relation.0783,relation,active,ttp.r014.yaintt,ttp.r014.yaintt,,und,2026-08-21T13:53:00+02:00,codex.r014.id-ID,,ttp.r014.edition.id-id.boundary6,depends_on,ttp.r014.asset.authority.hamhip_freqs_eps,783,,high
r014.backend.record,1.0.0,ttp.r014.relation.0784,relation,active,ttp.r014.yaintt,ttp.r014.yaintt,,und,2026-08-21T13:53:00+02:00,codex.r014.id-ID,,ttp.r014.edition.id-id.boundary6,depends_on,ttp.r014.asset.authority.samp_cct_hist_eps,784,,high
r014.backend.record,1.0.0,ttp.r014.relation.0785,relation,active,ttp.r014.yaintt,ttp.r014.yaintt,,und,2026-08-21T13:53:00+02:00,codex.r014.id-ID,,ttp.r014.edition.id-id.boundary6,depends_on,ttp.r014.asset.authority.scytale_eps,785,,high
r014.backend.record,1.0.0,ttp.r014.relation.0786,relation,active,ttp.r014.yaintt,ttp.r014.yaintt,,und,2026-08-21T13:53:00+02:00,codex.r014.id-ID,,ttp.r014.edition.id-id.boundary6,depends_on,ttp.r014.asset.authority.seadk_cct_eps,786,,high
r014.backend.record,1.0.0,ttp.r014.relation.0787,relation,active,ttp.r014.yaintt,ttp.r014.yaintt,,und,2026-08-21T13:53:00+02:00,codex.r014.id-ID,,ttp.r014.edition.id-id.boundary6,depends_on,ttp.r014.asset.authority.seadk_hamhip_eps,787,,high
r014.backend.record,1.0.0,ttp.r014.relation.0788,relation,active,ttp.r014.yaintt,ttp.r014.yaintt,,und,2026-08-21T13:53:00+02:00,codex.r014.id-ID,,ttp.r014.edition.id-id.boundary6,depends_on,ttp.r014.asset.authority.seadk_rkkrt_eps,788,,high
r014.backend.record,1.0.0,ttp.r014.relation.0789,relation,active,ttp.r014.yaintt,ttp.r014.yaintt,,und,2026-08-21T13:53:00+02:00,codex.r014.id-ID,,ttp.r014.unit.book,contains,ttp.r014.unit.chap.cs,789,,high
r014.backend.record,1.0.0,ttp.r014.relation.0790,relation,active,ttp.r014.yaintt,ttp.r014.yaintt,,und,2026-08-21T13:53:00+02:00,codex.r014.id-ID,,ttp.r014.unit.chap.cs,contains,ttp.r014.unit.chap.cs.discussion.01,790,,high
r014.backend.record,1.0.0,ttp.r014.relation.0791,relation,active,ttp.r014.yaintt,ttp.r014.yaintt,,und,2026-08-21T13:53:00+02:00,codex.r014.id-ID,,ttp.r014.unit.chap.cs,contains,ttp.r014.unit.sec.itc,791,,high
r014.backend.record,1.0.0,ttp.r014.relation.0792,relation,active,ttp.r014.yaintt,ttp.r014.yaintt,,und,2026-08-21T13:53:00+02:00,codex.r014.id-ID,,ttp.r014.unit.sec.itc,contains,ttp.r014.unit.sec.itc.discussion.01,792,,high
r014.backend.record,1.0.0,ttp.r014.relation.0793,relation,active,ttp.r014.yaintt,ttp.r014.yaintt,,und,2026-08-21T13:53:00+02:00,codex.r014.id-ID,,ttp.r014.unit.sec.itc,contains,ttp.r014.unit.def.congruence,793,,high
r014.backend.record,1.0.0,ttp.r014.relation.0794,relation,active,ttp.r014.yaintt,ttp.r014.yaintt,,und,2026-08-21T13:53:00+02:00,codex.r014.id-ID,,ttp.r014.unit.sec.itc,contains,ttp.r014.unit.eg.congruences,794,,high
r014.backend.record,1.0.0,ttp.r014.relation.0795,relation,active,ttp.r014.yaintt,ttp.r014.yaintt,,und,2026-08-21T13:53:00+02:00,codex.r014.id-ID,,ttp.r014.unit.sec.itc,contains,ttp.r014.unit.sec.itc.discussion.02,795,,high
r014.backend.record,1.0.0,ttp.r014.relation.0796,relation,active,ttp.r014.yaintt,ttp.r014.yaintt,,und,2026-08-21T13:53:00+02:00,codex.r014.id-ID,,ttp.r014.unit.sec.itc,contains,ttp.r014.unit.thm.basiccongprops,796,,high
r014.backend.record,1.0.0,ttp.r014.relation.0797,relation,active,ttp.r014.yaintt,ttp.r014.yaintt,,und,2026-08-21T13:53:00+02:00,codex.r014.id-ID,,ttp.r014.unit.thm.basiccongprops,contains,ttp.r014.unit.thm.basiccongprops.proof,797,,high
r014.backend.record,1.0.0,ttp.r014.relation.0798,relation,active,ttp.r014.yaintt,ttp.r014.yaintt,,und,2026-08-21T13:53:00+02:00,codex.r014.id-ID,,ttp.r014.unit.sec.itc,contains,ttp.r014.unit.sec.itc.discussion.03,798,,high
r014.backend.record,1.0.0,ttp.r014.relation.0799,relation,active,ttp.r014.yaintt,ttp.r014.yaintt,,und,2026-08-21T13:53:00+02:00,codex.r014.id-ID,,ttp.r014.unit.sec.itc,contains,ttp.r014.unit.thm.combing,799,,high
r014.backend.record,1.0.0,ttp.r014.relation.0800,relation,active,ttp.r014.yaintt,ttp.r014.yaintt,,und,2026-08-21T13:53:00+02:00,codex.r014.id-ID,,ttp.r014.unit.thm.combing,contains,ttp.r014.unit.thm.combing.proof,800,,high
r014.backend.record,1.0.0,ttp.r014.relation.0801,relation,active,ttp.r014.yaintt,ttp.r014.yaintt,,und,2026-08-21T13:53:00+02:00,codex.r014.id-ID,,ttp.r014.unit.sec.itc,contains,ttp.r014.unit.eg.congarith,801,,high
r014.backend.record,1.0.0,ttp.r014.relation.0802,relation,active,ttp.r014.yaintt,ttp.r014.yaintt,,und,2026-08-21T13:53:00+02:00,codex.r014.id-ID,,ttp.r014.unit.sec.itc,contains,ttp.r014.unit.sec.itc.discussion.04,802,,high
r014.backend.record,1.0.0,ttp.r014.relation.0803,relation,active,ttp.r014.yaintt,ttp.r014.yaintt,,und,2026-08-21T13:53:00+02:00,codex.r014.id-ID,,ttp.r014.unit.sec.itc,contains,ttp.r014.unit.lem.euclids,803,,high
r014.backend.record,1.0.0,ttp.r014.relation.0804,relation,active,ttp.r014.yaintt,ttp.r014.yaintt,,und,2026-08-21T13:53:00+02:00,codex.r014.id-ID,,ttp.r014.unit.lem.euclids,contains,ttp.r014.unit.lem.euclids.proof,804,,high
r014.backend.record,1.0.0,ttp.r014.relation.0805,relation,active,ttp.r014.yaintt,ttp.r014.yaintt,,und,2026-08-21T13:53:00+02:00,codex.r014.id-ID,,ttp.r014.unit.sec.itc,contains,ttp.r014.unit.sec.itc.discussion.05,805,,high
r014.backend.record,1.0.0,ttp.r014.relation.0806,relation,active,ttp.r014.yaintt,ttp.r014.yaintt,,und,2026-08-21T13:53:00+02:00,codex.r014.id-ID,,ttp.r014.unit.sec.itc,contains,ttp.r014.unit.thm.congcanc,806,,high
r014.backend.record,1.0.0,ttp.r014.relation.0807,relation,active,ttp.r014.yaintt,ttp.r014.yaintt,,und,2026-08-21T13:53:00+02:00,codex.r014.id-ID,,ttp.r014.unit.thm.congcanc,contains,ttp.r014.unit.thm.congcanc.proof,807,,high
r014.backend.record,1.0.0,ttp.r014.relation.0808,relation,active,ttp.r014.yaintt,ttp.r014.yaintt,,und,2026-08-21T13:53:00+02:00,codex.r014.id-ID,,ttp.r014.unit.sec.itc,contains,ttp.r014.unit.eg.solvcongs,808,,high
r014.backend.record,1.0.0,ttp.r014.relation.0809,relation,active,ttp.r014.yaintt,ttp.r014.yaintt,,und,2026-08-21T13:53:00+02:00,codex.r014.id-ID,,ttp.r014.unit.sec.itc,contains,ttp.r014.unit.sec.itc.discussion.06,809,,high
r014.backend.record,1.0.0,ttp.r014.relation.0810,relation,active,ttp.r014.yaintt,ttp.r014.yaintt,,und,2026-08-21T13:53:00+02:00,codex.r014.id-ID,,ttp.r014.unit.sec.itc,contains,ttp.r014.unit.thm.numzerosmodafactor,810,,high
r014.backend.record,1.0.0,ttp.r014.relation.0811,relation,active,ttp.r014.yaintt,ttp.r014.yaintt,,und,2026-08-21T13:53:00+02:00,codex.r014.id-ID,,ttp.r014.unit.thm.numzerosmodafactor,contains,ttp.r014.unit.thm.numzerosmodafactor.proof,811,,high
r014.backend.record,1.0.0,ttp.r014.relation.0812,relation,active,ttp.r014.yaintt,ttp.r014.yaintt,,und,2026-08-21T13:53:00+02:00,codex.r014.id-ID,,ttp.r014.unit.sec.itc,contains,ttp.r014.unit.sec.itc.exercises,812,,high
r014.backend.record,1.0.0,ttp.r014.relation.0813,relation,active,ttp.r014.yaintt,ttp.r014.yaintt,,und,2026-08-21T13:53:00+02:00,codex.r014.id-ID,,ttp.r014.unit.sec.itc.exercises,contains,ttp.r014.unit.sec.itc.exercise.01,813,,high
r014.backend.record,1.0.0,ttp.r014.relation.0814,relation,active,ttp.r014.yaintt,ttp.r014.yaintt,,und,2026-08-21T13:53:00+02:00,codex.r014.id-ID,,ttp.r014.unit.sec.itc.exercises,contains,ttp.r014.unit.sec.itc.exercise.02,814,,high
r014.backend.record,1.0.0,ttp.r014.relation.0815,relation,active,ttp.r014.yaintt,ttp.r014.yaintt,,und,2026-08-21T13:53:00+02:00,codex.r014.id-ID,,ttp.r014.unit.sec.itc.exercises,contains,ttp.r014.unit.sec.itc.exercise.03,815,,high
r014.backend.record,1.0.0,ttp.r014.relation.0816,relation,active,ttp.r014.yaintt,ttp.r014.yaintt,,und,2026-08-21T13:53:00+02:00,codex.r014.id-ID,,ttp.r014.unit.sec.itc.exercises,contains,ttp.r014.unit.sec.itc.exercise.04,816,,high
r014.backend.record,1.0.0,ttp.r014.relation.0817,relation,active,ttp.r014.yaintt,ttp.r014.yaintt,,und,2026-08-21T13:53:00+02:00,codex.r014.id-ID,,ttp.r014.unit.sec.itc.exercises,contains,ttp.r014.unit.sec.itc.exercise.05,817,,high
r014.backend.record,1.0.0,ttp.r014.relation.0818,relation,active,ttp.r014.yaintt,ttp.r014.yaintt,,und,2026-08-21T13:53:00+02:00,codex.r014.id-ID,,ttp.r014.unit.backmatter.bibliography,contains,ttp.r014.unit.bib.gauss1986disquisitiones,818,,high
r014.backend.record,1.0.0,ttp.r014.relation.0819,relation,active,ttp.r014.yaintt,ttp.r014.yaintt,,und,2026-08-21T13:53:00+02:00,codex.r014.id-ID,,ttp.r014.unit.sec.ea,precedes,ttp.r014.unit.chap.cs,819,,high
r014.backend.record,1.0.0,ttp.r014.relation.0820,relation,active,ttp.r014.yaintt,ttp.r014.yaintt,,und,2026-08-21T13:53:00+02:00,codex.r014.id-ID,,ttp.r014.unit.chap.cs.discussion.01,precedes,ttp.r014.unit.sec.itc,820,,high
r014.backend.record,1.0.0,ttp.r014.relation.0821,relation,active,ttp.r014.yaintt,ttp.r014.yaintt,,und,2026-08-21T13:53:00+02:00,codex.r014.id-ID,,ttp.r014.unit.sec.itc.discussion.01,precedes,ttp.r014.unit.def.congruence,821,,high
r014.backend.record,1.0.0,ttp.r014.relation.0822,relation,active,ttp.r014.yaintt,ttp.r014.yaintt,,und,2026-08-21T13:53:00+02:00,codex.r014.id-ID,,ttp.r014.unit.def.congruence,precedes,ttp.r014.unit.eg.congruences,822,,high
r014.backend.record,1.0.0,ttp.r014.relation.0823,relation,active,ttp.r014.yaintt,ttp.r014.yaintt,,und,2026-08-21T13:53:00+02:00,codex.r014.id-ID,,ttp.r014.unit.eg.congruences,precedes,ttp.r014.unit.sec.itc.discussion.02,823,,high
r014.backend.record,1.0.0,ttp.r014.relation.0824,relation,active,ttp.r014.yaintt,ttp.r014.yaintt,,und,2026-08-21T13:53:00+02:00,codex.r014.id-ID,,ttp.r014.unit.sec.itc.discussion.02,precedes,ttp.r014.unit.thm.basiccongprops,824,,high
r014.backend.record,1.0.0,ttp.r014.relation.0825,relation,active,ttp.r014.yaintt,ttp.r014.yaintt,,und,2026-08-21T13:53:00+02:00,codex.r014.id-ID,,ttp.r014.unit.thm.basiccongprops,precedes,ttp.r014.unit.sec.itc.discussion.03,825,,high
r014.backend.record,1.0.0,ttp.r014.relation.0826,relation,active,ttp.r014.yaintt,ttp.r014.yaintt,,und,2026-08-21T13:53:00+02:00,codex.r014.id-ID,,ttp.r014.unit.sec.itc.discussion.03,precedes,ttp.r014.unit.thm.combing,826,,high
r014.backend.record,1.0.0,ttp.r014.relation.0827,relation,active,ttp.r014.yaintt,ttp.r014.yaintt,,und,2026-08-21T13:53:00+02:00,codex.r014.id-ID,,ttp.r014.unit.thm.combing,precedes,ttp.r014.unit.eg.congarith,827,,high
r014.backend.record,1.0.0,ttp.r014.relation.0828,relation,active,ttp.r014.yaintt,ttp.r014.yaintt,,und,2026-08-21T13:53:00+02:00,codex.r014.id-ID,,ttp.r014.unit.eg.congarith,precedes,ttp.r014.unit.sec.itc.discussion.04,828,,high
r014.backend.record,1.0.0,ttp.r014.relation.0829,relation,active,ttp.r014.yaintt,ttp.r014.yaintt,,und,2026-08-21T13:53:00+02:00,codex.r014.id-ID,,ttp.r014.unit.sec.itc.discussion.04,precedes,ttp.r014.unit.lem.euclids,829,,high
r014.backend.record,1.0.0,ttp.r014.relation.0830,relation,active,ttp.r014.yaintt,ttp.r014.yaintt,,und,2026-08-21T13:53:00+02:00,codex.r014.id-ID,,ttp.r014.unit.lem.euclids,precedes,ttp.r014.unit.sec.itc.discussion.05,830,,high
r014.backend.record,1.0.0,ttp.r014.relation.0831,relation,active,ttp.r014.yaintt,ttp.r014.yaintt,,und,2026-08-21T13:53:00+02:00,codex.r014.id-ID,,ttp.r014.unit.sec.itc.discussion.05,precedes,ttp.r014.unit.thm.congcanc,831,,high
r014.backend.record,1.0.0,ttp.r014.relation.0832,relation,active,ttp.r014.yaintt,ttp.r014.yaintt,,und,2026-08-21T13:53:00+02:00,codex.r014.id-ID,,ttp.r014.unit.thm.congcanc,precedes,ttp.r014.unit.eg.solvcongs,832,,high
r014.backend.record,1.0.0,ttp.r014.relation.0833,relation,active,ttp.r014.yaintt,ttp.r014.yaintt,,und,2026-08-21T13:53:00+02:00,codex.r014.id-ID,,ttp.r014.unit.eg.solvcongs,precedes,ttp.r014.unit.sec.itc.discussion.06,833,,high
r014.backend.record,1.0.0,ttp.r014.relation.0834,relation,active,ttp.r014.yaintt,ttp.r014.yaintt,,und,2026-08-21T13:53:00+02:00,codex.r014.id-ID,,ttp.r014.unit.sec.itc.discussion.06,precedes,ttp.r014.unit.thm.numzerosmodafactor,834,,high
r014.backend.record,1.0.0,ttp.r014.relation.0835,relation,active,ttp.r014.yaintt,ttp.r014.yaintt,,und,2026-08-21T13:53:00+02:00,codex.r014.id-ID,,ttp.r014.unit.thm.numzerosmodafactor,precedes,ttp.r014.unit.sec.itc.exercises,835,,high
r014.backend.record,1.0.0,ttp.r014.relation.0836,relation,active,ttp.r014.yaintt,ttp.r014.yaintt,,und,2026-08-21T13:53:00+02:00,codex.r014.id-ID,,ttp.r014.unit.sec.itc.exercise.01,precedes,ttp.r014.unit.sec.itc.exercise.02,836,,high
r014.backend.record,1.0.0,ttp.r014.relation.0837,relation,active,ttp.r014.yaintt,ttp.r014.yaintt,,und,2026-08-21T13:53:00+02:00,codex.r014.id-ID,,ttp.r014.unit.sec.itc.exercise.02,precedes,ttp.r014.unit.sec.itc.exercise.03,837,,high
r014.backend.record,1.0.0,ttp.r014.relation.0838,relation,active,ttp.r014.yaintt,ttp.r014.yaintt,,und,2026-08-21T13:53:00+02:00,codex.r014.id-ID,,ttp.r014.unit.sec.itc.exercise.03,precedes,ttp.r014.unit.sec.itc.exercise.04,838,,high
r014.backend.record,1.0.0,ttp.r014.relation.0839,relation,active,ttp.r014.yaintt,ttp.r014.yaintt,,und,2026-08-21T13:53:00+02:00,codex.r014.id-ID,,ttp.r014.unit.sec.itc.exercise.04,precedes,ttp.r014.unit.sec.itc.exercise.05,839,,high
r014.backend.record,1.0.0,ttp.r014.relation.0840,relation,active,ttp.r014.yaintt,ttp.r014.yaintt,,und,2026-08-21T13:53:00+02:00,codex.r014.id-ID,,ttp.r014.unit.chap.cs.discussion.01,cites,ttp.r014.unit.bib.gauss1986disquisitiones,840,,high
r014.backend.record,1.0.0,ttp.r014.relation.0841,relation,active,ttp.r014.yaintt,ttp.r014.yaintt,,und,2026-08-21T13:53:00+02:00,codex.r014.id-ID,,ttp.r014.correction.0024,corrects,ttp.r014.unit.chap.cs.discussion.01,841,,high
r014.backend.record,1.0.0,ttp.r014.relation.0842,relation,active,ttp.r014.yaintt,ttp.r014.yaintt,,und,2026-08-21T13:53:00+02:00,codex.r014.id-ID,,ttp.r014.correction.0025,corrects,ttp.r014.unit.thm.basiccongprops,842,,high
r014.backend.record,1.0.0,ttp.r014.relation.0843,relation,active,ttp.r014.yaintt,ttp.r014.yaintt,,und,2026-08-21T13:53:00+02:00,codex.r014.id-ID,,ttp.r014.correction.0025,corrects,ttp.r014.unit.thm.basiccongprops.proof,843,,high
r014.backend.record,1.0.0,ttp.r014.relation.0844,relation,active,ttp.r014.yaintt,ttp.r014.yaintt,,und,2026-08-21T13:53:00+02:00,codex.r014.id-ID,,ttp.r014.correction.0026,corrects,ttp.r014.unit.thm.basiccongprops.proof,844,,high
r014.backend.record,1.0.0,ttp.r014.relation.0845,relation,active,ttp.r014.yaintt,ttp.r014.yaintt,,und,2026-08-21T13:53:00+02:00,codex.r014.id-ID,,ttp.r014.correction.0027,corrects,ttp.r014.unit.thm.congcanc,845,,high
r014.backend.record,1.0.0,ttp.r014.relation.0846,relation,active,ttp.r014.yaintt,ttp.r014.yaintt,,und,2026-08-21T13:53:00+02:00,codex.r014.id-ID,,ttp.r014.correction.0028,corrects,ttp.r014.unit.thm.numzerosmodafactor.proof,846,,high
r014.backend.record,1.0.0,ttp.r014.relation.0847,relation,active,ttp.r014.yaintt,ttp.r014.yaintt,,und,2026-08-21T13:53:00+02:00,codex.r014.id-ID,,ttp.r014.unit.thm.basiccongprops.proof,proves,ttp.r014.unit.thm.basiccongprops,847,,high
r014.backend.record,1.0.0,ttp.r014.relation.0848,relation,active,ttp.r014.yaintt,ttp.r014.yaintt,,und,2026-08-21T13:53:00+02:00,codex.r014.id-ID,,ttp.r014.unit.thm.combing.proof,proves,ttp.r014.unit.thm.combing,848,,high
r014.backend.record,1.0.0,ttp.r014.relation.0849,relation,active,ttp.r014.yaintt,ttp.r014.yaintt,,und,2026-08-21T13:53:00+02:00,codex.r014.id-ID,,ttp.r014.unit.lem.euclids.proof,proves,ttp.r014.unit.lem.euclids,849,,high
r014.backend.record,1.0.0,ttp.r014.relation.0850,relation,active,ttp.r014.yaintt,ttp.r014.yaintt,,und,2026-08-21T13:53:00+02:00,codex.r014.id-ID,,ttp.r014.unit.thm.congcanc.proof,proves,ttp.r014.unit.thm.congcanc,850,,high
r014.backend.record,1.0.0,ttp.r014.relation.0851,relation,active,ttp.r014.yaintt,ttp.r014.yaintt,,und,2026-08-21T13:53:00+02:00,codex.r014.id-ID,,ttp.r014.unit.thm.numzerosmodafactor.proof,proves,ttp.r014.unit.thm.numzerosmodafactor,851,,high
r014.backend.record,1.0.0,ttp.r014.relation.0852,relation,active,ttp.r014.yaintt,ttp.r014.yaintt,,und,2026-08-21T13:53:00+02:00,codex.r014.id-ID,,ttp.r014.unit.eg.congruences,illustrates,ttp.r014.unit.def.congruence,852,,high
r014.backend.record,1.0.0,ttp.r014.relation.0853,relation,active,ttp.r014.yaintt,ttp.r014.yaintt,,und,2026-08-21T13:53:00+02:00,codex.r014.id-ID,,ttp.r014.unit.eg.congarith,illustrates,ttp.r014.unit.thm.basiccongprops,853,,high
r014.backend.record,1.0.0,ttp.r014.relation.0854,relation,active,ttp.r014.yaintt,ttp.r014.yaintt,,und,2026-08-21T13:53:00+02:00,codex.r014.id-ID,,ttp.r014.unit.eg.solvcongs,illustrates,ttp.r014.unit.thm.congcanc,854,,high
r014.backend.record,1.0.0,ttp.r014.relation.0855,relation,active,ttp.r014.yaintt,ttp.r014.yaintt,,und,2026-08-21T13:53:00+02:00,codex.r014.id-ID,,ttp.r014.unit.thm.combing.proof,references,ttp.r014.unit.cor.intlincombrelprime,855,,high
r014.backend.record,1.0.0,ttp.r014.relation.0856,relation,active,ttp.r014.yaintt,ttp.r014.yaintt,,und,2026-08-21T13:53:00+02:00,codex.r014.id-ID,,ttp.r014.unit.lem.euclids.proof,references,ttp.r014.unit.cor.intlincombrelprime,856,,high
r014.backend.record,1.0.0,ttp.r014.relation.0857,relation,active,ttp.r014.yaintt,ttp.r014.yaintt,,und,2026-08-21T13:53:00+02:00,codex.r014.id-ID,,ttp.r014.unit.thm.congcanc.proof,references,ttp.r014.unit.thm.dividebygcd,857,,high
r014.backend.record,1.0.0,ttp.r014.relation.0858,relation,active,ttp.r014.yaintt,ttp.r014.yaintt,,und,2026-08-21T13:53:00+02:00,codex.r014.id-ID,,ttp.r014.unit.thm.congcanc.proof,references,ttp.r014.unit.lem.euclids,858,,high
r014.backend.record,1.0.0,ttp.r014.relation.0859,relation,active,ttp.r014.yaintt,ttp.r014.yaintt,,und,2026-08-21T13:53:00+02:00,codex.r014.id-ID,,ttp.r014.unit.thm.congcanc.proof,references,ttp.r014.unit.thm.basiccongprops,859,,high
r014.backend.record,1.0.0,ttp.r014.relation.0860,relation,active,ttp.r014.yaintt,ttp.r014.yaintt,,und,2026-08-21T13:53:00+02:00,codex.r014.id-ID,,ttp.r014.unit.sec.itc.exercises,references,ttp.r014.unit.sec.itc,860,,high
r014.backend.record,1.0.0,ttp.r014.relation.0861,relation,active,ttp.r014.yaintt,ttp.r014.yaintt,,und,2026-08-21T13:53:00+02:00,codex.r014.id-ID,,ttp.r014.unit.chap.cs,covers,ttp.concept.congruence,861,,high
r014.backend.record,1.0.0,ttp.r014.relation.0862,relation,active,ttp.r014.yaintt,ttp.r014.yaintt,,und,2026-08-21T13:53:00+02:00,codex.r014.id-ID,,ttp.r014.unit.chap.cs,covers,ttp.concept.divisibility,862,,high
r014.backend.record,1.0.0,ttp.r014.relation.0863,relation,active,ttp.r014.yaintt,ttp.r014.yaintt,,und,2026-08-21T13:53:00+02:00,codex.r014.id-ID,,ttp.r014.unit.chap.cs,covers,ttp.concept.chinese_remainder_theorem,863,,high
r014.backend.record,1.0.0,ttp.r014.relation.0864,relation,active,ttp.r014.yaintt,ttp.r014.yaintt,,und,2026-08-21T13:53:00+02:00,codex.r014.id-ID,,ttp.r014.unit.chap.cs,covers,ttp.concept.congruence_class,864,,high
r014.backend.record,1.0.0,ttp.r014.relation.0865,relation,active,ttp.r014.yaintt,ttp.r014.yaintt,,und,2026-08-21T13:53:00+02:00,codex.r014.id-ID,,ttp.r014.unit.chap.cs.discussion.01,covers,ttp.concept.congruence,865,,high
r014.backend.record,1.0.0,ttp.r014.relation.0866,relation,active,ttp.r014.yaintt,ttp.r014.yaintt,,und,2026-08-21T13:53:00+02:00,codex.r014.id-ID,,ttp.r014.unit.chap.cs.discussion.01,covers,ttp.concept.divisibility,866,,high
r014.backend.record,1.0.0,ttp.r014.relation.0867,relation,active,ttp.r014.yaintt,ttp.r014.yaintt,,und,2026-08-21T13:53:00+02:00,codex.r014.id-ID,,ttp.r014.unit.chap.cs.discussion.01,covers,ttp.concept.chinese_remainder_theorem,867,,high
r014.backend.record,1.0.0,ttp.r014.relation.0868,relation,active,ttp.r014.yaintt,ttp.r014.yaintt,,und,2026-08-21T13:53:00+02:00,codex.r014.id-ID,,ttp.r014.unit.sec.itc,covers,ttp.concept.congruence,868,,high
r014.backend.record,1.0.0,ttp.r014.relation.0869,relation,active,ttp.r014.yaintt,ttp.r014.yaintt,,und,2026-08-21T13:53:00+02:00,codex.r014.id-ID,,ttp.r014.unit.sec.itc,covers,ttp.concept.modulo,869,,high
r014.backend.record,1.0.0,ttp.r014.relation.0870,relation,active,ttp.r014.yaintt,ttp.r014.yaintt,,und,2026-08-21T13:53:00+02:00,codex.r014.id-ID,,ttp.r014.unit.sec.itc,covers,ttp.concept.congruence_class,870,,high
r014.backend.record,1.0.0,ttp.r014.relation.0871,relation,active,ttp.r014.yaintt,ttp.r014.yaintt,,und,2026-08-21T13:53:00+02:00,codex.r014.id-ID,,ttp.r014.unit.sec.itc,covers,ttp.concept.divisibility,871,,high
r014.backend.record,1.0.0,ttp.r014.relation.0872,relation,active,ttp.r014.yaintt,ttp.r014.yaintt,,und,2026-08-21T13:53:00+02:00,codex.r014.id-ID,,ttp.r014.unit.sec.itc,covers,ttp.concept.euclids_lemma,872,,high
r014.backend.record,1.0.0,ttp.r014.relation.0873,relation,active,ttp.r014.yaintt,ttp.r014.yaintt,,und,2026-08-21T13:53:00+02:00,codex.r014.id-ID,,ttp.r014.unit.sec.itc.discussion.01,covers,ttp.concept.congruence,873,,high
r014.backend.record,1.0.0,ttp.r014.relation.0874,relation,active,ttp.r014.yaintt,ttp.r014.yaintt,,und,2026-08-21T13:53:00+02:00,codex.r014.id-ID,,ttp.r014.unit.def.congruence,covers,ttp.concept.congruence,874,,high
r014.backend.record,1.0.0,ttp.r014.relation.0875,relation,active,ttp.r014.yaintt,ttp.r014.yaintt,,und,2026-08-21T13:53:00+02:00,codex.r014.id-ID,,ttp.r014.unit.def.congruence,covers,ttp.concept.modulo,875,,high
r014.backend.record,1.0.0,ttp.r014.relation.0876,relation,active,ttp.r014.yaintt,ttp.r014.yaintt,,und,2026-08-21T13:53:00+02:00,codex.r014.id-ID,,ttp.r014.unit.def.congruence,covers,ttp.concept.divisibility,876,,high
r014.backend.record,1.0.0,ttp.r014.relation.0877,relation,active,ttp.r014.yaintt,ttp.r014.yaintt,,und,2026-08-21T13:53:00+02:00,codex.r014.id-ID,,ttp.r014.unit.def.congruence,covers,ttp.concept.integer,877,,high
r014.backend.record,1.0.0,ttp.r014.relation.0878,relation,active,ttp.r014.yaintt,ttp.r014.yaintt,,und,2026-08-21T13:53:00+02:00,codex.r014.id-ID,,ttp.r014.unit.def.congruence,covers,ttp.concept.natural_number,878,,high
r014.backend.record,1.0.0,ttp.r014.relation.0879,relation,active,ttp.r014.yaintt,ttp.r014.yaintt,,und,2026-08-21T13:53:00+02:00,codex.r014.id-ID,,ttp.r014.unit.eg.congruences,covers,ttp.concept.congruence,879,,high
r014.backend.record,1.0.0,ttp.r014.relation.0880,relation,active,ttp.r014.yaintt,ttp.r014.yaintt,,und,2026-08-21T13:53:00+02:00,codex.r014.id-ID,,ttp.r014.unit.eg.congruences,covers,ttp.concept.modulo,880,,high
r014.backend.record,1.0.0,ttp.r014.relation.0881,relation,active,ttp.r014.yaintt,ttp.r014.yaintt,,und,2026-08-21T13:53:00+02:00,codex.r014.id-ID,,ttp.r014.unit.eg.congruences,covers,ttp.concept.parity,881,,high
r014.backend.record,1.0.0,ttp.r014.relation.0882,relation,active,ttp.r014.yaintt,ttp.r014.yaintt,,und,2026-08-21T13:53:00+02:00,codex.r014.id-ID,,ttp.r014.unit.sec.itc.discussion.02,covers,ttp.concept.congruence,882,,high
r014.backend.record,1.0.0,ttp.r014.relation.0883,relation,active,ttp.r014.yaintt,ttp.r014.yaintt,,und,2026-08-21T13:53:00+02:00,codex.r014.id-ID,,ttp.r014.unit.thm.basiccongprops,covers,ttp.concept.congruence,883,,high
r014.backend.record,1.0.0,ttp.r014.relation.0884,relation,active,ttp.r014.yaintt,ttp.r014.yaintt,,und,2026-08-21T13:53:00+02:00,codex.r014.id-ID,,ttp.r014.unit.thm.basiccongprops,covers,ttp.concept.modulo,884,,high
r014.backend.record,1.0.0,ttp.r014.relation.0885,relation,active,ttp.r014.yaintt,ttp.r014.yaintt,,und,2026-08-21T13:53:00+02:00,codex.r014.id-ID,,ttp.r014.unit.thm.basiccongprops,covers,ttp.concept.addition,885,,high
r014.backend.record,1.0.0,ttp.r014.relation.0886,relation,active,ttp.r014.yaintt,ttp.r014.yaintt,,und,2026-08-21T13:53:00+02:00,codex.r014.id-ID,,ttp.r014.unit.thm.basiccongprops,covers,ttp.concept.subtraction,886,,high
r014.backend.record,1.0.0,ttp.r014.relation.0887,relation,active,ttp.r014.yaintt,ttp.r014.yaintt,,und,2026-08-21T13:53:00+02:00,codex.r014.id-ID,,ttp.r014.unit.thm.basiccongprops,covers,ttp.concept.multiplication,887,,high
r014.backend.record,1.0.0,ttp.r014.relation.0888,relation,active,ttp.r014.yaintt,ttp.r014.yaintt,,und,2026-08-21T13:53:00+02:00,codex.r014.id-ID,,ttp.r014.unit.thm.basiccongprops.proof,covers,ttp.concept.congruence,888,,high
r014.backend.record,1.0.0,ttp.r014.relation.0889,relation,active,ttp.r014.yaintt,ttp.r014.yaintt,,und,2026-08-21T13:53:00+02:00,codex.r014.id-ID,,ttp.r014.unit.thm.basiccongprops.proof,covers,ttp.concept.divisibility,889,,high
r014.backend.record,1.0.0,ttp.r014.relation.0890,relation,active,ttp.r014.yaintt,ttp.r014.yaintt,,und,2026-08-21T13:53:00+02:00,codex.r014.id-ID,,ttp.r014.unit.thm.basiccongprops.proof,covers,ttp.concept.addition,890,,high
r014.backend.record,1.0.0,ttp.r014.relation.0891,relation,active,ttp.r014.yaintt,ttp.r014.yaintt,,und,2026-08-21T13:53:00+02:00,codex.r014.id-ID,,ttp.r014.unit.thm.basiccongprops.proof,covers,ttp.concept.subtraction,891,,high
r014.backend.record,1.0.0,ttp.r014.relation.0892,relation,active,ttp.r014.yaintt,ttp.r014.yaintt,,und,2026-08-21T13:53:00+02:00,codex.r014.id-ID,,ttp.r014.unit.thm.basiccongprops.proof,covers,ttp.concept.multiplication,892,,high
r014.backend.record,1.0.0,ttp.r014.relation.0893,relation,active,ttp.r014.yaintt,ttp.r014.yaintt,,und,2026-08-21T13:53:00+02:00,codex.r014.id-ID,,ttp.r014.unit.thm.basiccongprops.proof,covers,ttp.concept.integer,893,,high
r014.backend.record,1.0.0,ttp.r014.relation.0894,relation,active,ttp.r014.yaintt,ttp.r014.yaintt,,und,2026-08-21T13:53:00+02:00,codex.r014.id-ID,,ttp.r014.unit.sec.itc.discussion.03,covers,ttp.concept.divisibility,894,,high
r014.backend.record,1.0.0,ttp.r014.relation.0895,relation,active,ttp.r014.yaintt,ttp.r014.yaintt,,und,2026-08-21T13:53:00+02:00,codex.r014.id-ID,,ttp.r014.unit.sec.itc.discussion.03,covers,ttp.concept.relatively_prime,895,,high
r014.backend.record,1.0.0,ttp.r014.relation.0896,relation,active,ttp.r014.yaintt,ttp.r014.yaintt,,und,2026-08-21T13:53:00+02:00,codex.r014.id-ID,,ttp.r014.unit.thm.combing,covers,ttp.concept.divisibility,896,,high
r014.backend.record,1.0.0,ttp.r014.relation.0897,relation,active,ttp.r014.yaintt,ttp.r014.yaintt,,und,2026-08-21T13:53:00+02:00,codex.r014.id-ID,,ttp.r014.unit.thm.combing,covers,ttp.concept.relatively_prime,897,,high
r014.backend.record,1.0.0,ttp.r014.relation.0898,relation,active,ttp.r014.yaintt,ttp.r014.yaintt,,und,2026-08-21T13:53:00+02:00,codex.r014.id-ID,,ttp.r014.unit.thm.combing,covers,ttp.concept.multiplication,898,,high
r014.backend.record,1.0.0,ttp.r014.relation.0899,relation,active,ttp.r014.yaintt,ttp.r014.yaintt,,und,2026-08-21T13:53:00+02:00,codex.r014.id-ID,,ttp.r014.unit.thm.combing.proof,covers,ttp.concept.divisibility,899,,high
r014.backend.record,1.0.0,ttp.r014.relation.0900,relation,active,ttp.r014.yaintt,ttp.r014.yaintt,,und,2026-08-21T13:53:00+02:00,codex.r014.id-ID,,ttp.r014.unit.thm.combing.proof,covers,ttp.concept.relatively_prime,900,,high
r014.backend.record,1.0.0,ttp.r014.relation.0901,relation,active,ttp.r014.yaintt,ttp.r014.yaintt,,und,2026-08-21T13:53:00+02:00,codex.r014.id-ID,,ttp.r014.unit.thm.combing.proof,covers,ttp.concept.linear_combination,901,,high
r014.backend.record,1.0.0,ttp.r014.relation.0902,relation,active,ttp.r014.yaintt,ttp.r014.yaintt,,und,2026-08-21T13:53:00+02:00,codex.r014.id-ID,,ttp.r014.unit.thm.combing.proof,covers,ttp.concept.multiplication,902,,high
r014.backend.record,1.0.0,ttp.r014.relation.0903,relation,active,ttp.r014.yaintt,ttp.r014.yaintt,,und,2026-08-21T13:53:00+02:00,codex.r014.id-ID,,ttp.r014.unit.eg.congarith,covers,ttp.concept.congruence,903,,high
r014.backend.record,1.0.0,ttp.r014.relation.0904,relation,active,ttp.r014.yaintt,ttp.r014.yaintt,,und,2026-08-21T13:53:00+02:00,codex.r014.id-ID,,ttp.r014.unit.eg.congarith,covers,ttp.concept.modulo,904,,high
r014.backend.record,1.0.0,ttp.r014.relation.0905,relation,active,ttp.r014.yaintt,ttp.r014.yaintt,,und,2026-08-21T13:53:00+02:00,codex.r014.id-ID,,ttp.r014.unit.eg.congarith,covers,ttp.concept.addition,905,,high
r014.backend.record,1.0.0,ttp.r014.relation.0906,relation,active,ttp.r014.yaintt,ttp.r014.yaintt,,und,2026-08-21T13:53:00+02:00,codex.r014.id-ID,,ttp.r014.unit.eg.congarith,covers,ttp.concept.subtraction,906,,high
r014.backend.record,1.0.0,ttp.r014.relation.0907,relation,active,ttp.r014.yaintt,ttp.r014.yaintt,,und,2026-08-21T13:53:00+02:00,codex.r014.id-ID,,ttp.r014.unit.eg.congarith,covers,ttp.concept.multiplication,907,,high
r014.backend.record,1.0.0,ttp.r014.relation.0908,relation,active,ttp.r014.yaintt,ttp.r014.yaintt,,und,2026-08-21T13:53:00+02:00,codex.r014.id-ID,,ttp.r014.unit.sec.itc.discussion.04,covers,ttp.concept.euclids_lemma,908,,high
r014.backend.record,1.0.0,ttp.r014.relation.0909,relation,active,ttp.r014.yaintt,ttp.r014.yaintt,,und,2026-08-21T13:53:00+02:00,codex.r014.id-ID,,ttp.r014.unit.sec.itc.discussion.04,covers,ttp.concept.divisibility,909,,high
r014.backend.record,1.0.0,ttp.r014.relation.0910,relation,active,ttp.r014.yaintt,ttp.r014.yaintt,,und,2026-08-21T13:53:00+02:00,codex.r014.id-ID,,ttp.r014.unit.lem.euclids,covers,ttp.concept.euclids_lemma,910,,high
r014.backend.record,1.0.0,ttp.r014.relation.0911,relation,active,ttp.r014.yaintt,ttp.r014.yaintt,,und,2026-08-21T13:53:00+02:00,codex.r014.id-ID,,ttp.r014.unit.lem.euclids,covers,ttp.concept.divisibility,911,,high
r014.backend.record,1.0.0,ttp.r014.relation.0912,relation,active,ttp.r014.yaintt,ttp.r014.yaintt,,und,2026-08-21T13:53:00+02:00,codex.r014.id-ID,,ttp.r014.unit.lem.euclids,covers,ttp.concept.greatest_common_divisor,912,,high
r014.backend.record,1.0.0,ttp.r014.relation.0913,relation,active,ttp.r014.yaintt,ttp.r014.yaintt,,und,2026-08-21T13:53:00+02:00,codex.r014.id-ID,,ttp.r014.unit.lem.euclids,covers,ttp.concept.relatively_prime,913,,high
r014.backend.record,1.0.0,ttp.r014.relation.0914,relation,active,ttp.r014.yaintt,ttp.r014.yaintt,,und,2026-08-21T13:53:00+02:00,codex.r014.id-ID,,ttp.r014.unit.lem.euclids.proof,covers,ttp.concept.euclids_lemma,914,,high
r014.backend.record,1.0.0,ttp.r014.relation.0915,relation,active,ttp.r014.yaintt,ttp.r014.yaintt,,und,2026-08-21T13:53:00+02:00,codex.r014.id-ID,,ttp.r014.unit.lem.euclids.proof,covers,ttp.concept.divisibility,915,,high
r014.backend.record,1.0.0,ttp.r014.relation.0916,relation,active,ttp.r014.yaintt,ttp.r014.yaintt,,und,2026-08-21T13:53:00+02:00,codex.r014.id-ID,,ttp.r014.unit.lem.euclids.proof,covers,ttp.concept.linear_combination,916,,high
r014.backend.record,1.0.0,ttp.r014.relation.0917,relation,active,ttp.r014.yaintt,ttp.r014.yaintt,,und,2026-08-21T13:53:00+02:00,codex.r014.id-ID,,ttp.r014.unit.lem.euclids.proof,covers,ttp.concept.multiplication,917,,high
r014.backend.record,1.0.0,ttp.r014.relation.0918,relation,active,ttp.r014.yaintt,ttp.r014.yaintt,,und,2026-08-21T13:53:00+02:00,codex.r014.id-ID,,ttp.r014.unit.sec.itc.discussion.05,covers,ttp.concept.congruence,918,,high
r014.backend.record,1.0.0,ttp.r014.relation.0919,relation,active,ttp.r014.yaintt,ttp.r014.yaintt,,und,2026-08-21T13:53:00+02:00,codex.r014.id-ID,,ttp.r014.unit.sec.itc.discussion.05,covers,ttp.concept.division,919,,high
r014.backend.record,1.0.0,ttp.r014.relation.0920,relation,active,ttp.r014.yaintt,ttp.r014.yaintt,,und,2026-08-21T13:53:00+02:00,codex.r014.id-ID,,ttp.r014.unit.thm.congcanc,covers,ttp.concept.congruence,920,,high
r014.backend.record,1.0.0,ttp.r014.relation.0921,relation,active,ttp.r014.yaintt,ttp.r014.yaintt,,und,2026-08-21T13:53:00+02:00,codex.r014.id-ID,,ttp.r014.unit.thm.congcanc,covers,ttp.concept.modulo,921,,high
r014.backend.record,1.0.0,ttp.r014.relation.0922,relation,active,ttp.r014.yaintt,ttp.r014.yaintt,,und,2026-08-21T13:53:00+02:00,codex.r014.id-ID,,ttp.r014.unit.thm.congcanc,covers,ttp.concept.greatest_common_divisor,922,,high
r014.backend.record,1.0.0,ttp.r014.relation.0923,relation,active,ttp.r014.yaintt,ttp.r014.yaintt,,und,2026-08-21T13:53:00+02:00,codex.r014.id-ID,,ttp.r014.unit.thm.congcanc,covers,ttp.concept.euclids_lemma,923,,high
r014.backend.record,1.0.0,ttp.r014.relation.0924,relation,active,ttp.r014.yaintt,ttp.r014.yaintt,,und,2026-08-21T13:53:00+02:00,codex.r014.id-ID,,ttp.r014.unit.thm.congcanc,covers,ttp.concept.division,924,,high
r014.backend.record,1.0.0,ttp.r014.relation.0925,relation,active,ttp.r014.yaintt,ttp.r014.yaintt,,und,2026-08-21T13:53:00+02:00,codex.r014.id-ID,,ttp.r014.unit.thm.congcanc.proof,covers,ttp.concept.congruence,925,,high
r014.backend.record,1.0.0,ttp.r014.relation.0926,relation,active,ttp.r014.yaintt,ttp.r014.yaintt,,und,2026-08-21T13:53:00+02:00,codex.r014.id-ID,,ttp.r014.unit.thm.congcanc.proof,covers,ttp.concept.divisibility,926,,high
r014.backend.record,1.0.0,ttp.r014.relation.0927,relation,active,ttp.r014.yaintt,ttp.r014.yaintt,,und,2026-08-21T13:53:00+02:00,codex.r014.id-ID,,ttp.r014.unit.thm.congcanc.proof,covers,ttp.concept.greatest_common_divisor,927,,high
r014.backend.record,1.0.0,ttp.r014.relation.0928,relation,active,ttp.r014.yaintt,ttp.r014.yaintt,,und,2026-08-21T13:53:00+02:00,codex.r014.id-ID,,ttp.r014.unit.thm.congcanc.proof,covers,ttp.concept.euclids_lemma,928,,high
r014.backend.record,1.0.0,ttp.r014.relation.0929,relation,active,ttp.r014.yaintt,ttp.r014.yaintt,,und,2026-08-21T13:53:00+02:00,codex.r014.id-ID,,ttp.r014.unit.thm.congcanc.proof,covers,ttp.concept.division,929,,high
r014.backend.record,1.0.0,ttp.r014.relation.0930,relation,active,ttp.r014.yaintt,ttp.r014.yaintt,,und,2026-08-21T13:53:00+02:00,codex.r014.id-ID,,ttp.r014.unit.eg.solvcongs,covers,ttp.concept.congruence,930,,high
r014.backend.record,1.0.0,ttp.r014.relation.0931,relation,active,ttp.r014.yaintt,ttp.r014.yaintt,,und,2026-08-21T13:53:00+02:00,codex.r014.id-ID,,ttp.r014.unit.eg.solvcongs,covers,ttp.concept.modulo,931,,high
r014.backend.record,1.0.0,ttp.r014.relation.0932,relation,active,ttp.r014.yaintt,ttp.r014.yaintt,,und,2026-08-21T13:53:00+02:00,codex.r014.id-ID,,ttp.r014.unit.eg.solvcongs,covers,ttp.concept.greatest_common_divisor,932,,high
r014.backend.record,1.0.0,ttp.r014.relation.0933,relation,active,ttp.r014.yaintt,ttp.r014.yaintt,,und,2026-08-21T13:53:00+02:00,codex.r014.id-ID,,ttp.r014.unit.sec.itc.discussion.06,covers,ttp.concept.congruence_class,933,,high
r014.backend.record,1.0.0,ttp.r014.relation.0934,relation,active,ttp.r014.yaintt,ttp.r014.yaintt,,und,2026-08-21T13:53:00+02:00,codex.r014.id-ID,,ttp.r014.unit.thm.numzerosmodafactor,covers,ttp.concept.congruence,934,,high
r014.backend.record,1.0.0,ttp.r014.relation.0935,relation,active,ttp.r014.yaintt,ttp.r014.yaintt,,und,2026-08-21T13:53:00+02:00,codex.r014.id-ID,,ttp.r014.unit.thm.numzerosmodafactor,covers,ttp.concept.congruence_class,935,,high
r014.backend.record,1.0.0,ttp.r014.relation.0936,relation,active,ttp.r014.yaintt,ttp.r014.yaintt,,und,2026-08-21T13:53:00+02:00,codex.r014.id-ID,,ttp.r014.unit.thm.numzerosmodafactor,covers,ttp.concept.modulo,936,,high
r014.backend.record,1.0.0,ttp.r014.relation.0937,relation,active,ttp.r014.yaintt,ttp.r014.yaintt,,und,2026-08-21T13:53:00+02:00,codex.r014.id-ID,,ttp.r014.unit.thm.numzerosmodafactor,covers,ttp.concept.divisibility,937,,high
r014.backend.record,1.0.0,ttp.r014.relation.0938,relation,active,ttp.r014.yaintt,ttp.r014.yaintt,,und,2026-08-21T13:53:00+02:00,codex.r014.id-ID,,ttp.r014.unit.thm.numzerosmodafactor,covers,ttp.concept.multiple,938,,high
r014.backend.record,1.0.0,ttp.r014.relation.0939,relation,active,ttp.r014.yaintt,ttp.r014.yaintt,,und,2026-08-21T13:53:00+02:00,codex.r014.id-ID,,ttp.r014.unit.thm.numzerosmodafactor.proof,covers,ttp.concept.congruence,939,,high
r014.backend.record,1.0.0,ttp.r014.relation.0940,relation,active,ttp.r014.yaintt,ttp.r014.yaintt,,und,2026-08-21T13:53:00+02:00,codex.r014.id-ID,,ttp.r014.unit.thm.numzerosmodafactor.proof,covers,ttp.concept.congruence_class,940,,high
r014.backend.record,1.0.0,ttp.r014.relation.0941,relation,active,ttp.r014.yaintt,ttp.r014.yaintt,,und,2026-08-21T13:53:00+02:00,codex.r014.id-ID,,ttp.r014.unit.thm.numzerosmodafactor.proof,covers,ttp.concept.modulo,941,,high
r014.backend.record,1.0.0,ttp.r014.relation.0942,relation,active,ttp.r014.yaintt,ttp.r014.yaintt,,und,2026-08-21T13:53:00+02:00,codex.r014.id-ID,,ttp.r014.unit.thm.numzerosmodafactor.proof,covers,ttp.concept.division_algorithm,942,,high
r014.backend.record,1.0.0,ttp.r014.relation.0943,relation,active,ttp.r014.yaintt,ttp.r014.yaintt,,und,2026-08-21T13:53:00+02:00,codex.r014.id-ID,,ttp.r014.unit.thm.numzerosmodafactor.proof,covers,ttp.concept.remainder,943,,high
r014.backend.record,1.0.0,ttp.r014.relation.0944,relation,active,ttp.r014.yaintt,ttp.r014.yaintt,,und,2026-08-21T13:53:00+02:00,codex.r014.id-ID,,ttp.r014.unit.thm.numzerosmodafactor.proof,covers,ttp.concept.multiple,944,,high
r014.backend.record,1.0.0,ttp.r014.relation.0945,relation,active,ttp.r014.yaintt,ttp.r014.yaintt,,und,2026-08-21T13:53:00+02:00,codex.r014.id-ID,,ttp.r014.unit.sec.itc.exercise.01,covers,ttp.concept.congruence,945,,high
r014.backend.record,1.0.0,ttp.r014.relation.0946,relation,active,ttp.r014.yaintt,ttp.r014.yaintt,,und,2026-08-21T13:53:00+02:00,codex.r014.id-ID,,ttp.r014.unit.sec.itc.exercise.01,covers,ttp.concept.modulo,946,,high
r014.backend.record,1.0.0,ttp.r014.relation.0947,relation,active,ttp.r014.yaintt,ttp.r014.yaintt,,und,2026-08-21T13:53:00+02:00,codex.r014.id-ID,,ttp.r014.unit.sec.itc.exercise.02,covers,ttp.concept.congruence,947,,high
r014.backend.record,1.0.0,ttp.r014.relation.0948,relation,active,ttp.r014.yaintt,ttp.r014.yaintt,,und,2026-08-21T13:53:00+02:00,codex.r014.id-ID,,ttp.r014.unit.sec.itc.exercise.02,covers,ttp.concept.modulo,948,,high
r014.backend.record,1.0.0,ttp.r014.relation.0949,relation,active,ttp.r014.yaintt,ttp.r014.yaintt,,und,2026-08-21T13:53:00+02:00,codex.r014.id-ID,,ttp.r014.unit.sec.itc.exercise.02,covers,ttp.concept.parity,949,,high
r014.backend.record,1.0.0,ttp.r014.relation.0950,relation,active,ttp.r014.yaintt,ttp.r014.yaintt,,und,2026-08-21T13:53:00+02:00,codex.r014.id-ID,,ttp.r014.unit.sec.itc.exercise.02,covers,ttp.concept.multiplication,950,,high
r014.backend.record,1.0.0,ttp.r014.relation.0951,relation,active,ttp.r014.yaintt,ttp.r014.yaintt,,und,2026-08-21T13:53:00+02:00,codex.r014.id-ID,,ttp.r014.unit.sec.itc.exercise.03,covers,ttp.concept.congruence,951,,high
r014.backend.record,1.0.0,ttp.r014.relation.0952,relation,active,ttp.r014.yaintt,ttp.r014.yaintt,,und,2026-08-21T13:53:00+02:00,codex.r014.id-ID,,ttp.r014.unit.sec.itc.exercise.03,covers,ttp.concept.modulo,952,,high
r014.backend.record,1.0.0,ttp.r014.relation.0953,relation,active,ttp.r014.yaintt,ttp.r014.yaintt,,und,2026-08-21T13:53:00+02:00,codex.r014.id-ID,,ttp.r014.unit.sec.itc.exercise.03,covers,ttp.concept.divisibility,953,,high
r014.backend.record,1.0.0,ttp.r014.relation.0954,relation,active,ttp.r014.yaintt,ttp.r014.yaintt,,und,2026-08-21T13:53:00+02:00,codex.r014.id-ID,,ttp.r014.unit.sec.itc.exercise.04,covers,ttp.concept.congruence,954,,high
r014.backend.record,1.0.0,ttp.r014.relation.0955,relation,active,ttp.r014.yaintt,ttp.r014.yaintt,,und,2026-08-21T13:53:00+02:00,codex.r014.id-ID,,ttp.r014.unit.sec.itc.exercise.04,covers,ttp.concept.modulo,955,,high
r014.backend.record,1.0.0,ttp.r014.relation.0956,relation,active,ttp.r014.yaintt,ttp.r014.yaintt,,und,2026-08-21T13:53:00+02:00,codex.r014.id-ID,,ttp.r014.unit.sec.itc.exercise.04,covers,ttp.concept.finite_sum,956,,high
r014.backend.record,1.0.0,ttp.r014.relation.0957,relation,active,ttp.r014.yaintt,ttp.r014.yaintt,,und,2026-08-21T13:53:00+02:00,codex.r014.id-ID,,ttp.r014.unit.sec.itc.exercise.04,covers,ttp.concept.addition,957,,high
r014.backend.record,1.0.0,ttp.r014.relation.0958,relation,active,ttp.r014.yaintt,ttp.r014.yaintt,,und,2026-08-21T13:53:00+02:00,codex.r014.id-ID,,ttp.r014.unit.sec.itc.exercise.05,covers,ttp.concept.congruence,958,,high
r014.backend.record,1.0.0,ttp.r014.relation.0959,relation,active,ttp.r014.yaintt,ttp.r014.yaintt,,und,2026-08-21T13:53:00+02:00,codex.r014.id-ID,,ttp.r014.unit.sec.itc.exercise.05,covers,ttp.concept.modulo,959,,high
r014.backend.record,1.0.0,ttp.r014.relation.0960,relation,active,ttp.r014.yaintt,ttp.r014.yaintt,,und,2026-08-21T13:53:00+02:00,codex.r014.id-ID,,ttp.r014.unit.sec.itc.exercise.05,covers,ttp.concept.finite_sum,960,,high
r014.backend.record,1.0.0,ttp.r014.relation.0961,relation,active,ttp.r014.yaintt,ttp.r014.yaintt,,und,2026-08-21T13:53:00+02:00,codex.r014.id-ID,,ttp.r014.unit.sec.itc.exercise.05,covers,ttp.concept.addition,961,,high
r014.backend.record,1.0.0,ttp.r014.relation.0962,relation,active,ttp.r014.yaintt,ttp.r014.yaintt,,und,2026-08-21T13:53:00+02:00,codex.r014.id-ID,,ttp.concept.divisibility,prerequisite_for,ttp.concept.congruence,962,,high
r014.backend.record,1.0.0,ttp.r014.relation.0963,relation,active,ttp.r014.yaintt,ttp.r014.yaintt,,und,2026-08-21T13:53:00+02:00,codex.r014.id-ID,,ttp.concept.integer,prerequisite_for,ttp.concept.congruence,963,,high
r014.backend.record,1.0.0,ttp.r014.relation.0964,relation,active,ttp.r014.yaintt,ttp.r014.yaintt,,und,2026-08-21T13:53:00+02:00,codex.r014.id-ID,,ttp.concept.congruence,prerequisite_for,ttp.concept.modulo,964,,high
r014.backend.record,1.0.0,ttp.r014.relation.0965,relation,active,ttp.r014.yaintt,ttp.r014.yaintt,,und,2026-08-21T13:53:00+02:00,codex.r014.id-ID,,ttp.concept.natural_number,prerequisite_for,ttp.concept.modulo,965,,high
r014.backend.record,1.0.0,ttp.r014.relation.0966,relation,active,ttp.r014.yaintt,ttp.r014.yaintt,,und,2026-08-21T13:53:00+02:00,codex.r014.id-ID,,ttp.concept.congruence,prerequisite_for,ttp.concept.congruence_class,966,,high
r014.backend.record,1.0.0,ttp.r014.relation.0967,relation,active,ttp.r014.yaintt,ttp.r014.yaintt,,und,2026-08-21T13:53:00+02:00,codex.r014.id-ID,,ttp.concept.modulo,prerequisite_for,ttp.concept.congruence_class,967,,high
r014.backend.record,1.0.0,ttp.r014.relation.0968,relation,active,ttp.r014.yaintt,ttp.r014.yaintt,,und,2026-08-21T13:53:00+02:00,codex.r014.id-ID,,ttp.concept.congruence,prerequisite_for,ttp.concept.chinese_remainder_theorem,968,,high
r014.backend.record,1.0.0,ttp.r014.relation.0969,relation,active,ttp.r014.yaintt,ttp.r014.yaintt,,und,2026-08-21T13:53:00+02:00,codex.r014.id-ID,,ttp.concept.modulo,prerequisite_for,ttp.concept.chinese_remainder_theorem,969,,high
r014.backend.record,1.0.0,ttp.r014.relation.0970,relation,active,ttp.r014.yaintt,ttp.r014.yaintt,,und,2026-08-21T13:53:00+02:00,codex.r014.id-ID,,ttp.concept.pairwise_relatively_prime,prerequisite_for,ttp.concept.chinese_remainder_theorem,970,,high
r014.backend.record,1.0.0,ttp.r014.relation.0971,relation,active,ttp.r014.yaintt,ttp.r014.yaintt,,und,2026-08-21T13:53:00+02:00,codex.r014.id-ID,,ttp.concept.divisibility,prerequisite_for,ttp.concept.euclids_lemma,971,,high
r014.backend.record,1.0.0,ttp.r014.relation.0972,relation,active,ttp.r014.yaintt,ttp.r014.yaintt,,und,2026-08-21T13:53:00+02:00,codex.r014.id-ID,,ttp.concept.greatest_common_divisor,prerequisite_for,ttp.concept.euclids_lemma,972,,high
r014.backend.record,1.0.0,ttp.r014.relation.0973,relation,active,ttp.r014.yaintt,ttp.r014.yaintt,,und,2026-08-21T13:53:00+02:00,codex.r014.id-ID,,ttp.concept.relatively_prime,prerequisite_for,ttp.concept.euclids_lemma,973,,high
r014.backend.record,1.0.0,ttp.r014.relation.0974,relation,active,ttp.r014.yaintt,ttp.r014.yaintt,,und,2026-08-21T13:53:00+02:00,codex.r014.id-ID,,ttp.r014.edition.id-id.boundary7,translates,ttp.r014.edition.source.2014-05-07,974,,high
r014.backend.record,1.0.0,ttp.r014.relation.0975,relation,active,ttp.r014.yaintt,ttp.r014.yaintt,,und,2026-08-21T13:53:00+02:00,codex.r014.id-ID,,ttp.r014.edition.id-id.boundary7,adapts,ttp.r014.edition.source.2014-05-07,975,,high
r014.backend.record,1.0.0,ttp.r014.relation.0976,relation,active,ttp.r014.yaintt,ttp.r014.yaintt,,und,2026-08-21T13:53:00+02:00,codex.r014.id-ID,,ttp.r014.edition.id-id.boundary7,depends_on,ttp.r014.asset.authority.yaintt_tex,976,,high
r014.backend.record,1.0.0,ttp.r014.relation.0977,relation,active,ttp.r014.yaintt,ttp.r014.yaintt,,und,2026-08-21T13:53:00+02:00,codex.r014.id-ID,,ttp.r014.edition.id-id.boundary7,depends_on,ttp.r014.asset.authority.refs_bib,977,,high
r014.backend.record,1.0.0,ttp.r014.relation.0978,relation,active,ttp.r014.yaintt,ttp.r014.yaintt,,und,2026-08-21T13:53:00+02:00,codex.r014.id-ID,,ttp.r014.edition.id-id.boundary7,depends_on,ttp.r014.asset.authority.cover_art_eps,978,,high
r014.backend.record,1.0.0,ttp.r014.relation.0979,relation,active,ttp.r014.yaintt,ttp.r014.yaintt,,und,2026-08-21T13:53:00+02:00,codex.r014.id-ID,,ttp.r014.edition.id-id.boundary7,depends_on,ttp.r014.asset.authority.dbend_eps,979,,high
r014.backend.record,1.0.0,ttp.r014.relation.0980,relation,active,ttp.r014.yaintt,ttp.r014.yaintt,,und,2026-08-21T13:53:00+02:00,codex.r014.id-ID,,ttp.r014.edition.id-id.boundary7,depends_on,ttp.r014.asset.authority.eng_freq_hist_eps,980,,high
r014.backend.record,1.0.0,ttp.r014.relation.0981,relation,active,ttp.r014.yaintt,ttp.r014.yaintt,,und,2026-08-21T13:53:00+02:00,codex.r014.id-ID,,ttp.r014.edition.id-id.boundary7,depends_on,ttp.r014.asset.authority.hamhip_freqs_eps,981,,high
r014.backend.record,1.0.0,ttp.r014.relation.0982,relation,active,ttp.r014.yaintt,ttp.r014.yaintt,,und,2026-08-21T13:53:00+02:00,codex.r014.id-ID,,ttp.r014.edition.id-id.boundary7,depends_on,ttp.r014.asset.authority.samp_cct_hist_eps,982,,high
r014.backend.record,1.0.0,ttp.r014.relation.0983,relation,active,ttp.r014.yaintt,ttp.r014.yaintt,,und,2026-08-21T13:53:00+02:00,codex.r014.id-ID,,ttp.r014.edition.id-id.boundary7,depends_on,ttp.r014.asset.authority.scytale_eps,983,,high
r014.backend.record,1.0.0,ttp.r014.relation.0984,relation,active,ttp.r014.yaintt,ttp.r014.yaintt,,und,2026-08-21T13:53:00+02:00,codex.r014.id-ID,,ttp.r014.edition.id-id.boundary7,depends_on,ttp.r014.asset.authority.seadk_cct_eps,984,,high
r014.backend.record,1.0.0,ttp.r014.relation.0985,relation,active,ttp.r014.yaintt,ttp.r014.yaintt,,und,2026-08-21T13:53:00+02:00,codex.r014.id-ID,,ttp.r014.edition.id-id.boundary7,depends_on,ttp.r014.asset.authority.seadk_hamhip_eps,985,,high
r014.backend.record,1.0.0,ttp.r014.relation.0986,relation,active,ttp.r014.yaintt,ttp.r014.yaintt,,und,2026-08-21T13:53:00+02:00,codex.r014.id-ID,,ttp.r014.edition.id-id.boundary7,depends_on,ttp.r014.asset.authority.seadk_rkkrt_eps,986,,high
r014.backend.record,1.0.0,ttp.r014.relation.0987,relation,active,ttp.r014.yaintt,ttp.r014.yaintt,,und,2026-08-21T13:53:00+02:00,codex.r014.id-ID,,ttp.r014.unit.chap.cs,contains,ttp.r014.unit.sec.lc,987,,high
r014.backend.record,1.0.0,ttp.r014.relation.0988,relation,active,ttp.r014.yaintt,ttp.r014.yaintt,,und,2026-08-21T13:53:00+02:00,codex.r014.id-ID,,ttp.r014.unit.sec.lc,contains,ttp.r014.unit.sec.lc.discussion.01,988,,high
r014.backend.record,1.0.0,ttp.r014.relation.0989,relation,active,ttp.r014.yaintt,ttp.r014.yaintt,,und,2026-08-21T13:53:00+02:00,codex.r014.id-ID,,ttp.r014.unit.sec.lc,contains,ttp.r014.unit.def.linearcongruence,989,,high
r014.backend.record,1.0.0,ttp.r014.relation.0990,relation,active,ttp.r014.yaintt,ttp.r014.yaintt,,und,2026-08-21T13:53:00+02:00,codex.r014.id-ID,,ttp.r014.unit.sec.lc,contains,ttp.r014.unit.sec.lc.discussion.02,990,,high
r014.backend.record,1.0.0,ttp.r014.relation.0991,relation,active,ttp.r014.yaintt,ttp.r014.yaintt,,und,2026-08-21T13:53:00+02:00,codex.r014.id-ID,,ttp.r014.unit.sec.lc,contains,ttp.r014.unit.thm.linearcongruencesameclass,991,,high
r014.backend.record,1.0.0,ttp.r014.relation.0992,relation,active,ttp.r014.yaintt,ttp.r014.yaintt,,und,2026-08-21T13:53:00+02:00,codex.r014.id-ID,,ttp.r014.unit.sec.lc,contains,ttp.r014.unit.sec.lc.discussion.03,992,,high
r014.backend.record,1.0.0,ttp.r014.relation.0993,relation,active,ttp.r014.yaintt,ttp.r014.yaintt,,und,2026-08-21T13:53:00+02:00,codex.r014.id-ID,,ttp.r014.unit.sec.lc,contains,ttp.r014.unit.def.diophantine,993,,high
r014.backend.record,1.0.0,ttp.r014.relation.0994,relation,active,ttp.r014.yaintt,ttp.r014.yaintt,,und,2026-08-21T13:53:00+02:00,codex.r014.id-ID,,ttp.r014.unit.sec.lc,contains,ttp.r014.unit.sec.lc.discussion.04,994,,high
r014.backend.record,1.0.0,ttp.r014.relation.0995,relation,active,ttp.r014.yaintt,ttp.r014.yaintt,,und,2026-08-21T13:53:00+02:00,codex.r014.id-ID,,ttp.r014.unit.sec.lc,contains,ttp.r014.unit.thm.basiclincongs,995,,high
r014.backend.record,1.0.0,ttp.r014.relation.0996,relation,active,ttp.r014.yaintt,ttp.r014.yaintt,,und,2026-08-21T13:53:00+02:00,codex.r014.id-ID,,ttp.r014.unit.thm.basiclincongs,contains,ttp.r014.unit.thm.basiclincongs.proof,996,,high
r014.backend.record,1.0.0,ttp.r014.relation.0997,relation,active,ttp.r014.yaintt,ttp.r014.yaintt,,und,2026-08-21T13:53:00+02:00,codex.r014.id-ID,,ttp.r014.unit.sec.lc,contains,ttp.r014.unit.rem.uniqsolnlincong,997,,high
r014.backend.record,1.0.0,ttp.r014.relation.0998,relation,active,ttp.r014.yaintt,ttp.r014.yaintt,,und,2026-08-21T13:53:00+02:00,codex.r014.id-ID,,ttp.r014.unit.sec.lc,contains,ttp.r014.unit.eg.multiplesolscongs,998,,high
r014.backend.record,1.0.0,ttp.r014.relation.0999,relation,active,ttp.r014.yaintt,ttp.r014.yaintt,,und,2026-08-21T13:53:00+02:00,codex.r014.id-ID,,ttp.r014.unit.sec.lc,contains,ttp.r014.unit.sec.lc.discussion.05,999,,high
r014.backend.record,1.0.0,ttp.r014.relation.1000,relation,active,ttp.r014.yaintt,ttp.r014.yaintt,,und,2026-08-21T13:53:00+02:00,codex.r014.id-ID,,ttp.r014.unit.sec.lc,contains,ttp.r014.unit.def.modularinverse,1000,,high
r014.backend.record,1.0.0,ttp.r014.relation.1001,relation,active,ttp.r014.yaintt,ttp.r014.yaintt,,und,2026-08-21T13:53:00+02:00,codex.r014.id-ID,,ttp.r014.unit.sec.lc,contains,ttp.r014.unit.sec.lc.discussion.06,1001,,high
r014.backend.record,1.0.0,ttp.r014.relation.1002,relation,active,ttp.r014.yaintt,ttp.r014.yaintt,,und,2026-08-21T13:53:00+02:00,codex.r014.id-ID,,ttp.r014.unit.sec.lc,contains,ttp.r014.unit.cor.modinv,1002,,high
r014.backend.record,1.0.0,ttp.r014.relation.1003,relation,active,ttp.r014.yaintt,ttp.r014.yaintt,,und,2026-08-21T13:53:00+02:00,codex.r014.id-ID,,ttp.r014.unit.sec.lc,contains,ttp.r014.unit.eg.modinverses,1003,,high
r014.backend.record,1.0.0,ttp.r014.relation.1004,relation,active,ttp.r014.yaintt,ttp.r014.yaintt,,und,2026-08-21T13:53:00+02:00,codex.r014.id-ID,,ttp.r014.unit.sec.lc,contains,ttp.r014.unit.sec.lc.exercises,1004,,high
r014.backend.record,1.0.0,ttp.r014.relation.1005,relation,active,ttp.r014.yaintt,ttp.r014.yaintt,,und,2026-08-21T13:53:00+02:00,codex.r014.id-ID,,ttp.r014.unit.sec.lc.exercises,contains,ttp.r014.unit.sec.lc.exercise.01,1005,,high
r014.backend.record,1.0.0,ttp.r014.relation.1006,relation,active,ttp.r014.yaintt,ttp.r014.yaintt,,und,2026-08-21T13:53:00+02:00,codex.r014.id-ID,,ttp.r014.unit.sec.lc.exercises,contains,ttp.r014.unit.sec.lc.exercise.02,1006,,high
r014.backend.record,1.0.0,ttp.r014.relation.1007,relation,active,ttp.r014.yaintt,ttp.r014.yaintt,,und,2026-08-21T13:53:00+02:00,codex.r014.id-ID,,ttp.r014.unit.sec.lc.exercises,contains,ttp.r014.unit.sec.lc.exercise.03,1007,,high
r014.backend.record,1.0.0,ttp.r014.relation.1008,relation,active,ttp.r014.yaintt,ttp.r014.yaintt,,und,2026-08-21T13:53:00+02:00,codex.r014.id-ID,,ttp.r014.unit.sec.lc.exercises,contains,ttp.r014.unit.sec.lc.exercise.04,1008,,high
r014.backend.record,1.0.0,ttp.r014.relation.1009,relation,active,ttp.r014.yaintt,ttp.r014.yaintt,,und,2026-08-21T13:53:00+02:00,codex.r014.id-ID,,ttp.r014.unit.sec.itc,precedes,ttp.r014.unit.sec.lc,1009,,high
r014.backend.record,1.0.0,ttp.r014.relation.1010,relation,active,ttp.r014.yaintt,ttp.r014.yaintt,,und,2026-08-21T13:53:00+02:00,codex.r014.id-ID,,ttp.r014.unit.sec.lc.discussion.01,precedes,ttp.r014.unit.def.linearcongruence,1010,,high
r014.backend.record,1.0.0,ttp.r014.relation.1011,relation,active,ttp.r014.yaintt,ttp.r014.yaintt,,und,2026-08-21T13:53:00+02:00,codex.r014.id-ID,,ttp.r014.unit.def.linearcongruence,precedes,ttp.r014.unit.sec.lc.discussion.02,1011,,high
r014.backend.record,1.0.0,ttp.r014.relation.1012,relation,active,ttp.r014.yaintt,ttp.r014.yaintt,,und,2026-08-21T13:53:00+02:00,codex.r014.id-ID,,ttp.r014.unit.sec.lc.discussion.02,precedes,ttp.r014.unit.thm.linearcongruencesameclass,1012,,high
r014.backend.record,1.0.0,ttp.r014.relation.1013,relation,active,ttp.r014.yaintt,ttp.r014.yaintt,,und,2026-08-21T13:53:00+02:00,codex.r014.id-ID,,ttp.r014.unit.thm.linearcongruencesameclass,precedes,ttp.r014.unit.sec.lc.discussion.03,1013,,high
r014.backend.record,1.0.0,ttp.r014.relation.1014,relation,active,ttp.r014.yaintt,ttp.r014.yaintt,,und,2026-08-21T13:53:00+02:00,codex.r014.id-ID,,ttp.r014.unit.sec.lc.discussion.03,precedes,ttp.r014.unit.def.diophantine,1014,,high
r014.backend.record,1.0.0,ttp.r014.relation.1015,relation,active,ttp.r014.yaintt,ttp.r014.yaintt,,und,2026-08-21T13:53:00+02:00,codex.r014.id-ID,,ttp.r014.unit.def.diophantine,precedes,ttp.r014.unit.sec.lc.discussion.04,1015,,high
r014.backend.record,1.0.0,ttp.r014.relation.1016,relation,active,ttp.r014.yaintt,ttp.r014.yaintt,,und,2026-08-21T13:53:00+02:00,codex.r014.id-ID,,ttp.r014.unit.sec.lc.discussion.04,precedes,ttp.r014.unit.thm.basiclincongs,1016,,high
r014.backend.record,1.0.0,ttp.r014.relation.1017,relation,active,ttp.r014.yaintt,ttp.r014.yaintt,,und,2026-08-21T13:53:00+02:00,codex.r014.id-ID,,ttp.r014.unit.thm.basiclincongs,precedes,ttp.r014.unit.rem.uniqsolnlincong,1017,,high
r014.backend.record,1.0.0,ttp.r014.relation.1018,relation,active,ttp.r014.yaintt,ttp.r014.yaintt,,und,2026-08-21T13:53:00+02:00,codex.r014.id-ID,,ttp.r014.unit.rem.uniqsolnlincong,precedes,ttp.r014.unit.eg.multiplesolscongs,1018,,high
r014.backend.record,1.0.0,ttp.r014.relation.1019,relation,active,ttp.r014.yaintt,ttp.r014.yaintt,,und,2026-08-21T13:53:00+02:00,codex.r014.id-ID,,ttp.r014.unit.eg.multiplesolscongs,precedes,ttp.r014.unit.sec.lc.discussion.05,1019,,high
r014.backend.record,1.0.0,ttp.r014.relation.1020,relation,active,ttp.r014.yaintt,ttp.r014.yaintt,,und,2026-08-21T13:53:00+02:00,codex.r014.id-ID,,ttp.r014.unit.sec.lc.discussion.05,precedes,ttp.r014.unit.def.modularinverse,1020,,high
r014.backend.record,1.0.0,ttp.r014.relation.1021,relation,active,ttp.r014.yaintt,ttp.r014.yaintt,,und,2026-08-21T13:53:00+02:00,codex.r014.id-ID,,ttp.r014.unit.def.modularinverse,precedes,ttp.r014.unit.sec.lc.discussion.06,1021,,high
r014.backend.record,1.0.0,ttp.r014.relation.1022,relation,active,ttp.r014.yaintt,ttp.r014.yaintt,,und,2026-08-21T13:53:00+02:00,codex.r014.id-ID,,ttp.r014.unit.sec.lc.discussion.06,precedes,ttp.r014.unit.cor.modinv,1022,,high
r014.backend.record,1.0.0,ttp.r014.relation.1023,relation,active,ttp.r014.yaintt,ttp.r014.yaintt,,und,2026-08-21T13:53:00+02:00,codex.r014.id-ID,,ttp.r014.unit.cor.modinv,precedes,ttp.r014.unit.eg.modinverses,1023,,high
r014.backend.record,1.0.0,ttp.r014.relation.1024,relation,active,ttp.r014.yaintt,ttp.r014.yaintt,,und,2026-08-21T13:53:00+02:00,codex.r014.id-ID,,ttp.r014.unit.eg.modinverses,precedes,ttp.r014.unit.sec.lc.exercises,1024,,high
r014.backend.record,1.0.0,ttp.r014.relation.1025,relation,active,ttp.r014.yaintt,ttp.r014.yaintt,,und,2026-08-21T13:53:00+02:00,codex.r014.id-ID,,ttp.r014.unit.sec.lc.exercise.01,precedes,ttp.r014.unit.sec.lc.exercise.02,1025,,high
r014.backend.record,1.0.0,ttp.r014.relation.1026,relation,active,ttp.r014.yaintt,ttp.r014.yaintt,,und,2026-08-21T13:53:00+02:00,codex.r014.id-ID,,ttp.r014.unit.sec.lc.exercise.02,precedes,ttp.r014.unit.sec.lc.exercise.03,1026,,high
r014.backend.record,1.0.0,ttp.r014.relation.1027,relation,active,ttp.r014.yaintt,ttp.r014.yaintt,,und,2026-08-21T13:53:00+02:00,codex.r014.id-ID,,ttp.r014.unit.sec.lc.exercise.03,precedes,ttp.r014.unit.sec.lc.exercise.04,1027,,high
r014.backend.record,1.0.0,ttp.r014.relation.1028,relation,active,ttp.r014.yaintt,ttp.r014.yaintt,,und,2026-08-21T13:53:00+02:00,codex.r014.id-ID,,ttp.r014.correction.0029,corrects,ttp.r014.unit.def.linearcongruence,1028,,high
r014.backend.record,1.0.0,ttp.r014.relation.1029,relation,active,ttp.r014.yaintt,ttp.r014.yaintt,,und,2026-08-21T13:53:00+02:00,codex.r014.id-ID,,ttp.r014.correction.0029,corrects,ttp.r014.unit.thm.linearcongruencesameclass,1029,,high
r014.backend.record,1.0.0,ttp.r014.relation.1030,relation,active,ttp.r014.yaintt,ttp.r014.yaintt,,und,2026-08-21T13:53:00+02:00,codex.r014.id-ID,,ttp.r014.correction.0030,corrects,ttp.r014.unit.def.diophantine,1030,,high
r014.backend.record,1.0.0,ttp.r014.relation.1031,relation,active,ttp.r014.yaintt,ttp.r014.yaintt,,und,2026-08-21T13:53:00+02:00,codex.r014.id-ID,,ttp.r014.correction.0031,corrects,ttp.r014.unit.thm.basiclincongs.proof,1031,,high
r014.backend.record,1.0.0,ttp.r014.relation.1032,relation,active,ttp.r014.yaintt,ttp.r014.yaintt,,und,2026-08-21T13:53:00+02:00,codex.r014.id-ID,,ttp.r014.correction.0032,corrects,ttp.r014.unit.thm.basiclincongs.proof,1032,,high
r014.backend.record,1.0.0,ttp.r014.relation.1033,relation,active,ttp.r014.yaintt,ttp.r014.yaintt,,und,2026-08-21T13:53:00+02:00,codex.r014.id-ID,,ttp.r014.correction.0033,corrects,ttp.r014.unit.eg.multiplesolscongs,1033,,high
r014.backend.record,1.0.0,ttp.r014.relation.1034,relation,active,ttp.r014.yaintt,ttp.r014.yaintt,,und,2026-08-21T13:53:00+02:00,codex.r014.id-ID,,ttp.r014.correction.0034,corrects,ttp.r014.unit.eg.modinverses,1034,,high
r014.backend.record,1.0.0,ttp.r014.relation.1035,relation,active,ttp.r014.yaintt,ttp.r014.yaintt,,und,2026-08-21T13:53:00+02:00,codex.r014.id-ID,,ttp.r014.correction.0035,corrects,ttp.r014.unit.sec.lc.exercise.04,1035,,high
r014.backend.record,1.0.0,ttp.r014.relation.1036,relation,active,ttp.r014.yaintt,ttp.r014.yaintt,,und,2026-08-21T13:53:00+02:00,codex.r014.id-ID,,ttp.r014.unit.thm.basiclincongs.proof,proves,ttp.r014.unit.thm.basiclincongs,1036,,high
r014.backend.record,1.0.0,ttp.r014.relation.1037,relation,active,ttp.r014.yaintt,ttp.r014.yaintt,,und,2026-08-21T13:53:00+02:00,codex.r014.id-ID,,ttp.r014.unit.eg.multiplesolscongs,illustrates,ttp.r014.unit.thm.basiclincongs,1037,,high
r014.backend.record,1.0.0,ttp.r014.relation.1038,relation,active,ttp.r014.yaintt,ttp.r014.yaintt,,und,2026-08-21T13:53:00+02:00,codex.r014.id-ID,,ttp.r014.unit.eg.modinverses,illustrates,ttp.r014.unit.def.modularinverse,1038,,high
r014.backend.record,1.0.0,ttp.r014.relation.1039,relation,active,ttp.r014.yaintt,ttp.r014.yaintt,,und,2026-08-21T13:53:00+02:00,codex.r014.id-ID,,ttp.r014.unit.thm.basiclincongs.proof,references,ttp.r014.unit.thm.gcdislincomb,1039,,high
r014.backend.record,1.0.0,ttp.r014.relation.1040,relation,active,ttp.r014.yaintt,ttp.r014.yaintt,,und,2026-08-21T13:53:00+02:00,codex.r014.id-ID,,ttp.r014.unit.thm.basiclincongs.proof,references,ttp.r014.unit.thm.congcanc,1040,,high
r014.backend.record,1.0.0,ttp.r014.relation.1041,relation,active,ttp.r014.yaintt,ttp.r014.yaintt,,und,2026-08-21T13:53:00+02:00,codex.r014.id-ID,,ttp.r014.unit.thm.basiclincongs.proof,references,ttp.r014.unit.thm.numzerosmodafactor,1041,,high
r014.backend.record,1.0.0,ttp.r014.relation.1042,relation,active,ttp.r014.yaintt,ttp.r014.yaintt,,und,2026-08-21T13:53:00+02:00,codex.r014.id-ID,,ttp.r014.unit.sec.lc.discussion.05,references,ttp.r014.unit.rem.uniqsolnlincong,1042,,high
r014.backend.record,1.0.0,ttp.r014.relation.1043,relation,active,ttp.r014.yaintt,ttp.r014.yaintt,,und,2026-08-21T13:53:00+02:00,codex.r014.id-ID,,ttp.r014.unit.sec.lc.discussion.06,references,ttp.r014.unit.rem.uniqsolnlincong,1043,,high
r014.backend.record,1.0.0,ttp.r014.relation.1044,relation,active,ttp.r014.yaintt,ttp.r014.yaintt,,und,2026-08-21T13:53:00+02:00,codex.r014.id-ID,,ttp.r014.unit.sec.lc.exercises,references,ttp.r014.unit.sec.lc,1044,,high
r014.backend.record,1.0.0,ttp.r014.relation.1045,relation,active,ttp.r014.yaintt,ttp.r014.yaintt,,und,2026-08-21T13:53:00+02:00,codex.r014.id-ID,,ttp.r014.unit.sec.lc,covers,ttp.concept.linear_congruence,1045,,high
r014.backend.record,1.0.0,ttp.r014.relation.1046,relation,active,ttp.r014.yaintt,ttp.r014.yaintt,,und,2026-08-21T13:53:00+02:00,codex.r014.id-ID,,ttp.r014.unit.sec.lc,covers,ttp.concept.congruence,1046,,high
r014.backend.record,1.0.0,ttp.r014.relation.1047,relation,active,ttp.r014.yaintt,ttp.r014.yaintt,,und,2026-08-21T13:53:00+02:00,codex.r014.id-ID,,ttp.r014.unit.sec.lc,covers,ttp.concept.modulo,1047,,high
r014.backend.record,1.0.0,ttp.r014.relation.1048,relation,active,ttp.r014.yaintt,ttp.r014.yaintt,,und,2026-08-21T13:53:00+02:00,codex.r014.id-ID,,ttp.r014.unit.sec.lc,covers,ttp.concept.greatest_common_divisor,1048,,high
r014.backend.record,1.0.0,ttp.r014.relation.1049,relation,active,ttp.r014.yaintt,ttp.r014.yaintt,,und,2026-08-21T13:53:00+02:00,codex.r014.id-ID,,ttp.r014.unit.sec.lc,covers,ttp.concept.diophantine_equation,1049,,high
r014.backend.record,1.0.0,ttp.r014.relation.1050,relation,active,ttp.r014.yaintt,ttp.r014.yaintt,,und,2026-08-21T13:53:00+02:00,codex.r014.id-ID,,ttp.r014.unit.sec.lc,covers,ttp.concept.modular_inverse,1050,,high
r014.backend.record,1.0.0,ttp.r014.relation.1051,relation,active,ttp.r014.yaintt,ttp.r014.yaintt,,und,2026-08-21T13:53:00+02:00,codex.r014.id-ID,,ttp.r014.unit.sec.lc,covers,ttp.concept.congruence_class,1051,,high
r014.backend.record,1.0.0,ttp.r014.relation.1052,relation,active,ttp.r014.yaintt,ttp.r014.yaintt,,und,2026-08-21T13:53:00+02:00,codex.r014.id-ID,,ttp.r014.unit.sec.lc.discussion.01,covers,ttp.concept.congruence,1052,,high
r014.backend.record,1.0.0,ttp.r014.relation.1053,relation,active,ttp.r014.yaintt,ttp.r014.yaintt,,und,2026-08-21T13:53:00+02:00,codex.r014.id-ID,,ttp.r014.unit.sec.lc.discussion.01,covers,ttp.concept.linear_congruence,1053,,high
r014.backend.record,1.0.0,ttp.r014.relation.1054,relation,active,ttp.r014.yaintt,ttp.r014.yaintt,,und,2026-08-21T13:53:00+02:00,codex.r014.id-ID,,ttp.r014.unit.def.linearcongruence,covers,ttp.concept.linear_congruence,1054,,high
r014.backend.record,1.0.0,ttp.r014.relation.1055,relation,active,ttp.r014.yaintt,ttp.r014.yaintt,,und,2026-08-21T13:53:00+02:00,codex.r014.id-ID,,ttp.r014.unit.def.linearcongruence,covers,ttp.concept.congruence,1055,,high
r014.backend.record,1.0.0,ttp.r014.relation.1056,relation,active,ttp.r014.yaintt,ttp.r014.yaintt,,und,2026-08-21T13:53:00+02:00,codex.r014.id-ID,,ttp.r014.unit.def.linearcongruence,covers,ttp.concept.integer,1056,,high
r014.backend.record,1.0.0,ttp.r014.relation.1057,relation,active,ttp.r014.yaintt,ttp.r014.yaintt,,und,2026-08-21T13:53:00+02:00,codex.r014.id-ID,,ttp.r014.unit.def.linearcongruence,covers,ttp.concept.natural_number,1057,,high
r014.backend.record,1.0.0,ttp.r014.relation.1058,relation,active,ttp.r014.yaintt,ttp.r014.yaintt,,und,2026-08-21T13:53:00+02:00,codex.r014.id-ID,,ttp.r014.unit.sec.lc.discussion.02,covers,ttp.concept.linear_congruence,1058,,high
r014.backend.record,1.0.0,ttp.r014.relation.1059,relation,active,ttp.r014.yaintt,ttp.r014.yaintt,,und,2026-08-21T13:53:00+02:00,codex.r014.id-ID,,ttp.r014.unit.sec.lc.discussion.02,covers,ttp.concept.congruence_class,1059,,high
r014.backend.record,1.0.0,ttp.r014.relation.1060,relation,active,ttp.r014.yaintt,ttp.r014.yaintt,,und,2026-08-21T13:53:00+02:00,codex.r014.id-ID,,ttp.r014.unit.thm.linearcongruencesameclass,covers,ttp.concept.linear_congruence,1060,,high
r014.backend.record,1.0.0,ttp.r014.relation.1061,relation,active,ttp.r014.yaintt,ttp.r014.yaintt,,und,2026-08-21T13:53:00+02:00,codex.r014.id-ID,,ttp.r014.unit.thm.linearcongruencesameclass,covers,ttp.concept.congruence,1061,,high
r014.backend.record,1.0.0,ttp.r014.relation.1062,relation,active,ttp.r014.yaintt,ttp.r014.yaintt,,und,2026-08-21T13:53:00+02:00,codex.r014.id-ID,,ttp.r014.unit.thm.linearcongruencesameclass,covers,ttp.concept.modulo,1062,,high
r014.backend.record,1.0.0,ttp.r014.relation.1063,relation,active,ttp.r014.yaintt,ttp.r014.yaintt,,und,2026-08-21T13:53:00+02:00,codex.r014.id-ID,,ttp.r014.unit.thm.linearcongruencesameclass,covers,ttp.concept.congruence_class,1063,,high
r014.backend.record,1.0.0,ttp.r014.relation.1064,relation,active,ttp.r014.yaintt,ttp.r014.yaintt,,und,2026-08-21T13:53:00+02:00,codex.r014.id-ID,,ttp.r014.unit.sec.lc.discussion.03,covers,ttp.concept.diophantine_equation,1064,,high
r014.backend.record,1.0.0,ttp.r014.relation.1065,relation,active,ttp.r014.yaintt,ttp.r014.yaintt,,und,2026-08-21T13:53:00+02:00,codex.r014.id-ID,,ttp.r014.unit.sec.lc.discussion.03,covers,ttp.concept.linear_congruence,1065,,high
r014.backend.record,1.0.0,ttp.r014.relation.1066,relation,active,ttp.r014.yaintt,ttp.r014.yaintt,,und,2026-08-21T13:53:00+02:00,codex.r014.id-ID,,ttp.r014.unit.def.diophantine,covers,ttp.concept.diophantine_equation,1066,,high
r014.backend.record,1.0.0,ttp.r014.relation.1067,relation,active,ttp.r014.yaintt,ttp.r014.yaintt,,und,2026-08-21T13:53:00+02:00,codex.r014.id-ID,,ttp.r014.unit.def.diophantine,covers,ttp.concept.integer,1067,,high
r014.backend.record,1.0.0,ttp.r014.relation.1068,relation,active,ttp.r014.yaintt,ttp.r014.yaintt,,und,2026-08-21T13:53:00+02:00,codex.r014.id-ID,,ttp.r014.unit.sec.lc.discussion.04,covers,ttp.concept.linear_congruence,1068,,high
r014.backend.record,1.0.0,ttp.r014.relation.1069,relation,active,ttp.r014.yaintt,ttp.r014.yaintt,,und,2026-08-21T13:53:00+02:00,codex.r014.id-ID,,ttp.r014.unit.sec.lc.discussion.04,covers,ttp.concept.diophantine_equation,1069,,high
r014.backend.record,1.0.0,ttp.r014.relation.1070,relation,active,ttp.r014.yaintt,ttp.r014.yaintt,,und,2026-08-21T13:53:00+02:00,codex.r014.id-ID,,ttp.r014.unit.sec.lc.discussion.04,covers,ttp.concept.integer,1070,,high
r014.backend.record,1.0.0,ttp.r014.relation.1071,relation,active,ttp.r014.yaintt,ttp.r014.yaintt,,und,2026-08-21T13:53:00+02:00,codex.r014.id-ID,,ttp.r014.unit.sec.lc.discussion.04,covers,ttp.concept.natural_number,1071,,high
r014.backend.record,1.0.0,ttp.r014.relation.1072,relation,active,ttp.r014.yaintt,ttp.r014.yaintt,,und,2026-08-21T13:53:00+02:00,codex.r014.id-ID,,ttp.r014.unit.thm.basiclincongs,covers,ttp.concept.linear_congruence,1072,,high
r014.backend.record,1.0.0,ttp.r014.relation.1073,relation,active,ttp.r014.yaintt,ttp.r014.yaintt,,und,2026-08-21T13:53:00+02:00,codex.r014.id-ID,,ttp.r014.unit.thm.basiclincongs,covers,ttp.concept.greatest_common_divisor,1073,,high
r014.backend.record,1.0.0,ttp.r014.relation.1074,relation,active,ttp.r014.yaintt,ttp.r014.yaintt,,und,2026-08-21T13:53:00+02:00,codex.r014.id-ID,,ttp.r014.unit.thm.basiclincongs,covers,ttp.concept.divisibility,1074,,high
r014.backend.record,1.0.0,ttp.r014.relation.1075,relation,active,ttp.r014.yaintt,ttp.r014.yaintt,,und,2026-08-21T13:53:00+02:00,codex.r014.id-ID,,ttp.r014.unit.thm.basiclincongs,covers,ttp.concept.congruence_class,1075,,high
r014.backend.record,1.0.0,ttp.r014.relation.1076,relation,active,ttp.r014.yaintt,ttp.r014.yaintt,,und,2026-08-21T13:53:00+02:00,codex.r014.id-ID,,ttp.r014.unit.thm.basiclincongs,covers,ttp.concept.modulo,1076,,high
r014.backend.record,1.0.0,ttp.r014.relation.1077,relation,active,ttp.r014.yaintt,ttp.r014.yaintt,,und,2026-08-21T13:53:00+02:00,codex.r014.id-ID,,ttp.r014.unit.thm.basiclincongs.proof,covers,ttp.concept.linear_congruence,1077,,high
r014.backend.record,1.0.0,ttp.r014.relation.1078,relation,active,ttp.r014.yaintt,ttp.r014.yaintt,,und,2026-08-21T13:53:00+02:00,codex.r014.id-ID,,ttp.r014.unit.thm.basiclincongs.proof,covers,ttp.concept.greatest_common_divisor,1078,,high
r014.backend.record,1.0.0,ttp.r014.relation.1079,relation,active,ttp.r014.yaintt,ttp.r014.yaintt,,und,2026-08-21T13:53:00+02:00,codex.r014.id-ID,,ttp.r014.unit.thm.basiclincongs.proof,covers,ttp.concept.divisibility,1079,,high
r014.backend.record,1.0.0,ttp.r014.relation.1080,relation,active,ttp.r014.yaintt,ttp.r014.yaintt,,und,2026-08-21T13:53:00+02:00,codex.r014.id-ID,,ttp.r014.unit.thm.basiclincongs.proof,covers,ttp.concept.congruence_class,1080,,high
r014.backend.record,1.0.0,ttp.r014.relation.1081,relation,active,ttp.r014.yaintt,ttp.r014.yaintt,,und,2026-08-21T13:53:00+02:00,codex.r014.id-ID,,ttp.r014.unit.thm.basiclincongs.proof,covers,ttp.concept.modulo,1081,,high
r014.backend.record,1.0.0,ttp.r014.relation.1082,relation,active,ttp.r014.yaintt,ttp.r014.yaintt,,und,2026-08-21T13:53:00+02:00,codex.r014.id-ID,,ttp.r014.unit.thm.basiclincongs.proof,covers,ttp.concept.linear_combination,1082,,high
r014.backend.record,1.0.0,ttp.r014.relation.1083,relation,active,ttp.r014.yaintt,ttp.r014.yaintt,,und,2026-08-21T13:53:00+02:00,codex.r014.id-ID,,ttp.r014.unit.thm.basiclincongs.proof,covers,ttp.concept.integer,1083,,high
r014.backend.record,1.0.0,ttp.r014.relation.1084,relation,active,ttp.r014.yaintt,ttp.r014.yaintt,,und,2026-08-21T13:53:00+02:00,codex.r014.id-ID,,ttp.r014.unit.rem.uniqsolnlincong,covers,ttp.concept.linear_congruence,1084,,high
r014.backend.record,1.0.0,ttp.r014.relation.1085,relation,active,ttp.r014.yaintt,ttp.r014.yaintt,,und,2026-08-21T13:53:00+02:00,codex.r014.id-ID,,ttp.r014.unit.rem.uniqsolnlincong,covers,ttp.concept.relatively_prime,1085,,high
r014.backend.record,1.0.0,ttp.r014.relation.1086,relation,active,ttp.r014.yaintt,ttp.r014.yaintt,,und,2026-08-21T13:53:00+02:00,codex.r014.id-ID,,ttp.r014.unit.rem.uniqsolnlincong,covers,ttp.concept.congruence_class,1086,,high
r014.backend.record,1.0.0,ttp.r014.relation.1087,relation,active,ttp.r014.yaintt,ttp.r014.yaintt,,und,2026-08-21T13:53:00+02:00,codex.r014.id-ID,,ttp.r014.unit.eg.multiplesolscongs,covers,ttp.concept.linear_congruence,1087,,high
r014.backend.record,1.0.0,ttp.r014.relation.1088,relation,active,ttp.r014.yaintt,ttp.r014.yaintt,,und,2026-08-21T13:53:00+02:00,codex.r014.id-ID,,ttp.r014.unit.eg.multiplesolscongs,covers,ttp.concept.greatest_common_divisor,1088,,high
r014.backend.record,1.0.0,ttp.r014.relation.1089,relation,active,ttp.r014.yaintt,ttp.r014.yaintt,,und,2026-08-21T13:53:00+02:00,codex.r014.id-ID,,ttp.r014.unit.eg.multiplesolscongs,covers,ttp.concept.congruence_class,1089,,high
r014.backend.record,1.0.0,ttp.r014.relation.1090,relation,active,ttp.r014.yaintt,ttp.r014.yaintt,,und,2026-08-21T13:53:00+02:00,codex.r014.id-ID,,ttp.r014.unit.eg.multiplesolscongs,covers,ttp.concept.euclidean_algorithm,1090,,high
r014.backend.record,1.0.0,ttp.r014.relation.1091,relation,active,ttp.r014.yaintt,ttp.r014.yaintt,,und,2026-08-21T13:53:00+02:00,codex.r014.id-ID,,ttp.r014.unit.sec.lc.discussion.05,covers,ttp.concept.modular_inverse,1091,,high
r014.backend.record,1.0.0,ttp.r014.relation.1092,relation,active,ttp.r014.yaintt,ttp.r014.yaintt,,und,2026-08-21T13:53:00+02:00,codex.r014.id-ID,,ttp.r014.unit.sec.lc.discussion.05,covers,ttp.concept.linear_congruence,1092,,high
r014.backend.record,1.0.0,ttp.r014.relation.1093,relation,active,ttp.r014.yaintt,ttp.r014.yaintt,,und,2026-08-21T13:53:00+02:00,codex.r014.id-ID,,ttp.r014.unit.sec.lc.discussion.05,covers,ttp.concept.greatest_common_divisor,1093,,high
r014.backend.record,1.0.0,ttp.r014.relation.1094,relation,active,ttp.r014.yaintt,ttp.r014.yaintt,,und,2026-08-21T13:53:00+02:00,codex.r014.id-ID,,ttp.r014.unit.sec.lc.discussion.05,covers,ttp.concept.relatively_prime,1094,,high
r014.backend.record,1.0.0,ttp.r014.relation.1095,relation,active,ttp.r014.yaintt,ttp.r014.yaintt,,und,2026-08-21T13:53:00+02:00,codex.r014.id-ID,,ttp.r014.unit.def.modularinverse,covers,ttp.concept.modular_inverse,1095,,high
r014.backend.record,1.0.0,ttp.r014.relation.1096,relation,active,ttp.r014.yaintt,ttp.r014.yaintt,,und,2026-08-21T13:53:00+02:00,codex.r014.id-ID,,ttp.r014.unit.def.modularinverse,covers,ttp.concept.congruence,1096,,high
r014.backend.record,1.0.0,ttp.r014.relation.1097,relation,active,ttp.r014.yaintt,ttp.r014.yaintt,,und,2026-08-21T13:53:00+02:00,codex.r014.id-ID,,ttp.r014.unit.def.modularinverse,covers,ttp.concept.modulo,1097,,high
r014.backend.record,1.0.0,ttp.r014.relation.1098,relation,active,ttp.r014.yaintt,ttp.r014.yaintt,,und,2026-08-21T13:53:00+02:00,codex.r014.id-ID,,ttp.r014.unit.def.modularinverse,covers,ttp.concept.relatively_prime,1098,,high
r014.backend.record,1.0.0,ttp.r014.relation.1099,relation,active,ttp.r014.yaintt,ttp.r014.yaintt,,und,2026-08-21T13:53:00+02:00,codex.r014.id-ID,,ttp.r014.unit.sec.lc.discussion.06,covers,ttp.concept.modular_inverse,1099,,high
r014.backend.record,1.0.0,ttp.r014.relation.1100,relation,active,ttp.r014.yaintt,ttp.r014.yaintt,,und,2026-08-21T13:53:00+02:00,codex.r014.id-ID,,ttp.r014.unit.sec.lc.discussion.06,covers,ttp.concept.linear_congruence,1100,,high
r014.backend.record,1.0.0,ttp.r014.relation.1101,relation,active,ttp.r014.yaintt,ttp.r014.yaintt,,und,2026-08-21T13:53:00+02:00,codex.r014.id-ID,,ttp.r014.unit.sec.lc.discussion.06,covers,ttp.concept.congruence_class,1101,,high
r014.backend.record,1.0.0,ttp.r014.relation.1102,relation,active,ttp.r014.yaintt,ttp.r014.yaintt,,und,2026-08-21T13:53:00+02:00,codex.r014.id-ID,,ttp.r014.unit.cor.modinv,covers,ttp.concept.modular_inverse,1102,,high
r014.backend.record,1.0.0,ttp.r014.relation.1103,relation,active,ttp.r014.yaintt,ttp.r014.yaintt,,und,2026-08-21T13:53:00+02:00,codex.r014.id-ID,,ttp.r014.unit.cor.modinv,covers,ttp.concept.relatively_prime,1103,,high
r014.backend.record,1.0.0,ttp.r014.relation.1104,relation,active,ttp.r014.yaintt,ttp.r014.yaintt,,und,2026-08-21T13:53:00+02:00,codex.r014.id-ID,,ttp.r014.unit.cor.modinv,covers,ttp.concept.congruence_class,1104,,high
r014.backend.record,1.0.0,ttp.r014.relation.1105,relation,active,ttp.r014.yaintt,ttp.r014.yaintt,,und,2026-08-21T13:53:00+02:00,codex.r014.id-ID,,ttp.r014.unit.eg.modinverses,covers,ttp.concept.modular_inverse,1105,,high
r014.backend.record,1.0.0,ttp.r014.relation.1106,relation,active,ttp.r014.yaintt,ttp.r014.yaintt,,und,2026-08-21T13:53:00+02:00,codex.r014.id-ID,,ttp.r014.unit.eg.modinverses,covers,ttp.concept.congruence,1106,,high
r014.backend.record,1.0.0,ttp.r014.relation.1107,relation,active,ttp.r014.yaintt,ttp.r014.yaintt,,und,2026-08-21T13:53:00+02:00,codex.r014.id-ID,,ttp.r014.unit.eg.modinverses,covers,ttp.concept.modulo,1107,,high
r014.backend.record,1.0.0,ttp.r014.relation.1108,relation,active,ttp.r014.yaintt,ttp.r014.yaintt,,und,2026-08-21T13:53:00+02:00,codex.r014.id-ID,,ttp.r014.unit.sec.lc.exercises,covers,ttp.concept.linear_congruence,1108,,high
r014.backend.record,1.0.0,ttp.r014.relation.1109,relation,active,ttp.r014.yaintt,ttp.r014.yaintt,,und,2026-08-21T13:53:00+02:00,codex.r014.id-ID,,ttp.r014.unit.sec.lc.exercises,covers,ttp.concept.modular_inverse,1109,,high
r014.backend.record,1.0.0,ttp.r014.relation.1110,relation,active,ttp.r014.yaintt,ttp.r014.yaintt,,und,2026-08-21T13:53:00+02:00,codex.r014.id-ID,,ttp.r014.unit.sec.lc.exercise.01,covers,ttp.concept.linear_congruence,1110,,high
r014.backend.record,1.0.0,ttp.r014.relation.1111,relation,active,ttp.r014.yaintt,ttp.r014.yaintt,,und,2026-08-21T13:53:00+02:00,codex.r014.id-ID,,ttp.r014.unit.sec.lc.exercise.01,covers,ttp.concept.greatest_common_divisor,1111,,high
r014.backend.record,1.0.0,ttp.r014.relation.1112,relation,active,ttp.r014.yaintt,ttp.r014.yaintt,,und,2026-08-21T13:53:00+02:00,codex.r014.id-ID,,ttp.r014.unit.sec.lc.exercise.01,covers,ttp.concept.congruence_class,1112,,high
r014.backend.record,1.0.0,ttp.r014.relation.1113,relation,active,ttp.r014.yaintt,ttp.r014.yaintt,,und,2026-08-21T13:53:00+02:00,codex.r014.id-ID,,ttp.r014.unit.sec.lc.exercise.01,covers,ttp.concept.modulo,1113,,high
r014.backend.record,1.0.0,ttp.r014.relation.1114,relation,active,ttp.r014.yaintt,ttp.r014.yaintt,,und,2026-08-21T13:53:00+02:00,codex.r014.id-ID,,ttp.r014.unit.sec.lc.exercise.02,covers,ttp.concept.linear_congruence,1114,,high
r014.backend.record,1.0.0,ttp.r014.relation.1115,relation,active,ttp.r014.yaintt,ttp.r014.yaintt,,und,2026-08-21T13:53:00+02:00,codex.r014.id-ID,,ttp.r014.unit.sec.lc.exercise.02,covers,ttp.concept.modulo,1115,,high
r014.backend.record,1.0.0,ttp.r014.relation.1116,relation,active,ttp.r014.yaintt,ttp.r014.yaintt,,und,2026-08-21T13:53:00+02:00,codex.r014.id-ID,,ttp.r014.unit.sec.lc.exercise.02,covers,ttp.concept.congruence,1116,,high
r014.backend.record,1.0.0,ttp.r014.relation.1117,relation,active,ttp.r014.yaintt,ttp.r014.yaintt,,und,2026-08-21T13:53:00+02:00,codex.r014.id-ID,,ttp.r014.unit.sec.lc.exercise.03,covers,ttp.concept.modular_inverse,1117,,high
r014.backend.record,1.0.0,ttp.r014.relation.1118,relation,active,ttp.r014.yaintt,ttp.r014.yaintt,,und,2026-08-21T13:53:00+02:00,codex.r014.id-ID,,ttp.r014.unit.sec.lc.exercise.03,covers,ttp.concept.modulo,1118,,high
r014.backend.record,1.0.0,ttp.r014.relation.1119,relation,active,ttp.r014.yaintt,ttp.r014.yaintt,,und,2026-08-21T13:53:00+02:00,codex.r014.id-ID,,ttp.r014.unit.sec.lc.exercise.04,covers,ttp.concept.modular_inverse,1119,,high
r014.backend.record,1.0.0,ttp.r014.relation.1120,relation,active,ttp.r014.yaintt,ttp.r014.yaintt,,und,2026-08-21T13:53:00+02:00,codex.r014.id-ID,,ttp.r014.unit.sec.lc.exercise.04,covers,ttp.concept.multiplication,1120,,high
r014.backend.record,1.0.0,ttp.r014.relation.1121,relation,active,ttp.r014.yaintt,ttp.r014.yaintt,,und,2026-08-21T13:53:00+02:00,codex.r014.id-ID,,ttp.r014.unit.sec.lc.exercise.04,covers,ttp.concept.congruence,1121,,high
r014.backend.record,1.0.0,ttp.r014.relation.1122,relation,active,ttp.r014.yaintt,ttp.r014.yaintt,,und,2026-08-21T13:53:00+02:00,codex.r014.id-ID,,ttp.r014.unit.sec.lc.exercise.04,covers,ttp.concept.modulo,1122,,high
r014.backend.record,1.0.0,ttp.r014.relation.1123,relation,active,ttp.r014.yaintt,ttp.r014.yaintt,,und,2026-08-21T13:53:00+02:00,codex.r014.id-ID,,ttp.concept.congruence,prerequisite_for,ttp.concept.linear_congruence,1123,,high
r014.backend.record,1.0.0,ttp.r014.relation.1124,relation,active,ttp.r014.yaintt,ttp.r014.yaintt,,und,2026-08-21T13:53:00+02:00,codex.r014.id-ID,,ttp.concept.integer,prerequisite_for,ttp.concept.linear_congruence,1124,,high
r014.backend.record,1.0.0,ttp.r014.relation.1125,relation,active,ttp.r014.yaintt,ttp.r014.yaintt,,und,2026-08-21T13:53:00+02:00,codex.r014.id-ID,,ttp.concept.natural_number,prerequisite_for,ttp.concept.linear_congruence,1125,,high
r014.backend.record,1.0.0,ttp.r014.relation.1126,relation,active,ttp.r014.yaintt,ttp.r014.yaintt,,und,2026-08-21T13:53:00+02:00,codex.r014.id-ID,,ttp.concept.integer,prerequisite_for,ttp.concept.diophantine_equation,1126,,high
r014.backend.record,1.0.0,ttp.r014.relation.1127,relation,active,ttp.r014.yaintt,ttp.r014.yaintt,,und,2026-08-21T13:53:00+02:00,codex.r014.id-ID,,ttp.concept.congruence,prerequisite_for,ttp.concept.modular_inverse,1127,,high
r014.backend.record,1.0.0,ttp.r014.relation.1128,relation,active,ttp.r014.yaintt,ttp.r014.yaintt,,und,2026-08-21T13:53:00+02:00,codex.r014.id-ID,,ttp.concept.modulo,prerequisite_for,ttp.concept.modular_inverse,1128,,high
r014.backend.record,1.0.0,ttp.r014.relation.1129,relation,active,ttp.r014.yaintt,ttp.r014.yaintt,,und,2026-08-21T13:53:00+02:00,codex.r014.id-ID,,ttp.concept.relatively_prime,prerequisite_for,ttp.concept.modular_inverse,1129,,high
r014.backend.record,1.0.0,ttp.r014.relation.1130,relation,active,ttp.r014.yaintt,ttp.r014.yaintt,,und,2026-08-21T13:53:00+02:00,codex.r014.id-ID,,ttp.r014.edition.id-id.boundary8,translates,ttp.r014.edition.source.2014-05-07,1130,,high
r014.backend.record,1.0.0,ttp.r014.relation.1131,relation,active,ttp.r014.yaintt,ttp.r014.yaintt,,und,2026-08-21T13:53:00+02:00,codex.r014.id-ID,,ttp.r014.edition.id-id.boundary8,adapts,ttp.r014.edition.source.2014-05-07,1131,,high
r014.backend.record,1.0.0,ttp.r014.relation.1132,relation,active,ttp.r014.yaintt,ttp.r014.yaintt,,und,2026-08-21T13:53:00+02:00,codex.r014.id-ID,,ttp.r014.edition.id-id.boundary8,depends_on,ttp.r014.asset.authority.yaintt_tex,1132,,high
r014.backend.record,1.0.0,ttp.r014.relation.1133,relation,active,ttp.r014.yaintt,ttp.r014.yaintt,,und,2026-08-21T13:53:00+02:00,codex.r014.id-ID,,ttp.r014.edition.id-id.boundary8,depends_on,ttp.r014.asset.authority.refs_bib,1133,,high
r014.backend.record,1.0.0,ttp.r014.relation.1134,relation,active,ttp.r014.yaintt,ttp.r014.yaintt,,und,2026-08-21T13:53:00+02:00,codex.r014.id-ID,,ttp.r014.edition.id-id.boundary8,depends_on,ttp.r014.asset.authority.cover_art_eps,1134,,high
r014.backend.record,1.0.0,ttp.r014.relation.1135,relation,active,ttp.r014.yaintt,ttp.r014.yaintt,,und,2026-08-21T13:53:00+02:00,codex.r014.id-ID,,ttp.r014.edition.id-id.boundary8,depends_on,ttp.r014.asset.authority.dbend_eps,1135,,high
r014.backend.record,1.0.0,ttp.r014.relation.1136,relation,active,ttp.r014.yaintt,ttp.r014.yaintt,,und,2026-08-21T13:53:00+02:00,codex.r014.id-ID,,ttp.r014.edition.id-id.boundary8,depends_on,ttp.r014.asset.authority.eng_freq_hist_eps,1136,,high
r014.backend.record,1.0.0,ttp.r014.relation.1137,relation,active,ttp.r014.yaintt,ttp.r014.yaintt,,und,2026-08-21T13:53:00+02:00,codex.r014.id-ID,,ttp.r014.edition.id-id.boundary8,depends_on,ttp.r014.asset.authority.hamhip_freqs_eps,1137,,high
r014.backend.record,1.0.0,ttp.r014.relation.1138,relation,active,ttp.r014.yaintt,ttp.r014.yaintt,,und,2026-08-21T13:53:00+02:00,codex.r014.id-ID,,ttp.r014.edition.id-id.boundary8,depends_on,ttp.r014.asset.authority.samp_cct_hist_eps,1138,,high
r014.backend.record,1.0.0,ttp.r014.relation.1139,relation,active,ttp.r014.yaintt,ttp.r014.yaintt,,und,2026-08-21T13:53:00+02:00,codex.r014.id-ID,,ttp.r014.edition.id-id.boundary8,depends_on,ttp.r014.asset.authority.scytale_eps,1139,,high
r014.backend.record,1.0.0,ttp.r014.relation.1140,relation,active,ttp.r014.yaintt,ttp.r014.yaintt,,und,2026-08-21T13:53:00+02:00,codex.r014.id-ID,,ttp.r014.edition.id-id.boundary8,depends_on,ttp.r014.asset.authority.seadk_cct_eps,1140,,high
r014.backend.record,1.0.0,ttp.r014.relation.1141,relation,active,ttp.r014.yaintt,ttp.r014.yaintt,,und,2026-08-21T13:53:00+02:00,codex.r014.id-ID,,ttp.r014.edition.id-id.boundary8,depends_on,ttp.r014.asset.authority.seadk_hamhip_eps,1141,,high
r014.backend.record,1.0.0,ttp.r014.relation.1142,relation,active,ttp.r014.yaintt,ttp.r014.yaintt,,und,2026-08-21T13:53:00+02:00,codex.r014.id-ID,,ttp.r014.edition.id-id.boundary8,depends_on,ttp.r014.asset.authority.seadk_rkkrt_eps,1142,,high
r014.backend.record,1.0.0,ttp.r014.relation.1143,relation,active,ttp.r014.yaintt,ttp.r014.yaintt,,und,2026-08-21T13:53:00+02:00,codex.r014.id-ID,,ttp.r014.unit.chap.cs,contains,ttp.r014.unit.sec.crt,1143,,high
r014.backend.record,1.0.0,ttp.r014.relation.1144,relation,active,ttp.r014.yaintt,ttp.r014.yaintt,,und,2026-08-21T13:53:00+02:00,codex.r014.id-ID,,ttp.r014.unit.sec.crt,contains,ttp.r014.unit.sec.crt.discussion.01,1144,,high
r014.backend.record,1.0.0,ttp.r014.relation.1145,relation,active,ttp.r014.yaintt,ttp.r014.yaintt,,und,2026-08-21T13:53:00+02:00,codex.r014.id-ID,,ttp.r014.unit.sec.crt,contains,ttp.r014.unit.thm.chinese-remainder,1145,,high
r014.backend.record,1.0.0,ttp.r014.relation.1146,relation,active,ttp.r014.yaintt,ttp.r014.yaintt,,und,2026-08-21T13:53:00+02:00,codex.r014.id-ID,,ttp.r014.unit.thm.chinese-remainder,contains,ttp.r014.unit.thm.chinese-remainder.proof,1146,,high
r014.backend.record,1.0.0,ttp.r014.relation.1147,relation,active,ttp.r014.yaintt,ttp.r014.yaintt,,und,2026-08-21T13:53:00+02:00,codex.r014.id-ID,,ttp.r014.unit.sec.crt,contains,ttp.r014.unit.eg.systemofcongs,1147,,high
r014.backend.record,1.0.0,ttp.r014.relation.1148,relation,active,ttp.r014.yaintt,ttp.r014.yaintt,,und,2026-08-21T13:53:00+02:00,codex.r014.id-ID,,ttp.r014.unit.sec.crt,contains,ttp.r014.unit.sec.crt.exercises,1148,,high
r014.backend.record,1.0.0,ttp.r014.relation.1149,relation,active,ttp.r014.yaintt,ttp.r014.yaintt,,und,2026-08-21T13:53:00+02:00,codex.r014.id-ID,,ttp.r014.unit.sec.crt.exercises,contains,ttp.r014.unit.sec.crt.exercise.01,1149,,high
r014.backend.record,1.0.0,ttp.r014.relation.1150,relation,active,ttp.r014.yaintt,ttp.r014.yaintt,,und,2026-08-21T13:53:00+02:00,codex.r014.id-ID,,ttp.r014.unit.sec.crt.exercises,contains,ttp.r014.unit.sec.crt.exercise.02,1150,,high
r014.backend.record,1.0.0,ttp.r014.relation.1151,relation,active,ttp.r014.yaintt,ttp.r014.yaintt,,und,2026-08-21T13:53:00+02:00,codex.r014.id-ID,,ttp.r014.unit.sec.crt.exercises,contains,ttp.r014.unit.sec.crt.exercise.03,1151,,high
r014.backend.record,1.0.0,ttp.r014.relation.1152,relation,active,ttp.r014.yaintt,ttp.r014.yaintt,,und,2026-08-21T13:53:00+02:00,codex.r014.id-ID,,ttp.r014.unit.sec.crt.exercises,contains,ttp.r014.unit.sec.crt.exercise.04,1152,,high
r014.backend.record,1.0.0,ttp.r014.relation.1153,relation,active,ttp.r014.yaintt,ttp.r014.yaintt,,und,2026-08-21T13:53:00+02:00,codex.r014.id-ID,,ttp.r014.unit.sec.lc,precedes,ttp.r014.unit.sec.crt,1153,,high
r014.backend.record,1.0.0,ttp.r014.relation.1154,relation,active,ttp.r014.yaintt,ttp.r014.yaintt,,und,2026-08-21T13:53:00+02:00,codex.r014.id-ID,,ttp.r014.unit.sec.crt.discussion.01,precedes,ttp.r014.unit.thm.chinese-remainder,1154,,high
r014.backend.record,1.0.0,ttp.r014.relation.1155,relation,active,ttp.r014.yaintt,ttp.r014.yaintt,,und,2026-08-21T13:53:00+02:00,codex.r014.id-ID,,ttp.r014.unit.thm.chinese-remainder,precedes,ttp.r014.unit.eg.systemofcongs,1155,,high
r014.backend.record,1.0.0,ttp.r014.relation.1156,relation,active,ttp.r014.yaintt,ttp.r014.yaintt,,und,2026-08-21T13:53:00+02:00,codex.r014.id-ID,,ttp.r014.unit.eg.systemofcongs,precedes,ttp.r014.unit.sec.crt.exercises,1156,,high
r014.backend.record,1.0.0,ttp.r014.relation.1157,relation,active,ttp.r014.yaintt,ttp.r014.yaintt,,und,2026-08-21T13:53:00+02:00,codex.r014.id-ID,,ttp.r014.unit.sec.crt.exercise.01,precedes,ttp.r014.unit.sec.crt.exercise.02,1157,,high
r014.backend.record,1.0.0,ttp.r014.relation.1158,relation,active,ttp.r014.yaintt,ttp.r014.yaintt,,und,2026-08-21T13:53:00+02:00,codex.r014.id-ID,,ttp.r014.unit.sec.crt.exercise.02,precedes,ttp.r014.unit.sec.crt.exercise.03,1158,,high
r014.backend.record,1.0.0,ttp.r014.relation.1159,relation,active,ttp.r014.yaintt,ttp.r014.yaintt,,und,2026-08-21T13:53:00+02:00,codex.r014.id-ID,,ttp.r014.unit.sec.crt.exercise.03,precedes,ttp.r014.unit.sec.crt.exercise.04,1159,,high
r014.backend.record,1.0.0,ttp.r014.relation.1160,relation,active,ttp.r014.yaintt,ttp.r014.yaintt,,und,2026-08-21T13:53:00+02:00,codex.r014.id-ID,,ttp.r014.correction.0036,corrects,ttp.r014.unit.thm.chinese-remainder.proof,1160,,high
r014.backend.record,1.0.0,ttp.r014.relation.1161,relation,active,ttp.r014.yaintt,ttp.r014.yaintt,,und,2026-08-21T13:53:00+02:00,codex.r014.id-ID,,ttp.r014.unit.thm.chinese-remainder.proof,proves,ttp.r014.unit.thm.chinese-remainder,1161,,high
r014.backend.record,1.0.0,ttp.r014.relation.1162,relation,active,ttp.r014.yaintt,ttp.r014.yaintt,,und,2026-08-21T13:53:00+02:00,codex.r014.id-ID,,ttp.r014.unit.eg.systemofcongs,illustrates,ttp.r014.unit.thm.chinese-remainder,1162,,high
r014.backend.record,1.0.0,ttp.r014.relation.1163,relation,active,ttp.r014.yaintt,ttp.r014.yaintt,,und,2026-08-21T13:53:00+02:00,codex.r014.id-ID,,ttp.r014.unit.thm.chinese-remainder.proof,references,ttp.r014.unit.cor.modinv,1163,,high
r014.backend.record,1.0.0,ttp.r014.relation.1164,relation,active,ttp.r014.yaintt,ttp.r014.yaintt,,und,2026-08-21T13:53:00+02:00,codex.r014.id-ID,,ttp.r014.unit.thm.chinese-remainder.proof,references,ttp.r014.unit.thm.combing,1164,,high
r014.backend.record,1.0.0,ttp.r014.relation.1165,relation,active,ttp.r014.yaintt,ttp.r014.yaintt,,und,2026-08-21T13:53:00+02:00,codex.r014.id-ID,,ttp.r014.unit.sec.crt.exercises,references,ttp.r014.unit.sec.crt,1165,,high
r014.backend.record,1.0.0,ttp.r014.relation.1166,relation,active,ttp.r014.yaintt,ttp.r014.yaintt,,und,2026-08-21T13:53:00+02:00,codex.r014.id-ID,,ttp.r014.unit.sec.crt,covers,ttp.concept.chinese_remainder_theorem,1166,,high
r014.backend.record,1.0.0,ttp.r014.relation.1167,relation,active,ttp.r014.yaintt,ttp.r014.yaintt,,und,2026-08-21T13:53:00+02:00,codex.r014.id-ID,,ttp.r014.unit.sec.crt,covers,ttp.concept.system_of_congruences,1167,,high
r014.backend.record,1.0.0,ttp.r014.relation.1168,relation,active,ttp.r014.yaintt,ttp.r014.yaintt,,und,2026-08-21T13:53:00+02:00,codex.r014.id-ID,,ttp.r014.unit.sec.crt,covers,ttp.concept.congruence,1168,,high
r014.backend.record,1.0.0,ttp.r014.relation.1169,relation,active,ttp.r014.yaintt,ttp.r014.yaintt,,und,2026-08-21T13:53:00+02:00,codex.r014.id-ID,,ttp.r014.unit.sec.crt,covers,ttp.concept.modulo,1169,,high
r014.backend.record,1.0.0,ttp.r014.relation.1170,relation,active,ttp.r014.yaintt,ttp.r014.yaintt,,und,2026-08-21T13:53:00+02:00,codex.r014.id-ID,,ttp.r014.unit.sec.crt,covers,ttp.concept.pairwise_relatively_prime,1170,,high
r014.backend.record,1.0.0,ttp.r014.relation.1171,relation,active,ttp.r014.yaintt,ttp.r014.yaintt,,und,2026-08-21T13:53:00+02:00,codex.r014.id-ID,,ttp.r014.unit.sec.crt,covers,ttp.concept.modular_inverse,1171,,high
r014.backend.record,1.0.0,ttp.r014.relation.1172,relation,active,ttp.r014.yaintt,ttp.r014.yaintt,,und,2026-08-21T13:53:00+02:00,codex.r014.id-ID,,ttp.r014.unit.sec.crt.discussion.01,covers,ttp.concept.system_of_congruences,1172,,high
r014.backend.record,1.0.0,ttp.r014.relation.1173,relation,active,ttp.r014.yaintt,ttp.r014.yaintt,,und,2026-08-21T13:53:00+02:00,codex.r014.id-ID,,ttp.r014.unit.sec.crt.discussion.01,covers,ttp.concept.congruence,1173,,high
r014.backend.record,1.0.0,ttp.r014.relation.1174,relation,active,ttp.r014.yaintt,ttp.r014.yaintt,,und,2026-08-21T13:53:00+02:00,codex.r014.id-ID,,ttp.r014.unit.sec.crt.discussion.01,covers,ttp.concept.modulo,1174,,high
r014.backend.record,1.0.0,ttp.r014.relation.1175,relation,active,ttp.r014.yaintt,ttp.r014.yaintt,,und,2026-08-21T13:53:00+02:00,codex.r014.id-ID,,ttp.r014.unit.sec.crt.discussion.01,covers,ttp.concept.chinese_remainder_theorem,1175,,high
r014.backend.record,1.0.0,ttp.r014.relation.1176,relation,active,ttp.r014.yaintt,ttp.r014.yaintt,,und,2026-08-21T13:53:00+02:00,codex.r014.id-ID,,ttp.r014.unit.thm.chinese-remainder,covers,ttp.concept.chinese_remainder_theorem,1176,,high
r014.backend.record,1.0.0,ttp.r014.relation.1177,relation,active,ttp.r014.yaintt,ttp.r014.yaintt,,und,2026-08-21T13:53:00+02:00,codex.r014.id-ID,,ttp.r014.unit.thm.chinese-remainder,covers,ttp.concept.system_of_congruences,1177,,high
r014.backend.record,1.0.0,ttp.r014.relation.1178,relation,active,ttp.r014.yaintt,ttp.r014.yaintt,,und,2026-08-21T13:53:00+02:00,codex.r014.id-ID,,ttp.r014.unit.thm.chinese-remainder,covers,ttp.concept.congruence,1178,,high
r014.backend.record,1.0.0,ttp.r014.relation.1179,relation,active,ttp.r014.yaintt,ttp.r014.yaintt,,und,2026-08-21T13:53:00+02:00,codex.r014.id-ID,,ttp.r014.unit.thm.chinese-remainder,covers,ttp.concept.modulo,1179,,high
r014.backend.record,1.0.0,ttp.r014.relation.1180,relation,active,ttp.r014.yaintt,ttp.r014.yaintt,,und,2026-08-21T13:53:00+02:00,codex.r014.id-ID,,ttp.r014.unit.thm.chinese-remainder,covers,ttp.concept.pairwise_relatively_prime,1180,,high
r014.backend.record,1.0.0,ttp.r014.relation.1181,relation,active,ttp.r014.yaintt,ttp.r014.yaintt,,und,2026-08-21T13:53:00+02:00,codex.r014.id-ID,,ttp.r014.unit.thm.chinese-remainder,covers,ttp.concept.congruence_class,1181,,high
r014.backend.record,1.0.0,ttp.r014.relation.1182,relation,active,ttp.r014.yaintt,ttp.r014.yaintt,,und,2026-08-21T13:53:00+02:00,codex.r014.id-ID,,ttp.r014.unit.thm.chinese-remainder,covers,ttp.concept.multiplication,1182,,high
r014.backend.record,1.0.0,ttp.r014.relation.1183,relation,active,ttp.r014.yaintt,ttp.r014.yaintt,,und,2026-08-21T13:53:00+02:00,codex.r014.id-ID,,ttp.r014.unit.thm.chinese-remainder.proof,covers,ttp.concept.chinese_remainder_theorem,1183,,high
r014.backend.record,1.0.0,ttp.r014.relation.1184,relation,active,ttp.r014.yaintt,ttp.r014.yaintt,,und,2026-08-21T13:53:00+02:00,codex.r014.id-ID,,ttp.r014.unit.thm.chinese-remainder.proof,covers,ttp.concept.system_of_congruences,1184,,high
r014.backend.record,1.0.0,ttp.r014.relation.1185,relation,active,ttp.r014.yaintt,ttp.r014.yaintt,,und,2026-08-21T13:53:00+02:00,codex.r014.id-ID,,ttp.r014.unit.thm.chinese-remainder.proof,covers,ttp.concept.modulo,1185,,high
r014.backend.record,1.0.0,ttp.r014.relation.1186,relation,active,ttp.r014.yaintt,ttp.r014.yaintt,,und,2026-08-21T13:53:00+02:00,codex.r014.id-ID,,ttp.r014.unit.thm.chinese-remainder.proof,covers,ttp.concept.pairwise_relatively_prime,1186,,high
r014.backend.record,1.0.0,ttp.r014.relation.1187,relation,active,ttp.r014.yaintt,ttp.r014.yaintt,,und,2026-08-21T13:53:00+02:00,codex.r014.id-ID,,ttp.r014.unit.thm.chinese-remainder.proof,covers,ttp.concept.relatively_prime,1187,,high
r014.backend.record,1.0.0,ttp.r014.relation.1188,relation,active,ttp.r014.yaintt,ttp.r014.yaintt,,und,2026-08-21T13:53:00+02:00,codex.r014.id-ID,,ttp.r014.unit.thm.chinese-remainder.proof,covers,ttp.concept.greatest_common_divisor,1188,,high
r014.backend.record,1.0.0,ttp.r014.relation.1189,relation,active,ttp.r014.yaintt,ttp.r014.yaintt,,und,2026-08-21T13:53:00+02:00,codex.r014.id-ID,,ttp.r014.unit.thm.chinese-remainder.proof,covers,ttp.concept.modular_inverse,1189,,high
r014.backend.record,1.0.0,ttp.r014.relation.1190,relation,active,ttp.r014.yaintt,ttp.r014.yaintt,,und,2026-08-21T13:53:00+02:00,codex.r014.id-ID,,ttp.r014.unit.thm.chinese-remainder.proof,covers,ttp.concept.divisibility,1190,,high
r014.backend.record,1.0.0,ttp.r014.relation.1191,relation,active,ttp.r014.yaintt,ttp.r014.yaintt,,und,2026-08-21T13:53:00+02:00,codex.r014.id-ID,,ttp.r014.unit.thm.chinese-remainder.proof,covers,ttp.concept.multiplication,1191,,high
r014.backend.record,1.0.0,ttp.r014.relation.1192,relation,active,ttp.r014.yaintt,ttp.r014.yaintt,,und,2026-08-21T13:53:00+02:00,codex.r014.id-ID,,ttp.r014.unit.thm.chinese-remainder.proof,covers,ttp.concept.mathematical_induction,1192,,high
r014.backend.record,1.0.0,ttp.r014.relation.1193,relation,active,ttp.r014.yaintt,ttp.r014.yaintt,,und,2026-08-21T13:53:00+02:00,codex.r014.id-ID,,ttp.r014.unit.eg.systemofcongs,covers,ttp.concept.chinese_remainder_theorem,1193,,high
r014.backend.record,1.0.0,ttp.r014.relation.1194,relation,active,ttp.r014.yaintt,ttp.r014.yaintt,,und,2026-08-21T13:53:00+02:00,codex.r014.id-ID,,ttp.r014.unit.eg.systemofcongs,covers,ttp.concept.system_of_congruences,1194,,high
r014.backend.record,1.0.0,ttp.r014.relation.1195,relation,active,ttp.r014.yaintt,ttp.r014.yaintt,,und,2026-08-21T13:53:00+02:00,codex.r014.id-ID,,ttp.r014.unit.eg.systemofcongs,covers,ttp.concept.modulo,1195,,high
r014.backend.record,1.0.0,ttp.r014.relation.1196,relation,active,ttp.r014.yaintt,ttp.r014.yaintt,,und,2026-08-21T13:53:00+02:00,codex.r014.id-ID,,ttp.r014.unit.eg.systemofcongs,covers,ttp.concept.modular_inverse,1196,,high
r014.backend.record,1.0.0,ttp.r014.relation.1197,relation,active,ttp.r014.yaintt,ttp.r014.yaintt,,und,2026-08-21T13:53:00+02:00,codex.r014.id-ID,,ttp.r014.unit.eg.systemofcongs,covers,ttp.concept.multiplication,1197,,high
r014.backend.record,1.0.0,ttp.r014.relation.1198,relation,active,ttp.r014.yaintt,ttp.r014.yaintt,,und,2026-08-21T13:53:00+02:00,codex.r014.id-ID,,ttp.r014.unit.sec.crt.exercises,covers,ttp.concept.chinese_remainder_theorem,1198,,high
r014.backend.record,1.0.0,ttp.r014.relation.1199,relation,active,ttp.r014.yaintt,ttp.r014.yaintt,,und,2026-08-21T13:53:00+02:00,codex.r014.id-ID,,ttp.r014.unit.sec.crt.exercises,covers,ttp.concept.system_of_congruences,1199,,high
r014.backend.record,1.0.0,ttp.r014.relation.1200,relation,active,ttp.r014.yaintt,ttp.r014.yaintt,,und,2026-08-21T13:53:00+02:00,codex.r014.id-ID,,ttp.r014.unit.sec.crt.exercise.01,covers,ttp.concept.chinese_remainder_theorem,1200,,high
r014.backend.record,1.0.0,ttp.r014.relation.1201,relation,active,ttp.r014.yaintt,ttp.r014.yaintt,,und,2026-08-21T13:53:00+02:00,codex.r014.id-ID,,ttp.r014.unit.sec.crt.exercise.01,covers,ttp.concept.system_of_congruences,1201,,high
r014.backend.record,1.0.0,ttp.r014.relation.1202,relation,active,ttp.r014.yaintt,ttp.r014.yaintt,,und,2026-08-21T13:53:00+02:00,codex.r014.id-ID,,ttp.r014.unit.sec.crt.exercise.01,covers,ttp.concept.modulo,1202,,high
r014.backend.record,1.0.0,ttp.r014.relation.1203,relation,active,ttp.r014.yaintt,ttp.r014.yaintt,,und,2026-08-21T13:53:00+02:00,codex.r014.id-ID,,ttp.r014.unit.sec.crt.exercise.01,covers,ttp.concept.divisibility,1203,,high
r014.backend.record,1.0.0,ttp.r014.relation.1204,relation,active,ttp.r014.yaintt,ttp.r014.yaintt,,und,2026-08-21T13:53:00+02:00,codex.r014.id-ID,,ttp.r014.unit.sec.crt.exercise.02,covers,ttp.concept.chinese_remainder_theorem,1204,,high
r014.backend.record,1.0.0,ttp.r014.relation.1205,relation,active,ttp.r014.yaintt,ttp.r014.yaintt,,und,2026-08-21T13:53:00+02:00,codex.r014.id-ID,,ttp.r014.unit.sec.crt.exercise.02,covers,ttp.concept.system_of_congruences,1205,,high
r014.backend.record,1.0.0,ttp.r014.relation.1206,relation,active,ttp.r014.yaintt,ttp.r014.yaintt,,und,2026-08-21T13:53:00+02:00,codex.r014.id-ID,,ttp.r014.unit.sec.crt.exercise.02,covers,ttp.concept.modulo,1206,,high
r014.backend.record,1.0.0,ttp.r014.relation.1207,relation,active,ttp.r014.yaintt,ttp.r014.yaintt,,und,2026-08-21T13:53:00+02:00,codex.r014.id-ID,,ttp.r014.unit.sec.crt.exercise.03,covers,ttp.concept.chinese_remainder_theorem,1207,,high
r014.backend.record,1.0.0,ttp.r014.relation.1208,relation,active,ttp.r014.yaintt,ttp.r014.yaintt,,und,2026-08-21T13:53:00+02:00,codex.r014.id-ID,,ttp.r014.unit.sec.crt.exercise.03,covers,ttp.concept.system_of_congruences,1208,,high
r014.backend.record,1.0.0,ttp.r014.relation.1209,relation,active,ttp.r014.yaintt,ttp.r014.yaintt,,und,2026-08-21T13:53:00+02:00,codex.r014.id-ID,,ttp.r014.unit.sec.crt.exercise.03,covers,ttp.concept.modulo,1209,,high
r014.backend.record,1.0.0,ttp.r014.relation.1210,relation,active,ttp.r014.yaintt,ttp.r014.yaintt,,und,2026-08-21T13:53:00+02:00,codex.r014.id-ID,,ttp.r014.unit.sec.crt.exercise.04,covers,ttp.concept.chinese_remainder_theorem,1210,,high
r014.backend.record,1.0.0,ttp.r014.relation.1211,relation,active,ttp.r014.yaintt,ttp.r014.yaintt,,und,2026-08-21T13:53:00+02:00,codex.r014.id-ID,,ttp.r014.unit.sec.crt.exercise.04,covers,ttp.concept.system_of_congruences,1211,,high
r014.backend.record,1.0.0,ttp.r014.relation.1212,relation,active,ttp.r014.yaintt,ttp.r014.yaintt,,und,2026-08-21T13:53:00+02:00,codex.r014.id-ID,,ttp.r014.unit.sec.crt.exercise.04,covers,ttp.concept.modulo,1212,,high
r014.backend.record,1.0.0,ttp.r014.relation.1213,relation,active,ttp.r014.yaintt,ttp.r014.yaintt,,und,2026-08-21T13:53:00+02:00,codex.r014.id-ID,,ttp.r014.unit.sec.crt.exercise.04,covers,ttp.concept.divisibility,1213,,high
r014.backend.record,1.0.0,ttp.r014.relation.1214,relation,active,ttp.r014.yaintt,ttp.r014.yaintt,,und,2026-08-21T13:53:00+02:00,codex.r014.id-ID,,ttp.concept.congruence,prerequisite_for,ttp.concept.system_of_congruences,1214,,high
r014.backend.record,1.0.0,ttp.r014.relation.1215,relation,active,ttp.r014.yaintt,ttp.r014.yaintt,,und,2026-08-21T13:53:00+02:00,codex.r014.id-ID,,ttp.concept.modulo,prerequisite_for,ttp.concept.system_of_congruences,1215,,high
r014.backend.record,1.0.0,ttp.r014.relation.1216,relation,active,ttp.r014.yaintt,ttp.r014.yaintt,,und,2026-08-21T13:53:00+02:00,codex.r014.id-ID,,ttp.r014.unit.eg.systemofcongs,illustrates,ttp.concept.system_of_congruences,1216,,high
r014.backend.record,1.0.0,ttp.r014.relation.1217,relation,active,ttp.r014.yaintt,ttp.r014.yaintt,,und,2026-08-21T13:53:00+02:00,codex.r014.id-ID,,ttp.r014.edition.id-id.boundary9,translates,ttp.r014.edition.source.2014-05-07,1217,,high
r014.backend.record,1.0.0,ttp.r014.relation.1218,relation,active,ttp.r014.yaintt,ttp.r014.yaintt,,und,2026-08-21T13:53:00+02:00,codex.r014.id-ID,,ttp.r014.edition.id-id.boundary9,adapts,ttp.r014.edition.source.2014-05-07,1218,,high
r014.backend.record,1.0.0,ttp.r014.relation.1219,relation,active,ttp.r014.yaintt,ttp.r014.yaintt,,und,2026-08-21T13:53:00+02:00,codex.r014.id-ID,,ttp.r014.edition.id-id.boundary9,depends_on,ttp.r014.asset.authority.yaintt_tex,1219,,high
r014.backend.record,1.0.0,ttp.r014.relation.1220,relation,active,ttp.r014.yaintt,ttp.r014.yaintt,,und,2026-08-21T13:53:00+02:00,codex.r014.id-ID,,ttp.r014.edition.id-id.boundary9,depends_on,ttp.r014.asset.authority.refs_bib,1220,,high
r014.backend.record,1.0.0,ttp.r014.relation.1221,relation,active,ttp.r014.yaintt,ttp.r014.yaintt,,und,2026-08-21T13:53:00+02:00,codex.r014.id-ID,,ttp.r014.edition.id-id.boundary9,depends_on,ttp.r014.asset.authority.cover_art_eps,1221,,high
r014.backend.record,1.0.0,ttp.r014.relation.1222,relation,active,ttp.r014.yaintt,ttp.r014.yaintt,,und,2026-08-21T13:53:00+02:00,codex.r014.id-ID,,ttp.r014.edition.id-id.boundary9,depends_on,ttp.r014.asset.authority.dbend_eps,1222,,high
r014.backend.record,1.0.0,ttp.r014.relation.1223,relation,active,ttp.r014.yaintt,ttp.r014.yaintt,,und,2026-08-21T13:53:00+02:00,codex.r014.id-ID,,ttp.r014.edition.id-id.boundary9,depends_on,ttp.r014.asset.authority.eng_freq_hist_eps,1223,,high
r014.backend.record,1.0.0,ttp.r014.relation.1224,relation,active,ttp.r014.yaintt,ttp.r014.yaintt,,und,2026-08-21T13:53:00+02:00,codex.r014.id-ID,,ttp.r014.edition.id-id.boundary9,depends_on,ttp.r014.asset.authority.hamhip_freqs_eps,1224,,high
r014.backend.record,1.0.0,ttp.r014.relation.1225,relation,active,ttp.r014.yaintt,ttp.r014.yaintt,,und,2026-08-21T13:53:00+02:00,codex.r014.id-ID,,ttp.r014.edition.id-id.boundary9,depends_on,ttp.r014.asset.authority.samp_cct_hist_eps,1225,,high
r014.backend.record,1.0.0,ttp.r014.relation.1226,relation,active,ttp.r014.yaintt,ttp.r014.yaintt,,und,2026-08-21T13:53:00+02:00,codex.r014.id-ID,,ttp.r014.edition.id-id.boundary9,depends_on,ttp.r014.asset.authority.scytale_eps,1226,,high
r014.backend.record,1.0.0,ttp.r014.relation.1227,relation,active,ttp.r014.yaintt,ttp.r014.yaintt,,und,2026-08-21T13:53:00+02:00,codex.r014.id-ID,,ttp.r014.edition.id-id.boundary9,depends_on,ttp.r014.asset.authority.seadk_cct_eps,1227,,high
r014.backend.record,1.0.0,ttp.r014.relation.1228,relation,active,ttp.r014.yaintt,ttp.r014.yaintt,,und,2026-08-21T13:53:00+02:00,codex.r014.id-ID,,ttp.r014.edition.id-id.boundary9,depends_on,ttp.r014.asset.authority.seadk_hamhip_eps,1228,,high
r014.backend.record,1.0.0,ttp.r014.relation.1229,relation,active,ttp.r014.yaintt,ttp.r014.yaintt,,und,2026-08-21T13:53:00+02:00,codex.r014.id-ID,,ttp.r014.edition.id-id.boundary9,depends_on,ttp.r014.asset.authority.seadk_rkkrt_eps,1229,,high
r014.backend.record,1.0.0,ttp.r014.relation.1230,relation,active,ttp.r014.yaintt,ttp.r014.yaintt,,und,2026-08-21T13:53:00+02:00,codex.r014.id-ID,,ttp.r014.unit.chap.cs,contains,ttp.r014.unit.sec.awtwwc,1230,,high
r014.backend.record,1.0.0,ttp.r014.relation.1231,relation,active,ttp.r014.yaintt,ttp.r014.yaintt,,und,2026-08-21T13:53:00+02:00,codex.r014.id-ID,,ttp.r014.unit.sec.awtwwc,contains,ttp.r014.unit.sec.awtwwc.discussion.01,1231,,high
r014.backend.record,1.0.0,ttp.r014.relation.1232,relation,active,ttp.r014.yaintt,ttp.r014.yaintt,,und,2026-08-21T13:53:00+02:00,codex.r014.id-ID,,ttp.r014.unit.sec.awtwwc,contains,ttp.r014.unit.def.equivalence-relation,1232,,high
r014.backend.record,1.0.0,ttp.r014.relation.1233,relation,active,ttp.r014.yaintt,ttp.r014.yaintt,,und,2026-08-21T13:53:00+02:00,codex.r014.id-ID,,ttp.r014.unit.sec.awtwwc,contains,ttp.r014.unit.thm.equivalence-classes-disjoint-or-equal,1233,,high
r014.backend.record,1.0.0,ttp.r014.relation.1234,relation,active,ttp.r014.yaintt,ttp.r014.yaintt,,und,2026-08-21T13:53:00+02:00,codex.r014.id-ID,,ttp.r014.unit.thm.equivalence-classes-disjoint-or-equal,contains,ttp.r014.unit.thm.equivalence-classes-disjoint-or-equal.proof,1234,,high
r014.backend.record,1.0.0,ttp.r014.relation.1235,relation,active,ttp.r014.yaintt,ttp.r014.yaintt,,und,2026-08-21T13:53:00+02:00,codex.r014.id-ID,,ttp.r014.unit.sec.awtwwc,contains,ttp.r014.unit.eg.rationals,1235,,high
r014.backend.record,1.0.0,ttp.r014.relation.1236,relation,active,ttp.r014.yaintt,ttp.r014.yaintt,,und,2026-08-21T13:53:00+02:00,codex.r014.id-ID,,ttp.r014.unit.sec.awtwwc,contains,ttp.r014.unit.sec.awtwwc.discussion.02,1236,,high
r014.backend.record,1.0.0,ttp.r014.relation.1237,relation,active,ttp.r014.yaintt,ttp.r014.yaintt,,und,2026-08-21T13:53:00+02:00,codex.r014.id-ID,,ttp.r014.unit.sec.awtwwc,contains,ttp.r014.unit.prop.congruence-equivalence-relation,1237,,high
r014.backend.record,1.0.0,ttp.r014.relation.1238,relation,active,ttp.r014.yaintt,ttp.r014.yaintt,,und,2026-08-21T13:53:00+02:00,codex.r014.id-ID,,ttp.r014.unit.sec.awtwwc,contains,ttp.r014.unit.def.integers-mod-n,1238,,high
r014.backend.record,1.0.0,ttp.r014.relation.1239,relation,active,ttp.r014.yaintt,ttp.r014.yaintt,,und,2026-08-21T13:53:00+02:00,codex.r014.id-ID,,ttp.r014.unit.sec.awtwwc,contains,ttp.r014.unit.thm.integers-mod-n-representatives,1239,,high
r014.backend.record,1.0.0,ttp.r014.relation.1240,relation,active,ttp.r014.yaintt,ttp.r014.yaintt,,und,2026-08-21T13:53:00+02:00,codex.r014.id-ID,,ttp.r014.unit.thm.integers-mod-n-representatives,contains,ttp.r014.unit.thm.integers-mod-n-representatives.proof,1240,,high
r014.backend.record,1.0.0,ttp.r014.relation.1241,relation,active,ttp.r014.yaintt,ttp.r014.yaintt,,und,2026-08-21T13:53:00+02:00,codex.r014.id-ID,,ttp.r014.unit.sec.awtwwc,contains,ttp.r014.unit.sec.awtwwc.discussion.03,1241,,high
r014.backend.record,1.0.0,ttp.r014.relation.1242,relation,active,ttp.r014.yaintt,ttp.r014.yaintt,,und,2026-08-21T13:53:00+02:00,codex.r014.id-ID,,ttp.r014.unit.sec.awtwwc,contains,ttp.r014.unit.def.congruence-class-operations,1242,,high
r014.backend.record,1.0.0,ttp.r014.relation.1243,relation,active,ttp.r014.yaintt,ttp.r014.yaintt,,und,2026-08-21T13:53:00+02:00,codex.r014.id-ID,,ttp.r014.unit.sec.awtwwc,contains,ttp.r014.unit.thm.plustimeswelldefined,1243,,high
r014.backend.record,1.0.0,ttp.r014.relation.1244,relation,active,ttp.r014.yaintt,ttp.r014.yaintt,,und,2026-08-21T13:53:00+02:00,codex.r014.id-ID,,ttp.r014.unit.thm.plustimeswelldefined,contains,ttp.r014.unit.thm.plustimeswelldefined.proof,1244,,high
r014.backend.record,1.0.0,ttp.r014.relation.1245,relation,active,ttp.r014.yaintt,ttp.r014.yaintt,,und,2026-08-21T13:53:00+02:00,codex.r014.id-ID,,ttp.r014.unit.sec.awtwwc,contains,ttp.r014.unit.sec.awtwwc.discussion.04,1245,,high
r014.backend.record,1.0.0,ttp.r014.relation.1246,relation,active,ttp.r014.yaintt,ttp.r014.yaintt,,und,2026-08-21T13:53:00+02:00,codex.r014.id-ID,,ttp.r014.unit.sec.awtwwc,contains,ttp.r014.unit.thm.plustimesproperties,1246,,high
r014.backend.record,1.0.0,ttp.r014.relation.1247,relation,active,ttp.r014.yaintt,ttp.r014.yaintt,,und,2026-08-21T13:53:00+02:00,codex.r014.id-ID,,ttp.r014.unit.thm.plustimesproperties,contains,ttp.r014.unit.thm.plustimesproperties.proof,1247,,high
r014.backend.record,1.0.0,ttp.r014.relation.1248,relation,active,ttp.r014.yaintt,ttp.r014.yaintt,,und,2026-08-21T13:53:00+02:00,codex.r014.id-ID,,ttp.r014.unit.sec.awtwwc,contains,ttp.r014.unit.sec.awtwwc.discussion.05,1248,,high
r014.backend.record,1.0.0,ttp.r014.relation.1249,relation,active,ttp.r014.yaintt,ttp.r014.yaintt,,und,2026-08-21T13:53:00+02:00,codex.r014.id-ID,,ttp.r014.unit.sec.awtwwc,contains,ttp.r014.unit.thm.linear-congruence-classes,1249,,high
r014.backend.record,1.0.0,ttp.r014.relation.1250,relation,active,ttp.r014.yaintt,ttp.r014.yaintt,,und,2026-08-21T13:53:00+02:00,codex.r014.id-ID,,ttp.r014.unit.thm.linear-congruence-classes,contains,ttp.r014.unit.thm.linear-congruence-classes.proof,1250,,high
r014.backend.record,1.0.0,ttp.r014.relation.1251,relation,active,ttp.r014.yaintt,ttp.r014.yaintt,,und,2026-08-21T13:53:00+02:00,codex.r014.id-ID,,ttp.r014.unit.sec.awtwwc,contains,ttp.r014.unit.sec.awtwwc.exercises,1251,,high
r014.backend.record,1.0.0,ttp.r014.relation.1252,relation,active,ttp.r014.yaintt,ttp.r014.yaintt,,und,2026-08-21T13:53:00+02:00,codex.r014.id-ID,,ttp.r014.unit.sec.awtwwc.exercises,contains,ttp.r014.unit.sec.awtwwc.exercise.01,1252,,high
r014.backend.record,1.0.0,ttp.r014.relation.1253,relation,active,ttp.r014.yaintt,ttp.r014.yaintt,,und,2026-08-21T13:53:00+02:00,codex.r014.id-ID,,ttp.r014.unit.sec.awtwwc.exercises,contains,ttp.r014.unit.sec.awtwwc.exercise.02,1253,,high
r014.backend.record,1.0.0,ttp.r014.relation.1254,relation,active,ttp.r014.yaintt,ttp.r014.yaintt,,und,2026-08-21T13:53:00+02:00,codex.r014.id-ID,,ttp.r014.unit.sec.awtwwc.exercises,contains,ttp.r014.unit.sec.awtwwc.exercise.03,1254,,high
r014.backend.record,1.0.0,ttp.r014.relation.1255,relation,active,ttp.r014.yaintt,ttp.r014.yaintt,,und,2026-08-21T13:53:00+02:00,codex.r014.id-ID,,ttp.r014.unit.sec.awtwwc.exercises,contains,ttp.r014.unit.sec.awtwwc.exercise.04,1255,,high
r014.backend.record,1.0.0,ttp.r014.relation.1256,relation,active,ttp.r014.yaintt,ttp.r014.yaintt,,und,2026-08-21T13:53:00+02:00,codex.r014.id-ID,,ttp.r014.unit.sec.crt,precedes,ttp.r014.unit.sec.awtwwc,1256,,high
r014.backend.record,1.0.0,ttp.r014.relation.1257,relation,active,ttp.r014.yaintt,ttp.r014.yaintt,,und,2026-08-21T13:53:00+02:00,codex.r014.id-ID,,ttp.r014.unit.sec.awtwwc.discussion.01,precedes,ttp.r014.unit.def.equivalence-relation,1257,,high
r014.backend.record,1.0.0,ttp.r014.relation.1258,relation,active,ttp.r014.yaintt,ttp.r014.yaintt,,und,2026-08-21T13:53:00+02:00,codex.r014.id-ID,,ttp.r014.unit.def.equivalence-relation,precedes,ttp.r014.unit.thm.equivalence-classes-disjoint-or-equal,1258,,high
r014.backend.record,1.0.0,ttp.r014.relation.1259,relation,active,ttp.r014.yaintt,ttp.r014.yaintt,,und,2026-08-21T13:53:00+02:00,codex.r014.id-ID,,ttp.r014.unit.thm.equivalence-classes-disjoint-or-equal,precedes,ttp.r014.unit.eg.rationals,1259,,high
r014.backend.record,1.0.0,ttp.r014.relation.1260,relation,active,ttp.r014.yaintt,ttp.r014.yaintt,,und,2026-08-21T13:53:00+02:00,codex.r014.id-ID,,ttp.r014.unit.eg.rationals,precedes,ttp.r014.unit.sec.awtwwc.discussion.02,1260,,high
r014.backend.record,1.0.0,ttp.r014.relation.1261,relation,active,ttp.r014.yaintt,ttp.r014.yaintt,,und,2026-08-21T13:53:00+02:00,codex.r014.id-ID,,ttp.r014.unit.sec.awtwwc.discussion.02,precedes,ttp.r014.unit.prop.congruence-equivalence-relation,1261,,high
r014.backend.record,1.0.0,ttp.r014.relation.1262,relation,active,ttp.r014.yaintt,ttp.r014.yaintt,,und,2026-08-21T13:53:00+02:00,codex.r014.id-ID,,ttp.r014.unit.prop.congruence-equivalence-relation,precedes,ttp.r014.unit.def.integers-mod-n,1262,,high
r014.backend.record,1.0.0,ttp.r014.relation.1263,relation,active,ttp.r014.yaintt,ttp.r014.yaintt,,und,2026-08-21T13:53:00+02:00,codex.r014.id-ID,,ttp.r014.unit.def.integers-mod-n,precedes,ttp.r014.unit.thm.integers-mod-n-representatives,1263,,high
r014.backend.record,1.0.0,ttp.r014.relation.1264,relation,active,ttp.r014.yaintt,ttp.r014.yaintt,,und,2026-08-21T13:53:00+02:00,codex.r014.id-ID,,ttp.r014.unit.thm.integers-mod-n-representatives,precedes,ttp.r014.unit.sec.awtwwc.discussion.03,1264,,high
r014.backend.record,1.0.0,ttp.r014.relation.1265,relation,active,ttp.r014.yaintt,ttp.r014.yaintt,,und,2026-08-21T13:53:00+02:00,codex.r014.id-ID,,ttp.r014.unit.sec.awtwwc.discussion.03,precedes,ttp.r014.unit.def.congruence-class-operations,1265,,high
r014.backend.record,1.0.0,ttp.r014.relation.1266,relation,active,ttp.r014.yaintt,ttp.r014.yaintt,,und,2026-08-21T13:53:00+02:00,codex.r014.id-ID,,ttp.r014.unit.def.congruence-class-operations,precedes,ttp.r014.unit.thm.plustimeswelldefined,1266,,high
r014.backend.record,1.0.0,ttp.r014.relation.1267,relation,active,ttp.r014.yaintt,ttp.r014.yaintt,,und,2026-08-21T13:53:00+02:00,codex.r014.id-ID,,ttp.r014.unit.thm.plustimeswelldefined,precedes,ttp.r014.unit.sec.awtwwc.discussion.04,1267,,high
r014.backend.record,1.0.0,ttp.r014.relation.1268,relation,active,ttp.r014.yaintt,ttp.r014.yaintt,,und,2026-08-21T13:53:00+02:00,codex.r014.id-ID,,ttp.r014.unit.sec.awtwwc.discussion.04,precedes,ttp.r014.unit.thm.plustimesproperties,1268,,high
r014.backend.record,1.0.0,ttp.r014.relation.1269,relation,active,ttp.r014.yaintt,ttp.r014.yaintt,,und,2026-08-21T13:53:00+02:00,codex.r014.id-ID,,ttp.r014.unit.thm.plustimesproperties,precedes,ttp.r014.unit.sec.awtwwc.discussion.05,1269,,high
r014.backend.record,1.0.0,ttp.r014.relation.1270,relation,active,ttp.r014.yaintt,ttp.r014.yaintt,,und,2026-08-21T13:53:00+02:00,codex.r014.id-ID,,ttp.r014.unit.sec.awtwwc.discussion.05,precedes,ttp.r014.unit.thm.linear-congruence-classes,1270,,high
r014.backend.record,1.0.0,ttp.r014.relation.1271,relation,active,ttp.r014.yaintt,ttp.r014.yaintt,,und,2026-08-21T13:53:00+02:00,codex.r014.id-ID,,ttp.r014.unit.thm.linear-congruence-classes,precedes,ttp.r014.unit.sec.awtwwc.exercises,1271,,high
r014.backend.record,1.0.0,ttp.r014.relation.1272,relation,active,ttp.r014.yaintt,ttp.r014.yaintt,,und,2026-08-21T13:53:00+02:00,codex.r014.id-ID,,ttp.r014.unit.sec.awtwwc.exercise.01,precedes,ttp.r014.unit.sec.awtwwc.exercise.02,1272,,high
r014.backend.record,1.0.0,ttp.r014.relation.1273,relation,active,ttp.r014.yaintt,ttp.r014.yaintt,,und,2026-08-21T13:53:00+02:00,codex.r014.id-ID,,ttp.r014.unit.sec.awtwwc.exercise.02,precedes,ttp.r014.unit.sec.awtwwc.exercise.03,1273,,high
r014.backend.record,1.0.0,ttp.r014.relation.1274,relation,active,ttp.r014.yaintt,ttp.r014.yaintt,,und,2026-08-21T13:53:00+02:00,codex.r014.id-ID,,ttp.r014.unit.sec.awtwwc.exercise.03,precedes,ttp.r014.unit.sec.awtwwc.exercise.04,1274,,high
r014.backend.record,1.0.0,ttp.r014.relation.1275,relation,active,ttp.r014.yaintt,ttp.r014.yaintt,,und,2026-08-21T13:53:00+02:00,codex.r014.id-ID,,ttp.r014.correction.0037,corrects,ttp.r014.unit.def.equivalence-relation,1275,,high
r014.backend.record,1.0.0,ttp.r014.relation.1276,relation,active,ttp.r014.yaintt,ttp.r014.yaintt,,und,2026-08-21T13:53:00+02:00,codex.r014.id-ID,,ttp.r014.correction.0038,corrects,ttp.r014.unit.thm.equivalence-classes-disjoint-or-equal.proof,1276,,high
r014.backend.record,1.0.0,ttp.r014.relation.1277,relation,active,ttp.r014.yaintt,ttp.r014.yaintt,,und,2026-08-21T13:53:00+02:00,codex.r014.id-ID,,ttp.r014.correction.0039,corrects,ttp.r014.unit.def.congruence-class-operations,1277,,high
r014.backend.record,1.0.0,ttp.r014.relation.1278,relation,active,ttp.r014.yaintt,ttp.r014.yaintt,,und,2026-08-21T13:53:00+02:00,codex.r014.id-ID,,ttp.r014.correction.0040,corrects,ttp.r014.unit.sec.awtwwc.discussion.05,1278,,high
r014.backend.record,1.0.0,ttp.r014.relation.1279,relation,active,ttp.r014.yaintt,ttp.r014.yaintt,,und,2026-08-21T13:53:00+02:00,codex.r014.id-ID,,ttp.r014.correction.0041,corrects,ttp.r014.unit.sec.awtwwc.exercise.01,1279,,high
r014.backend.record,1.0.0,ttp.r014.relation.1280,relation,active,ttp.r014.yaintt,ttp.r014.yaintt,,und,2026-08-21T13:53:00+02:00,codex.r014.id-ID,,ttp.r014.unit.thm.equivalence-classes-disjoint-or-equal.proof,proves,ttp.r014.unit.thm.equivalence-classes-disjoint-or-equal,1280,,high
r014.backend.record,1.0.0,ttp.r014.relation.1281,relation,active,ttp.r014.yaintt,ttp.r014.yaintt,,und,2026-08-21T13:53:00+02:00,codex.r014.id-ID,,ttp.r014.unit.thm.integers-mod-n-representatives.proof,proves,ttp.r014.unit.thm.integers-mod-n-representatives,1281,,high
r014.backend.record,1.0.0,ttp.r014.relation.1282,relation,active,ttp.r014.yaintt,ttp.r014.yaintt,,und,2026-08-21T13:53:00+02:00,codex.r014.id-ID,,ttp.r014.unit.thm.plustimeswelldefined.proof,proves,ttp.r014.unit.thm.plustimeswelldefined,1282,,high
r014.backend.record,1.0.0,ttp.r014.relation.1283,relation,active,ttp.r014.yaintt,ttp.r014.yaintt,,und,2026-08-21T13:53:00+02:00,codex.r014.id-ID,,ttp.r014.unit.thm.plustimesproperties.proof,proves,ttp.r014.unit.thm.plustimesproperties,1283,,high
r014.backend.record,1.0.0,ttp.r014.relation.1284,relation,active,ttp.r014.yaintt,ttp.r014.yaintt,,und,2026-08-21T13:53:00+02:00,codex.r014.id-ID,,ttp.r014.unit.thm.linear-congruence-classes.proof,proves,ttp.r014.unit.thm.linear-congruence-classes,1284,,high
r014.backend.record,1.0.0,ttp.r014.relation.1285,relation,active,ttp.r014.yaintt,ttp.r014.yaintt,,und,2026-08-21T13:53:00+02:00,codex.r014.id-ID,,ttp.r014.unit.eg.rationals,illustrates,ttp.r014.unit.def.equivalence-relation,1285,,high
r014.backend.record,1.0.0,ttp.r014.relation.1286,relation,active,ttp.r014.yaintt,ttp.r014.yaintt,,und,2026-08-21T13:53:00+02:00,codex.r014.id-ID,,ttp.r014.unit.prop.congruence-equivalence-relation,illustrates,ttp.r014.unit.def.equivalence-relation,1286,,high
r014.backend.record,1.0.0,ttp.r014.relation.1287,relation,active,ttp.r014.yaintt,ttp.r014.yaintt,,und,2026-08-21T13:53:00+02:00,codex.r014.id-ID,,ttp.r014.unit.thm.plustimeswelldefined.proof,references,ttp.r014.unit.thm.basiccongprops,1287,,high
r014.backend.record,1.0.0,ttp.r014.relation.1288,relation,active,ttp.r014.yaintt,ttp.r014.yaintt,,und,2026-08-21T13:53:00+02:00,codex.r014.id-ID,,ttp.r014.unit.thm.plustimesproperties.proof,references,ttp.r014.unit.cor.modinv,1288,,high
r014.backend.record,1.0.0,ttp.r014.relation.1289,relation,active,ttp.r014.yaintt,ttp.r014.yaintt,,und,2026-08-21T13:53:00+02:00,codex.r014.id-ID,,ttp.r014.unit.sec.awtwwc.discussion.05,references,ttp.r014.unit.cor.modinv,1289,,high
r014.backend.record,1.0.0,ttp.r014.relation.1290,relation,active,ttp.r014.yaintt,ttp.r014.yaintt,,und,2026-08-21T13:53:00+02:00,codex.r014.id-ID,,ttp.r014.unit.thm.linear-congruence-classes.proof,references,ttp.r014.unit.thm.basiclincongs,1290,,high
r014.backend.record,1.0.0,ttp.r014.relation.1291,relation,active,ttp.r014.yaintt,ttp.r014.yaintt,,und,2026-08-21T13:53:00+02:00,codex.r014.id-ID,,ttp.r014.unit.sec.awtwwc.exercises,references,ttp.r014.unit.sec.awtwwc,1291,,high
r014.backend.record,1.0.0,ttp.r014.relation.1292,relation,active,ttp.r014.yaintt,ttp.r014.yaintt,,und,2026-08-21T13:53:00+02:00,codex.r014.id-ID,,ttp.r014.unit.sec.awtwwc.exercise.01,references,ttp.r014.unit.eg.rationals,1292,,high
r014.backend.record,1.0.0,ttp.r014.relation.1293,relation,active,ttp.r014.yaintt,ttp.r014.yaintt,,und,2026-08-21T13:53:00+02:00,codex.r014.id-ID,,ttp.r014.unit.sec.awtwwc.exercise.01,references,ttp.r014.unit.thm.plustimeswelldefined,1293,,high
r014.backend.record,1.0.0,ttp.r014.relation.1294,relation,active,ttp.r014.yaintt,ttp.r014.yaintt,,und,2026-08-21T13:53:00+02:00,codex.r014.id-ID,,ttp.r014.unit.sec.awtwwc.exercise.04,references,ttp.r014.unit.sec.itc,1294,,high
r014.backend.record,1.0.0,ttp.r014.relation.1295,relation,active,ttp.r014.yaintt,ttp.r014.yaintt,,und,2026-08-21T13:53:00+02:00,codex.r014.id-ID,,ttp.r014.unit.sec.awtwwc.exercise.04,references,ttp.r014.unit.sec.lc,1295,,high
r014.backend.record,1.0.0,ttp.r014.relation.1296,relation,active,ttp.r014.yaintt,ttp.r014.yaintt,,und,2026-08-21T13:53:00+02:00,codex.r014.id-ID,,ttp.r014.unit.sec.awtwwc,covers,ttp.concept.equivalence_relation,1296,,high
r014.backend.record,1.0.0,ttp.r014.relation.1297,relation,active,ttp.r014.yaintt,ttp.r014.yaintt,,und,2026-08-21T13:53:00+02:00,codex.r014.id-ID,,ttp.r014.unit.sec.awtwwc,covers,ttp.concept.reflexivity,1297,,high
r014.backend.record,1.0.0,ttp.r014.relation.1298,relation,active,ttp.r014.yaintt,ttp.r014.yaintt,,und,2026-08-21T13:53:00+02:00,codex.r014.id-ID,,ttp.r014.unit.sec.awtwwc,covers,ttp.concept.symmetry,1298,,high
r014.backend.record,1.0.0,ttp.r014.relation.1299,relation,active,ttp.r014.yaintt,ttp.r014.yaintt,,und,2026-08-21T13:53:00+02:00,codex.r014.id-ID,,ttp.r014.unit.sec.awtwwc,covers,ttp.concept.transitivity,1299,,high
r014.backend.record,1.0.0,ttp.r014.relation.1300,relation,active,ttp.r014.yaintt,ttp.r014.yaintt,,und,2026-08-21T13:53:00+02:00,codex.r014.id-ID,,ttp.r014.unit.sec.awtwwc,covers,ttp.concept.equivalence_class,1300,,high
r014.backend.record,1.0.0,ttp.r014.relation.1301,relation,active,ttp.r014.yaintt,ttp.r014.yaintt,,und,2026-08-21T13:53:00+02:00,codex.r014.id-ID,,ttp.r014.unit.sec.awtwwc,covers,ttp.concept.class_representative,1301,,high
r014.backend.record,1.0.0,ttp.r014.relation.1302,relation,active,ttp.r014.yaintt,ttp.r014.yaintt,,und,2026-08-21T13:53:00+02:00,codex.r014.id-ID,,ttp.r014.unit.sec.awtwwc,covers,ttp.concept.integers_mod_n,1302,,high
r014.backend.record,1.0.0,ttp.r014.relation.1303,relation,active,ttp.r014.yaintt,ttp.r014.yaintt,,und,2026-08-21T13:53:00+02:00,codex.r014.id-ID,,ttp.r014.unit.sec.awtwwc,covers,ttp.concept.well_defined,1303,,high
r014.backend.record,1.0.0,ttp.r014.relation.1304,relation,active,ttp.r014.yaintt,ttp.r014.yaintt,,und,2026-08-21T13:53:00+02:00,codex.r014.id-ID,,ttp.r014.unit.sec.awtwwc,covers,ttp.concept.congruence,1304,,high
r014.backend.record,1.0.0,ttp.r014.relation.1305,relation,active,ttp.r014.yaintt,ttp.r014.yaintt,,und,2026-08-21T13:53:00+02:00,codex.r014.id-ID,,ttp.r014.unit.sec.awtwwc,covers,ttp.concept.congruence_class,1305,,high
r014.backend.record,1.0.0,ttp.r014.relation.1306,relation,active,ttp.r014.yaintt,ttp.r014.yaintt,,und,2026-08-21T13:53:00+02:00,codex.r014.id-ID,,ttp.r014.unit.sec.awtwwc,covers,ttp.concept.addition,1306,,high
r014.backend.record,1.0.0,ttp.r014.relation.1307,relation,active,ttp.r014.yaintt,ttp.r014.yaintt,,und,2026-08-21T13:53:00+02:00,codex.r014.id-ID,,ttp.r014.unit.sec.awtwwc,covers,ttp.concept.multiplication,1307,,high
r014.backend.record,1.0.0,ttp.r014.relation.1308,relation,active,ttp.r014.yaintt,ttp.r014.yaintt,,und,2026-08-21T13:53:00+02:00,codex.r014.id-ID,,ttp.r014.unit.sec.awtwwc.discussion.01,covers,ttp.concept.equivalence_relation,1308,,high
r014.backend.record,1.0.0,ttp.r014.relation.1309,relation,active,ttp.r014.yaintt,ttp.r014.yaintt,,und,2026-08-21T13:53:00+02:00,codex.r014.id-ID,,ttp.r014.unit.def.equivalence-relation,covers,ttp.concept.equivalence_relation,1309,,high
r014.backend.record,1.0.0,ttp.r014.relation.1310,relation,active,ttp.r014.yaintt,ttp.r014.yaintt,,und,2026-08-21T13:53:00+02:00,codex.r014.id-ID,,ttp.r014.unit.def.equivalence-relation,covers,ttp.concept.reflexivity,1310,,high
r014.backend.record,1.0.0,ttp.r014.relation.1311,relation,active,ttp.r014.yaintt,ttp.r014.yaintt,,und,2026-08-21T13:53:00+02:00,codex.r014.id-ID,,ttp.r014.unit.def.equivalence-relation,covers,ttp.concept.symmetry,1311,,high
r014.backend.record,1.0.0,ttp.r014.relation.1312,relation,active,ttp.r014.yaintt,ttp.r014.yaintt,,und,2026-08-21T13:53:00+02:00,codex.r014.id-ID,,ttp.r014.unit.def.equivalence-relation,covers,ttp.concept.transitivity,1312,,high
r014.backend.record,1.0.0,ttp.r014.relation.1313,relation,active,ttp.r014.yaintt,ttp.r014.yaintt,,und,2026-08-21T13:53:00+02:00,codex.r014.id-ID,,ttp.r014.unit.def.equivalence-relation,covers,ttp.concept.equivalence_class,1313,,high
r014.backend.record,1.0.0,ttp.r014.relation.1314,relation,active,ttp.r014.yaintt,ttp.r014.yaintt,,und,2026-08-21T13:53:00+02:00,codex.r014.id-ID,,ttp.r014.unit.def.equivalence-relation,covers,ttp.concept.class_representative,1314,,high
r014.backend.record,1.0.0,ttp.r014.relation.1315,relation,active,ttp.r014.yaintt,ttp.r014.yaintt,,und,2026-08-21T13:53:00+02:00,codex.r014.id-ID,,ttp.r014.unit.thm.equivalence-classes-disjoint-or-equal,covers,ttp.concept.equivalence_relation,1315,,high
r014.backend.record,1.0.0,ttp.r014.relation.1316,relation,active,ttp.r014.yaintt,ttp.r014.yaintt,,und,2026-08-21T13:53:00+02:00,codex.r014.id-ID,,ttp.r014.unit.thm.equivalence-classes-disjoint-or-equal,covers,ttp.concept.equivalence_class,1316,,high
r014.backend.record,1.0.0,ttp.r014.relation.1317,relation,active,ttp.r014.yaintt,ttp.r014.yaintt,,und,2026-08-21T13:53:00+02:00,codex.r014.id-ID,,ttp.r014.unit.thm.equivalence-classes-disjoint-or-equal.proof,covers,ttp.concept.equivalence_relation,1317,,high
r014.backend.record,1.0.0,ttp.r014.relation.1318,relation,active,ttp.r014.yaintt,ttp.r014.yaintt,,und,2026-08-21T13:53:00+02:00,codex.r014.id-ID,,ttp.r014.unit.thm.equivalence-classes-disjoint-or-equal.proof,covers,ttp.concept.reflexivity,1318,,high
r014.backend.record,1.0.0,ttp.r014.relation.1319,relation,active,ttp.r014.yaintt,ttp.r014.yaintt,,und,2026-08-21T13:53:00+02:00,codex.r014.id-ID,,ttp.r014.unit.thm.equivalence-classes-disjoint-or-equal.proof,covers,ttp.concept.symmetry,1319,,high
r014.backend.record,1.0.0,ttp.r014.relation.1320,relation,active,ttp.r014.yaintt,ttp.r014.yaintt,,und,2026-08-21T13:53:00+02:00,codex.r014.id-ID,,ttp.r014.unit.thm.equivalence-classes-disjoint-or-equal.proof,covers,ttp.concept.transitivity,1320,,high
r014.backend.record,1.0.0,ttp.r014.relation.1321,relation,active,ttp.r014.yaintt,ttp.r014.yaintt,,und,2026-08-21T13:53:00+02:00,codex.r014.id-ID,,ttp.r014.unit.thm.equivalence-classes-disjoint-or-equal.proof,covers,ttp.concept.equivalence_class,1321,,high
r014.backend.record,1.0.0,ttp.r014.relation.1322,relation,active,ttp.r014.yaintt,ttp.r014.yaintt,,und,2026-08-21T13:53:00+02:00,codex.r014.id-ID,,ttp.r014.unit.eg.rationals,covers,ttp.concept.equivalence_relation,1322,,high
r014.backend.record,1.0.0,ttp.r014.relation.1323,relation,active,ttp.r014.yaintt,ttp.r014.yaintt,,und,2026-08-21T13:53:00+02:00,codex.r014.id-ID,,ttp.r014.unit.eg.rationals,covers,ttp.concept.equivalence_class,1323,,high
r014.backend.record,1.0.0,ttp.r014.relation.1324,relation,active,ttp.r014.yaintt,ttp.r014.yaintt,,und,2026-08-21T13:53:00+02:00,codex.r014.id-ID,,ttp.r014.unit.eg.rationals,covers,ttp.concept.class_representative,1324,,high
r014.backend.record,1.0.0,ttp.r014.relation.1325,relation,active,ttp.r014.yaintt,ttp.r014.yaintt,,und,2026-08-21T13:53:00+02:00,codex.r014.id-ID,,ttp.r014.unit.sec.awtwwc.discussion.02,covers,ttp.concept.congruence,1325,,high
r014.backend.record,1.0.0,ttp.r014.relation.1326,relation,active,ttp.r014.yaintt,ttp.r014.yaintt,,und,2026-08-21T13:53:00+02:00,codex.r014.id-ID,,ttp.r014.unit.sec.awtwwc.discussion.02,covers,ttp.concept.equivalence_relation,1326,,high
r014.backend.record,1.0.0,ttp.r014.relation.1327,relation,active,ttp.r014.yaintt,ttp.r014.yaintt,,und,2026-08-21T13:53:00+02:00,codex.r014.id-ID,,ttp.r014.unit.sec.awtwwc.discussion.02,covers,ttp.concept.congruence_class,1327,,high
r014.backend.record,1.0.0,ttp.r014.relation.1328,relation,active,ttp.r014.yaintt,ttp.r014.yaintt,,und,2026-08-21T13:53:00+02:00,codex.r014.id-ID,,ttp.r014.unit.prop.congruence-equivalence-relation,covers,ttp.concept.congruence,1328,,high
r014.backend.record,1.0.0,ttp.r014.relation.1329,relation,active,ttp.r014.yaintt,ttp.r014.yaintt,,und,2026-08-21T13:53:00+02:00,codex.r014.id-ID,,ttp.r014.unit.prop.congruence-equivalence-relation,covers,ttp.concept.equivalence_relation,1329,,high
r014.backend.record,1.0.0,ttp.r014.relation.1330,relation,active,ttp.r014.yaintt,ttp.r014.yaintt,,und,2026-08-21T13:53:00+02:00,codex.r014.id-ID,,ttp.r014.unit.prop.congruence-equivalence-relation,covers,ttp.concept.reflexivity,1330,,high
r014.backend.record,1.0.0,ttp.r014.relation.1331,relation,active,ttp.r014.yaintt,ttp.r014.yaintt,,und,2026-08-21T13:53:00+02:00,codex.r014.id-ID,,ttp.r014.unit.prop.congruence-equivalence-relation,covers,ttp.concept.symmetry,1331,,high
r014.backend.record,1.0.0,ttp.r014.relation.1332,relation,active,ttp.r014.yaintt,ttp.r014.yaintt,,und,2026-08-21T13:53:00+02:00,codex.r014.id-ID,,ttp.r014.unit.prop.congruence-equivalence-relation,covers,ttp.concept.transitivity,1332,,high
r014.backend.record,1.0.0,ttp.r014.relation.1333,relation,active,ttp.r014.yaintt,ttp.r014.yaintt,,und,2026-08-21T13:53:00+02:00,codex.r014.id-ID,,ttp.r014.unit.def.integers-mod-n,covers,ttp.concept.integers_mod_n,1333,,high
r014.backend.record,1.0.0,ttp.r014.relation.1334,relation,active,ttp.r014.yaintt,ttp.r014.yaintt,,und,2026-08-21T13:53:00+02:00,codex.r014.id-ID,,ttp.r014.unit.def.integers-mod-n,covers,ttp.concept.congruence_class,1334,,high
r014.backend.record,1.0.0,ttp.r014.relation.1335,relation,active,ttp.r014.yaintt,ttp.r014.yaintt,,und,2026-08-21T13:53:00+02:00,codex.r014.id-ID,,ttp.r014.unit.def.integers-mod-n,covers,ttp.concept.modulo,1335,,high
r014.backend.record,1.0.0,ttp.r014.relation.1336,relation,active,ttp.r014.yaintt,ttp.r014.yaintt,,und,2026-08-21T13:53:00+02:00,codex.r014.id-ID,,ttp.r014.unit.def.integers-mod-n,covers,ttp.concept.class_representative,1336,,high
r014.backend.record,1.0.0,ttp.r014.relation.1337,relation,active,ttp.r014.yaintt,ttp.r014.yaintt,,und,2026-08-21T13:53:00+02:00,codex.r014.id-ID,,ttp.r014.unit.thm.integers-mod-n-representatives,covers,ttp.concept.integers_mod_n,1337,,high
r014.backend.record,1.0.0,ttp.r014.relation.1338,relation,active,ttp.r014.yaintt,ttp.r014.yaintt,,und,2026-08-21T13:53:00+02:00,codex.r014.id-ID,,ttp.r014.unit.thm.integers-mod-n-representatives,covers,ttp.concept.congruence_class,1338,,high
r014.backend.record,1.0.0,ttp.r014.relation.1339,relation,active,ttp.r014.yaintt,ttp.r014.yaintt,,und,2026-08-21T13:53:00+02:00,codex.r014.id-ID,,ttp.r014.unit.thm.integers-mod-n-representatives,covers,ttp.concept.class_representative,1339,,high
r014.backend.record,1.0.0,ttp.r014.relation.1340,relation,active,ttp.r014.yaintt,ttp.r014.yaintt,,und,2026-08-21T13:53:00+02:00,codex.r014.id-ID,,ttp.r014.unit.thm.integers-mod-n-representatives,covers,ttp.concept.modulo,1340,,high
r014.backend.record,1.0.0,ttp.r014.relation.1341,relation,active,ttp.r014.yaintt,ttp.r014.yaintt,,und,2026-08-21T13:53:00+02:00,codex.r014.id-ID,,ttp.r014.unit.thm.integers-mod-n-representatives,covers,ttp.concept.division_algorithm,1341,,high
r014.backend.record,1.0.0,ttp.r014.relation.1342,relation,active,ttp.r014.yaintt,ttp.r014.yaintt,,und,2026-08-21T13:53:00+02:00,codex.r014.id-ID,,ttp.r014.unit.thm.integers-mod-n-representatives,covers,ttp.concept.remainder,1342,,high
r014.backend.record,1.0.0,ttp.r014.relation.1343,relation,active,ttp.r014.yaintt,ttp.r014.yaintt,,und,2026-08-21T13:53:00+02:00,codex.r014.id-ID,,ttp.r014.unit.thm.integers-mod-n-representatives.proof,covers,ttp.concept.integers_mod_n,1343,,high
r014.backend.record,1.0.0,ttp.r014.relation.1344,relation,active,ttp.r014.yaintt,ttp.r014.yaintt,,und,2026-08-21T13:53:00+02:00,codex.r014.id-ID,,ttp.r014.unit.thm.integers-mod-n-representatives.proof,covers,ttp.concept.congruence_class,1344,,high
r014.backend.record,1.0.0,ttp.r014.relation.1345,relation,active,ttp.r014.yaintt,ttp.r014.yaintt,,und,2026-08-21T13:53:00+02:00,codex.r014.id-ID,,ttp.r014.unit.thm.integers-mod-n-representatives.proof,covers,ttp.concept.class_representative,1345,,high
r014.backend.record,1.0.0,ttp.r014.relation.1346,relation,active,ttp.r014.yaintt,ttp.r014.yaintt,,und,2026-08-21T13:53:00+02:00,codex.r014.id-ID,,ttp.r014.unit.thm.integers-mod-n-representatives.proof,covers,ttp.concept.modulo,1346,,high
r014.backend.record,1.0.0,ttp.r014.relation.1347,relation,active,ttp.r014.yaintt,ttp.r014.yaintt,,und,2026-08-21T13:53:00+02:00,codex.r014.id-ID,,ttp.r014.unit.thm.integers-mod-n-representatives.proof,covers,ttp.concept.division_algorithm,1347,,high
r014.backend.record,1.0.0,ttp.r014.relation.1348,relation,active,ttp.r014.yaintt,ttp.r014.yaintt,,und,2026-08-21T13:53:00+02:00,codex.r014.id-ID,,ttp.r014.unit.thm.integers-mod-n-representatives.proof,covers,ttp.concept.remainder,1348,,high
r014.backend.record,1.0.0,ttp.r014.relation.1349,relation,active,ttp.r014.yaintt,ttp.r014.yaintt,,und,2026-08-21T13:53:00+02:00,codex.r014.id-ID,,ttp.r014.unit.sec.awtwwc.discussion.03,covers,ttp.concept.integers_mod_n,1349,,high
r014.backend.record,1.0.0,ttp.r014.relation.1350,relation,active,ttp.r014.yaintt,ttp.r014.yaintt,,und,2026-08-21T13:53:00+02:00,codex.r014.id-ID,,ttp.r014.unit.sec.awtwwc.discussion.03,covers,ttp.concept.addition,1350,,high
r014.backend.record,1.0.0,ttp.r014.relation.1351,relation,active,ttp.r014.yaintt,ttp.r014.yaintt,,und,2026-08-21T13:53:00+02:00,codex.r014.id-ID,,ttp.r014.unit.sec.awtwwc.discussion.03,covers,ttp.concept.multiplication,1351,,high
r014.backend.record,1.0.0,ttp.r014.relation.1352,relation,active,ttp.r014.yaintt,ttp.r014.yaintt,,und,2026-08-21T13:53:00+02:00,codex.r014.id-ID,,ttp.r014.unit.def.congruence-class-operations,covers,ttp.concept.integers_mod_n,1352,,high
r014.backend.record,1.0.0,ttp.r014.relation.1353,relation,active,ttp.r014.yaintt,ttp.r014.yaintt,,und,2026-08-21T13:53:00+02:00,codex.r014.id-ID,,ttp.r014.unit.def.congruence-class-operations,covers,ttp.concept.congruence_class,1353,,high
r014.backend.record,1.0.0,ttp.r014.relation.1354,relation,active,ttp.r014.yaintt,ttp.r014.yaintt,,und,2026-08-21T13:53:00+02:00,codex.r014.id-ID,,ttp.r014.unit.def.congruence-class-operations,covers,ttp.concept.addition,1354,,high
r014.backend.record,1.0.0,ttp.r014.relation.1355,relation,active,ttp.r014.yaintt,ttp.r014.yaintt,,und,2026-08-21T13:53:00+02:00,codex.r014.id-ID,,ttp.r014.unit.def.congruence-class-operations,covers,ttp.concept.multiplication,1355,,high
r014.backend.record,1.0.0,ttp.r014.relation.1356,relation,active,ttp.r014.yaintt,ttp.r014.yaintt,,und,2026-08-21T13:53:00+02:00,codex.r014.id-ID,,ttp.r014.unit.def.congruence-class-operations,covers,ttp.concept.well_defined,1356,,high
r014.backend.record,1.0.0,ttp.r014.relation.1357,relation,active,ttp.r014.yaintt,ttp.r014.yaintt,,und,2026-08-21T13:53:00+02:00,codex.r014.id-ID,,ttp.r014.unit.def.congruence-class-operations,covers,ttp.concept.binary_operation,1357,,high
r014.backend.record,1.0.0,ttp.r014.relation.1358,relation,active,ttp.r014.yaintt,ttp.r014.yaintt,,und,2026-08-21T13:53:00+02:00,codex.r014.id-ID,,ttp.r014.unit.thm.plustimeswelldefined,covers,ttp.concept.well_defined,1358,,high
r014.backend.record,1.0.0,ttp.r014.relation.1359,relation,active,ttp.r014.yaintt,ttp.r014.yaintt,,und,2026-08-21T13:53:00+02:00,codex.r014.id-ID,,ttp.r014.unit.thm.plustimeswelldefined,covers,ttp.concept.integers_mod_n,1359,,high
r014.backend.record,1.0.0,ttp.r014.relation.1360,relation,active,ttp.r014.yaintt,ttp.r014.yaintt,,und,2026-08-21T13:53:00+02:00,codex.r014.id-ID,,ttp.r014.unit.thm.plustimeswelldefined,covers,ttp.concept.equivalence_class,1360,,high
r014.backend.record,1.0.0,ttp.r014.relation.1361,relation,active,ttp.r014.yaintt,ttp.r014.yaintt,,und,2026-08-21T13:53:00+02:00,codex.r014.id-ID,,ttp.r014.unit.thm.plustimeswelldefined,covers,ttp.concept.addition,1361,,high
r014.backend.record,1.0.0,ttp.r014.relation.1362,relation,active,ttp.r014.yaintt,ttp.r014.yaintt,,und,2026-08-21T13:53:00+02:00,codex.r014.id-ID,,ttp.r014.unit.thm.plustimeswelldefined,covers,ttp.concept.multiplication,1362,,high
r014.backend.record,1.0.0,ttp.r014.relation.1363,relation,active,ttp.r014.yaintt,ttp.r014.yaintt,,und,2026-08-21T13:53:00+02:00,codex.r014.id-ID,,ttp.r014.unit.thm.plustimeswelldefined,covers,ttp.concept.congruence,1363,,high
r014.backend.record,1.0.0,ttp.r014.relation.1364,relation,active,ttp.r014.yaintt,ttp.r014.yaintt,,und,2026-08-21T13:53:00+02:00,codex.r014.id-ID,,ttp.r014.unit.thm.plustimeswelldefined.proof,covers,ttp.concept.well_defined,1364,,high
r014.backend.record,1.0.0,ttp.r014.relation.1365,relation,active,ttp.r014.yaintt,ttp.r014.yaintt,,und,2026-08-21T13:53:00+02:00,codex.r014.id-ID,,ttp.r014.unit.thm.plustimeswelldefined.proof,covers,ttp.concept.integers_mod_n,1365,,high
r014.backend.record,1.0.0,ttp.r014.relation.1366,relation,active,ttp.r014.yaintt,ttp.r014.yaintt,,und,2026-08-21T13:53:00+02:00,codex.r014.id-ID,,ttp.r014.unit.thm.plustimeswelldefined.proof,covers,ttp.concept.addition,1366,,high
r014.backend.record,1.0.0,ttp.r014.relation.1367,relation,active,ttp.r014.yaintt,ttp.r014.yaintt,,und,2026-08-21T13:53:00+02:00,codex.r014.id-ID,,ttp.r014.unit.thm.plustimeswelldefined.proof,covers,ttp.concept.multiplication,1367,,high
r014.backend.record,1.0.0,ttp.r014.relation.1368,relation,active,ttp.r014.yaintt,ttp.r014.yaintt,,und,2026-08-21T13:53:00+02:00,codex.r014.id-ID,,ttp.r014.unit.thm.plustimeswelldefined.proof,covers,ttp.concept.congruence,1368,,high
r014.backend.record,1.0.0,ttp.r014.relation.1369,relation,active,ttp.r014.yaintt,ttp.r014.yaintt,,und,2026-08-21T13:53:00+02:00,codex.r014.id-ID,,ttp.r014.unit.sec.awtwwc.discussion.04,covers,ttp.concept.addition,1369,,high
r014.backend.record,1.0.0,ttp.r014.relation.1370,relation,active,ttp.r014.yaintt,ttp.r014.yaintt,,und,2026-08-21T13:53:00+02:00,codex.r014.id-ID,,ttp.r014.unit.sec.awtwwc.discussion.04,covers,ttp.concept.multiplication,1370,,high
r014.backend.record,1.0.0,ttp.r014.relation.1371,relation,active,ttp.r014.yaintt,ttp.r014.yaintt,,und,2026-08-21T13:53:00+02:00,codex.r014.id-ID,,ttp.r014.unit.sec.awtwwc.discussion.04,covers,ttp.concept.integers_mod_n,1371,,high
r014.backend.record,1.0.0,ttp.r014.relation.1372,relation,active,ttp.r014.yaintt,ttp.r014.yaintt,,und,2026-08-21T13:53:00+02:00,codex.r014.id-ID,,ttp.r014.unit.thm.plustimesproperties,covers,ttp.concept.integers_mod_n,1372,,high
r014.backend.record,1.0.0,ttp.r014.relation.1373,relation,active,ttp.r014.yaintt,ttp.r014.yaintt,,und,2026-08-21T13:53:00+02:00,codex.r014.id-ID,,ttp.r014.unit.thm.plustimesproperties,covers,ttp.concept.addition,1373,,high
r014.backend.record,1.0.0,ttp.r014.relation.1374,relation,active,ttp.r014.yaintt,ttp.r014.yaintt,,und,2026-08-21T13:53:00+02:00,codex.r014.id-ID,,ttp.r014.unit.thm.plustimesproperties,covers,ttp.concept.multiplication,1374,,high
r014.backend.record,1.0.0,ttp.r014.relation.1375,relation,active,ttp.r014.yaintt,ttp.r014.yaintt,,und,2026-08-21T13:53:00+02:00,codex.r014.id-ID,,ttp.r014.unit.thm.plustimesproperties,covers,ttp.concept.commutativity,1375,,high
r014.backend.record,1.0.0,ttp.r014.relation.1376,relation,active,ttp.r014.yaintt,ttp.r014.yaintt,,und,2026-08-21T13:53:00+02:00,codex.r014.id-ID,,ttp.r014.unit.thm.plustimesproperties,covers,ttp.concept.associativity,1376,,high
r014.backend.record,1.0.0,ttp.r014.relation.1377,relation,active,ttp.r014.yaintt,ttp.r014.yaintt,,und,2026-08-21T13:53:00+02:00,codex.r014.id-ID,,ttp.r014.unit.thm.plustimesproperties,covers,ttp.concept.distributivity,1377,,high
r014.backend.record,1.0.0,ttp.r014.relation.1378,relation,active,ttp.r014.yaintt,ttp.r014.yaintt,,und,2026-08-21T13:53:00+02:00,codex.r014.id-ID,,ttp.r014.unit.thm.plustimesproperties,covers,ttp.concept.identity_element,1378,,high
r014.backend.record,1.0.0,ttp.r014.relation.1379,relation,active,ttp.r014.yaintt,ttp.r014.yaintt,,und,2026-08-21T13:53:00+02:00,codex.r014.id-ID,,ttp.r014.unit.thm.plustimesproperties,covers,ttp.concept.additive_inverse,1379,,high
r014.backend.record,1.0.0,ttp.r014.relation.1380,relation,active,ttp.r014.yaintt,ttp.r014.yaintt,,und,2026-08-21T13:53:00+02:00,codex.r014.id-ID,,ttp.r014.unit.thm.plustimesproperties,covers,ttp.concept.multiplicative_inverse,1380,,high
r014.backend.record,1.0.0,ttp.r014.relation.1381,relation,active,ttp.r014.yaintt,ttp.r014.yaintt,,und,2026-08-21T13:53:00+02:00,codex.r014.id-ID,,ttp.r014.unit.thm.plustimesproperties,covers,ttp.concept.greatest_common_divisor,1381,,high
r014.backend.record,1.0.0,ttp.r014.relation.1382,relation,active,ttp.r014.yaintt,ttp.r014.yaintt,,und,2026-08-21T13:53:00+02:00,codex.r014.id-ID,,ttp.r014.unit.thm.plustimesproperties,covers,ttp.concept.relatively_prime,1382,,high
r014.backend.record,1.0.0,ttp.r014.relation.1383,relation,active,ttp.r014.yaintt,ttp.r014.yaintt,,und,2026-08-21T13:53:00+02:00,codex.r014.id-ID,,ttp.r014.unit.thm.plustimesproperties.proof,covers,ttp.concept.integers_mod_n,1383,,high
r014.backend.record,1.0.0,ttp.r014.relation.1384,relation,active,ttp.r014.yaintt,ttp.r014.yaintt,,und,2026-08-21T13:53:00+02:00,codex.r014.id-ID,,ttp.r014.unit.thm.plustimesproperties.proof,covers,ttp.concept.multiplicative_inverse,1384,,high
r014.backend.record,1.0.0,ttp.r014.relation.1385,relation,active,ttp.r014.yaintt,ttp.r014.yaintt,,und,2026-08-21T13:53:00+02:00,codex.r014.id-ID,,ttp.r014.unit.thm.plustimesproperties.proof,covers,ttp.concept.modular_inverse,1385,,high
r014.backend.record,1.0.0,ttp.r014.relation.1386,relation,active,ttp.r014.yaintt,ttp.r014.yaintt,,und,2026-08-21T13:53:00+02:00,codex.r014.id-ID,,ttp.r014.unit.thm.plustimesproperties.proof,covers,ttp.concept.relatively_prime,1386,,high
r014.backend.record,1.0.0,ttp.r014.relation.1387,relation,active,ttp.r014.yaintt,ttp.r014.yaintt,,und,2026-08-21T13:53:00+02:00,codex.r014.id-ID,,ttp.r014.unit.sec.awtwwc.discussion.05,covers,ttp.concept.integers_mod_n,1387,,high
r014.backend.record,1.0.0,ttp.r014.relation.1388,relation,active,ttp.r014.yaintt,ttp.r014.yaintt,,und,2026-08-21T13:53:00+02:00,codex.r014.id-ID,,ttp.r014.unit.sec.awtwwc.discussion.05,covers,ttp.concept.linear_congruence,1388,,high
r014.backend.record,1.0.0,ttp.r014.relation.1389,relation,active,ttp.r014.yaintt,ttp.r014.yaintt,,und,2026-08-21T13:53:00+02:00,codex.r014.id-ID,,ttp.r014.unit.sec.awtwwc.discussion.05,covers,ttp.concept.congruence_class,1389,,high
r014.backend.record,1.0.0,ttp.r014.relation.1390,relation,active,ttp.r014.yaintt,ttp.r014.yaintt,,und,2026-08-21T13:53:00+02:00,codex.r014.id-ID,,ttp.r014.unit.thm.linear-congruence-classes,covers,ttp.concept.integers_mod_n,1390,,high
r014.backend.record,1.0.0,ttp.r014.relation.1391,relation,active,ttp.r014.yaintt,ttp.r014.yaintt,,und,2026-08-21T13:53:00+02:00,codex.r014.id-ID,,ttp.r014.unit.thm.linear-congruence-classes,covers,ttp.concept.linear_congruence,1391,,high
r014.backend.record,1.0.0,ttp.r014.relation.1392,relation,active,ttp.r014.yaintt,ttp.r014.yaintt,,und,2026-08-21T13:53:00+02:00,codex.r014.id-ID,,ttp.r014.unit.thm.linear-congruence-classes,covers,ttp.concept.greatest_common_divisor,1392,,high
r014.backend.record,1.0.0,ttp.r014.relation.1393,relation,active,ttp.r014.yaintt,ttp.r014.yaintt,,und,2026-08-21T13:53:00+02:00,codex.r014.id-ID,,ttp.r014.unit.thm.linear-congruence-classes,covers,ttp.concept.congruence_class,1393,,high
r014.backend.record,1.0.0,ttp.r014.relation.1394,relation,active,ttp.r014.yaintt,ttp.r014.yaintt,,und,2026-08-21T13:53:00+02:00,codex.r014.id-ID,,ttp.r014.unit.thm.linear-congruence-classes,covers,ttp.concept.division,1394,,high
r014.backend.record,1.0.0,ttp.r014.relation.1395,relation,active,ttp.r014.yaintt,ttp.r014.yaintt,,und,2026-08-21T13:53:00+02:00,codex.r014.id-ID,,ttp.r014.unit.thm.linear-congruence-classes.proof,covers,ttp.concept.integers_mod_n,1395,,high
r014.backend.record,1.0.0,ttp.r014.relation.1396,relation,active,ttp.r014.yaintt,ttp.r014.yaintt,,und,2026-08-21T13:53:00+02:00,codex.r014.id-ID,,ttp.r014.unit.thm.linear-congruence-classes.proof,covers,ttp.concept.linear_congruence,1396,,high
r014.backend.record,1.0.0,ttp.r014.relation.1397,relation,active,ttp.r014.yaintt,ttp.r014.yaintt,,und,2026-08-21T13:53:00+02:00,codex.r014.id-ID,,ttp.r014.unit.thm.linear-congruence-classes.proof,covers,ttp.concept.greatest_common_divisor,1397,,high
r014.backend.record,1.0.0,ttp.r014.relation.1398,relation,active,ttp.r014.yaintt,ttp.r014.yaintt,,und,2026-08-21T13:53:00+02:00,codex.r014.id-ID,,ttp.r014.unit.thm.linear-congruence-classes.proof,covers,ttp.concept.congruence_class,1398,,high
r014.backend.record,1.0.0,ttp.r014.relation.1399,relation,active,ttp.r014.yaintt,ttp.r014.yaintt,,und,2026-08-21T13:53:00+02:00,codex.r014.id-ID,,ttp.r014.unit.sec.awtwwc.exercises,covers,ttp.concept.equivalence_relation,1399,,high
r014.backend.record,1.0.0,ttp.r014.relation.1400,relation,active,ttp.r014.yaintt,ttp.r014.yaintt,,und,2026-08-21T13:53:00+02:00,codex.r014.id-ID,,ttp.r014.unit.sec.awtwwc.exercises,covers,ttp.concept.equivalence_class,1400,,high
r014.backend.record,1.0.0,ttp.r014.relation.1401,relation,active,ttp.r014.yaintt,ttp.r014.yaintt,,und,2026-08-21T13:53:00+02:00,codex.r014.id-ID,,ttp.r014.unit.sec.awtwwc.exercises,covers,ttp.concept.integers_mod_n,1401,,high
r014.backend.record,1.0.0,ttp.r014.relation.1402,relation,active,ttp.r014.yaintt,ttp.r014.yaintt,,und,2026-08-21T13:53:00+02:00,codex.r014.id-ID,,ttp.r014.unit.sec.awtwwc.exercise.01,covers,ttp.concept.equivalence_class,1402,,high
r014.backend.record,1.0.0,ttp.r014.relation.1403,relation,active,ttp.r014.yaintt,ttp.r014.yaintt,,und,2026-08-21T13:53:00+02:00,codex.r014.id-ID,,ttp.r014.unit.sec.awtwwc.exercise.01,covers,ttp.concept.addition,1403,,high
r014.backend.record,1.0.0,ttp.r014.relation.1404,relation,active,ttp.r014.yaintt,ttp.r014.yaintt,,und,2026-08-21T13:53:00+02:00,codex.r014.id-ID,,ttp.r014.unit.sec.awtwwc.exercise.01,covers,ttp.concept.multiplication,1404,,high
r014.backend.record,1.0.0,ttp.r014.relation.1405,relation,active,ttp.r014.yaintt,ttp.r014.yaintt,,und,2026-08-21T13:53:00+02:00,codex.r014.id-ID,,ttp.r014.unit.sec.awtwwc.exercise.01,covers,ttp.concept.identity_element,1405,,high
r014.backend.record,1.0.0,ttp.r014.relation.1406,relation,active,ttp.r014.yaintt,ttp.r014.yaintt,,und,2026-08-21T13:53:00+02:00,codex.r014.id-ID,,ttp.r014.unit.sec.awtwwc.exercise.01,covers,ttp.concept.additive_inverse,1406,,high
r014.backend.record,1.0.0,ttp.r014.relation.1407,relation,active,ttp.r014.yaintt,ttp.r014.yaintt,,und,2026-08-21T13:53:00+02:00,codex.r014.id-ID,,ttp.r014.unit.sec.awtwwc.exercise.01,covers,ttp.concept.multiplicative_inverse,1407,,high
r014.backend.record,1.0.0,ttp.r014.relation.1408,relation,active,ttp.r014.yaintt,ttp.r014.yaintt,,und,2026-08-21T13:53:00+02:00,codex.r014.id-ID,,ttp.r014.unit.sec.awtwwc.exercise.01,covers,ttp.concept.well_defined,1408,,high
r014.backend.record,1.0.0,ttp.r014.relation.1409,relation,active,ttp.r014.yaintt,ttp.r014.yaintt,,und,2026-08-21T13:53:00+02:00,codex.r014.id-ID,,ttp.r014.unit.sec.awtwwc.exercise.02,covers,ttp.concept.chinese_remainder_theorem,1409,,high
r014.backend.record,1.0.0,ttp.r014.relation.1410,relation,active,ttp.r014.yaintt,ttp.r014.yaintt,,und,2026-08-21T13:53:00+02:00,codex.r014.id-ID,,ttp.r014.unit.sec.awtwwc.exercise.02,covers,ttp.concept.system_of_congruences,1410,,high
r014.backend.record,1.0.0,ttp.r014.relation.1411,relation,active,ttp.r014.yaintt,ttp.r014.yaintt,,und,2026-08-21T13:53:00+02:00,codex.r014.id-ID,,ttp.r014.unit.sec.awtwwc.exercise.02,covers,ttp.concept.congruence_class,1411,,high
r014.backend.record,1.0.0,ttp.r014.relation.1412,relation,active,ttp.r014.yaintt,ttp.r014.yaintt,,und,2026-08-21T13:53:00+02:00,codex.r014.id-ID,,ttp.r014.unit.sec.awtwwc.exercise.02,covers,ttp.concept.integers_mod_n,1412,,high
r014.backend.record,1.0.0,ttp.r014.relation.1413,relation,active,ttp.r014.yaintt,ttp.r014.yaintt,,und,2026-08-21T13:53:00+02:00,codex.r014.id-ID,,ttp.r014.unit.sec.awtwwc.exercise.03,covers,ttp.concept.equivalence_relation,1413,,high
r014.backend.record,1.0.0,ttp.r014.relation.1414,relation,active,ttp.r014.yaintt,ttp.r014.yaintt,,und,2026-08-21T13:53:00+02:00,codex.r014.id-ID,,ttp.r014.unit.sec.awtwwc.exercise.03,covers,ttp.concept.equivalence_class,1414,,high
r014.backend.record,1.0.0,ttp.r014.relation.1415,relation,active,ttp.r014.yaintt,ttp.r014.yaintt,,und,2026-08-21T13:53:00+02:00,codex.r014.id-ID,,ttp.r014.unit.sec.awtwwc.exercise.04,covers,ttp.concept.congruence,1415,,high
r014.backend.record,1.0.0,ttp.r014.relation.1416,relation,active,ttp.r014.yaintt,ttp.r014.yaintt,,und,2026-08-21T13:53:00+02:00,codex.r014.id-ID,,ttp.r014.unit.sec.awtwwc.exercise.04,covers,ttp.concept.congruence_class,1416,,high
r014.backend.record,1.0.0,ttp.r014.relation.1417,relation,active,ttp.r014.yaintt,ttp.r014.yaintt,,und,2026-08-21T13:53:00+02:00,codex.r014.id-ID,,ttp.r014.unit.sec.awtwwc.exercise.04,covers,ttp.concept.integers_mod_n,1417,,high
r014.backend.record,1.0.0,ttp.r014.relation.1418,relation,active,ttp.r014.yaintt,ttp.r014.yaintt,,und,2026-08-21T13:53:00+02:00,codex.r014.id-ID,,ttp.r014.unit.sec.awtwwc.exercise.04,covers,ttp.concept.linear_congruence,1418,,high
r014.backend.record,1.0.0,ttp.r014.relation.1419,relation,active,ttp.r014.yaintt,ttp.r014.yaintt,,und,2026-08-21T13:53:00+02:00,codex.r014.id-ID,,ttp.concept.equivalence_relation,prerequisite_for,ttp.concept.reflexivity,1419,,high
r014.backend.record,1.0.0,ttp.r014.relation.1420,relation,active,ttp.r014.yaintt,ttp.r014.yaintt,,und,2026-08-21T13:53:00+02:00,codex.r014.id-ID,,ttp.concept.equivalence_relation,prerequisite_for,ttp.concept.symmetry,1420,,high
r014.backend.record,1.0.0,ttp.r014.relation.1421,relation,active,ttp.r014.yaintt,ttp.r014.yaintt,,und,2026-08-21T13:53:00+02:00,codex.r014.id-ID,,ttp.concept.equivalence_relation,prerequisite_for,ttp.concept.transitivity,1421,,high
r014.backend.record,1.0.0,ttp.r014.relation.1422,relation,active,ttp.r014.yaintt,ttp.r014.yaintt,,und,2026-08-21T13:53:00+02:00,codex.r014.id-ID,,ttp.concept.equivalence_relation,prerequisite_for,ttp.concept.equivalence_class,1422,,high
r014.backend.record,1.0.0,ttp.r014.relation.1423,relation,active,ttp.r014.yaintt,ttp.r014.yaintt,,und,2026-08-21T13:53:00+02:00,codex.r014.id-ID,,ttp.concept.equivalence_class,prerequisite_for,ttp.concept.class_representative,1423,,high
r014.backend.record,1.0.0,ttp.r014.relation.1424,relation,active,ttp.r014.yaintt,ttp.r014.yaintt,,und,2026-08-21T13:53:00+02:00,codex.r014.id-ID,,ttp.concept.congruence_class,prerequisite_for,ttp.concept.integers_mod_n,1424,,high
r014.backend.record,1.0.0,ttp.r014.relation.1425,relation,active,ttp.r014.yaintt,ttp.r014.yaintt,,und,2026-08-21T13:53:00+02:00,codex.r014.id-ID,,ttp.concept.modulo,prerequisite_for,ttp.concept.integers_mod_n,1425,,high
r014.backend.record,1.0.0,ttp.r014.relation.1426,relation,active,ttp.r014.yaintt,ttp.r014.yaintt,,und,2026-08-21T13:53:00+02:00,codex.r014.id-ID,,ttp.concept.equivalence_class,prerequisite_for,ttp.concept.well_defined,1426,,high
r014.backend.record,1.0.0,ttp.r014.relation.1427,relation,active,ttp.r014.yaintt,ttp.r014.yaintt,,und,2026-08-21T13:53:00+02:00,codex.r014.id-ID,,ttp.concept.binary_operation,prerequisite_for,ttp.concept.well_defined,1427,,high
r014.backend.record,1.0.0,ttp.r014.relation.1428,relation,active,ttp.r014.yaintt,ttp.r014.yaintt,,und,2026-08-21T13:53:00+02:00,codex.r014.id-ID,,ttp.r014.edition.id-id.boundary10,translates,ttp.r014.edition.source.2014-05-07,1428,,high
r014.backend.record,1.0.0,ttp.r014.relation.1429,relation,active,ttp.r014.yaintt,ttp.r014.yaintt,,und,2026-08-21T13:53:00+02:00,codex.r014.id-ID,,ttp.r014.edition.id-id.boundary10,adapts,ttp.r014.edition.source.2014-05-07,1429,,high
r014.backend.record,1.0.0,ttp.r014.relation.1430,relation,active,ttp.r014.yaintt,ttp.r014.yaintt,,und,2026-08-21T13:53:00+02:00,codex.r014.id-ID,,ttp.r014.edition.id-id.boundary10,depends_on,ttp.r014.asset.authority.yaintt_tex,1430,,high
r014.backend.record,1.0.0,ttp.r014.relation.1431,relation,active,ttp.r014.yaintt,ttp.r014.yaintt,,und,2026-08-21T13:53:00+02:00,codex.r014.id-ID,,ttp.r014.edition.id-id.boundary10,depends_on,ttp.r014.asset.authority.refs_bib,1431,,high
r014.backend.record,1.0.0,ttp.r014.relation.1432,relation,active,ttp.r014.yaintt,ttp.r014.yaintt,,und,2026-08-21T13:53:00+02:00,codex.r014.id-ID,,ttp.r014.edition.id-id.boundary10,depends_on,ttp.r014.asset.authority.cover_art_eps,1432,,high
r014.backend.record,1.0.0,ttp.r014.relation.1433,relation,active,ttp.r014.yaintt,ttp.r014.yaintt,,und,2026-08-21T13:53:00+02:00,codex.r014.id-ID,,ttp.r014.edition.id-id.boundary10,depends_on,ttp.r014.asset.authority.dbend_eps,1433,,high
r014.backend.record,1.0.0,ttp.r014.relation.1434,relation,active,ttp.r014.yaintt,ttp.r014.yaintt,,und,2026-08-21T13:53:00+02:00,codex.r014.id-ID,,ttp.r014.edition.id-id.boundary10,depends_on,ttp.r014.asset.authority.eng_freq_hist_eps,1434,,high
r014.backend.record,1.0.0,ttp.r014.relation.1435,relation,active,ttp.r014.yaintt,ttp.r014.yaintt,,und,2026-08-21T13:53:00+02:00,codex.r014.id-ID,,ttp.r014.edition.id-id.boundary10,depends_on,ttp.r014.asset.authority.hamhip_freqs_eps,1435,,high
r014.backend.record,1.0.0,ttp.r014.relation.1436,relation,active,ttp.r014.yaintt,ttp.r014.yaintt,,und,2026-08-21T13:53:00+02:00,codex.r014.id-ID,,ttp.r014.edition.id-id.boundary10,depends_on,ttp.r014.asset.authority.samp_cct_hist_eps,1436,,high
r014.backend.record,1.0.0,ttp.r014.relation.1437,relation,active,ttp.r014.yaintt,ttp.r014.yaintt,,und,2026-08-21T13:53:00+02:00,codex.r014.id-ID,,ttp.r014.edition.id-id.boundary10,depends_on,ttp.r014.asset.authority.scytale_eps,1437,,high
r014.backend.record,1.0.0,ttp.r014.relation.1438,relation,active,ttp.r014.yaintt,ttp.r014.yaintt,,und,2026-08-21T13:53:00+02:00,codex.r014.id-ID,,ttp.r014.edition.id-id.boundary10,depends_on,ttp.r014.asset.authority.seadk_cct_eps,1438,,high
r014.backend.record,1.0.0,ttp.r014.relation.1439,relation,active,ttp.r014.yaintt,ttp.r014.yaintt,,und,2026-08-21T13:53:00+02:00,codex.r014.id-ID,,ttp.r014.edition.id-id.boundary10,depends_on,ttp.r014.asset.authority.seadk_hamhip_eps,1439,,high
r014.backend.record,1.0.0,ttp.r014.relation.1440,relation,active,ttp.r014.yaintt,ttp.r014.yaintt,,und,2026-08-21T13:53:00+02:00,codex.r014.id-ID,,ttp.r014.edition.id-id.boundary10,depends_on,ttp.r014.asset.authority.seadk_rkkrt_eps,1440,,high
r014.backend.record,1.0.0,ttp.r014.relation.1441,relation,active,ttp.r014.yaintt,ttp.r014.yaintt,,und,2026-08-21T13:53:00+02:00,codex.r014.id-ID,,ttp.r014.unit.chap.cs,contains,ttp.r014.unit.sec.ephif,1441,,high
r014.backend.record,1.0.0,ttp.r014.relation.1442,relation,active,ttp.r014.yaintt,ttp.r014.yaintt,,und,2026-08-21T13:53:00+02:00,codex.r014.id-ID,,ttp.r014.unit.sec.ephif,contains,ttp.r014.unit.sec.ephif.discussion.01,1442,,high
r014.backend.record,1.0.0,ttp.r014.relation.1443,relation,active,ttp.r014.yaintt,ttp.r014.yaintt,,und,2026-08-21T13:53:00+02:00,codex.r014.id-ID,,ttp.r014.unit.sec.ephif,contains,ttp.r014.unit.def.euler-phi,1443,,high
r014.backend.record,1.0.0,ttp.r014.relation.1444,relation,active,ttp.r014.yaintt,ttp.r014.yaintt,,und,2026-08-21T13:53:00+02:00,codex.r014.id-ID,,ttp.r014.unit.sec.ephif,contains,ttp.r014.unit.sec.ephif.discussion.02,1444,,high
r014.backend.record,1.0.0,ttp.r014.relation.1445,relation,active,ttp.r014.yaintt,ttp.r014.yaintt,,und,2026-08-21T13:53:00+02:00,codex.r014.id-ID,,ttp.r014.unit.sec.ephif,contains,ttp.r014.unit.thm.euler-phi-counts-units,1445,,high
r014.backend.record,1.0.0,ttp.r014.relation.1446,relation,active,ttp.r014.yaintt,ttp.r014.yaintt,,und,2026-08-21T13:53:00+02:00,codex.r014.id-ID,,ttp.r014.unit.thm.euler-phi-counts-units,contains,ttp.r014.unit.thm.euler-phi-counts-units.proof,1446,,high
r014.backend.record,1.0.0,ttp.r014.relation.1447,relation,active,ttp.r014.yaintt,ttp.r014.yaintt,,und,2026-08-21T13:53:00+02:00,codex.r014.id-ID,,ttp.r014.unit.sec.ephif,contains,ttp.r014.unit.sec.ephif.discussion.03,1447,,high
r014.backend.record,1.0.0,ttp.r014.relation.1448,relation,active,ttp.r014.yaintt,ttp.r014.yaintt,,und,2026-08-21T13:53:00+02:00,codex.r014.id-ID,,ttp.r014.unit.sec.ephif,contains,ttp.r014.unit.thm.phiismultiplicative,1448,,high
r014.backend.record,1.0.0,ttp.r014.relation.1449,relation,active,ttp.r014.yaintt,ttp.r014.yaintt,,und,2026-08-21T13:53:00+02:00,codex.r014.id-ID,,ttp.r014.unit.thm.phiismultiplicative,contains,ttp.r014.unit.thm.phiismultiplicative.proof,1449,,high
r014.backend.record,1.0.0,ttp.r014.relation.1450,relation,active,ttp.r014.yaintt,ttp.r014.yaintt,,und,2026-08-21T13:53:00+02:00,codex.r014.id-ID,,ttp.r014.unit.sec.ephif,contains,ttp.r014.unit.sec.ephif.exercises,1450,,high
r014.backend.record,1.0.0,ttp.r014.relation.1451,relation,active,ttp.r014.yaintt,ttp.r014.yaintt,,und,2026-08-21T13:53:00+02:00,codex.r014.id-ID,,ttp.r014.unit.sec.ephif.exercises,contains,ttp.r014.unit.sec.ephif.exercise.01,1451,,high
r014.backend.record,1.0.0,ttp.r014.relation.1452,relation,active,ttp.r014.yaintt,ttp.r014.yaintt,,und,2026-08-21T13:53:00+02:00,codex.r014.id-ID,,ttp.r014.unit.sec.ephif.exercises,contains,ttp.r014.unit.sec.ephif.exercise.02,1452,,high
r014.backend.record,1.0.0,ttp.r014.relation.1453,relation,active,ttp.r014.yaintt,ttp.r014.yaintt,,und,2026-08-21T13:53:00+02:00,codex.r014.id-ID,,ttp.r014.unit.sec.awtwwc,precedes,ttp.r014.unit.sec.ephif,1453,,high
r014.backend.record,1.0.0,ttp.r014.relation.1454,relation,active,ttp.r014.yaintt,ttp.r014.yaintt,,und,2026-08-21T13:53:00+02:00,codex.r014.id-ID,,ttp.r014.unit.sec.ephif.discussion.01,precedes,ttp.r014.unit.def.euler-phi,1454,,high
r014.backend.record,1.0.0,ttp.r014.relation.1455,relation,active,ttp.r014.yaintt,ttp.r014.yaintt,,und,2026-08-21T13:53:00+02:00,codex.r014.id-ID,,ttp.r014.unit.def.euler-phi,precedes,ttp.r014.unit.sec.ephif.discussion.02,1455,,high
r014.backend.record,1.0.0,ttp.r014.relation.1456,relation,active,ttp.r014.yaintt,ttp.r014.yaintt,,und,2026-08-21T13:53:00+02:00,codex.r014.id-ID,,ttp.r014.unit.sec.ephif.discussion.02,precedes,ttp.r014.unit.thm.euler-phi-counts-units,1456,,high
r014.backend.record,1.0.0,ttp.r014.relation.1457,relation,active,ttp.r014.yaintt,ttp.r014.yaintt,,und,2026-08-21T13:53:00+02:00,codex.r014.id-ID,,ttp.r014.unit.thm.euler-phi-counts-units,precedes,ttp.r014.unit.sec.ephif.discussion.03,1457,,high
r014.backend.record,1.0.0,ttp.r014.relation.1458,relation,active,ttp.r014.yaintt,ttp.r014.yaintt,,und,2026-08-21T13:53:00+02:00,codex.r014.id-ID,,ttp.r014.unit.sec.ephif.discussion.03,precedes,ttp.r014.unit.thm.phiismultiplicative,1458,,high
r014.backend.record,1.0.0,ttp.r014.relation.1459,relation,active,ttp.r014.yaintt,ttp.r014.yaintt,,und,2026-08-21T13:53:00+02:00,codex.r014.id-ID,,ttp.r014.unit.thm.phiismultiplicative,precedes,ttp.r014.unit.sec.ephif.exercises,1459,,high
r014.backend.record,1.0.0,ttp.r014.relation.1460,relation,active,ttp.r014.yaintt,ttp.r014.yaintt,,und,2026-08-21T13:53:00+02:00,codex.r014.id-ID,,ttp.r014.unit.sec.ephif.exercise.01,precedes,ttp.r014.unit.sec.ephif.exercise.02,1460,,high
r014.backend.record,1.0.0,ttp.r014.relation.1461,relation,active,ttp.r014.yaintt,ttp.r014.yaintt,,und,2026-08-21T13:53:00+02:00,codex.r014.id-ID,,ttp.r014.correction.0042,corrects,ttp.r014.unit.thm.phiismultiplicative,1461,,high
r014.backend.record,1.0.0,ttp.r014.relation.1462,relation,active,ttp.r014.yaintt,ttp.r014.yaintt,,und,2026-08-21T13:53:00+02:00,codex.r014.id-ID,,ttp.r014.correction.0043,corrects,ttp.r014.unit.thm.phiismultiplicative.proof,1462,,high
r014.backend.record,1.0.0,ttp.r014.relation.1463,relation,active,ttp.r014.yaintt,ttp.r014.yaintt,,und,2026-08-21T13:53:00+02:00,codex.r014.id-ID,,ttp.r014.correction.0044,corrects,ttp.r014.unit.thm.phiismultiplicative.proof,1463,,high
r014.backend.record,1.0.0,ttp.r014.relation.1464,relation,active,ttp.r014.yaintt,ttp.r014.yaintt,,und,2026-08-21T13:53:00+02:00,codex.r014.id-ID,,ttp.r014.correction.0045,corrects,ttp.r014.unit.def.euler-phi,1464,,high
r014.backend.record,1.0.0,ttp.r014.relation.1465,relation,active,ttp.r014.yaintt,ttp.r014.yaintt,,und,2026-08-21T13:53:00+02:00,codex.r014.id-ID,,ttp.r014.unit.thm.euler-phi-counts-units.proof,proves,ttp.r014.unit.thm.euler-phi-counts-units,1465,,high
r014.backend.record,1.0.0,ttp.r014.relation.1466,relation,active,ttp.r014.yaintt,ttp.r014.yaintt,,und,2026-08-21T13:53:00+02:00,codex.r014.id-ID,,ttp.r014.unit.thm.phiismultiplicative.proof,proves,ttp.r014.unit.thm.phiismultiplicative,1466,,high
r014.backend.record,1.0.0,ttp.r014.relation.1467,relation,active,ttp.r014.yaintt,ttp.r014.yaintt,,und,2026-08-21T13:53:00+02:00,codex.r014.id-ID,,ttp.r014.unit.thm.phiismultiplicative,illustrates,ttp.concept.multiplicative_function,1467,,high
r014.backend.record,1.0.0,ttp.r014.relation.1468,relation,active,ttp.r014.yaintt,ttp.r014.yaintt,,und,2026-08-21T13:53:00+02:00,codex.r014.id-ID,,ttp.r014.unit.thm.euler-phi-counts-units.proof,references,ttp.r014.unit.thm.plustimesproperties,1468,,high
r014.backend.record,1.0.0,ttp.r014.relation.1469,relation,active,ttp.r014.yaintt,ttp.r014.yaintt,,und,2026-08-21T13:53:00+02:00,codex.r014.id-ID,,ttp.r014.unit.sec.ephif.exercises,references,ttp.r014.unit.sec.ephif,1469,,high
r014.backend.record,1.0.0,ttp.r014.relation.1470,relation,active,ttp.r014.yaintt,ttp.r014.yaintt,,und,2026-08-21T13:53:00+02:00,codex.r014.id-ID,,ttp.r014.unit.sec.ephif,covers,ttp.concept.euler_phi_function,1470,,high
r014.backend.record,1.0.0,ttp.r014.relation.1471,relation,active,ttp.r014.yaintt,ttp.r014.yaintt,,und,2026-08-21T13:53:00+02:00,codex.r014.id-ID,,ttp.r014.unit.sec.ephif,covers,ttp.concept.euler_totient_function,1471,,high
r014.backend.record,1.0.0,ttp.r014.relation.1472,relation,active,ttp.r014.yaintt,ttp.r014.yaintt,,und,2026-08-21T13:53:00+02:00,codex.r014.id-ID,,ttp.r014.unit.sec.ephif,covers,ttp.concept.cardinality,1472,,high
r014.backend.record,1.0.0,ttp.r014.relation.1473,relation,active,ttp.r014.yaintt,ttp.r014.yaintt,,und,2026-08-21T13:53:00+02:00,codex.r014.id-ID,,ttp.r014.unit.sec.ephif,covers,ttp.concept.unit_group,1473,,high
r014.backend.record,1.0.0,ttp.r014.relation.1474,relation,active,ttp.r014.yaintt,ttp.r014.yaintt,,und,2026-08-21T13:53:00+02:00,codex.r014.id-ID,,ttp.r014.unit.sec.ephif,covers,ttp.concept.multiplicative_function,1474,,high
r014.backend.record,1.0.0,ttp.r014.relation.1475,relation,active,ttp.r014.yaintt,ttp.r014.yaintt,,und,2026-08-21T13:53:00+02:00,codex.r014.id-ID,,ttp.r014.unit.sec.ephif,covers,ttp.concept.relatively_prime,1475,,high
r014.backend.record,1.0.0,ttp.r014.relation.1476,relation,active,ttp.r014.yaintt,ttp.r014.yaintt,,und,2026-08-21T13:53:00+02:00,codex.r014.id-ID,,ttp.r014.unit.sec.ephif,covers,ttp.concept.chinese_remainder_theorem,1476,,high
r014.backend.record,1.0.0,ttp.r014.relation.1477,relation,active,ttp.r014.yaintt,ttp.r014.yaintt,,und,2026-08-21T13:53:00+02:00,codex.r014.id-ID,,ttp.r014.unit.sec.ephif.discussion.01,covers,ttp.concept.euler_phi_function,1477,,high
r014.backend.record,1.0.0,ttp.r014.relation.1478,relation,active,ttp.r014.yaintt,ttp.r014.yaintt,,und,2026-08-21T13:53:00+02:00,codex.r014.id-ID,,ttp.r014.unit.sec.ephif.discussion.01,covers,ttp.concept.relatively_prime,1478,,high
r014.backend.record,1.0.0,ttp.r014.relation.1479,relation,active,ttp.r014.yaintt,ttp.r014.yaintt,,und,2026-08-21T13:53:00+02:00,codex.r014.id-ID,,ttp.r014.unit.def.euler-phi,covers,ttp.concept.euler_phi_function,1479,,high
r014.backend.record,1.0.0,ttp.r014.relation.1480,relation,active,ttp.r014.yaintt,ttp.r014.yaintt,,und,2026-08-21T13:53:00+02:00,codex.r014.id-ID,,ttp.r014.unit.def.euler-phi,covers,ttp.concept.euler_totient_function,1480,,high
r014.backend.record,1.0.0,ttp.r014.relation.1481,relation,active,ttp.r014.yaintt,ttp.r014.yaintt,,und,2026-08-21T13:53:00+02:00,codex.r014.id-ID,,ttp.r014.unit.def.euler-phi,covers,ttp.concept.cardinality,1481,,high
r014.backend.record,1.0.0,ttp.r014.relation.1482,relation,active,ttp.r014.yaintt,ttp.r014.yaintt,,und,2026-08-21T13:53:00+02:00,codex.r014.id-ID,,ttp.r014.unit.def.euler-phi,covers,ttp.concept.relatively_prime,1482,,high
r014.backend.record,1.0.0,ttp.r014.relation.1483,relation,active,ttp.r014.yaintt,ttp.r014.yaintt,,und,2026-08-21T13:53:00+02:00,codex.r014.id-ID,,ttp.r014.unit.def.euler-phi,covers,ttp.concept.natural_number,1483,,high
r014.backend.record,1.0.0,ttp.r014.relation.1484,relation,active,ttp.r014.yaintt,ttp.r014.yaintt,,und,2026-08-21T13:53:00+02:00,codex.r014.id-ID,,ttp.r014.unit.sec.ephif.discussion.02,covers,ttp.concept.euler_phi_function,1484,,high
r014.backend.record,1.0.0,ttp.r014.relation.1485,relation,active,ttp.r014.yaintt,ttp.r014.yaintt,,und,2026-08-21T13:53:00+02:00,codex.r014.id-ID,,ttp.r014.unit.sec.ephif.discussion.02,covers,ttp.concept.unit_group,1485,,high
r014.backend.record,1.0.0,ttp.r014.relation.1486,relation,active,ttp.r014.yaintt,ttp.r014.yaintt,,und,2026-08-21T13:53:00+02:00,codex.r014.id-ID,,ttp.r014.unit.sec.ephif.discussion.02,covers,ttp.concept.integers_mod_n,1486,,high
r014.backend.record,1.0.0,ttp.r014.relation.1487,relation,active,ttp.r014.yaintt,ttp.r014.yaintt,,und,2026-08-21T13:53:00+02:00,codex.r014.id-ID,,ttp.r014.unit.sec.ephif.discussion.02,covers,ttp.concept.modular_inverse,1487,,high
r014.backend.record,1.0.0,ttp.r014.relation.1488,relation,active,ttp.r014.yaintt,ttp.r014.yaintt,,und,2026-08-21T13:53:00+02:00,codex.r014.id-ID,,ttp.r014.unit.thm.euler-phi-counts-units,covers,ttp.concept.euler_phi_function,1488,,high
r014.backend.record,1.0.0,ttp.r014.relation.1489,relation,active,ttp.r014.yaintt,ttp.r014.yaintt,,und,2026-08-21T13:53:00+02:00,codex.r014.id-ID,,ttp.r014.unit.thm.euler-phi-counts-units,covers,ttp.concept.unit_group,1489,,high
r014.backend.record,1.0.0,ttp.r014.relation.1490,relation,active,ttp.r014.yaintt,ttp.r014.yaintt,,und,2026-08-21T13:53:00+02:00,codex.r014.id-ID,,ttp.r014.unit.thm.euler-phi-counts-units,covers,ttp.concept.integers_mod_n,1490,,high
r014.backend.record,1.0.0,ttp.r014.relation.1491,relation,active,ttp.r014.yaintt,ttp.r014.yaintt,,und,2026-08-21T13:53:00+02:00,codex.r014.id-ID,,ttp.r014.unit.thm.euler-phi-counts-units,covers,ttp.concept.multiplicative_inverse,1491,,high
r014.backend.record,1.0.0,ttp.r014.relation.1492,relation,active,ttp.r014.yaintt,ttp.r014.yaintt,,und,2026-08-21T13:53:00+02:00,codex.r014.id-ID,,ttp.r014.unit.thm.euler-phi-counts-units.proof,covers,ttp.concept.euler_phi_function,1492,,high
r014.backend.record,1.0.0,ttp.r014.relation.1493,relation,active,ttp.r014.yaintt,ttp.r014.yaintt,,und,2026-08-21T13:53:00+02:00,codex.r014.id-ID,,ttp.r014.unit.thm.euler-phi-counts-units.proof,covers,ttp.concept.unit_group,1493,,high
r014.backend.record,1.0.0,ttp.r014.relation.1494,relation,active,ttp.r014.yaintt,ttp.r014.yaintt,,und,2026-08-21T13:53:00+02:00,codex.r014.id-ID,,ttp.r014.unit.thm.euler-phi-counts-units.proof,covers,ttp.concept.modular_inverse,1494,,high
r014.backend.record,1.0.0,ttp.r014.relation.1495,relation,active,ttp.r014.yaintt,ttp.r014.yaintt,,und,2026-08-21T13:53:00+02:00,codex.r014.id-ID,,ttp.r014.unit.sec.ephif.discussion.03,covers,ttp.concept.euler_phi_function,1495,,high
r014.backend.record,1.0.0,ttp.r014.relation.1496,relation,active,ttp.r014.yaintt,ttp.r014.yaintt,,und,2026-08-21T13:53:00+02:00,codex.r014.id-ID,,ttp.r014.unit.sec.ephif.discussion.03,covers,ttp.concept.multiplicative_function,1496,,high
r014.backend.record,1.0.0,ttp.r014.relation.1497,relation,active,ttp.r014.yaintt,ttp.r014.yaintt,,und,2026-08-21T13:53:00+02:00,codex.r014.id-ID,,ttp.r014.unit.sec.ephif.discussion.03,covers,ttp.concept.relatively_prime,1497,,high
r014.backend.record,1.0.0,ttp.r014.relation.1498,relation,active,ttp.r014.yaintt,ttp.r014.yaintt,,und,2026-08-21T13:53:00+02:00,codex.r014.id-ID,,ttp.r014.unit.thm.phiismultiplicative,covers,ttp.concept.euler_phi_function,1498,,high
r014.backend.record,1.0.0,ttp.r014.relation.1499,relation,active,ttp.r014.yaintt,ttp.r014.yaintt,,und,2026-08-21T13:53:00+02:00,codex.r014.id-ID,,ttp.r014.unit.thm.phiismultiplicative,covers,ttp.concept.multiplicative_function,1499,,high
r014.backend.record,1.0.0,ttp.r014.relation.1500,relation,active,ttp.r014.yaintt,ttp.r014.yaintt,,und,2026-08-21T13:53:00+02:00,codex.r014.id-ID,,ttp.r014.unit.thm.phiismultiplicative,covers,ttp.concept.relatively_prime,1500,,high
r014.backend.record,1.0.0,ttp.r014.relation.1501,relation,active,ttp.r014.yaintt,ttp.r014.yaintt,,und,2026-08-21T13:53:00+02:00,codex.r014.id-ID,,ttp.r014.unit.thm.phiismultiplicative,covers,ttp.concept.multiplication,1501,,high
r014.backend.record,1.0.0,ttp.r014.relation.1502,relation,active,ttp.r014.yaintt,ttp.r014.yaintt,,und,2026-08-21T13:53:00+02:00,codex.r014.id-ID,,ttp.r014.unit.thm.phiismultiplicative.proof,covers,ttp.concept.euler_phi_function,1502,,high
r014.backend.record,1.0.0,ttp.r014.relation.1503,relation,active,ttp.r014.yaintt,ttp.r014.yaintt,,und,2026-08-21T13:53:00+02:00,codex.r014.id-ID,,ttp.r014.unit.thm.phiismultiplicative.proof,covers,ttp.concept.multiplicative_function,1503,,high
r014.backend.record,1.0.0,ttp.r014.relation.1504,relation,active,ttp.r014.yaintt,ttp.r014.yaintt,,und,2026-08-21T13:53:00+02:00,codex.r014.id-ID,,ttp.r014.unit.thm.phiismultiplicative.proof,covers,ttp.concept.cardinality,1504,,high
r014.backend.record,1.0.0,ttp.r014.relation.1505,relation,active,ttp.r014.yaintt,ttp.r014.yaintt,,und,2026-08-21T13:53:00+02:00,codex.r014.id-ID,,ttp.r014.unit.thm.phiismultiplicative.proof,covers,ttp.concept.cartesian_product,1505,,high
r014.backend.record,1.0.0,ttp.r014.relation.1506,relation,active,ttp.r014.yaintt,ttp.r014.yaintt,,und,2026-08-21T13:53:00+02:00,codex.r014.id-ID,,ttp.r014.unit.thm.phiismultiplicative.proof,covers,ttp.concept.injective,1506,,high
r014.backend.record,1.0.0,ttp.r014.relation.1507,relation,active,ttp.r014.yaintt,ttp.r014.yaintt,,und,2026-08-21T13:53:00+02:00,codex.r014.id-ID,,ttp.r014.unit.thm.phiismultiplicative.proof,covers,ttp.concept.surjective,1507,,high
r014.backend.record,1.0.0,ttp.r014.relation.1508,relation,active,ttp.r014.yaintt,ttp.r014.yaintt,,und,2026-08-21T13:53:00+02:00,codex.r014.id-ID,,ttp.r014.unit.thm.phiismultiplicative.proof,covers,ttp.concept.bijective,1508,,high
r014.backend.record,1.0.0,ttp.r014.relation.1509,relation,active,ttp.r014.yaintt,ttp.r014.yaintt,,und,2026-08-21T13:53:00+02:00,codex.r014.id-ID,,ttp.r014.unit.thm.phiismultiplicative.proof,covers,ttp.concept.unit_group,1509,,high
r014.backend.record,1.0.0,ttp.r014.relation.1510,relation,active,ttp.r014.yaintt,ttp.r014.yaintt,,und,2026-08-21T13:53:00+02:00,codex.r014.id-ID,,ttp.r014.unit.thm.phiismultiplicative.proof,covers,ttp.concept.chinese_remainder_theorem,1510,,high
r014.backend.record,1.0.0,ttp.r014.relation.1511,relation,active,ttp.r014.yaintt,ttp.r014.yaintt,,und,2026-08-21T13:53:00+02:00,codex.r014.id-ID,,ttp.r014.unit.thm.phiismultiplicative.proof,covers,ttp.concept.system_of_congruences,1511,,high
r014.backend.record,1.0.0,ttp.r014.relation.1512,relation,active,ttp.r014.yaintt,ttp.r014.yaintt,,und,2026-08-21T13:53:00+02:00,codex.r014.id-ID,,ttp.r014.unit.thm.phiismultiplicative.proof,covers,ttp.concept.integers_mod_n,1512,,high
r014.backend.record,1.0.0,ttp.r014.relation.1513,relation,active,ttp.r014.yaintt,ttp.r014.yaintt,,und,2026-08-21T13:53:00+02:00,codex.r014.id-ID,,ttp.r014.unit.thm.phiismultiplicative.proof,covers,ttp.concept.modular_inverse,1513,,high
r014.backend.record,1.0.0,ttp.r014.relation.1514,relation,active,ttp.r014.yaintt,ttp.r014.yaintt,,und,2026-08-21T13:53:00+02:00,codex.r014.id-ID,,ttp.r014.unit.thm.phiismultiplicative.proof,covers,ttp.concept.relatively_prime,1514,,high
r014.backend.record,1.0.0,ttp.r014.relation.1515,relation,active,ttp.r014.yaintt,ttp.r014.yaintt,,und,2026-08-21T13:53:00+02:00,codex.r014.id-ID,,ttp.r014.unit.thm.phiismultiplicative.proof,covers,ttp.concept.multiplication,1515,,high
r014.backend.record,1.0.0,ttp.r014.relation.1516,relation,active,ttp.r014.yaintt,ttp.r014.yaintt,,und,2026-08-21T13:53:00+02:00,codex.r014.id-ID,,ttp.r014.unit.sec.ephif.exercises,covers,ttp.concept.euler_phi_function,1516,,high
r014.backend.record,1.0.0,ttp.r014.relation.1517,relation,active,ttp.r014.yaintt,ttp.r014.yaintt,,und,2026-08-21T13:53:00+02:00,codex.r014.id-ID,,ttp.r014.unit.sec.ephif.exercise.01,covers,ttp.concept.euler_phi_function,1517,,high
r014.backend.record,1.0.0,ttp.r014.relation.1518,relation,active,ttp.r014.yaintt,ttp.r014.yaintt,,und,2026-08-21T13:53:00+02:00,codex.r014.id-ID,,ttp.r014.unit.sec.ephif.exercise.01,covers,ttp.concept.natural_number,1518,,high
r014.backend.record,1.0.0,ttp.r014.relation.1519,relation,active,ttp.r014.yaintt,ttp.r014.yaintt,,und,2026-08-21T13:53:00+02:00,codex.r014.id-ID,,ttp.r014.unit.sec.ephif.exercise.02,covers,ttp.concept.euler_phi_function,1519,,high
r014.backend.record,1.0.0,ttp.r014.relation.1520,relation,active,ttp.r014.yaintt,ttp.r014.yaintt,,und,2026-08-21T13:53:00+02:00,codex.r014.id-ID,,ttp.r014.unit.sec.ephif.exercise.02,covers,ttp.concept.natural_number,1520,,high
r014.backend.record,1.0.0,ttp.r014.relation.1521,relation,active,ttp.r014.yaintt,ttp.r014.yaintt,,und,2026-08-21T13:53:00+02:00,codex.r014.id-ID,,ttp.r014.unit.sec.ephif.exercise.02,covers,ttp.concept.multiplication,1521,,high
r014.backend.record,1.0.0,ttp.r014.relation.1522,relation,active,ttp.r014.yaintt,ttp.r014.yaintt,,und,2026-08-21T13:53:00+02:00,codex.r014.id-ID,,ttp.concept.relatively_prime,prerequisite_for,ttp.concept.euler_phi_function,1522,,high
r014.backend.record,1.0.0,ttp.r014.relation.1523,relation,active,ttp.r014.yaintt,ttp.r014.yaintt,,und,2026-08-21T13:53:00+02:00,codex.r014.id-ID,,ttp.concept.natural_number,prerequisite_for,ttp.concept.euler_phi_function,1523,,high
r014.backend.record,1.0.0,ttp.r014.relation.1524,relation,active,ttp.r014.yaintt,ttp.r014.yaintt,,und,2026-08-21T13:53:00+02:00,codex.r014.id-ID,,ttp.concept.euler_phi_function,prerequisite_for,ttp.concept.euler_totient_function,1524,,high
r014.backend.record,1.0.0,ttp.r014.relation.1525,relation,active,ttp.r014.yaintt,ttp.r014.yaintt,,und,2026-08-21T13:53:00+02:00,codex.r014.id-ID,,ttp.concept.injective,prerequisite_for,ttp.concept.bijective,1525,,high
r014.backend.record,1.0.0,ttp.r014.relation.1526,relation,active,ttp.r014.yaintt,ttp.r014.yaintt,,und,2026-08-21T13:53:00+02:00,codex.r014.id-ID,,ttp.concept.surjective,prerequisite_for,ttp.concept.bijective,1526,,high
r014.backend.record,1.0.0,ttp.r014.relation.1527,relation,active,ttp.r014.yaintt,ttp.r014.yaintt,,und,2026-08-21T13:53:00+02:00,codex.r014.id-ID,,ttp.concept.integers_mod_n,prerequisite_for,ttp.concept.unit_group,1527,,high
r014.backend.record,1.0.0,ttp.r014.relation.1528,relation,active,ttp.r014.yaintt,ttp.r014.yaintt,,und,2026-08-21T13:53:00+02:00,codex.r014.id-ID,,ttp.concept.modular_inverse,prerequisite_for,ttp.concept.unit_group,1528,,high
r014.backend.record,1.0.0,ttp.r014.relation.1529,relation,active,ttp.r014.yaintt,ttp.r014.yaintt,,und,2026-08-21T13:53:00+02:00,codex.r014.id-ID,,ttp.concept.euler_phi_function,prerequisite_for,ttp.concept.multiplicative_function,1529,,high
r014.backend.record,1.0.0,ttp.r014.relation.1530,relation,active,ttp.r014.yaintt,ttp.r014.yaintt,,und,2026-08-21T13:53:00+02:00,codex.r014.id-ID,,ttp.concept.relatively_prime,prerequisite_for,ttp.concept.multiplicative_function,1530,,high
r014.backend.record,1.0.0,ttp.r014.relation.1531,relation,active,ttp.r014.yaintt,ttp.r014.yaintt,,und,2026-08-21T13:53:00+02:00,codex.r014.id-ID,,ttp.concept.multiplication,prerequisite_for,ttp.concept.multiplicative_function,1531,,high
r014.backend.record,1.0.0,ttp.r014.relation.1532,relation,active,ttp.r014.yaintt,ttp.r014.yaintt,,und,2026-08-21T13:53:00+02:00,codex.r014.id-ID,,ttp.r014.edition.id-id.boundary11,translates,ttp.r014.edition.source.2014-05-07,1532,,high
r014.backend.record,1.0.0,ttp.r014.relation.1533,relation,active,ttp.r014.yaintt,ttp.r014.yaintt,,und,2026-08-21T13:53:00+02:00,codex.r014.id-ID,,ttp.r014.edition.id-id.boundary11,adapts,ttp.r014.edition.source.2014-05-07,1533,,high
r014.backend.record,1.0.0,ttp.r014.relation.1534,relation,active,ttp.r014.yaintt,ttp.r014.yaintt,,und,2026-08-21T13:53:00+02:00,codex.r014.id-ID,,ttp.r014.edition.id-id.boundary11,depends_on,ttp.r014.asset.authority.yaintt_tex,1534,,high
r014.backend.record,1.0.0,ttp.r014.relation.1535,relation,active,ttp.r014.yaintt,ttp.r014.yaintt,,und,2026-08-21T13:53:00+02:00,codex.r014.id-ID,,ttp.r014.edition.id-id.boundary11,depends_on,ttp.r014.asset.authority.refs_bib,1535,,high
r014.backend.record,1.0.0,ttp.r014.relation.1536,relation,active,ttp.r014.yaintt,ttp.r014.yaintt,,und,2026-08-21T13:53:00+02:00,codex.r014.id-ID,,ttp.r014.edition.id-id.boundary11,depends_on,ttp.r014.asset.authority.cover_art_eps,1536,,high
r014.backend.record,1.0.0,ttp.r014.relation.1537,relation,active,ttp.r014.yaintt,ttp.r014.yaintt,,und,2026-08-21T13:53:00+02:00,codex.r014.id-ID,,ttp.r014.edition.id-id.boundary11,depends_on,ttp.r014.asset.authority.dbend_eps,1537,,high
r014.backend.record,1.0.0,ttp.r014.relation.1538,relation,active,ttp.r014.yaintt,ttp.r014.yaintt,,und,2026-08-21T13:53:00+02:00,codex.r014.id-ID,,ttp.r014.edition.id-id.boundary11,depends_on,ttp.r014.asset.authority.eng_freq_hist_eps,1538,,high
r014.backend.record,1.0.0,ttp.r014.relation.1539,relation,active,ttp.r014.yaintt,ttp.r014.yaintt,,und,2026-08-21T13:53:00+02:00,codex.r014.id-ID,,ttp.r014.edition.id-id.boundary11,depends_on,ttp.r014.asset.authority.hamhip_freqs_eps,1539,,high
r014.backend.record,1.0.0,ttp.r014.relation.1540,relation,active,ttp.r014.yaintt,ttp.r014.yaintt,,und,2026-08-21T13:53:00+02:00,codex.r014.id-ID,,ttp.r014.edition.id-id.boundary11,depends_on,ttp.r014.asset.authority.samp_cct_hist_eps,1540,,high
r014.backend.record,1.0.0,ttp.r014.relation.1541,relation,active,ttp.r014.yaintt,ttp.r014.yaintt,,und,2026-08-21T13:53:00+02:00,codex.r014.id-ID,,ttp.r014.edition.id-id.boundary11,depends_on,ttp.r014.asset.authority.scytale_eps,1541,,high
r014.backend.record,1.0.0,ttp.r014.relation.1542,relation,active,ttp.r014.yaintt,ttp.r014.yaintt,,und,2026-08-21T13:53:00+02:00,codex.r014.id-ID,,ttp.r014.edition.id-id.boundary11,depends_on,ttp.r014.asset.authority.seadk_cct_eps,1542,,high
r014.backend.record,1.0.0,ttp.r014.relation.1543,relation,active,ttp.r014.yaintt,ttp.r014.yaintt,,und,2026-08-21T13:53:00+02:00,codex.r014.id-ID,,ttp.r014.edition.id-id.boundary11,depends_on,ttp.r014.asset.authority.seadk_hamhip_eps,1543,,high
r014.backend.record,1.0.0,ttp.r014.relation.1544,relation,active,ttp.r014.yaintt,ttp.r014.yaintt,,und,2026-08-21T13:53:00+02:00,codex.r014.id-ID,,ttp.r014.edition.id-id.boundary11,depends_on,ttp.r014.asset.authority.seadk_rkkrt_eps,1544,,high
r014.backend.record,1.0.0,ttp.r014.relation.1545,relation,active,ttp.r014.yaintt,ttp.r014.yaintt,,und,2026-08-22T03:06:00+02:00,codex.r014.id-ID,,ttp.r014.edition.id-id.boundary28-r2,translates,ttp.r014.edition.source.2014-05-07,1545,"{""path"":""qa/review-candidates/boundary28-r2/yaintt-id.tex"",""sha256"":""b1dd2926dc8bfdb84c6a3b4605490a8d96b14c44d89653867160d701fa0f17db""}",high
r014.backend.record,1.0.0,ttp.r014.relation.1546,relation,active,ttp.r014.yaintt,ttp.r014.yaintt,,und,2026-08-22T03:06:00+02:00,codex.r014.id-ID,,ttp.r014.edition.id-id.boundary28-r2,adapts,ttp.r014.edition.source.2014-05-07,1546,"{""path"":""qa/review-candidates/boundary28-r2/ADVERSE_LEDGER.md"",""sha256"":""dd4de4ca603dc1bf67b635bce3199fcdbf6bcacbc3b8d3736350b5a825a00f57""}",high
r014.backend.record,1.0.0,ttp.r014.relation.1547,relation,active,ttp.r014.yaintt,ttp.r014.yaintt,,und,2026-08-22T03:06:00+02:00,codex.r014.id-ID,,ttp.r014.edition.id-id.boundary28-r2,supersedes,ttp.r014.edition.id-id.boundary11,1547,"{""path"":""qa/review-candidates/boundary28-r2/yaintt-id.tex"",""sha256"":""b1dd2926dc8bfdb84c6a3b4605490a8d96b14c44d89653867160d701fa0f17db""}",high
r014.backend.record,1.0.0,ttp.r014.relation.1548,relation,active,ttp.r014.yaintt,ttp.r014.yaintt,,und,2026-08-22T03:06:00+02:00,codex.r014.id-ID,,ttp.r014.edition.id-id.boundary28-r2,depends_on,ttp.r014.asset.authority.cover_art_eps,1548,"{""path"":""authority/downloads/cover_art.eps"",""sha256"":""076b45fffb0031e9cf35883c4123de72c9d302dc963975a88c64a81f7c8c78d1""}",high
r014.backend.record,1.0.0,ttp.r014.relation.1549,relation,active,ttp.r014.yaintt,ttp.r014.yaintt,,und,2026-08-22T03:06:00+02:00,codex.r014.id-ID,,ttp.r014.edition.id-id.boundary28-r2,depends_on,ttp.r014.asset.authority.dbend_eps,1549,"{""path"":""authority/downloads/dbend.eps"",""sha256"":""bddd8601f3e402ed262b19332b77cb45442a82c4895e80c1c368686e05f6c2a4""}",high
r014.backend.record,1.0.0,ttp.r014.relation.1550,relation,active,ttp.r014.yaintt,ttp.r014.yaintt,,und,2026-08-22T03:06:00+02:00,codex.r014.id-ID,,ttp.r014.edition.id-id.boundary28-r2,depends_on,ttp.r014.asset.authority.eng_freq_hist_eps,1550,"{""path"":""authority/downloads/eng_freq_hist.eps"",""sha256"":""d06715934780939e1631f5743f35dfeb6b9c327d056c7f79f77c26c22b9b9199""}",high
r014.backend.record,1.0.0,ttp.r014.relation.1551,relation,active,ttp.r014.yaintt,ttp.r014.yaintt,,und,2026-08-22T03:06:00+02:00,codex.r014.id-ID,,ttp.r014.edition.id-id.boundary28-r2,depends_on,ttp.r014.asset.authority.hamhip_freqs_eps,1551,"{""path"":""authority/downloads/hamhip_freqs.eps"",""sha256"":""dce37ecc01cd9d445b24ccd7e464063e59a2b3bc270ba1385e821968207d9c01""}",high
r014.backend.record,1.0.0,ttp.r014.relation.1552,relation,active,ttp.r014.yaintt,ttp.r014.yaintt,,und,2026-08-22T03:06:00+02:00,codex.r014.id-ID,,ttp.r014.edition.id-id.boundary28-r2,depends_on,ttp.r014.asset.authority.index_html,1552,"{""path"":""authority/downloads/index.html"",""sha256"":""0a80bd3f3b835a04a4bad8639b0ac83678faa91e669d3d7dc7acc53cd02e73aa""}",high
r014.backend.record,1.0.0,ttp.r014.relation.1553,relation,active,ttp.r014.yaintt,ttp.r014.yaintt,,und,2026-08-22T03:06:00+02:00,codex.r014.id-ID,,ttp.r014.edition.id-id.boundary28-r2,depends_on,ttp.r014.asset.authority.refs_bib,1553,"{""path"":""authority/downloads/refs.bib"",""sha256"":""115c8a3b51dec2ce3dd1595953127beeed02dd30698fa1f91c8d4fa580ec1d8a""}",high
r014.backend.record,1.0.0,ttp.r014.relation.1554,relation,active,ttp.r014.yaintt,ttp.r014.yaintt,,und,2026-08-22T03:06:00+02:00,codex.r014.id-ID,,ttp.r014.edition.id-id.boundary28-r2,depends_on,ttp.r014.asset.authority.samp_cct_hist_eps,1554,"{""path"":""authority/downloads/samp_Cct_hist.eps"",""sha256"":""2960ad2f0d3ee99be8e10352821ad5b72c9e5fa6ee976571a33df9f1d4e9c5d7""}",high
r014.backend.record,1.0.0,ttp.r014.relation.1555,relation,active,ttp.r014.yaintt,ttp.r014.yaintt,,und,2026-08-22T03:06:00+02:00,codex.r014.id-ID,,ttp.r014.edition.id-id.boundary28-r2,depends_on,ttp.r014.asset.authority.scytale_eps,1555,"{""path"":""authority/downloads/Scytale.eps"",""sha256"":""e34c6fae11957f5ffde765fe73546c84e71fc81c8c3a0db6b39d4b681c3af780""}",high
r014.backend.record,1.0.0,ttp.r014.relation.1556,relation,active,ttp.r014.yaintt,ttp.r014.yaintt,,und,2026-08-22T03:06:00+02:00,codex.r014.id-ID,,ttp.r014.edition.id-id.boundary28-r2,depends_on,ttp.r014.asset.authority.seadk_cct_eps,1556,"{""path"":""authority/downloads/seadk_Cct.eps"",""sha256"":""5819fa5143ba305eb2f7f9c41964739061ae762cbb6e2c5b092361053eddea7e""}",high
r014.backend.record,1.0.0,ttp.r014.relation.1557,relation,active,ttp.r014.yaintt,ttp.r014.yaintt,,und,2026-08-22T03:06:00+02:00,codex.r014.id-ID,,ttp.r014.edition.id-id.boundary28-r2,depends_on,ttp.r014.asset.authority.seadk_hamhip_eps,1557,"{""path"":""authority/downloads/seadk_hamhip.eps"",""sha256"":""e8e958d437d431451095d24eebbdd97f1b1f84579792678bdedb6588eeab1f82""}",high
r014.backend.record,1.0.0,ttp.r014.relation.1558,relation,active,ttp.r014.yaintt,ttp.r014.yaintt,,und,2026-08-22T03:06:00+02:00,codex.r014.id-ID,,ttp.r014.edition.id-id.boundary28-r2,depends_on,ttp.r014.asset.authority.seadk_rkkrt_eps,1558,"{""path"":""authority/downloads/seadk_rkkrt.eps"",""sha256"":""1bc7e601b694bb1d736cbd3275434005e1654d2639e0e36d0ea858a9bd7c7d1e""}",high
r014.backend.record,1.0.0,ttp.r014.relation.1559,relation,active,ttp.r014.yaintt,ttp.r014.yaintt,,und,2026-08-22T03:06:00+02:00,codex.r014.id-ID,,ttp.r014.edition.id-id.boundary28-r2,depends_on,ttp.r014.asset.authority.yaintt_pdf,1559,"{""path"":""authority/downloads/yaintt.pdf"",""sha256"":""44ae6b2b3dd3c44ee4a6c59c57b623861cabae2a33d1d057df99a1e5c6dcb09f""}",high
r014.backend.record,1.0.0,ttp.r014.relation.1560,relation,active,ttp.r014.yaintt,ttp.r014.yaintt,,und,2026-08-22T03:06:00+02:00,codex.r014.id-ID,,ttp.r014.edition.id-id.boundary28-r2,depends_on,ttp.r014.asset.authority.yaintt_tex,1560,"{""path"":""authority/downloads/yaintt.tex"",""sha256"":""d2967870a0d43de60c590a2bb40cee6915e7b6d68a0dd3ad574f64c7b6430829""}",high
r014.backend.record,1.0.0,ttp.r014.relation.1561,relation,active,ttp.r014.yaintt,ttp.r014.yaintt,,und,2026-08-22T03:06:00+02:00,codex.r014.id-ID,,ttp.r014.unit.book,contains,ttp.r014.unit.chap.pns,1561,"{""end_line"":2787,""path"":""authority/downloads/yaintt.tex"",""start_line"":2211}",high
r014.backend.record,1.0.0,ttp.r014.relation.1562,relation,active,ttp.r014.yaintt,ttp.r014.yaintt,,und,2026-08-22T03:06:00+02:00,codex.r014.id-ID,,ttp.r014.unit.chap.pns,contains,ttp.r014.segment.247,1562,"{""end_line"":2504,""path"":""qa/review-candidates/boundary28-r2/yaintt-id.tex"",""start_line"":2504}",high
r014.backend.record,1.0.0,ttp.r014.relation.1563,relation,active,ttp.r014.yaintt,ttp.r014.yaintt,,und,2026-08-22T03:06:00+02:00,codex.r014.id-ID,,ttp.r014.unit.sec.batfta,contains,ttp.r014.unit.sec.batfta.discussion.01,1563,"{""end_line"":2218,""path"":""authority/downloads/yaintt.tex"",""start_line"":2213}",high
r014.backend.record,1.0.0,ttp.r014.relation.1564,relation,active,ttp.r014.yaintt,ttp.r014.yaintt,,und,2026-08-22T03:06:00+02:00,codex.r014.id-ID,,ttp.r014.unit.sec.batfta.discussion.01,contains,ttp.r014.segment.248,1564,"{""end_line"":2511,""path"":""qa/review-candidates/boundary28-r2/yaintt-id.tex"",""start_line"":2506}",high
r014.backend.record,1.0.0,ttp.r014.relation.1565,relation,active,ttp.r014.yaintt,ttp.r014.yaintt,,und,2026-08-22T03:06:00+02:00,codex.r014.id-ID,,ttp.r014.unit.chap.pns,contains,ttp.r014.unit.sec.batfta,1565,"{""end_line"":2372,""path"":""authority/downloads/yaintt.tex"",""start_line"":2220}",high
r014.backend.record,1.0.0,ttp.r014.relation.1566,relation,active,ttp.r014.yaintt,ttp.r014.yaintt,,und,2026-08-22T03:06:00+02:00,codex.r014.id-ID,,ttp.r014.unit.sec.batfta,contains,ttp.r014.segment.249,1566,"{""end_line"":2513,""path"":""qa/review-candidates/boundary28-r2/yaintt-id.tex"",""start_line"":2513}",high
r014.backend.record,1.0.0,ttp.r014.relation.1567,relation,active,ttp.r014.yaintt,ttp.r014.yaintt,,und,2026-08-22T03:06:00+02:00,codex.r014.id-ID,,ttp.r014.unit.sec.batfta,contains,ttp.r014.unit.sec.batfta.discussion.02,1567,"{""end_line"":2224,""path"":""authority/downloads/yaintt.tex"",""start_line"":2222}",high
r014.backend.record,1.0.0,ttp.r014.relation.1568,relation,active,ttp.r014.yaintt,ttp.r014.yaintt,,und,2026-08-22T03:06:00+02:00,codex.r014.id-ID,,ttp.r014.unit.sec.batfta.discussion.02,contains,ttp.r014.segment.250,1568,"{""end_line"":2517,""path"":""qa/review-candidates/boundary28-r2/yaintt-id.tex"",""start_line"":2515}",high
r014.backend.record,1.0.0,ttp.r014.relation.1569,relation,active,ttp.r014.yaintt,ttp.r014.yaintt,,und,2026-08-22T03:06:00+02:00,codex.r014.id-ID,,ttp.r014.unit.sec.batfta,contains,ttp.r014.unit.sec.batfta.definition.01,1569,"{""end_line"":2228,""path"":""authority/downloads/yaintt.tex"",""start_line"":2225}",high
r014.backend.record,1.0.0,ttp.r014.relation.1570,relation,active,ttp.r014.yaintt,ttp.r014.yaintt,,und,2026-08-22T03:06:00+02:00,codex.r014.id-ID,,ttp.r014.unit.sec.batfta.definition.01,contains,ttp.r014.segment.251,1570,"{""end_line"":2521,""path"":""qa/review-candidates/boundary28-r2/yaintt-id.tex"",""start_line"":2518}",high
r014.backend.record,1.0.0,ttp.r014.relation.1571,relation,active,ttp.r014.yaintt,ttp.r014.yaintt,,und,2026-08-22T03:06:00+02:00,codex.r014.id-ID,,ttp.r014.unit.sec.batfta,contains,ttp.r014.unit.sec.batfta.example.01,1571,"{""end_line"":2241,""path"":""authority/downloads/yaintt.tex"",""start_line"":2230}",high
r014.backend.record,1.0.0,ttp.r014.relation.1572,relation,active,ttp.r014.yaintt,ttp.r014.yaintt,,und,2026-08-22T03:06:00+02:00,codex.r014.id-ID,,ttp.r014.unit.sec.batfta.example.01,contains,ttp.r014.segment.252,1572,"{""end_line"":2537,""path"":""qa/review-candidates/boundary28-r2/yaintt-id.tex"",""start_line"":2523}",high
r014.backend.record,1.0.0,ttp.r014.relation.1573,relation,active,ttp.r014.yaintt,ttp.r014.yaintt,,und,2026-08-22T03:06:00+02:00,codex.r014.id-ID,,ttp.r014.unit.sec.batfta,contains,ttp.r014.unit.sec.batfta.definition.02,1573,"{""end_line"":2247,""path"":""authority/downloads/yaintt.tex"",""start_line"":2244}",high
r014.backend.record,1.0.0,ttp.r014.relation.1574,relation,active,ttp.r014.yaintt,ttp.r014.yaintt,,und,2026-08-22T03:06:00+02:00,codex.r014.id-ID,,ttp.r014.unit.sec.batfta.definition.02,contains,ttp.r014.segment.253,1574,"{""end_line"":2543,""path"":""qa/review-candidates/boundary28-r2/yaintt-id.tex"",""start_line"":2540}",high
r014.backend.record,1.0.0,ttp.r014.relation.1575,relation,active,ttp.r014.yaintt,ttp.r014.yaintt,,und,2026-08-22T03:06:00+02:00,codex.r014.id-ID,,ttp.r014.unit.sec.batfta,contains,ttp.r014.unit.sec.batfta.discussion.03,1575,"{""end_line"":2252,""path"":""authority/downloads/yaintt.tex"",""start_line"":2249}",high
r014.backend.record,1.0.0,ttp.r014.relation.1576,relation,active,ttp.r014.yaintt,ttp.r014.yaintt,,und,2026-08-22T03:06:00+02:00,codex.r014.id-ID,,ttp.r014.unit.sec.batfta.discussion.03,contains,ttp.r014.segment.254,1576,"{""end_line"":2548,""path"":""qa/review-candidates/boundary28-r2/yaintt-id.tex"",""start_line"":2545}",high
r014.backend.record,1.0.0,ttp.r014.relation.1577,relation,active,ttp.r014.yaintt,ttp.r014.yaintt,,und,2026-08-22T03:06:00+02:00,codex.r014.id-ID,,ttp.r014.unit.sec.batfta,contains,ttp.r014.unit.sec.batfta.theorem.01,1577,"{""end_line"":2257,""path"":""authority/downloads/yaintt.tex"",""start_line"":2254}",high
r014.backend.record,1.0.0,ttp.r014.relation.1578,relation,active,ttp.r014.yaintt,ttp.r014.yaintt,,und,2026-08-22T03:06:00+02:00,codex.r014.id-ID,,ttp.r014.unit.sec.batfta.theorem.01,contains,ttp.r014.segment.255,1578,"{""end_line"":2553,""path"":""qa/review-candidates/boundary28-r2/yaintt-id.tex"",""start_line"":2550}",high
r014.backend.record,1.0.0,ttp.r014.relation.1579,relation,active,ttp.r014.yaintt,ttp.r014.yaintt,,und,2026-08-22T03:06:00+02:00,codex.r014.id-ID,,ttp.r014.unit.sec.batfta.theorem.01,contains,ttp.r014.unit.sec.batfta.proof.01,1579,"{""end_line"":2268,""path"":""authority/downloads/yaintt.tex"",""start_line"":2258}",high
r014.backend.record,1.0.0,ttp.r014.relation.1580,relation,active,ttp.r014.yaintt,ttp.r014.yaintt,,und,2026-08-22T03:06:00+02:00,codex.r014.id-ID,,ttp.r014.unit.sec.batfta.proof.01,contains,ttp.r014.segment.256,1580,"{""end_line"":2564,""path"":""qa/review-candidates/boundary28-r2/yaintt-id.tex"",""start_line"":2554}",high
r014.backend.record,1.0.0,ttp.r014.relation.1581,relation,active,ttp.r014.yaintt,ttp.r014.yaintt,,und,2026-08-22T03:06:00+02:00,codex.r014.id-ID,,ttp.r014.unit.sec.batfta.proof.01,proves,ttp.r014.unit.sec.batfta.theorem.01,1581,"{""end_line"":2268,""path"":""authority/downloads/yaintt.tex"",""start_line"":2258}",high
r014.backend.record,1.0.0,ttp.r014.relation.1582,relation,active,ttp.r014.yaintt,ttp.r014.yaintt,,und,2026-08-22T03:06:00+02:00,codex.r014.id-ID,,ttp.r014.unit.sec.batfta,contains,ttp.r014.unit.sec.batfta.discussion.04,1582,"{""end_line"":2273,""path"":""authority/downloads/yaintt.tex"",""start_line"":2270}",high
r014.backend.record,1.0.0,ttp.r014.relation.1583,relation,active,ttp.r014.yaintt,ttp.r014.yaintt,,und,2026-08-22T03:06:00+02:00,codex.r014.id-ID,,ttp.r014.unit.sec.batfta.discussion.04,contains,ttp.r014.segment.257,1583,"{""end_line"":2569,""path"":""qa/review-candidates/boundary28-r2/yaintt-id.tex"",""start_line"":2566}",high
r014.backend.record,1.0.0,ttp.r014.relation.1584,relation,active,ttp.r014.yaintt,ttp.r014.yaintt,,und,2026-08-22T03:06:00+02:00,codex.r014.id-ID,,ttp.r014.unit.sec.batfta,contains,ttp.r014.unit.sec.batfta.proposition.01,1584,"{""end_line"":2279,""path"":""authority/downloads/yaintt.tex"",""start_line"":2275}",high
r014.backend.record,1.0.0,ttp.r014.relation.1585,relation,active,ttp.r014.yaintt,ttp.r014.yaintt,,und,2026-08-22T03:06:00+02:00,codex.r014.id-ID,,ttp.r014.unit.sec.batfta.proposition.01,contains,ttp.r014.segment.258,1585,"{""end_line"":2575,""path"":""qa/review-candidates/boundary28-r2/yaintt-id.tex"",""start_line"":2571}",high
r014.backend.record,1.0.0,ttp.r014.relation.1586,relation,active,ttp.r014.yaintt,ttp.r014.yaintt,,und,2026-08-22T03:06:00+02:00,codex.r014.id-ID,,ttp.r014.unit.sec.batfta.proposition.01,contains,ttp.r014.unit.sec.batfta.proof.02,1586,"{""end_line"":2286,""path"":""authority/downloads/yaintt.tex"",""start_line"":2280}",high
r014.backend.record,1.0.0,ttp.r014.relation.1587,relation,active,ttp.r014.yaintt,ttp.r014.yaintt,,und,2026-08-22T03:06:00+02:00,codex.r014.id-ID,,ttp.r014.unit.sec.batfta.proof.02,contains,ttp.r014.segment.259,1587,"{""end_line"":2583,""path"":""qa/review-candidates/boundary28-r2/yaintt-id.tex"",""start_line"":2576}",high
r014.backend.record,1.0.0,ttp.r014.relation.1588,relation,active,ttp.r014.yaintt,ttp.r014.yaintt,,und,2026-08-22T03:06:00+02:00,codex.r014.id-ID,,ttp.r014.unit.sec.batfta.proof.02,proves,ttp.r014.unit.sec.batfta.proposition.01,1588,"{""end_line"":2286,""path"":""authority/downloads/yaintt.tex"",""start_line"":2280}",high
r014.backend.record,1.0.0,ttp.r014.relation.1589,relation,active,ttp.r014.yaintt,ttp.r014.yaintt,,und,2026-08-22T03:06:00+02:00,codex.r014.id-ID,,ttp.r014.unit.sec.batfta,contains,ttp.r014.unit.sec.batfta.discussion.05,1589,"{""end_line"":2290,""path"":""authority/downloads/yaintt.tex"",""start_line"":2288}",high
r014.backend.record,1.0.0,ttp.r014.relation.1590,relation,active,ttp.r014.yaintt,ttp.r014.yaintt,,und,2026-08-22T03:06:00+02:00,codex.r014.id-ID,,ttp.r014.unit.sec.batfta.discussion.05,contains,ttp.r014.segment.260,1590,"{""end_line"":2587,""path"":""qa/review-candidates/boundary28-r2/yaintt-id.tex"",""start_line"":2585}",high
r014.backend.record,1.0.0,ttp.r014.relation.1591,relation,active,ttp.r014.yaintt,ttp.r014.yaintt,,und,2026-08-22T03:06:00+02:00,codex.r014.id-ID,,ttp.r014.unit.sec.batfta,contains,ttp.r014.unit.sec.batfta.corollary.01,1591,"{""end_line"":2295,""path"":""authority/downloads/yaintt.tex"",""start_line"":2291}",high
r014.backend.record,1.0.0,ttp.r014.relation.1592,relation,active,ttp.r014.yaintt,ttp.r014.yaintt,,und,2026-08-22T03:06:00+02:00,codex.r014.id-ID,,ttp.r014.unit.sec.batfta.corollary.01,contains,ttp.r014.segment.261,1592,"{""end_line"":2592,""path"":""qa/review-candidates/boundary28-r2/yaintt-id.tex"",""start_line"":2588}",high
r014.backend.record,1.0.0,ttp.r014.relation.1593,relation,active,ttp.r014.yaintt,ttp.r014.yaintt,,und,2026-08-22T03:06:00+02:00,codex.r014.id-ID,,ttp.r014.unit.sec.batfta.corollary.01,contains,ttp.r014.unit.sec.batfta.proof.03,1593,"{""end_line"":2298,""path"":""authority/downloads/yaintt.tex"",""start_line"":2296}",high
r014.backend.record,1.0.0,ttp.r014.relation.1594,relation,active,ttp.r014.yaintt,ttp.r014.yaintt,,und,2026-08-22T03:06:00+02:00,codex.r014.id-ID,,ttp.r014.unit.sec.batfta.proof.03,contains,ttp.r014.segment.262,1594,"{""end_line"":2595,""path"":""qa/review-candidates/boundary28-r2/yaintt-id.tex"",""start_line"":2593}",high
r014.backend.record,1.0.0,ttp.r014.relation.1595,relation,active,ttp.r014.yaintt,ttp.r014.yaintt,,und,2026-08-22T03:06:00+02:00,codex.r014.id-ID,,ttp.r014.unit.sec.batfta.proof.03,proves,ttp.r014.unit.sec.batfta.corollary.01,1595,"{""end_line"":2298,""path"":""authority/downloads/yaintt.tex"",""start_line"":2296}",high
r014.backend.record,1.0.0,ttp.r014.relation.1596,relation,active,ttp.r014.yaintt,ttp.r014.yaintt,,und,2026-08-22T03:06:00+02:00,codex.r014.id-ID,,ttp.r014.unit.sec.batfta,contains,ttp.r014.unit.sec.batfta.discussion.06,1596,"{""end_line"":2302,""path"":""authority/downloads/yaintt.tex"",""start_line"":2300}",high
r014.backend.record,1.0.0,ttp.r014.relation.1597,relation,active,ttp.r014.yaintt,ttp.r014.yaintt,,und,2026-08-22T03:06:00+02:00,codex.r014.id-ID,,ttp.r014.unit.sec.batfta.discussion.06,contains,ttp.r014.segment.263,1597,"{""end_line"":2599,""path"":""qa/review-candidates/boundary28-r2/yaintt-id.tex"",""start_line"":2597}",high
r014.backend.record,1.0.0,ttp.r014.relation.1598,relation,active,ttp.r014.yaintt,ttp.r014.yaintt,,und,2026-08-22T03:06:00+02:00,codex.r014.id-ID,,ttp.r014.unit.sec.batfta,contains,ttp.r014.unit.sec.batfta.theorem.02,1598,"{""end_line"":2310,""path"":""authority/downloads/yaintt.tex"",""start_line"":2303}",high
r014.backend.record,1.0.0,ttp.r014.relation.1599,relation,active,ttp.r014.yaintt,ttp.r014.yaintt,,und,2026-08-22T03:06:00+02:00,codex.r014.id-ID,,ttp.r014.unit.sec.batfta.theorem.02,contains,ttp.r014.segment.264,1599,"{""end_line"":2608,""path"":""qa/review-candidates/boundary28-r2/yaintt-id.tex"",""start_line"":2600}",high
r014.backend.record,1.0.0,ttp.r014.relation.1600,relation,active,ttp.r014.yaintt,ttp.r014.yaintt,,und,2026-08-22T03:06:00+02:00,codex.r014.id-ID,,ttp.r014.unit.sec.batfta.theorem.02,contains,ttp.r014.unit.sec.batfta.proof.04,1600,"{""end_line"":2347,""path"":""authority/downloads/yaintt.tex"",""start_line"":2311}",high
r014.backend.record,1.0.0,ttp.r014.relation.1601,relation,active,ttp.r014.yaintt,ttp.r014.yaintt,,und,2026-08-22T03:06:00+02:00,codex.r014.id-ID,,ttp.r014.unit.sec.batfta.proof.04,contains,ttp.r014.segment.265,1601,"{""end_line"":2656,""path"":""qa/review-candidates/boundary28-r2/yaintt-id.tex"",""start_line"":2609}",high
r014.backend.record,1.0.0,ttp.r014.relation.1602,relation,active,ttp.r014.yaintt,ttp.r014.yaintt,,und,2026-08-22T03:06:00+02:00,codex.r014.id-ID,,ttp.r014.unit.sec.batfta.proof.04,proves,ttp.r014.unit.sec.batfta.theorem.02,1602,"{""end_line"":2347,""path"":""authority/downloads/yaintt.tex"",""start_line"":2311}",high
r014.backend.record,1.0.0,ttp.r014.relation.1603,relation,active,ttp.r014.yaintt,ttp.r014.yaintt,,und,2026-08-22T03:06:00+02:00,codex.r014.id-ID,,ttp.r014.unit.sec.batfta,contains,ttp.r014.unit.sec.batfta.exercises,1603,"{""end_line"":2372,""path"":""authority/downloads/yaintt.tex"",""start_line"":2354}",high
r014.backend.record,1.0.0,ttp.r014.relation.1604,relation,active,ttp.r014.yaintt,ttp.r014.yaintt,,und,2026-08-22T03:06:00+02:00,codex.r014.id-ID,,ttp.r014.unit.sec.batfta.exercises,contains,ttp.r014.segment.266,1604,"{""end_line"":2663,""path"":""qa/review-candidates/boundary28-r2/yaintt-id.tex"",""start_line"":2663}",high
r014.backend.record,1.0.0,ttp.r014.relation.1605,relation,active,ttp.r014.yaintt,ttp.r014.yaintt,,und,2026-08-22T03:06:00+02:00,codex.r014.id-ID,,ttp.r014.unit.sec.batfta.exercises,contains,ttp.r014.unit.sec.batfta.exercise.01,1605,"{""end_line"":2359,""path"":""authority/downloads/yaintt.tex"",""start_line"":2357}",high
r014.backend.record,1.0.0,ttp.r014.relation.1606,relation,active,ttp.r014.yaintt,ttp.r014.yaintt,,und,2026-08-22T03:06:00+02:00,codex.r014.id-ID,,ttp.r014.unit.sec.batfta.exercise.01,contains,ttp.r014.segment.267,1606,"{""end_line"":2668,""path"":""qa/review-candidates/boundary28-r2/yaintt-id.tex"",""start_line"":2666}",high
r014.backend.record,1.0.0,ttp.r014.relation.1607,relation,active,ttp.r014.yaintt,ttp.r014.yaintt,,und,2026-08-22T03:06:00+02:00,codex.r014.id-ID,,ttp.r014.unit.sec.batfta.exercises,contains,ttp.r014.unit.sec.batfta.exercise.02,1607,"{""end_line"":2363,""path"":""authority/downloads/yaintt.tex"",""start_line"":2360}",high
r014.backend.record,1.0.0,ttp.r014.relation.1608,relation,active,ttp.r014.yaintt,ttp.r014.yaintt,,und,2026-08-22T03:06:00+02:00,codex.r014.id-ID,,ttp.r014.unit.sec.batfta.exercise.02,contains,ttp.r014.segment.268,1608,"{""end_line"":2672,""path"":""qa/review-candidates/boundary28-r2/yaintt-id.tex"",""start_line"":2669}",high
r014.backend.record,1.0.0,ttp.r014.relation.1609,relation,active,ttp.r014.yaintt,ttp.r014.yaintt,,und,2026-08-22T03:06:00+02:00,codex.r014.id-ID,,ttp.r014.unit.sec.batfta.exercises,contains,ttp.r014.unit.sec.batfta.exercise.03,1609,"{""end_line"":2369,""path"":""authority/downloads/yaintt.tex"",""start_line"":2364}",high
r014.backend.record,1.0.0,ttp.r014.relation.1610,relation,active,ttp.r014.yaintt,ttp.r014.yaintt,,und,2026-08-22T03:06:00+02:00,codex.r014.id-ID,,ttp.r014.unit.sec.batfta.exercise.03,contains,ttp.r014.segment.269,1610,"{""end_line"":2678,""path"":""qa/review-candidates/boundary28-r2/yaintt-id.tex"",""start_line"":2673}",high
r014.backend.record,1.0.0,ttp.r014.relation.1611,relation,active,ttp.r014.yaintt,ttp.r014.yaintt,,und,2026-08-22T03:06:00+02:00,codex.r014.id-ID,,ttp.r014.unit.chap.pns,contains,ttp.r014.unit.sec.wt,1611,"{""end_line"":2456,""path"":""authority/downloads/yaintt.tex"",""start_line"":2373}",high
r014.backend.record,1.0.0,ttp.r014.relation.1612,relation,active,ttp.r014.yaintt,ttp.r014.yaintt,,und,2026-08-22T03:06:00+02:00,codex.r014.id-ID,,ttp.r014.unit.sec.wt,contains,ttp.r014.segment.270,1612,"{""end_line"":2693,""path"":""qa/review-candidates/boundary28-r2/yaintt-id.tex"",""start_line"":2693}",high
r014.backend.record,1.0.0,ttp.r014.relation.1613,relation,active,ttp.r014.yaintt,ttp.r014.yaintt,,und,2026-08-22T03:06:00+02:00,codex.r014.id-ID,,ttp.r014.unit.sec.wt,contains,ttp.r014.unit.sec.wt.discussion.01,1613,"{""end_line"":2381,""path"":""authority/downloads/yaintt.tex"",""start_line"":2375}",high
r014.backend.record,1.0.0,ttp.r014.relation.1614,relation,active,ttp.r014.yaintt,ttp.r014.yaintt,,und,2026-08-22T03:06:00+02:00,codex.r014.id-ID,,ttp.r014.unit.sec.wt.discussion.01,contains,ttp.r014.segment.271,1614,"{""end_line"":2702,""path"":""qa/review-candidates/boundary28-r2/yaintt-id.tex"",""start_line"":2695}",high
r014.backend.record,1.0.0,ttp.r014.relation.1615,relation,active,ttp.r014.yaintt,ttp.r014.yaintt,,und,2026-08-22T03:06:00+02:00,codex.r014.id-ID,,ttp.r014.unit.sec.wt,contains,ttp.r014.unit.sec.wt.lemma.01,1615,"{""end_line"":2386,""path"":""authority/downloads/yaintt.tex"",""start_line"":2382}",high
r014.backend.record,1.0.0,ttp.r014.relation.1616,relation,active,ttp.r014.yaintt,ttp.r014.yaintt,,und,2026-08-22T03:06:00+02:00,codex.r014.id-ID,,ttp.r014.unit.sec.wt.lemma.01,contains,ttp.r014.segment.272,1616,"{""end_line"":2708,""path"":""qa/review-candidates/boundary28-r2/yaintt-id.tex"",""start_line"":2703}",high
r014.backend.record,1.0.0,ttp.r014.relation.1617,relation,active,ttp.r014.yaintt,ttp.r014.yaintt,,und,2026-08-22T03:06:00+02:00,codex.r014.id-ID,,ttp.r014.unit.sec.wt.lemma.01,contains,ttp.r014.unit.sec.wt.proof.01,1617,"{""end_line"":2396,""path"":""authority/downloads/yaintt.tex"",""start_line"":2387}",high
r014.backend.record,1.0.0,ttp.r014.relation.1618,relation,active,ttp.r014.yaintt,ttp.r014.yaintt,,und,2026-08-22T03:06:00+02:00,codex.r014.id-ID,,ttp.r014.unit.sec.wt.proof.01,contains,ttp.r014.segment.273,1618,"{""end_line"":2718,""path"":""qa/review-candidates/boundary28-r2/yaintt-id.tex"",""start_line"":2709}",high
r014.backend.record,1.0.0,ttp.r014.relation.1619,relation,active,ttp.r014.yaintt,ttp.r014.yaintt,,und,2026-08-22T03:06:00+02:00,codex.r014.id-ID,,ttp.r014.unit.sec.wt.proof.01,proves,ttp.r014.unit.sec.wt.lemma.01,1619,"{""end_line"":2396,""path"":""authority/downloads/yaintt.tex"",""start_line"":2387}",high
r014.backend.record,1.0.0,ttp.r014.relation.1620,relation,active,ttp.r014.yaintt,ttp.r014.yaintt,,und,2026-08-22T03:06:00+02:00,codex.r014.id-ID,,ttp.r014.unit.sec.wt,contains,ttp.r014.unit.sec.wt.discussion.02,1620,"{""end_line"":2400,""path"":""authority/downloads/yaintt.tex"",""start_line"":2398}",high
r014.backend.record,1.0.0,ttp.r014.relation.1621,relation,active,ttp.r014.yaintt,ttp.r014.yaintt,,und,2026-08-22T03:06:00+02:00,codex.r014.id-ID,,ttp.r014.unit.sec.wt.discussion.02,contains,ttp.r014.segment.274,1621,"{""end_line"":2722,""path"":""qa/review-candidates/boundary28-r2/yaintt-id.tex"",""start_line"":2720}",high
r014.backend.record,1.0.0,ttp.r014.relation.1622,relation,active,ttp.r014.yaintt,ttp.r014.yaintt,,und,2026-08-22T03:06:00+02:00,codex.r014.id-ID,,ttp.r014.unit.sec.wt,contains,ttp.r014.unit.sec.wt.theorem.01,1622,"{""end_line"":2404,""path"":""authority/downloads/yaintt.tex"",""start_line"":2401}",high
r014.backend.record,1.0.0,ttp.r014.relation.1623,relation,active,ttp.r014.yaintt,ttp.r014.yaintt,,und,2026-08-22T03:06:00+02:00,codex.r014.id-ID,,ttp.r014.unit.sec.wt.theorem.01,contains,ttp.r014.segment.275,1623,"{""end_line"":2726,""path"":""qa/review-candidates/boundary28-r2/yaintt-id.tex"",""start_line"":2723}",high
r014.backend.record,1.0.0,ttp.r014.relation.1624,relation,active,ttp.r014.yaintt,ttp.r014.yaintt,,und,2026-08-22T03:06:00+02:00,codex.r014.id-ID,,ttp.r014.unit.sec.wt.theorem.01,contains,ttp.r014.unit.sec.wt.proof.02,1624,"{""end_line"":2428,""path"":""authority/downloads/yaintt.tex"",""start_line"":2405}",high
r014.backend.record,1.0.0,ttp.r014.relation.1625,relation,active,ttp.r014.yaintt,ttp.r014.yaintt,,und,2026-08-22T03:06:00+02:00,codex.r014.id-ID,,ttp.r014.unit.sec.wt.proof.02,contains,ttp.r014.segment.276,1625,"{""end_line"":2755,""path"":""qa/review-candidates/boundary28-r2/yaintt-id.tex"",""start_line"":2727}",high
r014.backend.record,1.0.0,ttp.r014.relation.1626,relation,active,ttp.r014.yaintt,ttp.r014.yaintt,,und,2026-08-22T03:06:00+02:00,codex.r014.id-ID,,ttp.r014.unit.sec.wt.proof.02,proves,ttp.r014.unit.sec.wt.theorem.01,1626,"{""end_line"":2428,""path"":""authority/downloads/yaintt.tex"",""start_line"":2405}",high
r014.backend.record,1.0.0,ttp.r014.relation.1627,relation,active,ttp.r014.yaintt,ttp.r014.yaintt,,und,2026-08-22T03:06:00+02:00,codex.r014.id-ID,,ttp.r014.unit.sec.wt,contains,ttp.r014.unit.sec.wt.example.01,1627,"{""end_line"":2445,""path"":""authority/downloads/yaintt.tex"",""start_line"":2430}",high
r014.backend.record,1.0.0,ttp.r014.relation.1628,relation,active,ttp.r014.yaintt,ttp.r014.yaintt,,und,2026-08-22T03:06:00+02:00,codex.r014.id-ID,,ttp.r014.unit.sec.wt.example.01,contains,ttp.r014.segment.277,1628,"{""end_line"":2773,""path"":""qa/review-candidates/boundary28-r2/yaintt-id.tex"",""start_line"":2757}",high
r014.backend.record,1.0.0,ttp.r014.relation.1629,relation,active,ttp.r014.yaintt,ttp.r014.yaintt,,und,2026-08-22T03:06:00+02:00,codex.r014.id-ID,,ttp.r014.unit.sec.wt,contains,ttp.r014.unit.sec.wt.discussion.03,1629,"{""end_line"":2453,""path"":""authority/downloads/yaintt.tex"",""start_line"":2447}",high
r014.backend.record,1.0.0,ttp.r014.relation.1630,relation,active,ttp.r014.yaintt,ttp.r014.yaintt,,und,2026-08-22T03:06:00+02:00,codex.r014.id-ID,,ttp.r014.unit.sec.wt.discussion.03,contains,ttp.r014.segment.278,1630,"{""end_line"":2781,""path"":""qa/review-candidates/boundary28-r2/yaintt-id.tex"",""start_line"":2775}",high
r014.backend.record,1.0.0,ttp.r014.relation.1631,relation,active,ttp.r014.yaintt,ttp.r014.yaintt,,und,2026-08-22T03:06:00+02:00,codex.r014.id-ID,,ttp.r014.unit.chap.pns,contains,ttp.r014.unit.sec.moaa,1631,"{""end_line"":2663,""path"":""authority/downloads/yaintt.tex"",""start_line"":2457}",high
r014.backend.record,1.0.0,ttp.r014.relation.1632,relation,active,ttp.r014.yaintt,ttp.r014.yaintt,,und,2026-08-22T03:06:00+02:00,codex.r014.id-ID,,ttp.r014.unit.sec.moaa,contains,ttp.r014.segment.279,1632,"{""end_line"":2795,""path"":""qa/review-candidates/boundary28-r2/yaintt-id.tex"",""start_line"":2795}",high
r014.backend.record,1.0.0,ttp.r014.relation.1633,relation,active,ttp.r014.yaintt,ttp.r014.yaintt,,und,2026-08-22T03:06:00+02:00,codex.r014.id-ID,,ttp.r014.unit.sec.moaa,contains,ttp.r014.unit.sec.moaa.discussion.01,1633,"{""end_line"":2467,""path"":""authority/downloads/yaintt.tex"",""start_line"":2460}",high
r014.backend.record,1.0.0,ttp.r014.relation.1634,relation,active,ttp.r014.yaintt,ttp.r014.yaintt,,und,2026-08-22T03:06:00+02:00,codex.r014.id-ID,,ttp.r014.unit.sec.moaa.discussion.01,contains,ttp.r014.segment.280,1634,"{""end_line"":2806,""path"":""qa/review-candidates/boundary28-r2/yaintt-id.tex"",""start_line"":2798}",high
r014.backend.record,1.0.0,ttp.r014.relation.1635,relation,active,ttp.r014.yaintt,ttp.r014.yaintt,,und,2026-08-22T03:06:00+02:00,codex.r014.id-ID,,ttp.r014.unit.sec.moaa,contains,ttp.r014.unit.sec.moaa.definition.01,1635,"{""end_line"":2476,""path"":""authority/downloads/yaintt.tex"",""start_line"":2468}",high
r014.backend.record,1.0.0,ttp.r014.relation.1636,relation,active,ttp.r014.yaintt,ttp.r014.yaintt,,und,2026-08-22T03:06:00+02:00,codex.r014.id-ID,,ttp.r014.unit.sec.moaa.definition.01,contains,ttp.r014.segment.281,1636,"{""end_line"":2815,""path"":""qa/review-candidates/boundary28-r2/yaintt-id.tex"",""start_line"":2807}",high
r014.backend.record,1.0.0,ttp.r014.relation.1637,relation,active,ttp.r014.yaintt,ttp.r014.yaintt,,und,2026-08-22T03:06:00+02:00,codex.r014.id-ID,,ttp.r014.unit.sec.moaa,contains,ttp.r014.unit.sec.moaa.discussion.02,1637,"{""end_line"":2481,""path"":""authority/downloads/yaintt.tex"",""start_line"":2478}",high
r014.backend.record,1.0.0,ttp.r014.relation.1638,relation,active,ttp.r014.yaintt,ttp.r014.yaintt,,und,2026-08-22T03:06:00+02:00,codex.r014.id-ID,,ttp.r014.unit.sec.moaa.discussion.02,contains,ttp.r014.segment.282,1638,"{""end_line"":2820,""path"":""qa/review-candidates/boundary28-r2/yaintt-id.tex"",""start_line"":2817}",high
r014.backend.record,1.0.0,ttp.r014.relation.1639,relation,active,ttp.r014.yaintt,ttp.r014.yaintt,,und,2026-08-22T03:06:00+02:00,codex.r014.id-ID,,ttp.r014.unit.sec.moaa,contains,ttp.r014.unit.sec.moaa.proposition.01,1639,"{""end_line"":2485,""path"":""authority/downloads/yaintt.tex"",""start_line"":2482}",high
r014.backend.record,1.0.0,ttp.r014.relation.1640,relation,active,ttp.r014.yaintt,ttp.r014.yaintt,,und,2026-08-22T03:06:00+02:00,codex.r014.id-ID,,ttp.r014.unit.sec.moaa.proposition.01,contains,ttp.r014.segment.283,1640,"{""end_line"":2824,""path"":""qa/review-candidates/boundary28-r2/yaintt-id.tex"",""start_line"":2821}",high
r014.backend.record,1.0.0,ttp.r014.relation.1641,relation,active,ttp.r014.yaintt,ttp.r014.yaintt,,und,2026-08-22T03:06:00+02:00,codex.r014.id-ID,,ttp.r014.unit.sec.moaa.proposition.01,contains,ttp.r014.unit.sec.moaa.proof.01,1641,"{""end_line"":2513,""path"":""authority/downloads/yaintt.tex"",""start_line"":2486}",high
r014.backend.record,1.0.0,ttp.r014.relation.1642,relation,active,ttp.r014.yaintt,ttp.r014.yaintt,,und,2026-08-22T03:06:00+02:00,codex.r014.id-ID,,ttp.r014.unit.sec.moaa.proof.01,contains,ttp.r014.segment.284,1642,"{""end_line"":2854,""path"":""qa/review-candidates/boundary28-r2/yaintt-id.tex"",""start_line"":2825}",high
r014.backend.record,1.0.0,ttp.r014.relation.1643,relation,active,ttp.r014.yaintt,ttp.r014.yaintt,,und,2026-08-22T03:06:00+02:00,codex.r014.id-ID,,ttp.r014.unit.sec.moaa.proof.01,proves,ttp.r014.unit.sec.moaa.proposition.01,1643,"{""end_line"":2513,""path"":""authority/downloads/yaintt.tex"",""start_line"":2486}",high
r014.backend.record,1.0.0,ttp.r014.relation.1644,relation,active,ttp.r014.yaintt,ttp.r014.yaintt,,und,2026-08-22T03:06:00+02:00,codex.r014.id-ID,,ttp.r014.unit.sec.moaa,contains,ttp.r014.unit.sec.moaa.discussion.03,1644,"{""end_line"":2518,""path"":""authority/downloads/yaintt.tex"",""start_line"":2515}",high
r014.backend.record,1.0.0,ttp.r014.relation.1645,relation,active,ttp.r014.yaintt,ttp.r014.yaintt,,und,2026-08-22T03:06:00+02:00,codex.r014.id-ID,,ttp.r014.unit.sec.moaa.discussion.03,contains,ttp.r014.segment.285,1645,"{""end_line"":2859,""path"":""qa/review-candidates/boundary28-r2/yaintt-id.tex"",""start_line"":2856}",high
r014.backend.record,1.0.0,ttp.r014.relation.1646,relation,active,ttp.r014.yaintt,ttp.r014.yaintt,,und,2026-08-22T03:06:00+02:00,codex.r014.id-ID,,ttp.r014.unit.sec.moaa,contains,ttp.r014.unit.sec.moaa.theorem.01,1646,"{""end_line"":2522,""path"":""authority/downloads/yaintt.tex"",""start_line"":2519}",high
r014.backend.record,1.0.0,ttp.r014.relation.1647,relation,active,ttp.r014.yaintt,ttp.r014.yaintt,,und,2026-08-22T03:06:00+02:00,codex.r014.id-ID,,ttp.r014.unit.sec.moaa.theorem.01,contains,ttp.r014.segment.286,1647,"{""end_line"":2864,""path"":""qa/review-candidates/boundary28-r2/yaintt-id.tex"",""start_line"":2860}",high
r014.backend.record,1.0.0,ttp.r014.relation.1648,relation,active,ttp.r014.yaintt,ttp.r014.yaintt,,und,2026-08-22T03:06:00+02:00,codex.r014.id-ID,,ttp.r014.unit.sec.moaa.theorem.01,contains,ttp.r014.unit.sec.moaa.proof.02,1648,"{""end_line"":2575,""path"":""authority/downloads/yaintt.tex"",""start_line"":2523}",high
r014.backend.record,1.0.0,ttp.r014.relation.1649,relation,active,ttp.r014.yaintt,ttp.r014.yaintt,,und,2026-08-22T03:06:00+02:00,codex.r014.id-ID,,ttp.r014.unit.sec.moaa.proof.02,contains,ttp.r014.segment.287,1649,"{""end_line"":2932,""path"":""qa/review-candidates/boundary28-r2/yaintt-id.tex"",""start_line"":2865}",high
r014.backend.record,1.0.0,ttp.r014.relation.1650,relation,active,ttp.r014.yaintt,ttp.r014.yaintt,,und,2026-08-22T03:06:00+02:00,codex.r014.id-ID,,ttp.r014.unit.sec.moaa.proof.02,proves,ttp.r014.unit.sec.moaa.theorem.01,1650,"{""end_line"":2575,""path"":""authority/downloads/yaintt.tex"",""start_line"":2523}",high
r014.backend.record,1.0.0,ttp.r014.relation.1651,relation,active,ttp.r014.yaintt,ttp.r014.yaintt,,und,2026-08-22T03:06:00+02:00,codex.r014.id-ID,,ttp.r014.unit.sec.moaa,contains,ttp.r014.unit.sec.moaa.discussion.04,1651,"{""end_line"":2580,""path"":""authority/downloads/yaintt.tex"",""start_line"":2577}",high
r014.backend.record,1.0.0,ttp.r014.relation.1652,relation,active,ttp.r014.yaintt,ttp.r014.yaintt,,und,2026-08-22T03:06:00+02:00,codex.r014.id-ID,,ttp.r014.unit.sec.moaa.discussion.04,contains,ttp.r014.segment.288,1652,"{""end_line"":2937,""path"":""qa/review-candidates/boundary28-r2/yaintt-id.tex"",""start_line"":2934}",high
r014.backend.record,1.0.0,ttp.r014.relation.1653,relation,active,ttp.r014.yaintt,ttp.r014.yaintt,,und,2026-08-22T03:06:00+02:00,codex.r014.id-ID,,ttp.r014.unit.sec.moaa,contains,ttp.r014.unit.sec.moaa.theorem.02,1653,"{""end_line"":2587,""path"":""authority/downloads/yaintt.tex"",""start_line"":2582}",high
r014.backend.record,1.0.0,ttp.r014.relation.1654,relation,active,ttp.r014.yaintt,ttp.r014.yaintt,,und,2026-08-22T03:06:00+02:00,codex.r014.id-ID,,ttp.r014.unit.sec.moaa.theorem.02,contains,ttp.r014.segment.289,1654,"{""end_line"":2944,""path"":""qa/review-candidates/boundary28-r2/yaintt-id.tex"",""start_line"":2939}",high
r014.backend.record,1.0.0,ttp.r014.relation.1655,relation,active,ttp.r014.yaintt,ttp.r014.yaintt,,und,2026-08-22T03:06:00+02:00,codex.r014.id-ID,,ttp.r014.unit.sec.moaa.theorem.02,contains,ttp.r014.unit.sec.moaa.proof.03,1655,"{""end_line"":2596,""path"":""authority/downloads/yaintt.tex"",""start_line"":2588}",high
r014.backend.record,1.0.0,ttp.r014.relation.1656,relation,active,ttp.r014.yaintt,ttp.r014.yaintt,,und,2026-08-22T03:06:00+02:00,codex.r014.id-ID,,ttp.r014.unit.sec.moaa.proof.03,contains,ttp.r014.segment.290,1656,"{""end_line"":2956,""path"":""qa/review-candidates/boundary28-r2/yaintt-id.tex"",""start_line"":2945}",high
r014.backend.record,1.0.0,ttp.r014.relation.1657,relation,active,ttp.r014.yaintt,ttp.r014.yaintt,,und,2026-08-22T03:06:00+02:00,codex.r014.id-ID,,ttp.r014.unit.sec.moaa.proof.03,proves,ttp.r014.unit.sec.moaa.theorem.02,1657,"{""end_line"":2596,""path"":""authority/downloads/yaintt.tex"",""start_line"":2588}",high
r014.backend.record,1.0.0,ttp.r014.relation.1658,relation,active,ttp.r014.yaintt,ttp.r014.yaintt,,und,2026-08-22T03:06:00+02:00,codex.r014.id-ID,,ttp.r014.unit.sec.moaa,contains,ttp.r014.unit.sec.moaa.corollary.01,1658,"{""end_line"":2602,""path"":""authority/downloads/yaintt.tex"",""start_line"":2598}",high
r014.backend.record,1.0.0,ttp.r014.relation.1659,relation,active,ttp.r014.yaintt,ttp.r014.yaintt,,und,2026-08-22T03:06:00+02:00,codex.r014.id-ID,,ttp.r014.unit.sec.moaa.corollary.01,contains,ttp.r014.segment.291,1659,"{""end_line"":2963,""path"":""qa/review-candidates/boundary28-r2/yaintt-id.tex"",""start_line"":2958}",high
r014.backend.record,1.0.0,ttp.r014.relation.1660,relation,active,ttp.r014.yaintt,ttp.r014.yaintt,,und,2026-08-22T03:06:00+02:00,codex.r014.id-ID,,ttp.r014.unit.sec.moaa.corollary.01,contains,ttp.r014.unit.sec.moaa.proof.04,1660,"{""end_line"":2606,""path"":""authority/downloads/yaintt.tex"",""start_line"":2603}",high
r014.backend.record,1.0.0,ttp.r014.relation.1661,relation,active,ttp.r014.yaintt,ttp.r014.yaintt,,und,2026-08-22T03:06:00+02:00,codex.r014.id-ID,,ttp.r014.unit.sec.moaa.proof.04,contains,ttp.r014.segment.292,1661,"{""end_line"":2968,""path"":""qa/review-candidates/boundary28-r2/yaintt-id.tex"",""start_line"":2964}",high
r014.backend.record,1.0.0,ttp.r014.relation.1662,relation,active,ttp.r014.yaintt,ttp.r014.yaintt,,und,2026-08-22T03:06:00+02:00,codex.r014.id-ID,,ttp.r014.unit.sec.moaa.proof.04,proves,ttp.r014.unit.sec.moaa.corollary.01,1662,"{""end_line"":2606,""path"":""authority/downloads/yaintt.tex"",""start_line"":2603}",high
r014.backend.record,1.0.0,ttp.r014.relation.1663,relation,active,ttp.r014.yaintt,ttp.r014.yaintt,,und,2026-08-22T03:06:00+02:00,codex.r014.id-ID,,ttp.r014.unit.sec.moaa,contains,ttp.r014.unit.sec.moaa.discussion.05,1663,"{""end_line"":2610,""path"":""authority/downloads/yaintt.tex"",""start_line"":2608}",high
r014.backend.record,1.0.0,ttp.r014.relation.1664,relation,active,ttp.r014.yaintt,ttp.r014.yaintt,,und,2026-08-22T03:06:00+02:00,codex.r014.id-ID,,ttp.r014.unit.sec.moaa.discussion.05,contains,ttp.r014.segment.293,1664,"{""end_line"":2972,""path"":""qa/review-candidates/boundary28-r2/yaintt-id.tex"",""start_line"":2970}",high
r014.backend.record,1.0.0,ttp.r014.relation.1665,relation,active,ttp.r014.yaintt,ttp.r014.yaintt,,und,2026-08-22T03:06:00+02:00,codex.r014.id-ID,,ttp.r014.unit.sec.moaa,contains,ttp.r014.unit.sec.moaa.theorem.03,1665,"{""end_line"":2613,""path"":""authority/downloads/yaintt.tex"",""start_line"":2611}",high
r014.backend.record,1.0.0,ttp.r014.relation.1666,relation,active,ttp.r014.yaintt,ttp.r014.yaintt,,und,2026-08-22T03:06:00+02:00,codex.r014.id-ID,,ttp.r014.unit.sec.moaa.theorem.03,contains,ttp.r014.segment.294,1666,"{""end_line"":2976,""path"":""qa/review-candidates/boundary28-r2/yaintt-id.tex"",""start_line"":2973}",high
r014.backend.record,1.0.0,ttp.r014.relation.1667,relation,active,ttp.r014.yaintt,ttp.r014.yaintt,,und,2026-08-22T03:06:00+02:00,codex.r014.id-ID,,ttp.r014.unit.sec.moaa.theorem.03,contains,ttp.r014.unit.sec.moaa.proof.05,1667,"{""end_line"":2624,""path"":""authority/downloads/yaintt.tex"",""start_line"":2614}",high
r014.backend.record,1.0.0,ttp.r014.relation.1668,relation,active,ttp.r014.yaintt,ttp.r014.yaintt,,und,2026-08-22T03:06:00+02:00,codex.r014.id-ID,,ttp.r014.unit.sec.moaa.proof.05,contains,ttp.r014.segment.295,1668,"{""end_line"":2987,""path"":""qa/review-candidates/boundary28-r2/yaintt-id.tex"",""start_line"":2977}",high
r014.backend.record,1.0.0,ttp.r014.relation.1669,relation,active,ttp.r014.yaintt,ttp.r014.yaintt,,und,2026-08-22T03:06:00+02:00,codex.r014.id-ID,,ttp.r014.unit.sec.moaa.proof.05,proves,ttp.r014.unit.sec.moaa.theorem.03,1669,"{""end_line"":2624,""path"":""authority/downloads/yaintt.tex"",""start_line"":2614}",high
r014.backend.record,1.0.0,ttp.r014.relation.1670,relation,active,ttp.r014.yaintt,ttp.r014.yaintt,,und,2026-08-22T03:06:00+02:00,codex.r014.id-ID,,ttp.r014.unit.sec.moaa,contains,ttp.r014.unit.sec.moaa.exercises,1670,"{""end_line"":2663,""path"":""authority/downloads/yaintt.tex"",""start_line"":2631}",high
r014.backend.record,1.0.0,ttp.r014.relation.1671,relation,active,ttp.r014.yaintt,ttp.r014.yaintt,,und,2026-08-22T03:06:00+02:00,codex.r014.id-ID,,ttp.r014.unit.sec.moaa.exercises,contains,ttp.r014.segment.296,1671,"{""end_line"":2994,""path"":""qa/review-candidates/boundary28-r2/yaintt-id.tex"",""start_line"":2994}",high
r014.backend.record,1.0.0,ttp.r014.relation.1672,relation,active,ttp.r014.yaintt,ttp.r014.yaintt,,und,2026-08-22T03:06:00+02:00,codex.r014.id-ID,,ttp.r014.unit.sec.moaa.exercises,contains,ttp.r014.unit.sec.moaa.exercise.01,1672,"{""end_line"":2637,""path"":""authority/downloads/yaintt.tex"",""start_line"":2634}",high
r014.backend.record,1.0.0,ttp.r014.relation.1673,relation,active,ttp.r014.yaintt,ttp.r014.yaintt,,und,2026-08-22T03:06:00+02:00,codex.r014.id-ID,,ttp.r014.unit.sec.moaa.exercise.01,contains,ttp.r014.segment.297,1673,"{""end_line"":3000,""path"":""qa/review-candidates/boundary28-r2/yaintt-id.tex"",""start_line"":2997}",high
r014.backend.record,1.0.0,ttp.r014.relation.1674,relation,active,ttp.r014.yaintt,ttp.r014.yaintt,,und,2026-08-22T03:06:00+02:00,codex.r014.id-ID,,ttp.r014.unit.sec.moaa.exercises,contains,ttp.r014.unit.sec.moaa.exercise.02,1674,"{""end_line"":2641,""path"":""authority/downloads/yaintt.tex"",""start_line"":2638}",high
r014.backend.record,1.0.0,ttp.r014.relation.1675,relation,active,ttp.r014.yaintt,ttp.r014.yaintt,,und,2026-08-22T03:06:00+02:00,codex.r014.id-ID,,ttp.r014.unit.sec.moaa.exercise.02,contains,ttp.r014.segment.298,1675,"{""end_line"":3004,""path"":""qa/review-candidates/boundary28-r2/yaintt-id.tex"",""start_line"":3001}",high
r014.backend.record,1.0.0,ttp.r014.relation.1676,relation,active,ttp.r014.yaintt,ttp.r014.yaintt,,und,2026-08-22T03:06:00+02:00,codex.r014.id-ID,,ttp.r014.unit.sec.moaa.exercises,contains,ttp.r014.unit.sec.moaa.exercise.03,1676,"{""end_line"":2654,""path"":""authority/downloads/yaintt.tex"",""start_line"":2642}",high
r014.backend.record,1.0.0,ttp.r014.relation.1677,relation,active,ttp.r014.yaintt,ttp.r014.yaintt,,und,2026-08-22T03:06:00+02:00,codex.r014.id-ID,,ttp.r014.unit.sec.moaa.exercise.03,contains,ttp.r014.segment.299,1677,"{""end_line"":3018,""path"":""qa/review-candidates/boundary28-r2/yaintt-id.tex"",""start_line"":3005}",high
r014.backend.record,1.0.0,ttp.r014.relation.1678,relation,active,ttp.r014.yaintt,ttp.r014.yaintt,,und,2026-08-22T03:06:00+02:00,codex.r014.id-ID,,ttp.r014.unit.sec.moaa.exercises,contains,ttp.r014.unit.sec.moaa.exercise.04,1678,"{""end_line"":2660,""path"":""authority/downloads/yaintt.tex"",""start_line"":2655}",high
r014.backend.record,1.0.0,ttp.r014.relation.1679,relation,active,ttp.r014.yaintt,ttp.r014.yaintt,,und,2026-08-22T03:06:00+02:00,codex.r014.id-ID,,ttp.r014.unit.sec.moaa.exercise.04,contains,ttp.r014.segment.300,1679,"{""end_line"":3025,""path"":""qa/review-candidates/boundary28-r2/yaintt-id.tex"",""start_line"":3019}",high
r014.backend.record,1.0.0,ttp.r014.relation.1680,relation,active,ttp.r014.yaintt,ttp.r014.yaintt,,und,2026-08-22T03:06:00+02:00,codex.r014.id-ID,,ttp.r014.unit.chap.pns,contains,ttp.r014.unit.sec.aatflaet,1680,"{""end_line"":2787,""path"":""authority/downloads/yaintt.tex"",""start_line"":2664}",high
r014.backend.record,1.0.0,ttp.r014.relation.1681,relation,active,ttp.r014.yaintt,ttp.r014.yaintt,,und,2026-08-22T03:06:00+02:00,codex.r014.id-ID,,ttp.r014.unit.sec.aatflaet,contains,ttp.r014.segment.301,1681,"{""end_line"":3039,""path"":""qa/review-candidates/boundary28-r2/yaintt-id.tex"",""start_line"":3039}",high
r014.backend.record,1.0.0,ttp.r014.relation.1682,relation,active,ttp.r014.yaintt,ttp.r014.yaintt,,und,2026-08-22T03:06:00+02:00,codex.r014.id-ID,,ttp.r014.unit.sec.aatflaet,contains,ttp.r014.unit.sec.aatflaet.discussion.01,1682,"{""end_line"":2673,""path"":""authority/downloads/yaintt.tex"",""start_line"":2667}",high
r014.backend.record,1.0.0,ttp.r014.relation.1683,relation,active,ttp.r014.yaintt,ttp.r014.yaintt,,und,2026-08-22T03:06:00+02:00,codex.r014.id-ID,,ttp.r014.unit.sec.aatflaet.discussion.01,contains,ttp.r014.segment.302,1683,"{""end_line"":3049,""path"":""qa/review-candidates/boundary28-r2/yaintt-id.tex"",""start_line"":3042}",high
r014.backend.record,1.0.0,ttp.r014.relation.1684,relation,active,ttp.r014.yaintt,ttp.r014.yaintt,,und,2026-08-22T03:06:00+02:00,codex.r014.id-ID,,ttp.r014.unit.sec.aatflaet,contains,ttp.r014.unit.sec.aatflaet.theorem.01,1684,"{""end_line"":2679,""path"":""authority/downloads/yaintt.tex"",""start_line"":2675}",high
r014.backend.record,1.0.0,ttp.r014.relation.1685,relation,active,ttp.r014.yaintt,ttp.r014.yaintt,,und,2026-08-22T03:06:00+02:00,codex.r014.id-ID,,ttp.r014.unit.sec.aatflaet.theorem.01,contains,ttp.r014.segment.303,1685,"{""end_line"":3056,""path"":""qa/review-candidates/boundary28-r2/yaintt-id.tex"",""start_line"":3051}",high
r014.backend.record,1.0.0,ttp.r014.relation.1686,relation,active,ttp.r014.yaintt,ttp.r014.yaintt,,und,2026-08-22T03:06:00+02:00,codex.r014.id-ID,,ttp.r014.unit.sec.aatflaet.theorem.01,contains,ttp.r014.unit.sec.aatflaet.proof.01,1686,"{""end_line"":2717,""path"":""authority/downloads/yaintt.tex"",""start_line"":2680}",high
r014.backend.record,1.0.0,ttp.r014.relation.1687,relation,active,ttp.r014.yaintt,ttp.r014.yaintt,,und,2026-08-22T03:06:00+02:00,codex.r014.id-ID,,ttp.r014.unit.sec.aatflaet.proof.01,contains,ttp.r014.segment.304,1687,"{""end_line"":3097,""path"":""qa/review-candidates/boundary28-r2/yaintt-id.tex"",""start_line"":3057}",high
r014.backend.record,1.0.0,ttp.r014.relation.1688,relation,active,ttp.r014.yaintt,ttp.r014.yaintt,,und,2026-08-22T03:06:00+02:00,codex.r014.id-ID,,ttp.r014.unit.sec.aatflaet.proof.01,proves,ttp.r014.unit.sec.aatflaet.theorem.01,1688,"{""end_line"":2717,""path"":""authority/downloads/yaintt.tex"",""start_line"":2680}",high
r014.backend.record,1.0.0,ttp.r014.relation.1689,relation,active,ttp.r014.yaintt,ttp.r014.yaintt,,und,2026-08-22T03:06:00+02:00,codex.r014.id-ID,,ttp.r014.unit.sec.aatflaet,contains,ttp.r014.unit.sec.aatflaet.discussion.02,1689,"{""end_line"":2723,""path"":""authority/downloads/yaintt.tex"",""start_line"":2719}",high
r014.backend.record,1.0.0,ttp.r014.relation.1690,relation,active,ttp.r014.yaintt,ttp.r014.yaintt,,und,2026-08-22T03:06:00+02:00,codex.r014.id-ID,,ttp.r014.unit.sec.aatflaet.discussion.02,contains,ttp.r014.segment.305,1690,"{""end_line"":3104,""path"":""qa/review-candidates/boundary28-r2/yaintt-id.tex"",""start_line"":3099}",high
r014.backend.record,1.0.0,ttp.r014.relation.1691,relation,active,ttp.r014.yaintt,ttp.r014.yaintt,,und,2026-08-22T03:06:00+02:00,codex.r014.id-ID,,ttp.r014.unit.sec.aatflaet,contains,ttp.r014.unit.sec.aatflaet.theorem.02,1691,"{""end_line"":2729,""path"":""authority/downloads/yaintt.tex"",""start_line"":2724}",high
r014.backend.record,1.0.0,ttp.r014.relation.1692,relation,active,ttp.r014.yaintt,ttp.r014.yaintt,,und,2026-08-22T03:06:00+02:00,codex.r014.id-ID,,ttp.r014.unit.sec.aatflaet.theorem.02,contains,ttp.r014.segment.306,1692,"{""end_line"":3110,""path"":""qa/review-candidates/boundary28-r2/yaintt-id.tex"",""start_line"":3105}",high
r014.backend.record,1.0.0,ttp.r014.relation.1693,relation,active,ttp.r014.yaintt,ttp.r014.yaintt,,und,2026-08-22T03:06:00+02:00,codex.r014.id-ID,,ttp.r014.unit.sec.aatflaet.theorem.02,contains,ttp.r014.unit.sec.aatflaet.proof.02,1693,"{""end_line"":2773,""path"":""authority/downloads/yaintt.tex"",""start_line"":2730}",high
r014.backend.record,1.0.0,ttp.r014.relation.1694,relation,active,ttp.r014.yaintt,ttp.r014.yaintt,,und,2026-08-22T03:06:00+02:00,codex.r014.id-ID,,ttp.r014.unit.sec.aatflaet.proof.02,contains,ttp.r014.segment.307,1694,"{""end_line"":3160,""path"":""qa/review-candidates/boundary28-r2/yaintt-id.tex"",""start_line"":3111}",high
r014.backend.record,1.0.0,ttp.r014.relation.1695,relation,active,ttp.r014.yaintt,ttp.r014.yaintt,,und,2026-08-22T03:06:00+02:00,codex.r014.id-ID,,ttp.r014.unit.sec.aatflaet.proof.02,proves,ttp.r014.unit.sec.aatflaet.theorem.02,1695,"{""end_line"":2773,""path"":""authority/downloads/yaintt.tex"",""start_line"":2730}",high
r014.backend.record,1.0.0,ttp.r014.relation.1696,relation,active,ttp.r014.yaintt,ttp.r014.yaintt,,und,2026-08-22T03:06:00+02:00,codex.r014.id-ID,,ttp.r014.unit.sec.aatflaet,contains,ttp.r014.unit.sec.aatflaet.exercises,1696,"{""end_line"":2787,""path"":""authority/downloads/yaintt.tex"",""start_line"":2780}",high
r014.backend.record,1.0.0,ttp.r014.relation.1697,relation,active,ttp.r014.yaintt,ttp.r014.yaintt,,und,2026-08-22T03:06:00+02:00,codex.r014.id-ID,,ttp.r014.unit.sec.aatflaet.exercises,contains,ttp.r014.segment.308,1697,"{""end_line"":3167,""path"":""qa/review-candidates/boundary28-r2/yaintt-id.tex"",""start_line"":3167}",high
r014.backend.record,1.0.0,ttp.r014.relation.1698,relation,active,ttp.r014.yaintt,ttp.r014.yaintt,,und,2026-08-22T03:06:00+02:00,codex.r014.id-ID,,ttp.r014.unit.sec.aatflaet.exercises,contains,ttp.r014.unit.sec.aatflaet.exercise.01,1698,"{""end_line"":2786,""path"":""authority/downloads/yaintt.tex"",""start_line"":2783}",high
r014.backend.record,1.0.0,ttp.r014.relation.1699,relation,active,ttp.r014.yaintt,ttp.r014.yaintt,,und,2026-08-22T03:06:00+02:00,codex.r014.id-ID,,ttp.r014.unit.sec.aatflaet.exercise.01,contains,ttp.r014.segment.309,1699,"{""end_line"":3174,""path"":""qa/review-candidates/boundary28-r2/yaintt-id.tex"",""start_line"":3170}",high
r014.backend.record,1.0.0,ttp.r014.relation.1700,relation,active,ttp.r014.yaintt,ttp.r014.yaintt,,und,2026-08-22T03:06:00+02:00,codex.r014.id-ID,,ttp.r014.unit.book,contains,ttp.r014.unit.id-id.chap.crypto,1700,"{""end_line"":4476,""path"":""authority/downloads/yaintt.tex"",""start_line"":2788}",high
r014.backend.record,1.0.0,ttp.r014.relation.1701,relation,active,ttp.r014.yaintt,ttp.r014.yaintt,,und,2026-08-22T03:06:00+02:00,codex.r014.id-ID,,ttp.r014.unit.id-id.chap.crypto,contains,ttp.r014.segment.310,1701,"{""end_line"":3186,""path"":""qa/review-candidates/boundary28-r2/yaintt-id.tex"",""start_line"":3186}",high
r014.backend.record,1.0.0,ttp.r014.relation.1702,relation,active,ttp.r014.yaintt,ttp.r014.yaintt,,und,2026-08-22T03:06:00+02:00,codex.r014.id-ID,,ttp.r014.unit.id-id.chap.crypto,supersedes,ttp.r014.unit.chap.crypto,1702,"{""end_line"":5018,""path"":""qa/review-candidates/boundary28-r2/yaintt-id.tex"",""start_line"":3186}",high
r014.backend.record,1.0.0,ttp.r014.relation.1703,relation,active,ttp.r014.yaintt,ttp.r014.yaintt,,und,2026-08-22T03:06:00+02:00,codex.r014.id-ID,,ttp.r014.unit.id-id.chap.crypto,translates,ttp.r014.unit.chap.crypto,1703,"{""end_line"":4476,""path"":""authority/downloads/yaintt.tex"",""start_line"":2788}",high
r014.backend.record,1.0.0,ttp.r014.relation.1704,relation,active,ttp.r014.yaintt,ttp.r014.yaintt,,und,2026-08-22T03:06:00+02:00,codex.r014.id-ID,,ttp.r014.unit.sec.ssh,contains,ttp.r014.unit.sec.ssh.discussion.01,1704,"{""end_line"":2802,""path"":""authority/downloads/yaintt.tex"",""start_line"":2790}",high
r014.backend.record,1.0.0,ttp.r014.relation.1705,relation,active,ttp.r014.yaintt,ttp.r014.yaintt,,und,2026-08-22T03:06:00+02:00,codex.r014.id-ID,,ttp.r014.unit.sec.ssh.discussion.01,contains,ttp.r014.segment.311,1705,"{""end_line"":3201,""path"":""qa/review-candidates/boundary28-r2/yaintt-id.tex"",""start_line"":3188}",high
r014.backend.record,1.0.0,ttp.r014.relation.1706,relation,active,ttp.r014.yaintt,ttp.r014.yaintt,,und,2026-08-22T03:06:00+02:00,codex.r014.id-ID,,ttp.r014.unit.sec.ssh,contains,ttp.r014.unit.sec.ssh.discussion.02,1706,"{""end_line"":2830,""path"":""authority/downloads/yaintt.tex"",""start_line"":2816}",high
r014.backend.record,1.0.0,ttp.r014.relation.1707,relation,active,ttp.r014.yaintt,ttp.r014.yaintt,,und,2026-08-22T03:06:00+02:00,codex.r014.id-ID,,ttp.r014.unit.sec.ssh.discussion.02,contains,ttp.r014.segment.312,1707,"{""end_line"":3229,""path"":""qa/review-candidates/boundary28-r2/yaintt-id.tex"",""start_line"":3215}",high
r014.backend.record,1.0.0,ttp.r014.relation.1708,relation,active,ttp.r014.yaintt,ttp.r014.yaintt,,und,2026-08-22T03:06:00+02:00,codex.r014.id-ID,,ttp.r014.unit.id-id.chap.crypto,contains,ttp.r014.unit.sec.ssh,1708,"{""end_line"":3064,""path"":""authority/downloads/yaintt.tex"",""start_line"":2832}",high
r014.backend.record,1.0.0,ttp.r014.relation.1709,relation,active,ttp.r014.yaintt,ttp.r014.yaintt,,und,2026-08-22T03:06:00+02:00,codex.r014.id-ID,,ttp.r014.unit.sec.ssh,contains,ttp.r014.segment.313,1709,"{""end_line"":3231,""path"":""qa/review-candidates/boundary28-r2/yaintt-id.tex"",""start_line"":3231}",high
r014.backend.record,1.0.0,ttp.r014.relation.1710,relation,active,ttp.r014.yaintt,ttp.r014.yaintt,,und,2026-08-22T03:06:00+02:00,codex.r014.id-ID,,ttp.r014.unit.sec.ssh,contains,ttp.r014.unit.sec.ssh.discussion.03,1710,"{""end_line"":2874,""path"":""authority/downloads/yaintt.tex"",""start_line"":2835}",high
r014.backend.record,1.0.0,ttp.r014.relation.1711,relation,active,ttp.r014.yaintt,ttp.r014.yaintt,,und,2026-08-22T03:06:00+02:00,codex.r014.id-ID,,ttp.r014.unit.sec.ssh.discussion.03,contains,ttp.r014.segment.314,1711,"{""end_line"":3272,""path"":""qa/review-candidates/boundary28-r2/yaintt-id.tex"",""start_line"":3234}",high
r014.backend.record,1.0.0,ttp.r014.relation.1712,relation,active,ttp.r014.yaintt,ttp.r014.yaintt,,und,2026-08-22T03:06:00+02:00,codex.r014.id-ID,,ttp.r014.unit.sec.ssh,contains,ttp.r014.unit.sec.ssh.definition.01,1712,"{""end_line"":2881,""path"":""authority/downloads/yaintt.tex"",""start_line"":2875}",high
r014.backend.record,1.0.0,ttp.r014.relation.1713,relation,active,ttp.r014.yaintt,ttp.r014.yaintt,,und,2026-08-22T03:06:00+02:00,codex.r014.id-ID,,ttp.r014.unit.sec.ssh.definition.01,contains,ttp.r014.segment.315,1713,"{""end_line"":3279,""path"":""qa/review-candidates/boundary28-r2/yaintt-id.tex"",""start_line"":3273}",high
r014.backend.record,1.0.0,ttp.r014.relation.1714,relation,active,ttp.r014.yaintt,ttp.r014.yaintt,,und,2026-08-22T03:06:00+02:00,codex.r014.id-ID,,ttp.r014.unit.sec.ssh,contains,ttp.r014.unit.sec.ssh.definition.02,1714,"{""end_line"":2888,""path"":""authority/downloads/yaintt.tex"",""start_line"":2883}",high
r014.backend.record,1.0.0,ttp.r014.relation.1715,relation,active,ttp.r014.yaintt,ttp.r014.yaintt,,und,2026-08-22T03:06:00+02:00,codex.r014.id-ID,,ttp.r014.unit.sec.ssh.definition.02,contains,ttp.r014.segment.316,1715,"{""end_line"":3286,""path"":""qa/review-candidates/boundary28-r2/yaintt-id.tex"",""start_line"":3281}",high
r014.backend.record,1.0.0,ttp.r014.relation.1716,relation,active,ttp.r014.yaintt,ttp.r014.yaintt,,und,2026-08-22T03:06:00+02:00,codex.r014.id-ID,,ttp.r014.unit.sec.ssh,contains,ttp.r014.unit.sec.ssh.definition.03,1716,"{""end_line"":2895,""path"":""authority/downloads/yaintt.tex"",""start_line"":2890}",high
r014.backend.record,1.0.0,ttp.r014.relation.1717,relation,active,ttp.r014.yaintt,ttp.r014.yaintt,,und,2026-08-22T03:06:00+02:00,codex.r014.id-ID,,ttp.r014.unit.sec.ssh.definition.03,contains,ttp.r014.segment.317,1717,"{""end_line"":3293,""path"":""qa/review-candidates/boundary28-r2/yaintt-id.tex"",""start_line"":3288}",high
r014.backend.record,1.0.0,ttp.r014.relation.1718,relation,active,ttp.r014.yaintt,ttp.r014.yaintt,,und,2026-08-22T03:06:00+02:00,codex.r014.id-ID,,ttp.r014.unit.sec.ssh,contains,ttp.r014.unit.sec.ssh.definition.04,1718,"{""end_line"":2901,""path"":""authority/downloads/yaintt.tex"",""start_line"":2897}",high
r014.backend.record,1.0.0,ttp.r014.relation.1719,relation,active,ttp.r014.yaintt,ttp.r014.yaintt,,und,2026-08-22T03:06:00+02:00,codex.r014.id-ID,,ttp.r014.unit.sec.ssh.definition.04,contains,ttp.r014.segment.318,1719,"{""end_line"":3300,""path"":""qa/review-candidates/boundary28-r2/yaintt-id.tex"",""start_line"":3295}",high
r014.backend.record,1.0.0,ttp.r014.relation.1720,relation,active,ttp.r014.yaintt,ttp.r014.yaintt,,und,2026-08-22T03:06:00+02:00,codex.r014.id-ID,,ttp.r014.unit.sec.ssh,contains,ttp.r014.unit.sec.ssh.discussion.04,1720,"{""end_line"":2919,""path"":""authority/downloads/yaintt.tex"",""start_line"":2902}",high
r014.backend.record,1.0.0,ttp.r014.relation.1721,relation,active,ttp.r014.yaintt,ttp.r014.yaintt,,und,2026-08-22T03:06:00+02:00,codex.r014.id-ID,,ttp.r014.unit.sec.ssh.discussion.04,contains,ttp.r014.segment.319,1721,"{""end_line"":3320,""path"":""qa/review-candidates/boundary28-r2/yaintt-id.tex"",""start_line"":3301}",high
r014.backend.record,1.0.0,ttp.r014.relation.1722,relation,active,ttp.r014.yaintt,ttp.r014.yaintt,,und,2026-08-22T03:06:00+02:00,codex.r014.id-ID,,ttp.r014.unit.sec.ssh,contains,ttp.r014.unit.sec.ssh.figure.01,1722,"{""end_line"":2929,""path"":""authority/downloads/yaintt.tex"",""start_line"":2924}",high
r014.backend.record,1.0.0,ttp.r014.relation.1723,relation,active,ttp.r014.yaintt,ttp.r014.yaintt,,und,2026-08-22T03:06:00+02:00,codex.r014.id-ID,,ttp.r014.unit.sec.ssh.figure.01,contains,ttp.r014.segment.320,1723,"{""end_line"":3330,""path"":""qa/review-candidates/boundary28-r2/yaintt-id.tex"",""start_line"":3325}",high
r014.backend.record,1.0.0,ttp.r014.relation.1724,relation,active,ttp.r014.yaintt,ttp.r014.yaintt,,und,2026-08-22T03:06:00+02:00,codex.r014.id-ID,,ttp.r014.unit.sec.ssh.figure.01,illustrates,ttp.r014.unit.sec.ssh,1724,"{""end_line"":2929,""path"":""authority/downloads/yaintt.tex"",""start_line"":2924}",high
r014.backend.record,1.0.0,ttp.r014.relation.1725,relation,active,ttp.r014.yaintt,ttp.r014.yaintt,,und,2026-08-22T03:06:00+02:00,codex.r014.id-ID,,ttp.r014.unit.sec.ssh,contains,ttp.r014.unit.sec.ssh.discussion.05,1725,"{""end_line"":2942,""path"":""authority/downloads/yaintt.tex"",""start_line"":2940}",high
r014.backend.record,1.0.0,ttp.r014.relation.1726,relation,active,ttp.r014.yaintt,ttp.r014.yaintt,,und,2026-08-22T03:06:00+02:00,codex.r014.id-ID,,ttp.r014.unit.sec.ssh.discussion.05,contains,ttp.r014.segment.321,1726,"{""end_line"":3344,""path"":""qa/review-candidates/boundary28-r2/yaintt-id.tex"",""start_line"":3342}",high
r014.backend.record,1.0.0,ttp.r014.relation.1727,relation,active,ttp.r014.yaintt,ttp.r014.yaintt,,und,2026-08-22T03:06:00+02:00,codex.r014.id-ID,,ttp.r014.unit.sec.ssh,contains,ttp.r014.unit.sec.ssh.definition.05,1727,"{""end_line"":2948,""path"":""authority/downloads/yaintt.tex"",""start_line"":2943}",high
r014.backend.record,1.0.0,ttp.r014.relation.1728,relation,active,ttp.r014.yaintt,ttp.r014.yaintt,,und,2026-08-22T03:06:00+02:00,codex.r014.id-ID,,ttp.r014.unit.sec.ssh.definition.05,contains,ttp.r014.segment.322,1728,"{""end_line"":3350,""path"":""qa/review-candidates/boundary28-r2/yaintt-id.tex"",""start_line"":3345}",high
r014.backend.record,1.0.0,ttp.r014.relation.1729,relation,active,ttp.r014.yaintt,ttp.r014.yaintt,,und,2026-08-22T03:06:00+02:00,codex.r014.id-ID,,ttp.r014.unit.sec.ssh,contains,ttp.r014.unit.sec.ssh.definition.06,1729,"{""end_line"":2955,""path"":""authority/downloads/yaintt.tex"",""start_line"":2949}",high
r014.backend.record,1.0.0,ttp.r014.relation.1730,relation,active,ttp.r014.yaintt,ttp.r014.yaintt,,und,2026-08-22T03:06:00+02:00,codex.r014.id-ID,,ttp.r014.unit.sec.ssh.definition.06,contains,ttp.r014.segment.323,1730,"{""end_line"":3357,""path"":""qa/review-candidates/boundary28-r2/yaintt-id.tex"",""start_line"":3351}",high
r014.backend.record,1.0.0,ttp.r014.relation.1731,relation,active,ttp.r014.yaintt,ttp.r014.yaintt,,und,2026-08-22T03:06:00+02:00,codex.r014.id-ID,,ttp.r014.unit.sec.ssh,contains,ttp.r014.unit.sec.ssh.definition.07,1731,"{""end_line"":2959,""path"":""authority/downloads/yaintt.tex"",""start_line"":2956}",high
r014.backend.record,1.0.0,ttp.r014.relation.1732,relation,active,ttp.r014.yaintt,ttp.r014.yaintt,,und,2026-08-22T03:06:00+02:00,codex.r014.id-ID,,ttp.r014.unit.sec.ssh.definition.07,contains,ttp.r014.segment.324,1732,"{""end_line"":3362,""path"":""qa/review-candidates/boundary28-r2/yaintt-id.tex"",""start_line"":3358}",high
r014.backend.record,1.0.0,ttp.r014.relation.1733,relation,active,ttp.r014.yaintt,ttp.r014.yaintt,,und,2026-08-22T03:06:00+02:00,codex.r014.id-ID,,ttp.r014.unit.sec.ssh,contains,ttp.r014.unit.sec.ssh.definition.08,1733,"{""end_line"":2964,""path"":""authority/downloads/yaintt.tex"",""start_line"":2960}",high
r014.backend.record,1.0.0,ttp.r014.relation.1734,relation,active,ttp.r014.yaintt,ttp.r014.yaintt,,und,2026-08-22T03:06:00+02:00,codex.r014.id-ID,,ttp.r014.unit.sec.ssh.definition.08,contains,ttp.r014.segment.325,1734,"{""end_line"":3367,""path"":""qa/review-candidates/boundary28-r2/yaintt-id.tex"",""start_line"":3363}",high
r014.backend.record,1.0.0,ttp.r014.relation.1735,relation,active,ttp.r014.yaintt,ttp.r014.yaintt,,und,2026-08-22T03:06:00+02:00,codex.r014.id-ID,,ttp.r014.unit.sec.ssh,contains,ttp.r014.unit.sec.ssh.discussion.06,1735,"{""end_line"":2969,""path"":""authority/downloads/yaintt.tex"",""start_line"":2967}",high
r014.backend.record,1.0.0,ttp.r014.relation.1736,relation,active,ttp.r014.yaintt,ttp.r014.yaintt,,und,2026-08-22T03:06:00+02:00,codex.r014.id-ID,,ttp.r014.unit.sec.ssh.discussion.06,contains,ttp.r014.segment.326,1736,"{""end_line"":3372,""path"":""qa/review-candidates/boundary28-r2/yaintt-id.tex"",""start_line"":3370}",high
r014.backend.record,1.0.0,ttp.r014.relation.1737,relation,active,ttp.r014.yaintt,ttp.r014.yaintt,,und,2026-08-22T03:06:00+02:00,codex.r014.id-ID,,ttp.r014.unit.sec.ssh,contains,ttp.r014.unit.sec.ssh.tabular.01,1737,"{""end_line"":2983,""path"":""authority/downloads/yaintt.tex"",""start_line"":2971}",high
r014.backend.record,1.0.0,ttp.r014.relation.1738,relation,active,ttp.r014.yaintt,ttp.r014.yaintt,,und,2026-08-22T03:06:00+02:00,codex.r014.id-ID,,ttp.r014.unit.sec.ssh.tabular.01,contains,ttp.r014.segment.327,1738,"{""end_line"":3386,""path"":""qa/review-candidates/boundary28-r2/yaintt-id.tex"",""start_line"":3374}",high
r014.backend.record,1.0.0,ttp.r014.relation.1739,relation,active,ttp.r014.yaintt,ttp.r014.yaintt,,und,2026-08-22T03:06:00+02:00,codex.r014.id-ID,,ttp.r014.unit.sec.ssh.tabular.01,illustrates,ttp.r014.unit.sec.ssh,1739,"{""end_line"":2983,""path"":""authority/downloads/yaintt.tex"",""start_line"":2971}",high
r014.backend.record,1.0.0,ttp.r014.relation.1740,relation,active,ttp.r014.yaintt,ttp.r014.yaintt,,und,2026-08-22T03:06:00+02:00,codex.r014.id-ID,,ttp.r014.unit.sec.ssh,contains,ttp.r014.unit.sec.ssh.discussion.07,1740,"{""end_line"":2993,""path"":""authority/downloads/yaintt.tex"",""start_line"":2985}",high
r014.backend.record,1.0.0,ttp.r014.relation.1741,relation,active,ttp.r014.yaintt,ttp.r014.yaintt,,und,2026-08-22T03:06:00+02:00,codex.r014.id-ID,,ttp.r014.unit.sec.ssh.discussion.07,contains,ttp.r014.segment.328,1741,"{""end_line"":3396,""path"":""qa/review-candidates/boundary28-r2/yaintt-id.tex"",""start_line"":3388}",high
r014.backend.record,1.0.0,ttp.r014.relation.1742,relation,active,ttp.r014.yaintt,ttp.r014.yaintt,,und,2026-08-22T03:06:00+02:00,codex.r014.id-ID,,ttp.r014.unit.sec.ssh,contains,ttp.r014.unit.sec.ssh.definition.09,1742,"{""end_line"":2998,""path"":""authority/downloads/yaintt.tex"",""start_line"":2994}",high
r014.backend.record,1.0.0,ttp.r014.relation.1743,relation,active,ttp.r014.yaintt,ttp.r014.yaintt,,und,2026-08-22T03:06:00+02:00,codex.r014.id-ID,,ttp.r014.unit.sec.ssh.definition.09,contains,ttp.r014.segment.329,1743,"{""end_line"":3401,""path"":""qa/review-candidates/boundary28-r2/yaintt-id.tex"",""start_line"":3397}",high
r014.backend.record,1.0.0,ttp.r014.relation.1744,relation,active,ttp.r014.yaintt,ttp.r014.yaintt,,und,2026-08-22T03:06:00+02:00,codex.r014.id-ID,,ttp.r014.unit.sec.ssh,contains,ttp.r014.unit.sec.ssh.discussion.08,1744,"{""end_line"":3025,""path"":""authority/downloads/yaintt.tex"",""start_line"":2999}",high
r014.backend.record,1.0.0,ttp.r014.relation.1745,relation,active,ttp.r014.yaintt,ttp.r014.yaintt,,und,2026-08-22T03:06:00+02:00,codex.r014.id-ID,,ttp.r014.unit.sec.ssh.discussion.08,contains,ttp.r014.segment.330,1745,"{""end_line"":3428,""path"":""qa/review-candidates/boundary28-r2/yaintt-id.tex"",""start_line"":3402}",high
r014.backend.record,1.0.0,ttp.r014.relation.1746,relation,active,ttp.r014.yaintt,ttp.r014.yaintt,,und,2026-08-22T03:06:00+02:00,codex.r014.id-ID,,ttp.r014.unit.sec.ssh,contains,ttp.r014.unit.sec.ssh.exercises,1746,"{""end_line"":3064,""path"":""authority/downloads/yaintt.tex"",""start_line"":3040}",high
r014.backend.record,1.0.0,ttp.r014.relation.1747,relation,active,ttp.r014.yaintt,ttp.r014.yaintt,,und,2026-08-22T03:06:00+02:00,codex.r014.id-ID,,ttp.r014.unit.sec.ssh.exercises,contains,ttp.r014.segment.331,1747,"{""end_line"":3444,""path"":""qa/review-candidates/boundary28-r2/yaintt-id.tex"",""start_line"":3444}",high
r014.backend.record,1.0.0,ttp.r014.relation.1748,relation,active,ttp.r014.yaintt,ttp.r014.yaintt,,und,2026-08-22T03:06:00+02:00,codex.r014.id-ID,,ttp.r014.unit.sec.ssh.exercises,contains,ttp.r014.unit.sec.ssh.exercise.01,1748,"{""end_line"":3052,""path"":""authority/downloads/yaintt.tex"",""start_line"":3043}",high
r014.backend.record,1.0.0,ttp.r014.relation.1749,relation,active,ttp.r014.yaintt,ttp.r014.yaintt,,und,2026-08-22T03:06:00+02:00,codex.r014.id-ID,,ttp.r014.unit.sec.ssh.exercise.01,contains,ttp.r014.segment.332,1749,"{""end_line"":3457,""path"":""qa/review-candidates/boundary28-r2/yaintt-id.tex"",""start_line"":3447}",high
r014.backend.record,1.0.0,ttp.r014.relation.1750,relation,active,ttp.r014.yaintt,ttp.r014.yaintt,,und,2026-08-22T03:06:00+02:00,codex.r014.id-ID,,ttp.r014.unit.sec.ssh.exercises,contains,ttp.r014.unit.sec.ssh.exercise.02,1750,"{""end_line"":3058,""path"":""authority/downloads/yaintt.tex"",""start_line"":3053}",high
r014.backend.record,1.0.0,ttp.r014.relation.1751,relation,active,ttp.r014.yaintt,ttp.r014.yaintt,,und,2026-08-22T03:06:00+02:00,codex.r014.id-ID,,ttp.r014.unit.sec.ssh.exercise.02,contains,ttp.r014.segment.333,1751,"{""end_line"":3463,""path"":""qa/review-candidates/boundary28-r2/yaintt-id.tex"",""start_line"":3458}",high
r014.backend.record,1.0.0,ttp.r014.relation.1752,relation,active,ttp.r014.yaintt,ttp.r014.yaintt,,und,2026-08-22T03:06:00+02:00,codex.r014.id-ID,,ttp.r014.unit.sec.ssh.exercises,contains,ttp.r014.unit.sec.ssh.exercise.03,1752,"{""end_line"":3061,""path"":""authority/downloads/yaintt.tex"",""start_line"":3059}",high
r014.backend.record,1.0.0,ttp.r014.relation.1753,relation,active,ttp.r014.yaintt,ttp.r014.yaintt,,und,2026-08-22T03:06:00+02:00,codex.r014.id-ID,,ttp.r014.unit.sec.ssh.exercise.03,contains,ttp.r014.segment.334,1753,"{""end_line"":3467,""path"":""qa/review-candidates/boundary28-r2/yaintt-id.tex"",""start_line"":3464}",high
r014.backend.record,1.0.0,ttp.r014.relation.1754,relation,active,ttp.r014.yaintt,ttp.r014.yaintt,,und,2026-08-22T03:06:00+02:00,codex.r014.id-ID,,ttp.r014.unit.id-id.chap.crypto,contains,ttp.r014.unit.sec.ccaiv,1754,"{""end_line"":3281,""path"":""authority/downloads/yaintt.tex"",""start_line"":3065}",high
r014.backend.record,1.0.0,ttp.r014.relation.1755,relation,active,ttp.r014.yaintt,ttp.r014.yaintt,,und,2026-08-22T03:06:00+02:00,codex.r014.id-ID,,ttp.r014.unit.sec.ccaiv,contains,ttp.r014.segment.335,1755,"{""end_line"":3481,""path"":""qa/review-candidates/boundary28-r2/yaintt-id.tex"",""start_line"":3481}",high
r014.backend.record,1.0.0,ttp.r014.relation.1756,relation,active,ttp.r014.yaintt,ttp.r014.yaintt,,und,2026-08-22T03:06:00+02:00,codex.r014.id-ID,,ttp.r014.unit.sec.ccaiv,contains,ttp.r014.unit.sec.ccaiv.discussion.01,1756,"{""end_line"":3070,""path"":""authority/downloads/yaintt.tex"",""start_line"":3067}",high
r014.backend.record,1.0.0,ttp.r014.relation.1757,relation,active,ttp.r014.yaintt,ttp.r014.yaintt,,und,2026-08-22T03:06:00+02:00,codex.r014.id-ID,,ttp.r014.unit.sec.ccaiv.discussion.01,contains,ttp.r014.segment.336,1757,"{""end_line"":3485,""path"":""qa/review-candidates/boundary28-r2/yaintt-id.tex"",""start_line"":3483}",high
r014.backend.record,1.0.0,ttp.r014.relation.1758,relation,active,ttp.r014.yaintt,ttp.r014.yaintt,,und,2026-08-22T03:06:00+02:00,codex.r014.id-ID,,ttp.r014.unit.sec.ccaiv,contains,ttp.r014.unit.sec.ccaiv.definition.01,1758,"{""end_line"":3085,""path"":""authority/downloads/yaintt.tex"",""start_line"":3071}",high
r014.backend.record,1.0.0,ttp.r014.relation.1759,relation,active,ttp.r014.yaintt,ttp.r014.yaintt,,und,2026-08-22T03:06:00+02:00,codex.r014.id-ID,,ttp.r014.unit.sec.ccaiv.definition.01,contains,ttp.r014.segment.337,1759,"{""end_line"":3500,""path"":""qa/review-candidates/boundary28-r2/yaintt-id.tex"",""start_line"":3486}",high
r014.backend.record,1.0.0,ttp.r014.relation.1760,relation,active,ttp.r014.yaintt,ttp.r014.yaintt,,und,2026-08-22T03:06:00+02:00,codex.r014.id-ID,,ttp.r014.unit.sec.ccaiv,contains,ttp.r014.unit.sec.ccaiv.discussion.02,1760,"{""end_line"":3115,""path"":""authority/downloads/yaintt.tex"",""start_line"":3086}",high
r014.backend.record,1.0.0,ttp.r014.relation.1761,relation,active,ttp.r014.yaintt,ttp.r014.yaintt,,und,2026-08-22T03:06:00+02:00,codex.r014.id-ID,,ttp.r014.unit.sec.ccaiv.discussion.02,contains,ttp.r014.segment.338,1761,"{""end_line"":3529,""path"":""qa/review-candidates/boundary28-r2/yaintt-id.tex"",""start_line"":3501}",high
r014.backend.record,1.0.0,ttp.r014.relation.1762,relation,active,ttp.r014.yaintt,ttp.r014.yaintt,,und,2026-08-22T03:06:00+02:00,codex.r014.id-ID,,ttp.r014.unit.sec.ccaiv,contains,ttp.r014.unit.sec.ccaiv.definition.02,1762,"{""end_line"":3135,""path"":""authority/downloads/yaintt.tex"",""start_line"":3116}",high
r014.backend.record,1.0.0,ttp.r014.relation.1763,relation,active,ttp.r014.yaintt,ttp.r014.yaintt,,und,2026-08-22T03:06:00+02:00,codex.r014.id-ID,,ttp.r014.unit.sec.ccaiv.definition.02,contains,ttp.r014.segment.339,1763,"{""end_line"":3551,""path"":""qa/review-candidates/boundary28-r2/yaintt-id.tex"",""start_line"":3530}",high
r014.backend.record,1.0.0,ttp.r014.relation.1764,relation,active,ttp.r014.yaintt,ttp.r014.yaintt,,und,2026-08-22T03:06:00+02:00,codex.r014.id-ID,,ttp.r014.unit.sec.ccaiv,contains,ttp.r014.unit.sec.ccaiv.discussion.03,1764,"{""end_line"":3157,""path"":""authority/downloads/yaintt.tex"",""start_line"":3136}",high
r014.backend.record,1.0.0,ttp.r014.relation.1765,relation,active,ttp.r014.yaintt,ttp.r014.yaintt,,und,2026-08-22T03:06:00+02:00,codex.r014.id-ID,,ttp.r014.unit.sec.ccaiv.discussion.03,contains,ttp.r014.segment.340,1765,"{""end_line"":3573,""path"":""qa/review-candidates/boundary28-r2/yaintt-id.tex"",""start_line"":3552}",high
r014.backend.record,1.0.0,ttp.r014.relation.1766,relation,active,ttp.r014.yaintt,ttp.r014.yaintt,,und,2026-08-22T03:06:00+02:00,codex.r014.id-ID,,ttp.r014.unit.sec.ccaiv,contains,ttp.r014.unit.sec.ccaiv.definition.03,1766,"{""end_line"":3164,""path"":""authority/downloads/yaintt.tex"",""start_line"":3158}",high
r014.backend.record,1.0.0,ttp.r014.relation.1767,relation,active,ttp.r014.yaintt,ttp.r014.yaintt,,und,2026-08-22T03:06:00+02:00,codex.r014.id-ID,,ttp.r014.unit.sec.ccaiv.definition.03,contains,ttp.r014.segment.341,1767,"{""end_line"":3581,""path"":""qa/review-candidates/boundary28-r2/yaintt-id.tex"",""start_line"":3574}",high
r014.backend.record,1.0.0,ttp.r014.relation.1768,relation,active,ttp.r014.yaintt,ttp.r014.yaintt,,und,2026-08-22T03:06:00+02:00,codex.r014.id-ID,,ttp.r014.unit.sec.ccaiv,contains,ttp.r014.unit.sec.ccaiv.discussion.04,1768,"{""end_line"":3217,""path"":""authority/downloads/yaintt.tex"",""start_line"":3165}",high
r014.backend.record,1.0.0,ttp.r014.relation.1769,relation,active,ttp.r014.yaintt,ttp.r014.yaintt,,und,2026-08-22T03:06:00+02:00,codex.r014.id-ID,,ttp.r014.unit.sec.ccaiv.discussion.04,contains,ttp.r014.segment.342,1769,"{""end_line"":3637,""path"":""qa/review-candidates/boundary28-r2/yaintt-id.tex"",""start_line"":3582}",high
r014.backend.record,1.0.0,ttp.r014.relation.1770,relation,active,ttp.r014.yaintt,ttp.r014.yaintt,,und,2026-08-22T03:06:00+02:00,codex.r014.id-ID,,ttp.r014.unit.sec.ccaiv,contains,ttp.r014.unit.sec.ccaiv.exercises,1770,"{""end_line"":3281,""path"":""authority/downloads/yaintt.tex"",""start_line"":3224}",high
r014.backend.record,1.0.0,ttp.r014.relation.1771,relation,active,ttp.r014.yaintt,ttp.r014.yaintt,,und,2026-08-22T03:06:00+02:00,codex.r014.id-ID,,ttp.r014.unit.sec.ccaiv.exercises,contains,ttp.r014.segment.343,1771,"{""end_line"":3644,""path"":""qa/review-candidates/boundary28-r2/yaintt-id.tex"",""start_line"":3644}",high
r014.backend.record,1.0.0,ttp.r014.relation.1772,relation,active,ttp.r014.yaintt,ttp.r014.yaintt,,und,2026-08-22T03:06:00+02:00,codex.r014.id-ID,,ttp.r014.unit.sec.ccaiv.exercises,contains,ttp.r014.unit.sec.ccaiv.exercise.01,1772,"{""end_line"":3241,""path"":""authority/downloads/yaintt.tex"",""start_line"":3227}",high
r014.backend.record,1.0.0,ttp.r014.relation.1773,relation,active,ttp.r014.yaintt,ttp.r014.yaintt,,und,2026-08-22T03:06:00+02:00,codex.r014.id-ID,,ttp.r014.unit.sec.ccaiv.exercise.01,contains,ttp.r014.segment.344,1773,"{""end_line"":3662,""path"":""qa/review-candidates/boundary28-r2/yaintt-id.tex"",""start_line"":3647}",high
r014.backend.record,1.0.0,ttp.r014.relation.1774,relation,active,ttp.r014.yaintt,ttp.r014.yaintt,,und,2026-08-22T03:06:00+02:00,codex.r014.id-ID,,ttp.r014.unit.sec.ccaiv.exercises,contains,ttp.r014.unit.sec.ccaiv.exercise.02,1774,"{""end_line"":3254,""path"":""authority/downloads/yaintt.tex"",""start_line"":3243}",high
r014.backend.record,1.0.0,ttp.r014.relation.1775,relation,active,ttp.r014.yaintt,ttp.r014.yaintt,,und,2026-08-22T03:06:00+02:00,codex.r014.id-ID,,ttp.r014.unit.sec.ccaiv.exercise.02,contains,ttp.r014.segment.345,1775,"{""end_line"":3676,""path"":""qa/review-candidates/boundary28-r2/yaintt-id.tex"",""start_line"":3664}",high
r014.backend.record,1.0.0,ttp.r014.relation.1776,relation,active,ttp.r014.yaintt,ttp.r014.yaintt,,und,2026-08-22T03:06:00+02:00,codex.r014.id-ID,,ttp.r014.unit.sec.ccaiv.exercises,contains,ttp.r014.unit.sec.ccaiv.exercise.03,1776,"{""end_line"":3278,""path"":""authority/downloads/yaintt.tex"",""start_line"":3256}",high
r014.backend.record,1.0.0,ttp.r014.relation.1777,relation,active,ttp.r014.yaintt,ttp.r014.yaintt,,und,2026-08-22T03:06:00+02:00,codex.r014.id-ID,,ttp.r014.unit.sec.ccaiv.exercise.03,contains,ttp.r014.segment.346,1777,"{""end_line"":3701,""path"":""qa/review-candidates/boundary28-r2/yaintt-id.tex"",""start_line"":3678}",high
r014.backend.record,1.0.0,ttp.r014.relation.1778,relation,active,ttp.r014.yaintt,ttp.r014.yaintt,,und,2026-08-22T03:06:00+02:00,codex.r014.id-ID,,ttp.r014.unit.id-id.chap.crypto,contains,ttp.r014.unit.sec.frequency,1778,"{""end_line"":3624,""path"":""authority/downloads/yaintt.tex"",""start_line"":3282}",high
r014.backend.record,1.0.0,ttp.r014.relation.1779,relation,active,ttp.r014.yaintt,ttp.r014.yaintt,,und,2026-08-22T03:06:00+02:00,codex.r014.id-ID,,ttp.r014.unit.sec.frequency,contains,ttp.r014.segment.347,1779,"{""end_line"":3715,""path"":""qa/review-candidates/boundary28-r2/yaintt-id.tex"",""start_line"":3715}",high
r014.backend.record,1.0.0,ttp.r014.relation.1780,relation,active,ttp.r014.yaintt,ttp.r014.yaintt,,und,2026-08-22T03:06:00+02:00,codex.r014.id-ID,,ttp.r014.unit.sec.frequency,contains,ttp.r014.unit.sec.frequency.discussion.01,1780,"{""end_line"":3307,""path"":""authority/downloads/yaintt.tex"",""start_line"":3285}",high
r014.backend.record,1.0.0,ttp.r014.relation.1781,relation,active,ttp.r014.yaintt,ttp.r014.yaintt,,und,2026-08-22T03:06:00+02:00,codex.r014.id-ID,,ttp.r014.unit.sec.frequency.discussion.01,contains,ttp.r014.segment.348,1781,"{""end_line"":3743,""path"":""qa/review-candidates/boundary28-r2/yaintt-id.tex"",""start_line"":3718}",high
r014.backend.record,1.0.0,ttp.r014.relation.1782,relation,active,ttp.r014.yaintt,ttp.r014.yaintt,,und,2026-08-22T03:06:00+02:00,codex.r014.id-ID,,ttp.r014.unit.sec.frequency.discussion.01,contains,ttp.r014.unit.sec.frequency.verbatim.01,1782,"{""end_line"":3294,""path"":""authority/downloads/yaintt.tex"",""start_line"":3288}",high
r014.backend.record,1.0.0,ttp.r014.relation.1783,relation,active,ttp.r014.yaintt,ttp.r014.yaintt,,und,2026-08-22T03:06:00+02:00,codex.r014.id-ID,,ttp.r014.unit.sec.frequency.verbatim.01,contains,ttp.r014.segment.349,1783,"{""end_line"":3727,""path"":""qa/review-candidates/boundary28-r2/yaintt-id.tex"",""start_line"":3721}",high
r014.backend.record,1.0.0,ttp.r014.relation.1784,relation,active,ttp.r014.yaintt,ttp.r014.yaintt,,und,2026-08-22T03:06:00+02:00,codex.r014.id-ID,,ttp.r014.unit.sec.frequency.verbatim.01,illustrates,ttp.r014.unit.sec.frequency.discussion.01,1784,"{""end_line"":3294,""path"":""authority/downloads/yaintt.tex"",""start_line"":3288}",high
r014.backend.record,1.0.0,ttp.r014.relation.1785,relation,active,ttp.r014.yaintt,ttp.r014.yaintt,,und,2026-08-22T03:06:00+02:00,codex.r014.id-ID,,ttp.r014.unit.sec.frequency,contains,ttp.r014.unit.sec.frequency.definition.01,1785,"{""end_line"":3310,""path"":""authority/downloads/yaintt.tex"",""start_line"":3308}",high
r014.backend.record,1.0.0,ttp.r014.relation.1786,relation,active,ttp.r014.yaintt,ttp.r014.yaintt,,und,2026-08-22T03:06:00+02:00,codex.r014.id-ID,,ttp.r014.unit.sec.frequency.definition.01,contains,ttp.r014.segment.350,1786,"{""end_line"":3747,""path"":""qa/review-candidates/boundary28-r2/yaintt-id.tex"",""start_line"":3744}",high
r014.backend.record,1.0.0,ttp.r014.relation.1787,relation,active,ttp.r014.yaintt,ttp.r014.yaintt,,und,2026-08-22T03:06:00+02:00,codex.r014.id-ID,,ttp.r014.unit.sec.frequency,contains,ttp.r014.unit.sec.frequency.example.01,1787,"{""end_line"":3313,""path"":""authority/downloads/yaintt.tex"",""start_line"":3311}",high
r014.backend.record,1.0.0,ttp.r014.relation.1788,relation,active,ttp.r014.yaintt,ttp.r014.yaintt,,und,2026-08-22T03:06:00+02:00,codex.r014.id-ID,,ttp.r014.unit.sec.frequency.example.01,contains,ttp.r014.segment.351,1788,"{""end_line"":3750,""path"":""qa/review-candidates/boundary28-r2/yaintt-id.tex"",""start_line"":3748}",high
r014.backend.record,1.0.0,ttp.r014.relation.1789,relation,active,ttp.r014.yaintt,ttp.r014.yaintt,,und,2026-08-22T03:06:00+02:00,codex.r014.id-ID,,ttp.r014.unit.sec.frequency,contains,ttp.r014.unit.sec.frequency.example.02,1789,"{""end_line"":3320,""path"":""authority/downloads/yaintt.tex"",""start_line"":3314}",high
r014.backend.record,1.0.0,ttp.r014.relation.1790,relation,active,ttp.r014.yaintt,ttp.r014.yaintt,,und,2026-08-22T03:06:00+02:00,codex.r014.id-ID,,ttp.r014.unit.sec.frequency.example.02,contains,ttp.r014.segment.352,1790,"{""end_line"":3757,""path"":""qa/review-candidates/boundary28-r2/yaintt-id.tex"",""start_line"":3751}",high
r014.backend.record,1.0.0,ttp.r014.relation.1791,relation,active,ttp.r014.yaintt,ttp.r014.yaintt,,und,2026-08-22T03:06:00+02:00,codex.r014.id-ID,,ttp.r014.unit.sec.frequency,contains,ttp.r014.unit.sec.frequency.example.03,1791,"{""end_line"":3325,""path"":""authority/downloads/yaintt.tex"",""start_line"":3321}",high
r014.backend.record,1.0.0,ttp.r014.relation.1792,relation,active,ttp.r014.yaintt,ttp.r014.yaintt,,und,2026-08-22T03:06:00+02:00,codex.r014.id-ID,,ttp.r014.unit.sec.frequency.example.03,contains,ttp.r014.segment.353,1792,"{""end_line"":3763,""path"":""qa/review-candidates/boundary28-r2/yaintt-id.tex"",""start_line"":3758}",high
r014.backend.record,1.0.0,ttp.r014.relation.1793,relation,active,ttp.r014.yaintt,ttp.r014.yaintt,,und,2026-08-22T03:06:00+02:00,codex.r014.id-ID,,ttp.r014.unit.sec.frequency,contains,ttp.r014.unit.sec.frequency.discussion.02,1793,"{""end_line"":3356,""path"":""authority/downloads/yaintt.tex"",""start_line"":3327}",high
r014.backend.record,1.0.0,ttp.r014.relation.1794,relation,active,ttp.r014.yaintt,ttp.r014.yaintt,,und,2026-08-22T03:06:00+02:00,codex.r014.id-ID,,ttp.r014.unit.sec.frequency.discussion.02,contains,ttp.r014.segment.354,1794,"{""end_line"":3793,""path"":""qa/review-candidates/boundary28-r2/yaintt-id.tex"",""start_line"":3765}",high
r014.backend.record,1.0.0,ttp.r014.relation.1795,relation,active,ttp.r014.yaintt,ttp.r014.yaintt,,und,2026-08-22T03:06:00+02:00,codex.r014.id-ID,,ttp.r014.unit.sec.frequency,contains,ttp.r014.unit.sec.frequency.definition.02,1795,"{""end_line"":3360,""path"":""authority/downloads/yaintt.tex"",""start_line"":3357}",high
r014.backend.record,1.0.0,ttp.r014.relation.1796,relation,active,ttp.r014.yaintt,ttp.r014.yaintt,,und,2026-08-22T03:06:00+02:00,codex.r014.id-ID,,ttp.r014.unit.sec.frequency.definition.02,contains,ttp.r014.segment.355,1796,"{""end_line"":3797,""path"":""qa/review-candidates/boundary28-r2/yaintt-id.tex"",""start_line"":3794}",high
r014.backend.record,1.0.0,ttp.r014.relation.1797,relation,active,ttp.r014.yaintt,ttp.r014.yaintt,,und,2026-08-22T03:06:00+02:00,codex.r014.id-ID,,ttp.r014.unit.sec.frequency,contains,ttp.r014.unit.sec.frequency.discussion.03,1797,"{""end_line"":3447,""path"":""authority/downloads/yaintt.tex"",""start_line"":3361}",high
r014.backend.record,1.0.0,ttp.r014.relation.1798,relation,active,ttp.r014.yaintt,ttp.r014.yaintt,,und,2026-08-22T03:06:00+02:00,codex.r014.id-ID,,ttp.r014.unit.sec.frequency.discussion.03,contains,ttp.r014.segment.356,1798,"{""end_line"":3883,""path"":""qa/review-candidates/boundary28-r2/yaintt-id.tex"",""start_line"":3798}",high
r014.backend.record,1.0.0,ttp.r014.relation.1799,relation,active,ttp.r014.yaintt,ttp.r014.yaintt,,und,2026-08-22T03:06:00+02:00,codex.r014.id-ID,,ttp.r014.unit.sec.frequency.discussion.03,contains,ttp.r014.unit.sec.frequency.figure.01,1799,"{""end_line"":3408,""path"":""authority/downloads/yaintt.tex"",""start_line"":3403}",high
r014.backend.record,1.0.0,ttp.r014.relation.1800,relation,active,ttp.r014.yaintt,ttp.r014.yaintt,,und,2026-08-22T03:06:00+02:00,codex.r014.id-ID,,ttp.r014.unit.sec.frequency.figure.01,contains,ttp.r014.segment.357,1800,"{""end_line"":3845,""path"":""qa/review-candidates/boundary28-r2/yaintt-id.tex"",""start_line"":3840}",high
r014.backend.record,1.0.0,ttp.r014.relation.1801,relation,active,ttp.r014.yaintt,ttp.r014.yaintt,,und,2026-08-22T03:06:00+02:00,codex.r014.id-ID,,ttp.r014.unit.sec.frequency.figure.01,illustrates,ttp.r014.unit.sec.frequency.discussion.03,1801,"{""end_line"":3408,""path"":""authority/downloads/yaintt.tex"",""start_line"":3403}",high
r014.backend.record,1.0.0,ttp.r014.relation.1802,relation,active,ttp.r014.yaintt,ttp.r014.yaintt,,und,2026-08-22T03:06:00+02:00,codex.r014.id-ID,,ttp.r014.unit.sec.frequency.discussion.03,contains,ttp.r014.unit.sec.frequency.verbatim.02,1802,"{""end_line"":3420,""path"":""authority/downloads/yaintt.tex"",""start_line"":3414}",high
r014.backend.record,1.0.0,ttp.r014.relation.1803,relation,active,ttp.r014.yaintt,ttp.r014.yaintt,,und,2026-08-22T03:06:00+02:00,codex.r014.id-ID,,ttp.r014.unit.sec.frequency.verbatim.02,contains,ttp.r014.segment.358,1803,"{""end_line"":3857,""path"":""qa/review-candidates/boundary28-r2/yaintt-id.tex"",""start_line"":3851}",high
r014.backend.record,1.0.0,ttp.r014.relation.1804,relation,active,ttp.r014.yaintt,ttp.r014.yaintt,,und,2026-08-22T03:06:00+02:00,codex.r014.id-ID,,ttp.r014.unit.sec.frequency.verbatim.02,illustrates,ttp.r014.unit.sec.frequency.discussion.03,1804,"{""end_line"":3420,""path"":""authority/downloads/yaintt.tex"",""start_line"":3414}",high
r014.backend.record,1.0.0,ttp.r014.relation.1805,relation,active,ttp.r014.yaintt,ttp.r014.yaintt,,und,2026-08-22T03:06:00+02:00,codex.r014.id-ID,,ttp.r014.unit.sec.frequency.discussion.03,contains,ttp.r014.unit.sec.frequency.figure.02,1805,"{""end_line"":3431,""path"":""authority/downloads/yaintt.tex"",""start_line"":3426}",high
r014.backend.record,1.0.0,ttp.r014.relation.1806,relation,active,ttp.r014.yaintt,ttp.r014.yaintt,,und,2026-08-22T03:06:00+02:00,codex.r014.id-ID,,ttp.r014.unit.sec.frequency.figure.02,contains,ttp.r014.segment.359,1806,"{""end_line"":3867,""path"":""qa/review-candidates/boundary28-r2/yaintt-id.tex"",""start_line"":3862}",high
r014.backend.record,1.0.0,ttp.r014.relation.1807,relation,active,ttp.r014.yaintt,ttp.r014.yaintt,,und,2026-08-22T03:06:00+02:00,codex.r014.id-ID,,ttp.r014.unit.sec.frequency.figure.02,illustrates,ttp.r014.unit.sec.frequency.discussion.03,1807,"{""end_line"":3431,""path"":""authority/downloads/yaintt.tex"",""start_line"":3426}",high
r014.backend.record,1.0.0,ttp.r014.relation.1808,relation,active,ttp.r014.yaintt,ttp.r014.yaintt,,und,2026-08-22T03:06:00+02:00,codex.r014.id-ID,,ttp.r014.unit.sec.frequency,contains,ttp.r014.unit.sec.frequency.definition.03,1808,"{""end_line"":3457,""path"":""authority/downloads/yaintt.tex"",""start_line"":3448}",high
r014.backend.record,1.0.0,ttp.r014.relation.1809,relation,active,ttp.r014.yaintt,ttp.r014.yaintt,,und,2026-08-22T03:06:00+02:00,codex.r014.id-ID,,ttp.r014.unit.sec.frequency.definition.03,contains,ttp.r014.segment.360,1809,"{""end_line"":3893,""path"":""qa/review-candidates/boundary28-r2/yaintt-id.tex"",""start_line"":3884}",high
r014.backend.record,1.0.0,ttp.r014.relation.1810,relation,active,ttp.r014.yaintt,ttp.r014.yaintt,,und,2026-08-22T03:06:00+02:00,codex.r014.id-ID,,ttp.r014.unit.sec.frequency,contains,ttp.r014.unit.sec.frequency.discussion.04,1810,"{""end_line"":3588,""path"":""authority/downloads/yaintt.tex"",""start_line"":3458}",high
r014.backend.record,1.0.0,ttp.r014.relation.1811,relation,active,ttp.r014.yaintt,ttp.r014.yaintt,,und,2026-08-22T03:06:00+02:00,codex.r014.id-ID,,ttp.r014.unit.sec.frequency.discussion.04,contains,ttp.r014.segment.361,1811,"{""end_line"":4031,""path"":""qa/review-candidates/boundary28-r2/yaintt-id.tex"",""start_line"":3894}",high
r014.backend.record,1.0.0,ttp.r014.relation.1812,relation,active,ttp.r014.yaintt,ttp.r014.yaintt,,und,2026-08-22T03:06:00+02:00,codex.r014.id-ID,,ttp.r014.unit.sec.frequency.discussion.04,contains,ttp.r014.unit.sec.frequency.figure.03,1812,"{""end_line"":3469,""path"":""authority/downloads/yaintt.tex"",""start_line"":3464}",high
r014.backend.record,1.0.0,ttp.r014.relation.1813,relation,active,ttp.r014.yaintt,ttp.r014.yaintt,,und,2026-08-22T03:06:00+02:00,codex.r014.id-ID,,ttp.r014.unit.sec.frequency.figure.03,contains,ttp.r014.segment.362,1813,"{""end_line"":3905,""path"":""qa/review-candidates/boundary28-r2/yaintt-id.tex"",""start_line"":3900}",high
r014.backend.record,1.0.0,ttp.r014.relation.1814,relation,active,ttp.r014.yaintt,ttp.r014.yaintt,,und,2026-08-22T03:06:00+02:00,codex.r014.id-ID,,ttp.r014.unit.sec.frequency.figure.03,illustrates,ttp.r014.unit.sec.frequency.discussion.04,1814,"{""end_line"":3469,""path"":""authority/downloads/yaintt.tex"",""start_line"":3464}",high
r014.backend.record,1.0.0,ttp.r014.relation.1815,relation,active,ttp.r014.yaintt,ttp.r014.yaintt,,und,2026-08-22T03:06:00+02:00,codex.r014.id-ID,,ttp.r014.unit.sec.frequency.discussion.04,contains,ttp.r014.unit.sec.frequency.verbatim.03,1815,"{""end_line"":3479,""path"":""authority/downloads/yaintt.tex"",""start_line"":3473}",high
r014.backend.record,1.0.0,ttp.r014.relation.1816,relation,active,ttp.r014.yaintt,ttp.r014.yaintt,,und,2026-08-22T03:06:00+02:00,codex.r014.id-ID,,ttp.r014.unit.sec.frequency.verbatim.03,contains,ttp.r014.segment.363,1816,"{""end_line"":3915,""path"":""qa/review-candidates/boundary28-r2/yaintt-id.tex"",""start_line"":3909}",high
r014.backend.record,1.0.0,ttp.r014.relation.1817,relation,active,ttp.r014.yaintt,ttp.r014.yaintt,,und,2026-08-22T03:06:00+02:00,codex.r014.id-ID,,ttp.r014.unit.sec.frequency.verbatim.03,illustrates,ttp.r014.unit.sec.frequency.discussion.04,1817,"{""end_line"":3479,""path"":""authority/downloads/yaintt.tex"",""start_line"":3473}",high
r014.backend.record,1.0.0,ttp.r014.relation.1818,relation,active,ttp.r014.yaintt,ttp.r014.yaintt,,und,2026-08-22T03:06:00+02:00,codex.r014.id-ID,,ttp.r014.unit.sec.frequency.discussion.04,contains,ttp.r014.unit.sec.frequency.figure.04,1818,"{""end_line"":3495,""path"":""authority/downloads/yaintt.tex"",""start_line"":3489}",high
r014.backend.record,1.0.0,ttp.r014.relation.1819,relation,active,ttp.r014.yaintt,ttp.r014.yaintt,,und,2026-08-22T03:06:00+02:00,codex.r014.id-ID,,ttp.r014.unit.sec.frequency.figure.04,contains,ttp.r014.segment.364,1819,"{""end_line"":3931,""path"":""qa/review-candidates/boundary28-r2/yaintt-id.tex"",""start_line"":3925}",high
r014.backend.record,1.0.0,ttp.r014.relation.1820,relation,active,ttp.r014.yaintt,ttp.r014.yaintt,,und,2026-08-22T03:06:00+02:00,codex.r014.id-ID,,ttp.r014.unit.sec.frequency.figure.04,illustrates,ttp.r014.unit.sec.frequency.discussion.04,1820,"{""end_line"":3495,""path"":""authority/downloads/yaintt.tex"",""start_line"":3489}",high
r014.backend.record,1.0.0,ttp.r014.relation.1821,relation,active,ttp.r014.yaintt,ttp.r014.yaintt,,und,2026-08-22T03:06:00+02:00,codex.r014.id-ID,,ttp.r014.unit.sec.frequency.discussion.04,contains,ttp.r014.unit.sec.frequency.verbatim.04,1821,"{""end_line"":3530,""path"":""authority/downloads/yaintt.tex"",""start_line"":3524}",high
r014.backend.record,1.0.0,ttp.r014.relation.1822,relation,active,ttp.r014.yaintt,ttp.r014.yaintt,,und,2026-08-22T03:06:00+02:00,codex.r014.id-ID,,ttp.r014.unit.sec.frequency.verbatim.04,contains,ttp.r014.segment.365,1822,"{""end_line"":3968,""path"":""qa/review-candidates/boundary28-r2/yaintt-id.tex"",""start_line"":3962}",high
r014.backend.record,1.0.0,ttp.r014.relation.1823,relation,active,ttp.r014.yaintt,ttp.r014.yaintt,,und,2026-08-22T03:06:00+02:00,codex.r014.id-ID,,ttp.r014.unit.sec.frequency.verbatim.04,illustrates,ttp.r014.unit.sec.frequency.discussion.04,1823,"{""end_line"":3530,""path"":""authority/downloads/yaintt.tex"",""start_line"":3524}",high
r014.backend.record,1.0.0,ttp.r014.relation.1824,relation,active,ttp.r014.yaintt,ttp.r014.yaintt,,und,2026-08-22T03:06:00+02:00,codex.r014.id-ID,,ttp.r014.unit.sec.frequency.discussion.04,contains,ttp.r014.unit.sec.frequency.figure.05,1824,"{""end_line"":3539,""path"":""authority/downloads/yaintt.tex"",""start_line"":3533}",high
r014.backend.record,1.0.0,ttp.r014.relation.1825,relation,active,ttp.r014.yaintt,ttp.r014.yaintt,,und,2026-08-22T03:06:00+02:00,codex.r014.id-ID,,ttp.r014.unit.sec.frequency.figure.05,contains,ttp.r014.segment.366,1825,"{""end_line"":3977,""path"":""qa/review-candidates/boundary28-r2/yaintt-id.tex"",""start_line"":3971}",high
r014.backend.record,1.0.0,ttp.r014.relation.1826,relation,active,ttp.r014.yaintt,ttp.r014.yaintt,,und,2026-08-22T03:06:00+02:00,codex.r014.id-ID,,ttp.r014.unit.sec.frequency.figure.05,illustrates,ttp.r014.unit.sec.frequency.discussion.04,1826,"{""end_line"":3539,""path"":""authority/downloads/yaintt.tex"",""start_line"":3533}",high
r014.backend.record,1.0.0,ttp.r014.relation.1827,relation,active,ttp.r014.yaintt,ttp.r014.yaintt,,und,2026-08-22T03:06:00+02:00,codex.r014.id-ID,,ttp.r014.unit.sec.frequency.discussion.04,contains,ttp.r014.unit.sec.frequency.figure.06,1827,"{""end_line"":3571,""path"":""authority/downloads/yaintt.tex"",""start_line"":3564}",high
r014.backend.record,1.0.0,ttp.r014.relation.1828,relation,active,ttp.r014.yaintt,ttp.r014.yaintt,,und,2026-08-22T03:06:00+02:00,codex.r014.id-ID,,ttp.r014.unit.sec.frequency.figure.06,contains,ttp.r014.segment.367,1828,"{""end_line"":4012,""path"":""qa/review-candidates/boundary28-r2/yaintt-id.tex"",""start_line"":4004}",high
r014.backend.record,1.0.0,ttp.r014.relation.1829,relation,active,ttp.r014.yaintt,ttp.r014.yaintt,,und,2026-08-22T03:06:00+02:00,codex.r014.id-ID,,ttp.r014.unit.sec.frequency.figure.06,illustrates,ttp.r014.unit.sec.frequency.discussion.04,1829,"{""end_line"":3571,""path"":""authority/downloads/yaintt.tex"",""start_line"":3564}",high
r014.backend.record,1.0.0,ttp.r014.relation.1830,relation,active,ttp.r014.yaintt,ttp.r014.yaintt,,und,2026-08-22T03:06:00+02:00,codex.r014.id-ID,,ttp.r014.unit.sec.frequency,contains,ttp.r014.unit.sec.frequency.exercises,1830,"{""end_line"":3624,""path"":""authority/downloads/yaintt.tex"",""start_line"":3595}",high
r014.backend.record,1.0.0,ttp.r014.relation.1831,relation,active,ttp.r014.yaintt,ttp.r014.yaintt,,und,2026-08-22T03:06:00+02:00,codex.r014.id-ID,,ttp.r014.unit.sec.frequency.exercises,contains,ttp.r014.segment.368,1831,"{""end_line"":4038,""path"":""qa/review-candidates/boundary28-r2/yaintt-id.tex"",""start_line"":4038}",high
r014.backend.record,1.0.0,ttp.r014.relation.1832,relation,active,ttp.r014.yaintt,ttp.r014.yaintt,,und,2026-08-22T03:06:00+02:00,codex.r014.id-ID,,ttp.r014.unit.sec.frequency.exercises,contains,ttp.r014.unit.sec.frequency.exercise.01,1832,"{""end_line"":3602,""path"":""authority/downloads/yaintt.tex"",""start_line"":3598}",high
r014.backend.record,1.0.0,ttp.r014.relation.1833,relation,active,ttp.r014.yaintt,ttp.r014.yaintt,,und,2026-08-22T03:06:00+02:00,codex.r014.id-ID,,ttp.r014.unit.sec.frequency.exercise.01,contains,ttp.r014.segment.369,1833,"{""end_line"":4045,""path"":""qa/review-candidates/boundary28-r2/yaintt-id.tex"",""start_line"":4041}",high
r014.backend.record,1.0.0,ttp.r014.relation.1834,relation,active,ttp.r014.yaintt,ttp.r014.yaintt,,und,2026-08-22T03:06:00+02:00,codex.r014.id-ID,,ttp.r014.unit.sec.frequency.exercises,contains,ttp.r014.unit.sec.frequency.exercise.02,1834,"{""end_line"":3608,""path"":""authority/downloads/yaintt.tex"",""start_line"":3604}",high
r014.backend.record,1.0.0,ttp.r014.relation.1835,relation,active,ttp.r014.yaintt,ttp.r014.yaintt,,und,2026-08-22T03:06:00+02:00,codex.r014.id-ID,,ttp.r014.unit.sec.frequency.exercise.02,contains,ttp.r014.segment.370,1835,"{""end_line"":4050,""path"":""qa/review-candidates/boundary28-r2/yaintt-id.tex"",""start_line"":4047}",high
r014.backend.record,1.0.0,ttp.r014.relation.1836,relation,active,ttp.r014.yaintt,ttp.r014.yaintt,,und,2026-08-22T03:06:00+02:00,codex.r014.id-ID,,ttp.r014.unit.sec.frequency.exercises,contains,ttp.r014.unit.sec.frequency.exercise.03,1836,"{""end_line"":3621,""path"":""authority/downloads/yaintt.tex"",""start_line"":3610}",high
r014.backend.record,1.0.0,ttp.r014.relation.1837,relation,active,ttp.r014.yaintt,ttp.r014.yaintt,,und,2026-08-22T03:06:00+02:00,codex.r014.id-ID,,ttp.r014.unit.sec.frequency.exercise.03,contains,ttp.r014.segment.371,1837,"{""end_line"":4065,""path"":""qa/review-candidates/boundary28-r2/yaintt-id.tex"",""start_line"":4052}",high
r014.backend.record,1.0.0,ttp.r014.relation.1838,relation,active,ttp.r014.yaintt,ttp.r014.yaintt,,und,2026-08-22T03:06:00+02:00,codex.r014.id-ID,,ttp.r014.unit.id-id.chap.crypto,contains,ttp.r014.unit.sec.rsa,1838,"{""end_line"":4096,""path"":""authority/downloads/yaintt.tex"",""start_line"":3625}",high
r014.backend.record,1.0.0,ttp.r014.relation.1839,relation,active,ttp.r014.yaintt,ttp.r014.yaintt,,und,2026-08-22T03:06:00+02:00,codex.r014.id-ID,,ttp.r014.unit.sec.rsa,contains,ttp.r014.segment.372,1839,"{""end_line"":4079,""path"":""qa/review-candidates/boundary28-r2/yaintt-id.tex"",""start_line"":4079}",high
r014.backend.record,1.0.0,ttp.r014.relation.1840,relation,active,ttp.r014.yaintt,ttp.r014.yaintt,,und,2026-08-22T03:06:00+02:00,codex.r014.id-ID,,ttp.r014.unit.sec.rsa,contains,ttp.r014.unit.sec.rsa.discussion.01,1840,"{""end_line"":3636,""path"":""authority/downloads/yaintt.tex"",""start_line"":3628}",high
r014.backend.record,1.0.0,ttp.r014.relation.1841,relation,active,ttp.r014.yaintt,ttp.r014.yaintt,,und,2026-08-22T03:06:00+02:00,codex.r014.id-ID,,ttp.r014.unit.sec.rsa.discussion.01,contains,ttp.r014.segment.373,1841,"{""end_line"":4088,""path"":""qa/review-candidates/boundary28-r2/yaintt-id.tex"",""start_line"":4082}",high
r014.backend.record,1.0.0,ttp.r014.relation.1842,relation,active,ttp.r014.yaintt,ttp.r014.yaintt,,und,2026-08-22T03:06:00+02:00,codex.r014.id-ID,,ttp.r014.unit.sec.rsa,contains,ttp.r014.unit.sec.rsa.definition.01,1842,"{""end_line"":3654,""path"":""authority/downloads/yaintt.tex"",""start_line"":3637}",high
r014.backend.record,1.0.0,ttp.r014.relation.1843,relation,active,ttp.r014.yaintt,ttp.r014.yaintt,,und,2026-08-22T03:06:00+02:00,codex.r014.id-ID,,ttp.r014.unit.sec.rsa.definition.01,contains,ttp.r014.segment.374,1843,"{""end_line"":4107,""path"":""qa/review-candidates/boundary28-r2/yaintt-id.tex"",""start_line"":4089}",high
r014.backend.record,1.0.0,ttp.r014.relation.1844,relation,active,ttp.r014.yaintt,ttp.r014.yaintt,,und,2026-08-22T03:06:00+02:00,codex.r014.id-ID,,ttp.r014.unit.sec.rsa,contains,ttp.r014.unit.sec.rsa.discussion.02,1844,"{""end_line"":3658,""path"":""authority/downloads/yaintt.tex"",""start_line"":3656}",high
r014.backend.record,1.0.0,ttp.r014.relation.1845,relation,active,ttp.r014.yaintt,ttp.r014.yaintt,,und,2026-08-22T03:06:00+02:00,codex.r014.id-ID,,ttp.r014.unit.sec.rsa.discussion.02,contains,ttp.r014.segment.375,1845,"{""end_line"":4111,""path"":""qa/review-candidates/boundary28-r2/yaintt-id.tex"",""start_line"":4109}",high
r014.backend.record,1.0.0,ttp.r014.relation.1846,relation,active,ttp.r014.yaintt,ttp.r014.yaintt,,und,2026-08-22T03:06:00+02:00,codex.r014.id-ID,,ttp.r014.unit.sec.rsa,contains,ttp.r014.unit.sec.rsa.tabular.01,1846,"{""end_line"":3682,""path"":""authority/downloads/yaintt.tex"",""start_line"":3661}",high
r014.backend.record,1.0.0,ttp.r014.relation.1847,relation,active,ttp.r014.yaintt,ttp.r014.yaintt,,und,2026-08-22T03:06:00+02:00,codex.r014.id-ID,,ttp.r014.unit.sec.rsa.tabular.01,contains,ttp.r014.segment.376,1847,"{""end_line"":4136,""path"":""qa/review-candidates/boundary28-r2/yaintt-id.tex"",""start_line"":4114}",high
r014.backend.record,1.0.0,ttp.r014.relation.1848,relation,active,ttp.r014.yaintt,ttp.r014.yaintt,,und,2026-08-22T03:06:00+02:00,codex.r014.id-ID,,ttp.r014.unit.sec.rsa.tabular.01,illustrates,ttp.r014.unit.sec.rsa,1848,"{""end_line"":3682,""path"":""authority/downloads/yaintt.tex"",""start_line"":3661}",high
r014.backend.record,1.0.0,ttp.r014.relation.1849,relation,active,ttp.r014.yaintt,ttp.r014.yaintt,,und,2026-08-22T03:06:00+02:00,codex.r014.id-ID,,ttp.r014.unit.sec.rsa,contains,ttp.r014.unit.sec.rsa.discussion.03,1849,"{""end_line"":3698,""path"":""authority/downloads/yaintt.tex"",""start_line"":3684}",high
r014.backend.record,1.0.0,ttp.r014.relation.1850,relation,active,ttp.r014.yaintt,ttp.r014.yaintt,,und,2026-08-22T03:06:00+02:00,codex.r014.id-ID,,ttp.r014.unit.sec.rsa.discussion.03,contains,ttp.r014.segment.377,1850,"{""end_line"":4150,""path"":""qa/review-candidates/boundary28-r2/yaintt-id.tex"",""start_line"":4138}",high
r014.backend.record,1.0.0,ttp.r014.relation.1851,relation,active,ttp.r014.yaintt,ttp.r014.yaintt,,und,2026-08-22T03:06:00+02:00,codex.r014.id-ID,,ttp.r014.unit.sec.rsa,contains,ttp.r014.unit.sec.rsa.definition.02,1851,"{""end_line"":3721,""path"":""authority/downloads/yaintt.tex"",""start_line"":3699}",high
r014.backend.record,1.0.0,ttp.r014.relation.1852,relation,active,ttp.r014.yaintt,ttp.r014.yaintt,,und,2026-08-22T03:06:00+02:00,codex.r014.id-ID,,ttp.r014.unit.sec.rsa.definition.02,contains,ttp.r014.segment.378,1852,"{""end_line"":4176,""path"":""qa/review-candidates/boundary28-r2/yaintt-id.tex"",""start_line"":4151}",high
r014.backend.record,1.0.0,ttp.r014.relation.1853,relation,active,ttp.r014.yaintt,ttp.r014.yaintt,,und,2026-08-22T03:06:00+02:00,codex.r014.id-ID,,ttp.r014.unit.sec.rsa,contains,ttp.r014.unit.sec.rsa.discussion.04,1853,"{""end_line"":3725,""path"":""authority/downloads/yaintt.tex"",""start_line"":3723}",high
r014.backend.record,1.0.0,ttp.r014.relation.1854,relation,active,ttp.r014.yaintt,ttp.r014.yaintt,,und,2026-08-22T03:06:00+02:00,codex.r014.id-ID,,ttp.r014.unit.sec.rsa.discussion.04,contains,ttp.r014.segment.379,1854,"{""end_line"":4180,""path"":""qa/review-candidates/boundary28-r2/yaintt-id.tex"",""start_line"":4178}",high
r014.backend.record,1.0.0,ttp.r014.relation.1855,relation,active,ttp.r014.yaintt,ttp.r014.yaintt,,und,2026-08-22T03:06:00+02:00,codex.r014.id-ID,,ttp.r014.unit.sec.rsa,contains,ttp.r014.unit.sec.rsa.tabular.02,1855,"{""end_line"":3742,""path"":""authority/downloads/yaintt.tex"",""start_line"":3728}",high
r014.backend.record,1.0.0,ttp.r014.relation.1856,relation,active,ttp.r014.yaintt,ttp.r014.yaintt,,und,2026-08-22T03:06:00+02:00,codex.r014.id-ID,,ttp.r014.unit.sec.rsa.tabular.02,contains,ttp.r014.segment.380,1856,"{""end_line"":4197,""path"":""qa/review-candidates/boundary28-r2/yaintt-id.tex"",""start_line"":4183}",high
r014.backend.record,1.0.0,ttp.r014.relation.1857,relation,active,ttp.r014.yaintt,ttp.r014.yaintt,,und,2026-08-22T03:06:00+02:00,codex.r014.id-ID,,ttp.r014.unit.sec.rsa.tabular.02,illustrates,ttp.r014.unit.sec.rsa,1857,"{""end_line"":3742,""path"":""authority/downloads/yaintt.tex"",""start_line"":3728}",high
r014.backend.record,1.0.0,ttp.r014.relation.1858,relation,active,ttp.r014.yaintt,ttp.r014.yaintt,,und,2026-08-22T03:06:00+02:00,codex.r014.id-ID,,ttp.r014.unit.sec.rsa,contains,ttp.r014.unit.sec.rsa.discussion.05,1858,"{""end_line"":3755,""path"":""authority/downloads/yaintt.tex"",""start_line"":3744}",high
r014.backend.record,1.0.0,ttp.r014.relation.1859,relation,active,ttp.r014.yaintt,ttp.r014.yaintt,,und,2026-08-22T03:06:00+02:00,codex.r014.id-ID,,ttp.r014.unit.sec.rsa.discussion.05,contains,ttp.r014.segment.381,1859,"{""end_line"":4210,""path"":""qa/review-candidates/boundary28-r2/yaintt-id.tex"",""start_line"":4199}",high
r014.backend.record,1.0.0,ttp.r014.relation.1860,relation,active,ttp.r014.yaintt,ttp.r014.yaintt,,und,2026-08-22T03:06:00+02:00,codex.r014.id-ID,,ttp.r014.unit.sec.rsa,contains,ttp.r014.unit.sec.rsa.definition.03,1860,"{""end_line"":3760,""path"":""authority/downloads/yaintt.tex"",""start_line"":3756}",high
r014.backend.record,1.0.0,ttp.r014.relation.1861,relation,active,ttp.r014.yaintt,ttp.r014.yaintt,,und,2026-08-22T03:06:00+02:00,codex.r014.id-ID,,ttp.r014.unit.sec.rsa.definition.03,contains,ttp.r014.segment.382,1861,"{""end_line"":4215,""path"":""qa/review-candidates/boundary28-r2/yaintt-id.tex"",""start_line"":4211}",high
r014.backend.record,1.0.0,ttp.r014.relation.1862,relation,active,ttp.r014.yaintt,ttp.r014.yaintt,,und,2026-08-22T03:06:00+02:00,codex.r014.id-ID,,ttp.r014.unit.sec.rsa,contains,ttp.r014.unit.sec.rsa.discussion.06,1862,"{""end_line"":3779,""path"":""authority/downloads/yaintt.tex"",""start_line"":3761}",high
r014.backend.record,1.0.0,ttp.r014.relation.1863,relation,active,ttp.r014.yaintt,ttp.r014.yaintt,,und,2026-08-22T03:06:00+02:00,codex.r014.id-ID,,ttp.r014.unit.sec.rsa.discussion.06,contains,ttp.r014.segment.383,1863,"{""end_line"":4238,""path"":""qa/review-candidates/boundary28-r2/yaintt-id.tex"",""start_line"":4216}",high
r014.backend.record,1.0.0,ttp.r014.relation.1864,relation,active,ttp.r014.yaintt,ttp.r014.yaintt,,und,2026-08-22T03:06:00+02:00,codex.r014.id-ID,,ttp.r014.unit.sec.rsa,contains,ttp.r014.unit.sec.rsa.definition.04,1864,"{""end_line"":3785,""path"":""authority/downloads/yaintt.tex"",""start_line"":3780}",high
r014.backend.record,1.0.0,ttp.r014.relation.1865,relation,active,ttp.r014.yaintt,ttp.r014.yaintt,,und,2026-08-22T03:06:00+02:00,codex.r014.id-ID,,ttp.r014.unit.sec.rsa.definition.04,contains,ttp.r014.segment.384,1865,"{""end_line"":4243,""path"":""qa/review-candidates/boundary28-r2/yaintt-id.tex"",""start_line"":4239}",high
r014.backend.record,1.0.0,ttp.r014.relation.1866,relation,active,ttp.r014.yaintt,ttp.r014.yaintt,,und,2026-08-22T03:06:00+02:00,codex.r014.id-ID,,ttp.r014.unit.sec.rsa,contains,ttp.r014.unit.sec.rsa.discussion.07,1866,"{""end_line"":3814,""path"":""authority/downloads/yaintt.tex"",""start_line"":3786}",high
r014.backend.record,1.0.0,ttp.r014.relation.1867,relation,active,ttp.r014.yaintt,ttp.r014.yaintt,,und,2026-08-22T03:06:00+02:00,codex.r014.id-ID,,ttp.r014.unit.sec.rsa.discussion.07,contains,ttp.r014.segment.385,1867,"{""end_line"":4277,""path"":""qa/review-candidates/boundary28-r2/yaintt-id.tex"",""start_line"":4244}",high
r014.backend.record,1.0.0,ttp.r014.relation.1868,relation,active,ttp.r014.yaintt,ttp.r014.yaintt,,und,2026-08-22T03:06:00+02:00,codex.r014.id-ID,,ttp.r014.unit.sec.rsa,contains,ttp.r014.unit.sec.rsa.definition.05,1868,"{""end_line"":3852,""path"":""authority/downloads/yaintt.tex"",""start_line"":3815}",high
r014.backend.record,1.0.0,ttp.r014.relation.1869,relation,active,ttp.r014.yaintt,ttp.r014.yaintt,,und,2026-08-22T03:06:00+02:00,codex.r014.id-ID,,ttp.r014.unit.sec.rsa.definition.05,contains,ttp.r014.segment.386,1869,"{""end_line"":4320,""path"":""qa/review-candidates/boundary28-r2/yaintt-id.tex"",""start_line"":4278}",high
r014.backend.record,1.0.0,ttp.r014.relation.1870,relation,active,ttp.r014.yaintt,ttp.r014.yaintt,,und,2026-08-22T03:06:00+02:00,codex.r014.id-ID,,ttp.r014.unit.sec.rsa,contains,ttp.r014.unit.sec.rsa.discussion.08,1870,"{""end_line"":3856,""path"":""authority/downloads/yaintt.tex"",""start_line"":3854}",high
r014.backend.record,1.0.0,ttp.r014.relation.1871,relation,active,ttp.r014.yaintt,ttp.r014.yaintt,,und,2026-08-22T03:06:00+02:00,codex.r014.id-ID,,ttp.r014.unit.sec.rsa.discussion.08,contains,ttp.r014.segment.387,1871,"{""end_line"":4324,""path"":""qa/review-candidates/boundary28-r2/yaintt-id.tex"",""start_line"":4322}",high
r014.backend.record,1.0.0,ttp.r014.relation.1872,relation,active,ttp.r014.yaintt,ttp.r014.yaintt,,und,2026-08-22T03:06:00+02:00,codex.r014.id-ID,,ttp.r014.unit.sec.rsa,contains,ttp.r014.unit.sec.rsa.tabular.03,1872,"{""end_line"":3878,""path"":""authority/downloads/yaintt.tex"",""start_line"":3859}",high
r014.backend.record,1.0.0,ttp.r014.relation.1873,relation,active,ttp.r014.yaintt,ttp.r014.yaintt,,und,2026-08-22T03:06:00+02:00,codex.r014.id-ID,,ttp.r014.unit.sec.rsa.tabular.03,contains,ttp.r014.segment.388,1873,"{""end_line"":4347,""path"":""qa/review-candidates/boundary28-r2/yaintt-id.tex"",""start_line"":4327}",high
r014.backend.record,1.0.0,ttp.r014.relation.1874,relation,active,ttp.r014.yaintt,ttp.r014.yaintt,,und,2026-08-22T03:06:00+02:00,codex.r014.id-ID,,ttp.r014.unit.sec.rsa.tabular.03,illustrates,ttp.r014.unit.sec.rsa,1874,"{""end_line"":3878,""path"":""authority/downloads/yaintt.tex"",""start_line"":3859}",high
r014.backend.record,1.0.0,ttp.r014.relation.1875,relation,active,ttp.r014.yaintt,ttp.r014.yaintt,,und,2026-08-22T03:06:00+02:00,codex.r014.id-ID,,ttp.r014.unit.sec.rsa,contains,ttp.r014.unit.sec.rsa.discussion.09,1875,"{""end_line"":3885,""path"":""authority/downloads/yaintt.tex"",""start_line"":3880}",high
r014.backend.record,1.0.0,ttp.r014.relation.1876,relation,active,ttp.r014.yaintt,ttp.r014.yaintt,,und,2026-08-22T03:06:00+02:00,codex.r014.id-ID,,ttp.r014.unit.sec.rsa.discussion.09,contains,ttp.r014.segment.389,1876,"{""end_line"":4354,""path"":""qa/review-candidates/boundary28-r2/yaintt-id.tex"",""start_line"":4349}",high
r014.backend.record,1.0.0,ttp.r014.relation.1877,relation,active,ttp.r014.yaintt,ttp.r014.yaintt,,und,2026-08-22T03:06:00+02:00,codex.r014.id-ID,,ttp.r014.unit.sec.rsa,contains,ttp.r014.unit.sec.rsa.proposition.01,1877,"{""end_line"":3889,""path"":""authority/downloads/yaintt.tex"",""start_line"":3886}",high
r014.backend.record,1.0.0,ttp.r014.relation.1878,relation,active,ttp.r014.yaintt,ttp.r014.yaintt,,und,2026-08-22T03:06:00+02:00,codex.r014.id-ID,,ttp.r014.unit.sec.rsa.proposition.01,contains,ttp.r014.segment.390,1878,"{""end_line"":4358,""path"":""qa/review-candidates/boundary28-r2/yaintt-id.tex"",""start_line"":4355}",high
r014.backend.record,1.0.0,ttp.r014.relation.1879,relation,active,ttp.r014.yaintt,ttp.r014.yaintt,,und,2026-08-22T03:06:00+02:00,codex.r014.id-ID,,ttp.r014.unit.sec.rsa.proposition.01,contains,ttp.r014.unit.sec.rsa.proof.01,1879,"{""end_line"":3908,""path"":""authority/downloads/yaintt.tex"",""start_line"":3890}",high
r014.backend.record,1.0.0,ttp.r014.relation.1880,relation,active,ttp.r014.yaintt,ttp.r014.yaintt,,und,2026-08-22T03:06:00+02:00,codex.r014.id-ID,,ttp.r014.unit.sec.rsa.proof.01,contains,ttp.r014.segment.391,1880,"{""end_line"":4378,""path"":""qa/review-candidates/boundary28-r2/yaintt-id.tex"",""start_line"":4359}",high
r014.backend.record,1.0.0,ttp.r014.relation.1881,relation,active,ttp.r014.yaintt,ttp.r014.yaintt,,und,2026-08-22T03:06:00+02:00,codex.r014.id-ID,,ttp.r014.unit.sec.rsa.proof.01,proves,ttp.r014.unit.sec.rsa.proposition.01,1881,"{""end_line"":3908,""path"":""authority/downloads/yaintt.tex"",""start_line"":3890}",high
r014.backend.record,1.0.0,ttp.r014.relation.1882,relation,active,ttp.r014.yaintt,ttp.r014.yaintt,,und,2026-08-22T03:06:00+02:00,codex.r014.id-ID,,ttp.r014.unit.sec.rsa,contains,ttp.r014.unit.sec.rsa.discussion.10,1882,"{""end_line"":3914,""path"":""authority/downloads/yaintt.tex"",""start_line"":3909}",high
r014.backend.record,1.0.0,ttp.r014.relation.1883,relation,active,ttp.r014.yaintt,ttp.r014.yaintt,,und,2026-08-22T03:06:00+02:00,codex.r014.id-ID,,ttp.r014.unit.sec.rsa.discussion.10,contains,ttp.r014.segment.392,1883,"{""end_line"":4384,""path"":""qa/review-candidates/boundary28-r2/yaintt-id.tex"",""start_line"":4379}",high
r014.backend.record,1.0.0,ttp.r014.relation.1884,relation,active,ttp.r014.yaintt,ttp.r014.yaintt,,und,2026-08-22T03:06:00+02:00,codex.r014.id-ID,,ttp.r014.unit.sec.rsa,contains,ttp.r014.unit.sec.rsa.discussion.11,1884,"{""end_line"":3926,""path"":""authority/downloads/yaintt.tex"",""start_line"":3916}",high
r014.backend.record,1.0.0,ttp.r014.relation.1885,relation,active,ttp.r014.yaintt,ttp.r014.yaintt,,und,2026-08-22T03:06:00+02:00,codex.r014.id-ID,,ttp.r014.unit.sec.rsa.discussion.11,contains,ttp.r014.segment.393,1885,"{""end_line"":4396,""path"":""qa/review-candidates/boundary28-r2/yaintt-id.tex"",""start_line"":4386}",high
r014.backend.record,1.0.0,ttp.r014.relation.1886,relation,active,ttp.r014.yaintt,ttp.r014.yaintt,,und,2026-08-22T03:06:00+02:00,codex.r014.id-ID,,ttp.r014.unit.sec.rsa,contains,ttp.r014.unit.sec.rsa.theorem.01,1886,"{""end_line"":3933,""path"":""authority/downloads/yaintt.tex"",""start_line"":3927}",high
r014.backend.record,1.0.0,ttp.r014.relation.1887,relation,active,ttp.r014.yaintt,ttp.r014.yaintt,,und,2026-08-22T03:06:00+02:00,codex.r014.id-ID,,ttp.r014.unit.sec.rsa.theorem.01,contains,ttp.r014.segment.394,1887,"{""end_line"":4404,""path"":""qa/review-candidates/boundary28-r2/yaintt-id.tex"",""start_line"":4397}",high
r014.backend.record,1.0.0,ttp.r014.relation.1888,relation,active,ttp.r014.yaintt,ttp.r014.yaintt,,und,2026-08-22T03:06:00+02:00,codex.r014.id-ID,,ttp.r014.unit.sec.rsa,contains,ttp.r014.unit.sec.rsa.discussion.12,1888,"{""end_line"":4005,""path"":""authority/downloads/yaintt.tex"",""start_line"":3934}",high
r014.backend.record,1.0.0,ttp.r014.relation.1889,relation,active,ttp.r014.yaintt,ttp.r014.yaintt,,und,2026-08-22T03:06:00+02:00,codex.r014.id-ID,,ttp.r014.unit.sec.rsa.discussion.12,contains,ttp.r014.segment.395,1889,"{""end_line"":4476,""path"":""qa/review-candidates/boundary28-r2/yaintt-id.tex"",""start_line"":4405}",high
r014.backend.record,1.0.0,ttp.r014.relation.1890,relation,active,ttp.r014.yaintt,ttp.r014.yaintt,,und,2026-08-22T03:06:00+02:00,codex.r014.id-ID,,ttp.r014.unit.sec.rsa,contains,ttp.r014.unit.sec.rsa.exercises,1890,"{""end_line"":4096,""path"":""authority/downloads/yaintt.tex"",""start_line"":4013}",high
r014.backend.record,1.0.0,ttp.r014.relation.1891,relation,active,ttp.r014.yaintt,ttp.r014.yaintt,,und,2026-08-22T03:06:00+02:00,codex.r014.id-ID,,ttp.r014.unit.sec.rsa.exercises,contains,ttp.r014.segment.396,1891,"{""end_line"":4484,""path"":""qa/review-candidates/boundary28-r2/yaintt-id.tex"",""start_line"":4484}",high
r014.backend.record,1.0.0,ttp.r014.relation.1892,relation,active,ttp.r014.yaintt,ttp.r014.yaintt,,und,2026-08-22T03:06:00+02:00,codex.r014.id-ID,,ttp.r014.unit.sec.rsa.exercises,contains,ttp.r014.unit.sec.rsa.exercise.01,1892,"{""end_line"":4032,""path"":""authority/downloads/yaintt.tex"",""start_line"":4016}",high
r014.backend.record,1.0.0,ttp.r014.relation.1893,relation,active,ttp.r014.yaintt,ttp.r014.yaintt,,und,2026-08-22T03:06:00+02:00,codex.r014.id-ID,,ttp.r014.unit.sec.rsa.exercise.01,contains,ttp.r014.segment.397,1893,"{""end_line"":4505,""path"":""qa/review-candidates/boundary28-r2/yaintt-id.tex"",""start_line"":4487}",high
r014.backend.record,1.0.0,ttp.r014.relation.1894,relation,active,ttp.r014.yaintt,ttp.r014.yaintt,,und,2026-08-22T03:06:00+02:00,codex.r014.id-ID,,ttp.r014.unit.sec.rsa.exercises,contains,ttp.r014.unit.sec.rsa.exercise.02,1894,"{""end_line"":4064,""path"":""authority/downloads/yaintt.tex"",""start_line"":4034}",high
r014.backend.record,1.0.0,ttp.r014.relation.1895,relation,active,ttp.r014.yaintt,ttp.r014.yaintt,,und,2026-08-22T03:06:00+02:00,codex.r014.id-ID,,ttp.r014.unit.sec.rsa.exercise.02,contains,ttp.r014.segment.398,1895,"{""end_line"":4536,""path"":""qa/review-candidates/boundary28-r2/yaintt-id.tex"",""start_line"":4507}",high
r014.backend.record,1.0.0,ttp.r014.relation.1896,relation,active,ttp.r014.yaintt,ttp.r014.yaintt,,und,2026-08-22T03:06:00+02:00,codex.r014.id-ID,,ttp.r014.unit.sec.rsa.exercises,contains,ttp.r014.unit.sec.rsa.exercise.03,1896,"{""end_line"":4093,""path"":""authority/downloads/yaintt.tex"",""start_line"":4066}",high
r014.backend.record,1.0.0,ttp.r014.relation.1897,relation,active,ttp.r014.yaintt,ttp.r014.yaintt,,und,2026-08-22T03:06:00+02:00,codex.r014.id-ID,,ttp.r014.unit.sec.rsa.exercise.03,contains,ttp.r014.segment.399,1897,"{""end_line"":4568,""path"":""qa/review-candidates/boundary28-r2/yaintt-id.tex"",""start_line"":4538}",high
r014.backend.record,1.0.0,ttp.r014.relation.1898,relation,active,ttp.r014.yaintt,ttp.r014.yaintt,,und,2026-08-22T03:06:00+02:00,codex.r014.id-ID,,ttp.r014.unit.id-id.chap.crypto,contains,ttp.r014.unit.sec.digital-signatures,1898,"{""end_line"":4319,""path"":""authority/downloads/yaintt.tex"",""start_line"":4097}",high
r014.backend.record,1.0.0,ttp.r014.relation.1899,relation,active,ttp.r014.yaintt,ttp.r014.yaintt,,und,2026-08-22T03:06:00+02:00,codex.r014.id-ID,,ttp.r014.unit.sec.digital-signatures,contains,ttp.r014.segment.400,1899,"{""end_line"":4582,""path"":""qa/review-candidates/boundary28-r2/yaintt-id.tex"",""start_line"":4582}",high
r014.backend.record,1.0.0,ttp.r014.relation.1900,relation,active,ttp.r014.yaintt,ttp.r014.yaintt,,und,2026-08-22T03:06:00+02:00,codex.r014.id-ID,,ttp.r014.unit.sec.digital-signatures,contains,ttp.r014.unit.sec.digital-signatures.discussion.01,1900,"{""end_line"":4130,""path"":""authority/downloads/yaintt.tex"",""start_line"":4100}",high
r014.backend.record,1.0.0,ttp.r014.relation.1901,relation,active,ttp.r014.yaintt,ttp.r014.yaintt,,und,2026-08-22T03:06:00+02:00,codex.r014.id-ID,,ttp.r014.unit.sec.digital-signatures.discussion.01,contains,ttp.r014.segment.401,1901,"{""end_line"":4629,""path"":""qa/review-candidates/boundary28-r2/yaintt-id.tex"",""start_line"":4585}",high
r014.backend.record,1.0.0,ttp.r014.relation.1902,relation,active,ttp.r014.yaintt,ttp.r014.yaintt,,und,2026-08-22T03:06:00+02:00,codex.r014.id-ID,,ttp.r014.unit.sec.digital-signatures,contains,ttp.r014.unit.sec.digital-signatures.tabular.01,1902,"{""end_line"":4150,""path"":""authority/downloads/yaintt.tex"",""start_line"":4132}",high
r014.backend.record,1.0.0,ttp.r014.relation.1903,relation,active,ttp.r014.yaintt,ttp.r014.yaintt,,und,2026-08-22T03:06:00+02:00,codex.r014.id-ID,,ttp.r014.unit.sec.digital-signatures.tabular.01,contains,ttp.r014.segment.402,1903,"{""end_line"":4650,""path"":""qa/review-candidates/boundary28-r2/yaintt-id.tex"",""start_line"":4632}",high
r014.backend.record,1.0.0,ttp.r014.relation.1904,relation,active,ttp.r014.yaintt,ttp.r014.yaintt,,und,2026-08-22T03:06:00+02:00,codex.r014.id-ID,,ttp.r014.unit.sec.digital-signatures.tabular.01,illustrates,ttp.r014.unit.sec.digital-signatures,1904,"{""end_line"":4150,""path"":""authority/downloads/yaintt.tex"",""start_line"":4132}",high
r014.backend.record,1.0.0,ttp.r014.relation.1905,relation,active,ttp.r014.yaintt,ttp.r014.yaintt,,und,2026-08-22T03:06:00+02:00,codex.r014.id-ID,,ttp.r014.unit.sec.digital-signatures,contains,ttp.r014.unit.sec.digital-signatures.discussion.02,1905,"{""end_line"":4166,""path"":""authority/downloads/yaintt.tex"",""start_line"":4152}",high
r014.backend.record,1.0.0,ttp.r014.relation.1906,relation,active,ttp.r014.yaintt,ttp.r014.yaintt,,und,2026-08-22T03:06:00+02:00,codex.r014.id-ID,,ttp.r014.unit.sec.digital-signatures.discussion.02,contains,ttp.r014.segment.403,1906,"{""end_line"":4666,""path"":""qa/review-candidates/boundary28-r2/yaintt-id.tex"",""start_line"":4653}",high
r014.backend.record,1.0.0,ttp.r014.relation.1907,relation,active,ttp.r014.yaintt,ttp.r014.yaintt,,und,2026-08-22T03:06:00+02:00,codex.r014.id-ID,,ttp.r014.unit.sec.digital-signatures,contains,ttp.r014.unit.sec.digital-signatures.definition.01,1907,"{""end_line"":4189,""path"":""authority/downloads/yaintt.tex"",""start_line"":4167}",high
r014.backend.record,1.0.0,ttp.r014.relation.1908,relation,active,ttp.r014.yaintt,ttp.r014.yaintt,,und,2026-08-22T03:06:00+02:00,codex.r014.id-ID,,ttp.r014.unit.sec.digital-signatures.definition.01,contains,ttp.r014.segment.404,1908,"{""end_line"":4688,""path"":""qa/review-candidates/boundary28-r2/yaintt-id.tex"",""start_line"":4667}",high
r014.backend.record,1.0.0,ttp.r014.relation.1909,relation,active,ttp.r014.yaintt,ttp.r014.yaintt,,und,2026-08-22T03:06:00+02:00,codex.r014.id-ID,,ttp.r014.unit.sec.digital-signatures,contains,ttp.r014.unit.sec.digital-signatures.discussion.03,1909,"{""end_line"":4203,""path"":""authority/downloads/yaintt.tex"",""start_line"":4190}",high
r014.backend.record,1.0.0,ttp.r014.relation.1910,relation,active,ttp.r014.yaintt,ttp.r014.yaintt,,und,2026-08-22T03:06:00+02:00,codex.r014.id-ID,,ttp.r014.unit.sec.digital-signatures.discussion.03,contains,ttp.r014.segment.405,1910,"{""end_line"":4702,""path"":""qa/review-candidates/boundary28-r2/yaintt-id.tex"",""start_line"":4689}",high
r014.backend.record,1.0.0,ttp.r014.relation.1911,relation,active,ttp.r014.yaintt,ttp.r014.yaintt,,und,2026-08-22T03:06:00+02:00,codex.r014.id-ID,,ttp.r014.unit.sec.digital-signatures,contains,ttp.r014.unit.sec.digital-signatures.example.01,1911,"{""end_line"":4218,""path"":""authority/downloads/yaintt.tex"",""start_line"":4204}",high
r014.backend.record,1.0.0,ttp.r014.relation.1912,relation,active,ttp.r014.yaintt,ttp.r014.yaintt,,und,2026-08-22T03:06:00+02:00,codex.r014.id-ID,,ttp.r014.unit.sec.digital-signatures.example.01,contains,ttp.r014.segment.406,1912,"{""end_line"":4717,""path"":""qa/review-candidates/boundary28-r2/yaintt-id.tex"",""start_line"":4703}",high
r014.backend.record,1.0.0,ttp.r014.relation.1913,relation,active,ttp.r014.yaintt,ttp.r014.yaintt,,und,2026-08-22T03:06:00+02:00,codex.r014.id-ID,,ttp.r014.unit.sec.digital-signatures,contains,ttp.r014.unit.sec.digital-signatures.example.02,1913,"{""end_line"":4236,""path"":""authority/downloads/yaintt.tex"",""start_line"":4220}",high
r014.backend.record,1.0.0,ttp.r014.relation.1914,relation,active,ttp.r014.yaintt,ttp.r014.yaintt,,und,2026-08-22T03:06:00+02:00,codex.r014.id-ID,,ttp.r014.unit.sec.digital-signatures.example.02,contains,ttp.r014.segment.407,1914,"{""end_line"":4735,""path"":""qa/review-candidates/boundary28-r2/yaintt-id.tex"",""start_line"":4719}",high
r014.backend.record,1.0.0,ttp.r014.relation.1915,relation,active,ttp.r014.yaintt,ttp.r014.yaintt,,und,2026-08-22T03:06:00+02:00,codex.r014.id-ID,,ttp.r014.unit.sec.digital-signatures,contains,ttp.r014.unit.sec.digital-signatures.example.03,1915,"{""end_line"":4245,""path"":""authority/downloads/yaintt.tex"",""start_line"":4238}",high
r014.backend.record,1.0.0,ttp.r014.relation.1916,relation,active,ttp.r014.yaintt,ttp.r014.yaintt,,und,2026-08-22T03:06:00+02:00,codex.r014.id-ID,,ttp.r014.unit.sec.digital-signatures.example.03,contains,ttp.r014.segment.408,1916,"{""end_line"":4744,""path"":""qa/review-candidates/boundary28-r2/yaintt-id.tex"",""start_line"":4737}",high
r014.backend.record,1.0.0,ttp.r014.relation.1917,relation,active,ttp.r014.yaintt,ttp.r014.yaintt,,und,2026-08-22T03:06:00+02:00,codex.r014.id-ID,,ttp.r014.unit.sec.digital-signatures,contains,ttp.r014.unit.sec.digital-signatures.discussion.04,1917,"{""end_line"":4251,""path"":""authority/downloads/yaintt.tex"",""start_line"":4248}",high
r014.backend.record,1.0.0,ttp.r014.relation.1918,relation,active,ttp.r014.yaintt,ttp.r014.yaintt,,und,2026-08-22T03:06:00+02:00,codex.r014.id-ID,,ttp.r014.unit.sec.digital-signatures.discussion.04,contains,ttp.r014.segment.409,1918,"{""end_line"":4756,""path"":""qa/review-candidates/boundary28-r2/yaintt-id.tex"",""start_line"":4753}",high
r014.backend.record,1.0.0,ttp.r014.relation.1919,relation,active,ttp.r014.yaintt,ttp.r014.yaintt,,und,2026-08-22T03:06:00+02:00,codex.r014.id-ID,,ttp.r014.unit.sec.digital-signatures,contains,ttp.r014.unit.sec.digital-signatures.tabular.02,1919,"{""end_line"":4270,""path"":""authority/downloads/yaintt.tex"",""start_line"":4253}",high
r014.backend.record,1.0.0,ttp.r014.relation.1920,relation,active,ttp.r014.yaintt,ttp.r014.yaintt,,und,2026-08-22T03:06:00+02:00,codex.r014.id-ID,,ttp.r014.unit.sec.digital-signatures.tabular.02,contains,ttp.r014.segment.410,1920,"{""end_line"":4776,""path"":""qa/review-candidates/boundary28-r2/yaintt-id.tex"",""start_line"":4759}",high
r014.backend.record,1.0.0,ttp.r014.relation.1921,relation,active,ttp.r014.yaintt,ttp.r014.yaintt,,und,2026-08-22T03:06:00+02:00,codex.r014.id-ID,,ttp.r014.unit.sec.digital-signatures.tabular.02,illustrates,ttp.r014.unit.sec.digital-signatures,1921,"{""end_line"":4270,""path"":""authority/downloads/yaintt.tex"",""start_line"":4253}",high
r014.backend.record,1.0.0,ttp.r014.relation.1922,relation,active,ttp.r014.yaintt,ttp.r014.yaintt,,und,2026-08-22T03:06:00+02:00,codex.r014.id-ID,,ttp.r014.unit.sec.digital-signatures,contains,ttp.r014.unit.sec.digital-signatures.discussion.05,1922,"{""end_line"":4275,""path"":""authority/downloads/yaintt.tex"",""start_line"":4272}",high
r014.backend.record,1.0.0,ttp.r014.relation.1923,relation,active,ttp.r014.yaintt,ttp.r014.yaintt,,und,2026-08-22T03:06:00+02:00,codex.r014.id-ID,,ttp.r014.unit.sec.digital-signatures.discussion.05,contains,ttp.r014.segment.411,1923,"{""end_line"":4783,""path"":""qa/review-candidates/boundary28-r2/yaintt-id.tex"",""start_line"":4779}",high
r014.backend.record,1.0.0,ttp.r014.relation.1924,relation,active,ttp.r014.yaintt,ttp.r014.yaintt,,und,2026-08-22T03:06:00+02:00,codex.r014.id-ID,,ttp.r014.unit.sec.digital-signatures,contains,ttp.r014.unit.sec.digital-signatures.definition.02,1924,"{""end_line"":4295,""path"":""authority/downloads/yaintt.tex"",""start_line"":4276}",high
r014.backend.record,1.0.0,ttp.r014.relation.1925,relation,active,ttp.r014.yaintt,ttp.r014.yaintt,,und,2026-08-22T03:06:00+02:00,codex.r014.id-ID,,ttp.r014.unit.sec.digital-signatures.definition.02,contains,ttp.r014.segment.412,1925,"{""end_line"":4804,""path"":""qa/review-candidates/boundary28-r2/yaintt-id.tex"",""start_line"":4784}",high
r014.backend.record,1.0.0,ttp.r014.relation.1926,relation,active,ttp.r014.yaintt,ttp.r014.yaintt,,und,2026-08-22T03:06:00+02:00,codex.r014.id-ID,,ttp.r014.unit.sec.digital-signatures,contains,ttp.r014.unit.sec.digital-signatures.exercises,1926,"{""end_line"":4319,""path"":""authority/downloads/yaintt.tex"",""start_line"":4302}",high
r014.backend.record,1.0.0,ttp.r014.relation.1927,relation,active,ttp.r014.yaintt,ttp.r014.yaintt,,und,2026-08-22T03:06:00+02:00,codex.r014.id-ID,,ttp.r014.unit.sec.digital-signatures.exercises,contains,ttp.r014.segment.413,1927,"{""end_line"":4811,""path"":""qa/review-candidates/boundary28-r2/yaintt-id.tex"",""start_line"":4811}",high
r014.backend.record,1.0.0,ttp.r014.relation.1928,relation,active,ttp.r014.yaintt,ttp.r014.yaintt,,und,2026-08-22T03:06:00+02:00,codex.r014.id-ID,,ttp.r014.unit.sec.digital-signatures.exercises,contains,ttp.r014.unit.sec.digital-signatures.exercise.01,1928,"{""end_line"":4310,""path"":""authority/downloads/yaintt.tex"",""start_line"":4305}",high
r014.backend.record,1.0.0,ttp.r014.relation.1929,relation,active,ttp.r014.yaintt,ttp.r014.yaintt,,und,2026-08-22T03:06:00+02:00,codex.r014.id-ID,,ttp.r014.unit.sec.digital-signatures.exercise.01,contains,ttp.r014.segment.414,1929,"{""end_line"":4819,""path"":""qa/review-candidates/boundary28-r2/yaintt-id.tex"",""start_line"":4814}",high
r014.backend.record,1.0.0,ttp.r014.relation.1930,relation,active,ttp.r014.yaintt,ttp.r014.yaintt,,und,2026-08-22T03:06:00+02:00,codex.r014.id-ID,,ttp.r014.unit.sec.digital-signatures.exercises,contains,ttp.r014.unit.sec.digital-signatures.exercise.02,1930,"{""end_line"":4316,""path"":""authority/downloads/yaintt.tex"",""start_line"":4312}",high
r014.backend.record,1.0.0,ttp.r014.relation.1931,relation,active,ttp.r014.yaintt,ttp.r014.yaintt,,und,2026-08-22T03:06:00+02:00,codex.r014.id-ID,,ttp.r014.unit.sec.digital-signatures.exercise.02,contains,ttp.r014.segment.415,1931,"{""end_line"":4825,""path"":""qa/review-candidates/boundary28-r2/yaintt-id.tex"",""start_line"":4821}",high
r014.backend.record,1.0.0,ttp.r014.relation.1932,relation,active,ttp.r014.yaintt,ttp.r014.yaintt,,und,2026-08-22T03:06:00+02:00,codex.r014.id-ID,,ttp.r014.unit.id-id.chap.crypto,contains,ttp.r014.unit.sec.mitm-certificates-trust,1932,"{""end_line"":4476,""path"":""authority/downloads/yaintt.tex"",""start_line"":4320}",high
r014.backend.record,1.0.0,ttp.r014.relation.1933,relation,active,ttp.r014.yaintt,ttp.r014.yaintt,,und,2026-08-22T03:06:00+02:00,codex.r014.id-ID,,ttp.r014.unit.sec.mitm-certificates-trust,contains,ttp.r014.segment.416,1933,"{""end_line"":4839,""path"":""qa/review-candidates/boundary28-r2/yaintt-id.tex"",""start_line"":4839}",high
r014.backend.record,1.0.0,ttp.r014.relation.1934,relation,active,ttp.r014.yaintt,ttp.r014.yaintt,,und,2026-08-22T03:06:00+02:00,codex.r014.id-ID,,ttp.r014.unit.sec.mitm-certificates-trust,contains,ttp.r014.unit.sec.mitm-certificates-trust.discussion.01,1934,"{""end_line"":4367,""path"":""authority/downloads/yaintt.tex"",""start_line"":4323}",high
r014.backend.record,1.0.0,ttp.r014.relation.1935,relation,active,ttp.r014.yaintt,ttp.r014.yaintt,,und,2026-08-22T03:06:00+02:00,codex.r014.id-ID,,ttp.r014.unit.sec.mitm-certificates-trust.discussion.01,contains,ttp.r014.segment.417,1935,"{""end_line"":4885,""path"":""qa/review-candidates/boundary28-r2/yaintt-id.tex"",""start_line"":4842}",high
r014.backend.record,1.0.0,ttp.r014.relation.1936,relation,active,ttp.r014.yaintt,ttp.r014.yaintt,,und,2026-08-22T03:06:00+02:00,codex.r014.id-ID,,ttp.r014.unit.sec.mitm-certificates-trust,contains,ttp.r014.unit.sec.mitm-certificates-trust.tabular.01,1936,"{""end_line"":4395,""path"":""authority/downloads/yaintt.tex"",""start_line"":4369}",high
r014.backend.record,1.0.0,ttp.r014.relation.1937,relation,active,ttp.r014.yaintt,ttp.r014.yaintt,,und,2026-08-22T03:06:00+02:00,codex.r014.id-ID,,ttp.r014.unit.sec.mitm-certificates-trust.tabular.01,contains,ttp.r014.segment.418,1937,"{""end_line"":4913,""path"":""qa/review-candidates/boundary28-r2/yaintt-id.tex"",""start_line"":4887}",high
r014.backend.record,1.0.0,ttp.r014.relation.1938,relation,active,ttp.r014.yaintt,ttp.r014.yaintt,,und,2026-08-22T03:06:00+02:00,codex.r014.id-ID,,ttp.r014.unit.sec.mitm-certificates-trust.tabular.01,illustrates,ttp.r014.unit.sec.mitm-certificates-trust,1938,"{""end_line"":4395,""path"":""authority/downloads/yaintt.tex"",""start_line"":4369}",high
r014.backend.record,1.0.0,ttp.r014.relation.1939,relation,active,ttp.r014.yaintt,ttp.r014.yaintt,,und,2026-08-22T03:06:00+02:00,codex.r014.id-ID,,ttp.r014.unit.sec.mitm-certificates-trust,contains,ttp.r014.unit.sec.mitm-certificates-trust.discussion.02,1939,"{""end_line"":4420,""path"":""authority/downloads/yaintt.tex"",""start_line"":4397}",high
r014.backend.record,1.0.0,ttp.r014.relation.1940,relation,active,ttp.r014.yaintt,ttp.r014.yaintt,,und,2026-08-22T03:06:00+02:00,codex.r014.id-ID,,ttp.r014.unit.sec.mitm-certificates-trust.discussion.02,contains,ttp.r014.segment.419,1940,"{""end_line"":4939,""path"":""qa/review-candidates/boundary28-r2/yaintt-id.tex"",""start_line"":4915}",high
r014.backend.record,1.0.0,ttp.r014.relation.1941,relation,active,ttp.r014.yaintt,ttp.r014.yaintt,,und,2026-08-22T03:06:00+02:00,codex.r014.id-ID,,ttp.r014.unit.sec.mitm-certificates-trust,contains,ttp.r014.unit.sec.mitm-certificates-trust.definition.01,1941,"{""end_line"":4436,""path"":""authority/downloads/yaintt.tex"",""start_line"":4421}",high
r014.backend.record,1.0.0,ttp.r014.relation.1942,relation,active,ttp.r014.yaintt,ttp.r014.yaintt,,und,2026-08-22T03:06:00+02:00,codex.r014.id-ID,,ttp.r014.unit.sec.mitm-certificates-trust.definition.01,contains,ttp.r014.segment.420,1942,"{""end_line"":4960,""path"":""qa/review-candidates/boundary28-r2/yaintt-id.tex"",""start_line"":4940}",high
r014.backend.record,1.0.0,ttp.r014.relation.1943,relation,active,ttp.r014.yaintt,ttp.r014.yaintt,,und,2026-08-22T03:06:00+02:00,codex.r014.id-ID,,ttp.r014.unit.sec.mitm-certificates-trust,contains,ttp.r014.unit.sec.mitm-certificates-trust.discussion.03,1943,"{""end_line"":4475,""path"":""authority/downloads/yaintt.tex"",""start_line"":4437}",high
r014.backend.record,1.0.0,ttp.r014.relation.1944,relation,active,ttp.r014.yaintt,ttp.r014.yaintt,,und,2026-08-22T03:06:00+02:00,codex.r014.id-ID,,ttp.r014.unit.sec.mitm-certificates-trust.discussion.03,contains,ttp.r014.segment.421,1944,"{""end_line"":5006,""path"":""qa/review-candidates/boundary28-r2/yaintt-id.tex"",""start_line"":4961}",high
r014.backend.record,1.0.0,ttp.r014.relation.1945,relation,active,ttp.r014.yaintt,ttp.r014.yaintt,,und,2026-08-22T03:06:00+02:00,codex.r014.id-ID,,ttp.r014.unit.book,contains,ttp.r014.unit.id-id.chap.ieqdl,1945,"{""end_line"":5993,""path"":""authority/downloads/yaintt.tex"",""start_line"":4477}",high
r014.backend.record,1.0.0,ttp.r014.relation.1946,relation,active,ttp.r014.yaintt,ttp.r014.yaintt,,und,2026-08-22T03:06:00+02:00,codex.r014.id-ID,,ttp.r014.unit.id-id.chap.ieqdl,contains,ttp.r014.segment.422,1946,"{""end_line"":5019,""path"":""qa/review-candidates/boundary28-r2/yaintt-id.tex"",""start_line"":5019}",high
r014.backend.record,1.0.0,ttp.r014.relation.1947,relation,active,ttp.r014.yaintt,ttp.r014.yaintt,,und,2026-08-22T03:06:00+02:00,codex.r014.id-ID,,ttp.r014.unit.id-id.chap.ieqdl,supersedes,ttp.r014.unit.chap.ieqdl,1947,"{""end_line"":6671,""path"":""qa/review-candidates/boundary28-r2/yaintt-id.tex"",""start_line"":5019}",high
r014.backend.record,1.0.0,ttp.r014.relation.1948,relation,active,ttp.r014.yaintt,ttp.r014.yaintt,,und,2026-08-22T03:06:00+02:00,codex.r014.id-ID,,ttp.r014.unit.id-id.chap.ieqdl,translates,ttp.r014.unit.chap.ieqdl,1948,"{""end_line"":5993,""path"":""authority/downloads/yaintt.tex"",""start_line"":4477}",high
r014.backend.record,1.0.0,ttp.r014.relation.1949,relation,active,ttp.r014.yaintt,ttp.r014.yaintt,,und,2026-08-22T03:06:00+02:00,codex.r014.id-ID,,ttp.r014.unit.id-id.chap.ieqdl,contains,ttp.r014.unit.id-id.chap.ieqdl.discussion.01,1949,"{""end_line"":4489,""path"":""authority/downloads/yaintt.tex"",""start_line"":4481}",high
r014.backend.record,1.0.0,ttp.r014.relation.1950,relation,active,ttp.r014.yaintt,ttp.r014.yaintt,,und,2026-08-22T03:06:00+02:00,codex.r014.id-ID,,ttp.r014.unit.id-id.chap.ieqdl.discussion.01,contains,ttp.r014.segment.423,1950,"{""end_line"":5030,""path"":""qa/review-candidates/boundary28-r2/yaintt-id.tex"",""start_line"":5023}",high
r014.backend.record,1.0.0,ttp.r014.relation.1951,relation,active,ttp.r014.yaintt,ttp.r014.yaintt,,und,2026-08-22T03:06:00+02:00,codex.r014.id-ID,,ttp.r014.unit.id-id.chap.ieqdl,contains,ttp.r014.unit.id-id.chap.ieqdl.table.01,1951,"{""end_line"":4526,""path"":""authority/downloads/yaintt.tex"",""start_line"":4490}",high
r014.backend.record,1.0.0,ttp.r014.relation.1952,relation,active,ttp.r014.yaintt,ttp.r014.yaintt,,und,2026-08-22T03:06:00+02:00,codex.r014.id-ID,,ttp.r014.unit.id-id.chap.ieqdl.table.01,contains,ttp.r014.segment.424,1952,"{""end_line"":5067,""path"":""qa/review-candidates/boundary28-r2/yaintt-id.tex"",""start_line"":5031}",high
r014.backend.record,1.0.0,ttp.r014.relation.1953,relation,active,ttp.r014.yaintt,ttp.r014.yaintt,,und,2026-08-22T03:06:00+02:00,codex.r014.id-ID,,ttp.r014.unit.id-id.chap.ieqdl.table.01,illustrates,ttp.r014.unit.id-id.chap.ieqdl,1953,"{""end_line"":4526,""path"":""authority/downloads/yaintt.tex"",""start_line"":4490}",high
r014.backend.record,1.0.0,ttp.r014.relation.1954,relation,active,ttp.r014.yaintt,ttp.r014.yaintt,,und,2026-08-22T03:06:00+02:00,codex.r014.id-ID,,ttp.r014.unit.id-id.chap.ieqdl.table.01,contains,ttp.r014.unit.id-id.chap.ieqdl.tabular.01,1954,"{""end_line"":4523,""path"":""authority/downloads/yaintt.tex"",""start_line"":4491}",high
r014.backend.record,1.0.0,ttp.r014.relation.1955,relation,active,ttp.r014.yaintt,ttp.r014.yaintt,,und,2026-08-22T03:06:00+02:00,codex.r014.id-ID,,ttp.r014.unit.id-id.chap.ieqdl.tabular.01,contains,ttp.r014.segment.425,1955,"{""end_line"":5064,""path"":""qa/review-candidates/boundary28-r2/yaintt-id.tex"",""start_line"":5032}",high
r014.backend.record,1.0.0,ttp.r014.relation.1956,relation,active,ttp.r014.yaintt,ttp.r014.yaintt,,und,2026-08-22T03:06:00+02:00,codex.r014.id-ID,,ttp.r014.unit.id-id.chap.ieqdl.tabular.01,illustrates,ttp.r014.unit.id-id.chap.ieqdl.table.01,1956,"{""end_line"":4523,""path"":""authority/downloads/yaintt.tex"",""start_line"":4491}",high
r014.backend.record,1.0.0,ttp.r014.relation.1957,relation,active,ttp.r014.yaintt,ttp.r014.yaintt,,und,2026-08-22T03:06:00+02:00,codex.r014.id-ID,,ttp.r014.unit.id-id.chap.ieqdl,contains,ttp.r014.unit.id-id.chap.ieqdl.discussion.02,1957,"{""end_line"":4554,""path"":""authority/downloads/yaintt.tex"",""start_line"":4527}",high
r014.backend.record,1.0.0,ttp.r014.relation.1958,relation,active,ttp.r014.yaintt,ttp.r014.yaintt,,und,2026-08-22T03:06:00+02:00,codex.r014.id-ID,,ttp.r014.unit.id-id.chap.ieqdl.discussion.02,contains,ttp.r014.segment.426,1958,"{""end_line"":5095,""path"":""qa/review-candidates/boundary28-r2/yaintt-id.tex"",""start_line"":5068}",high
r014.backend.record,1.0.0,ttp.r014.relation.1959,relation,active,ttp.r014.yaintt,ttp.r014.yaintt,,und,2026-08-22T03:06:00+02:00,codex.r014.id-ID,,ttp.r014.unit.id-id.chap.ieqdl,contains,ttp.r014.unit.id-id.chap.ieqdl.table.02,1959,"{""end_line"":4589,""path"":""authority/downloads/yaintt.tex"",""start_line"":4555}",high
r014.backend.record,1.0.0,ttp.r014.relation.1960,relation,active,ttp.r014.yaintt,ttp.r014.yaintt,,und,2026-08-22T03:06:00+02:00,codex.r014.id-ID,,ttp.r014.unit.id-id.chap.ieqdl.table.02,contains,ttp.r014.segment.427,1960,"{""end_line"":5130,""path"":""qa/review-candidates/boundary28-r2/yaintt-id.tex"",""start_line"":5096}",high
r014.backend.record,1.0.0,ttp.r014.relation.1961,relation,active,ttp.r014.yaintt,ttp.r014.yaintt,,und,2026-08-22T03:06:00+02:00,codex.r014.id-ID,,ttp.r014.unit.id-id.chap.ieqdl.table.02,illustrates,ttp.r014.unit.id-id.chap.ieqdl,1961,"{""end_line"":4589,""path"":""authority/downloads/yaintt.tex"",""start_line"":4555}",high
r014.backend.record,1.0.0,ttp.r014.relation.1962,relation,active,ttp.r014.yaintt,ttp.r014.yaintt,,und,2026-08-22T03:06:00+02:00,codex.r014.id-ID,,ttp.r014.unit.id-id.chap.ieqdl.table.02,contains,ttp.r014.unit.id-id.chap.ieqdl.tabular.02,1962,"{""end_line"":4586,""path"":""authority/downloads/yaintt.tex"",""start_line"":4556}",high
r014.backend.record,1.0.0,ttp.r014.relation.1963,relation,active,ttp.r014.yaintt,ttp.r014.yaintt,,und,2026-08-22T03:06:00+02:00,codex.r014.id-ID,,ttp.r014.unit.id-id.chap.ieqdl.tabular.02,contains,ttp.r014.segment.428,1963,"{""end_line"":5127,""path"":""qa/review-candidates/boundary28-r2/yaintt-id.tex"",""start_line"":5097}",high
r014.backend.record,1.0.0,ttp.r014.relation.1964,relation,active,ttp.r014.yaintt,ttp.r014.yaintt,,und,2026-08-22T03:06:00+02:00,codex.r014.id-ID,,ttp.r014.unit.id-id.chap.ieqdl.tabular.02,illustrates,ttp.r014.unit.id-id.chap.ieqdl.table.02,1964,"{""end_line"":4586,""path"":""authority/downloads/yaintt.tex"",""start_line"":4556}",high
r014.backend.record,1.0.0,ttp.r014.relation.1965,relation,active,ttp.r014.yaintt,ttp.r014.yaintt,,und,2026-08-22T03:06:00+02:00,codex.r014.id-ID,,ttp.r014.unit.id-id.chap.ieqdl,contains,ttp.r014.unit.id-id.chap.ieqdl.discussion.03,1965,"{""end_line"":4602,""path"":""authority/downloads/yaintt.tex"",""start_line"":4590}",high
r014.backend.record,1.0.0,ttp.r014.relation.1966,relation,active,ttp.r014.yaintt,ttp.r014.yaintt,,und,2026-08-22T03:06:00+02:00,codex.r014.id-ID,,ttp.r014.unit.id-id.chap.ieqdl.discussion.03,contains,ttp.r014.segment.429,1966,"{""end_line"":5144,""path"":""qa/review-candidates/boundary28-r2/yaintt-id.tex"",""start_line"":5131}",high
r014.backend.record,1.0.0,ttp.r014.relation.1967,relation,active,ttp.r014.yaintt,ttp.r014.yaintt,,und,2026-08-22T03:06:00+02:00,codex.r014.id-ID,,ttp.r014.unit.id-id.chap.ieqdl,contains,ttp.r014.unit.sec.multiplicative-order-properties,1967,"{""end_line"":4782,""path"":""authority/downloads/yaintt.tex"",""start_line"":4603}",high
r014.backend.record,1.0.0,ttp.r014.relation.1968,relation,active,ttp.r014.yaintt,ttp.r014.yaintt,,und,2026-08-22T03:06:00+02:00,codex.r014.id-ID,,ttp.r014.unit.sec.multiplicative-order-properties,contains,ttp.r014.segment.430,1968,"{""end_line"":5155,""path"":""qa/review-candidates/boundary28-r2/yaintt-id.tex"",""start_line"":5155}",high
r014.backend.record,1.0.0,ttp.r014.relation.1969,relation,active,ttp.r014.yaintt,ttp.r014.yaintt,,und,2026-08-22T03:06:00+02:00,codex.r014.id-ID,,ttp.r014.unit.sec.multiplicative-order-properties,contains,ttp.r014.unit.sec.multiplicative-order-properties.discussion.01,1969,"{""end_line"":4609,""path"":""authority/downloads/yaintt.tex"",""start_line"":4606}",high
r014.backend.record,1.0.0,ttp.r014.relation.1970,relation,active,ttp.r014.yaintt,ttp.r014.yaintt,,und,2026-08-22T03:06:00+02:00,codex.r014.id-ID,,ttp.r014.unit.sec.multiplicative-order-properties.discussion.01,contains,ttp.r014.segment.431,1970,"{""end_line"":5161,""path"":""qa/review-candidates/boundary28-r2/yaintt-id.tex"",""start_line"":5158}",high
r014.backend.record,1.0.0,ttp.r014.relation.1971,relation,active,ttp.r014.yaintt,ttp.r014.yaintt,,und,2026-08-22T03:06:00+02:00,codex.r014.id-ID,,ttp.r014.unit.sec.multiplicative-order-properties,contains,ttp.r014.unit.sec.multiplicative-order-properties.theorem.01,1971,"{""end_line"":4615,""path"":""authority/downloads/yaintt.tex"",""start_line"":4611}",high
r014.backend.record,1.0.0,ttp.r014.relation.1972,relation,active,ttp.r014.yaintt,ttp.r014.yaintt,,und,2026-08-22T03:06:00+02:00,codex.r014.id-ID,,ttp.r014.unit.sec.multiplicative-order-properties.theorem.01,contains,ttp.r014.segment.432,1972,"{""end_line"":5168,""path"":""qa/review-candidates/boundary28-r2/yaintt-id.tex"",""start_line"":5163}",high
r014.backend.record,1.0.0,ttp.r014.relation.1973,relation,active,ttp.r014.yaintt,ttp.r014.yaintt,,und,2026-08-22T03:06:00+02:00,codex.r014.id-ID,,ttp.r014.unit.sec.multiplicative-order-properties.theorem.01,contains,ttp.r014.unit.sec.multiplicative-order-properties.proof.01,1973,"{""end_line"":4633,""path"":""authority/downloads/yaintt.tex"",""start_line"":4616}",high
r014.backend.record,1.0.0,ttp.r014.relation.1974,relation,active,ttp.r014.yaintt,ttp.r014.yaintt,,und,2026-08-22T03:06:00+02:00,codex.r014.id-ID,,ttp.r014.unit.sec.multiplicative-order-properties.proof.01,contains,ttp.r014.segment.433,1974,"{""end_line"":5188,""path"":""qa/review-candidates/boundary28-r2/yaintt-id.tex"",""start_line"":5169}",high
r014.backend.record,1.0.0,ttp.r014.relation.1975,relation,active,ttp.r014.yaintt,ttp.r014.yaintt,,und,2026-08-22T03:06:00+02:00,codex.r014.id-ID,,ttp.r014.unit.sec.multiplicative-order-properties.proof.01,proves,ttp.r014.unit.sec.multiplicative-order-properties.theorem.01,1975,"{""end_line"":4633,""path"":""authority/downloads/yaintt.tex"",""start_line"":4616}",high
r014.backend.record,1.0.0,ttp.r014.relation.1976,relation,active,ttp.r014.yaintt,ttp.r014.yaintt,,und,2026-08-22T03:06:00+02:00,codex.r014.id-ID,,ttp.r014.unit.sec.multiplicative-order-properties,contains,ttp.r014.unit.sec.multiplicative-order-properties.discussion.02,1976,"{""end_line"":4639,""path"":""authority/downloads/yaintt.tex"",""start_line"":4635}",high
r014.backend.record,1.0.0,ttp.r014.relation.1977,relation,active,ttp.r014.yaintt,ttp.r014.yaintt,,und,2026-08-22T03:06:00+02:00,codex.r014.id-ID,,ttp.r014.unit.sec.multiplicative-order-properties.discussion.02,contains,ttp.r014.segment.434,1977,"{""end_line"":5194,""path"":""qa/review-candidates/boundary28-r2/yaintt-id.tex"",""start_line"":5190}",high
r014.backend.record,1.0.0,ttp.r014.relation.1978,relation,active,ttp.r014.yaintt,ttp.r014.yaintt,,und,2026-08-22T03:06:00+02:00,codex.r014.id-ID,,ttp.r014.unit.sec.multiplicative-order-properties,contains,ttp.r014.unit.sec.multiplicative-order-properties.theorem.02,1978,"{""end_line"":4644,""path"":""authority/downloads/yaintt.tex"",""start_line"":4640}",high
r014.backend.record,1.0.0,ttp.r014.relation.1979,relation,active,ttp.r014.yaintt,ttp.r014.yaintt,,und,2026-08-22T03:06:00+02:00,codex.r014.id-ID,,ttp.r014.unit.sec.multiplicative-order-properties.theorem.02,contains,ttp.r014.segment.435,1979,"{""end_line"":5200,""path"":""qa/review-candidates/boundary28-r2/yaintt-id.tex"",""start_line"":5195}",high
r014.backend.record,1.0.0,ttp.r014.relation.1980,relation,active,ttp.r014.yaintt,ttp.r014.yaintt,,und,2026-08-22T03:06:00+02:00,codex.r014.id-ID,,ttp.r014.unit.sec.multiplicative-order-properties.theorem.02,contains,ttp.r014.unit.sec.multiplicative-order-properties.proof.02,1980,"{""end_line"":4659,""path"":""authority/downloads/yaintt.tex"",""start_line"":4645}",high
r014.backend.record,1.0.0,ttp.r014.relation.1981,relation,active,ttp.r014.yaintt,ttp.r014.yaintt,,und,2026-08-22T03:06:00+02:00,codex.r014.id-ID,,ttp.r014.unit.sec.multiplicative-order-properties.proof.02,contains,ttp.r014.segment.436,1981,"{""end_line"":5219,""path"":""qa/review-candidates/boundary28-r2/yaintt-id.tex"",""start_line"":5201}",high
r014.backend.record,1.0.0,ttp.r014.relation.1982,relation,active,ttp.r014.yaintt,ttp.r014.yaintt,,und,2026-08-22T03:06:00+02:00,codex.r014.id-ID,,ttp.r014.unit.sec.multiplicative-order-properties.proof.02,proves,ttp.r014.unit.sec.multiplicative-order-properties.theorem.02,1982,"{""end_line"":4659,""path"":""authority/downloads/yaintt.tex"",""start_line"":4645}",high
r014.backend.record,1.0.0,ttp.r014.relation.1983,relation,active,ttp.r014.yaintt,ttp.r014.yaintt,,und,2026-08-22T03:06:00+02:00,codex.r014.id-ID,,ttp.r014.unit.sec.multiplicative-order-properties,contains,ttp.r014.unit.sec.multiplicative-order-properties.example.01,1983,"{""end_line"":4683,""path"":""authority/downloads/yaintt.tex"",""start_line"":4661}",high
r014.backend.record,1.0.0,ttp.r014.relation.1984,relation,active,ttp.r014.yaintt,ttp.r014.yaintt,,und,2026-08-22T03:06:00+02:00,codex.r014.id-ID,,ttp.r014.unit.sec.multiplicative-order-properties.example.01,contains,ttp.r014.segment.437,1984,"{""end_line"":5243,""path"":""qa/review-candidates/boundary28-r2/yaintt-id.tex"",""start_line"":5221}",high
r014.backend.record,1.0.0,ttp.r014.relation.1985,relation,active,ttp.r014.yaintt,ttp.r014.yaintt,,und,2026-08-22T03:06:00+02:00,codex.r014.id-ID,,ttp.r014.unit.sec.multiplicative-order-properties,contains,ttp.r014.unit.sec.multiplicative-order-properties.discussion.03,1985,"{""end_line"":4690,""path"":""authority/downloads/yaintt.tex"",""start_line"":4685}",high
r014.backend.record,1.0.0,ttp.r014.relation.1986,relation,active,ttp.r014.yaintt,ttp.r014.yaintt,,und,2026-08-22T03:06:00+02:00,codex.r014.id-ID,,ttp.r014.unit.sec.multiplicative-order-properties.discussion.03,contains,ttp.r014.segment.438,1986,"{""end_line"":5250,""path"":""qa/review-candidates/boundary28-r2/yaintt-id.tex"",""start_line"":5245}",high
r014.backend.record,1.0.0,ttp.r014.relation.1987,relation,active,ttp.r014.yaintt,ttp.r014.yaintt,,und,2026-08-22T03:06:00+02:00,codex.r014.id-ID,,ttp.r014.unit.sec.multiplicative-order-properties,contains,ttp.r014.unit.sec.multiplicative-order-properties.theorem.03,1987,"{""end_line"":4696,""path"":""authority/downloads/yaintt.tex"",""start_line"":4692}",high
r014.backend.record,1.0.0,ttp.r014.relation.1988,relation,active,ttp.r014.yaintt,ttp.r014.yaintt,,und,2026-08-22T03:06:00+02:00,codex.r014.id-ID,,ttp.r014.unit.sec.multiplicative-order-properties.theorem.03,contains,ttp.r014.segment.439,1988,"{""end_line"":5257,""path"":""qa/review-candidates/boundary28-r2/yaintt-id.tex"",""start_line"":5252}",high
r014.backend.record,1.0.0,ttp.r014.relation.1989,relation,active,ttp.r014.yaintt,ttp.r014.yaintt,,und,2026-08-22T03:06:00+02:00,codex.r014.id-ID,,ttp.r014.unit.sec.multiplicative-order-properties.theorem.03,contains,ttp.r014.unit.sec.multiplicative-order-properties.proof.03,1989,"{""end_line"":4737,""path"":""authority/downloads/yaintt.tex"",""start_line"":4697}",high
r014.backend.record,1.0.0,ttp.r014.relation.1990,relation,active,ttp.r014.yaintt,ttp.r014.yaintt,,und,2026-08-22T03:06:00+02:00,codex.r014.id-ID,,ttp.r014.unit.sec.multiplicative-order-properties.proof.03,contains,ttp.r014.segment.440,1990,"{""end_line"":5301,""path"":""qa/review-candidates/boundary28-r2/yaintt-id.tex"",""start_line"":5258}",high
r014.backend.record,1.0.0,ttp.r014.relation.1991,relation,active,ttp.r014.yaintt,ttp.r014.yaintt,,und,2026-08-22T03:06:00+02:00,codex.r014.id-ID,,ttp.r014.unit.sec.multiplicative-order-properties.proof.03,proves,ttp.r014.unit.sec.multiplicative-order-properties.theorem.03,1991,"{""end_line"":4737,""path"":""authority/downloads/yaintt.tex"",""start_line"":4697}",high
r014.backend.record,1.0.0,ttp.r014.relation.1992,relation,active,ttp.r014.yaintt,ttp.r014.yaintt,,und,2026-08-22T03:06:00+02:00,codex.r014.id-ID,,ttp.r014.unit.sec.multiplicative-order-properties,contains,ttp.r014.unit.sec.multiplicative-order-properties.exercises,1992,"{""end_line"":4782,""path"":""authority/downloads/yaintt.tex"",""start_line"":4744}",high
r014.backend.record,1.0.0,ttp.r014.relation.1993,relation,active,ttp.r014.yaintt,ttp.r014.yaintt,,und,2026-08-22T03:06:00+02:00,codex.r014.id-ID,,ttp.r014.unit.sec.multiplicative-order-properties.exercises,contains,ttp.r014.segment.441,1993,"{""end_line"":5308,""path"":""qa/review-candidates/boundary28-r2/yaintt-id.tex"",""start_line"":5308}",high
r014.backend.record,1.0.0,ttp.r014.relation.1994,relation,active,ttp.r014.yaintt,ttp.r014.yaintt,,und,2026-08-22T03:06:00+02:00,codex.r014.id-ID,,ttp.r014.unit.sec.multiplicative-order-properties.exercises,contains,ttp.r014.unit.sec.multiplicative-order-properties.exercise.01,1994,"{""end_line"":4750,""path"":""authority/downloads/yaintt.tex"",""start_line"":4747}",high
r014.backend.record,1.0.0,ttp.r014.relation.1995,relation,active,ttp.r014.yaintt,ttp.r014.yaintt,,und,2026-08-22T03:06:00+02:00,codex.r014.id-ID,,ttp.r014.unit.sec.multiplicative-order-properties.exercise.01,contains,ttp.r014.segment.442,1995,"{""end_line"":5314,""path"":""qa/review-candidates/boundary28-r2/yaintt-id.tex"",""start_line"":5311}",high
r014.backend.record,1.0.0,ttp.r014.relation.1996,relation,active,ttp.r014.yaintt,ttp.r014.yaintt,,und,2026-08-22T03:06:00+02:00,codex.r014.id-ID,,ttp.r014.unit.sec.multiplicative-order-properties.exercises,contains,ttp.r014.unit.sec.multiplicative-order-properties.exercise.02,1996,"{""end_line"":4756,""path"":""authority/downloads/yaintt.tex"",""start_line"":4752}",high
r014.backend.record,1.0.0,ttp.r014.relation.1997,relation,active,ttp.r014.yaintt,ttp.r014.yaintt,,und,2026-08-22T03:06:00+02:00,codex.r014.id-ID,,ttp.r014.unit.sec.multiplicative-order-properties.exercise.02,contains,ttp.r014.segment.443,1997,"{""end_line"":5321,""path"":""qa/review-candidates/boundary28-r2/yaintt-id.tex"",""start_line"":5316}",high
r014.backend.record,1.0.0,ttp.r014.relation.1998,relation,active,ttp.r014.yaintt,ttp.r014.yaintt,,und,2026-08-22T03:06:00+02:00,codex.r014.id-ID,,ttp.r014.unit.sec.multiplicative-order-properties.exercises,contains,ttp.r014.unit.sec.multiplicative-order-properties.exercise.03,1998,"{""end_line"":4764,""path"":""authority/downloads/yaintt.tex"",""start_line"":4758}",high
r014.backend.record,1.0.0,ttp.r014.relation.1999,relation,active,ttp.r014.yaintt,ttp.r014.yaintt,,und,2026-08-22T03:06:00+02:00,codex.r014.id-ID,,ttp.r014.unit.sec.multiplicative-order-properties.exercise.03,contains,ttp.r014.segment.444,1999,"{""end_line"":5329,""path"":""qa/review-candidates/boundary28-r2/yaintt-id.tex"",""start_line"":5323}",high
r014.backend.record,1.0.0,ttp.r014.relation.2000,relation,active,ttp.r014.yaintt,ttp.r014.yaintt,,und,2026-08-22T03:06:00+02:00,codex.r014.id-ID,,ttp.r014.unit.sec.multiplicative-order-properties.exercises,contains,ttp.r014.unit.sec.multiplicative-order-properties.exercise.04,2000,"{""end_line"":4779,""path"":""authority/downloads/yaintt.tex"",""start_line"":4766}",high
r014.backend.record,1.0.0,ttp.r014.relation.2001,relation,active,ttp.r014.yaintt,ttp.r014.yaintt,,und,2026-08-22T03:06:00+02:00,codex.r014.id-ID,,ttp.r014.unit.sec.multiplicative-order-properties.exercise.04,contains,ttp.r014.segment.445,2001,"{""end_line"":5345,""path"":""qa/review-candidates/boundary28-r2/yaintt-id.tex"",""start_line"":5331}",high
r014.backend.record,1.0.0,ttp.r014.relation.2002,relation,active,ttp.r014.yaintt,ttp.r014.yaintt,,und,2026-08-22T03:06:00+02:00,codex.r014.id-ID,,ttp.r014.unit.id-id.chap.ieqdl,contains,ttp.r014.unit.sec.gauss-totient-sum,2002,"{""end_line"":4898,""path"":""authority/downloads/yaintt.tex"",""start_line"":4783}",high
r014.backend.record,1.0.0,ttp.r014.relation.2003,relation,active,ttp.r014.yaintt,ttp.r014.yaintt,,und,2026-08-22T03:06:00+02:00,codex.r014.id-ID,,ttp.r014.unit.sec.gauss-totient-sum,contains,ttp.r014.segment.446,2003,"{""end_line"":5360,""path"":""qa/review-candidates/boundary28-r2/yaintt-id.tex"",""start_line"":5360}",high
r014.backend.record,1.0.0,ttp.r014.relation.2004,relation,active,ttp.r014.yaintt,ttp.r014.yaintt,,und,2026-08-22T03:06:00+02:00,codex.r014.id-ID,,ttp.r014.unit.sec.gauss-totient-sum,contains,ttp.r014.unit.sec.gauss-totient-sum.discussion.01,2004,"{""end_line"":4789,""path"":""authority/downloads/yaintt.tex"",""start_line"":4786}",high
r014.backend.record,1.0.0,ttp.r014.relation.2005,relation,active,ttp.r014.yaintt,ttp.r014.yaintt,,und,2026-08-22T03:06:00+02:00,codex.r014.id-ID,,ttp.r014.unit.sec.gauss-totient-sum.discussion.01,contains,ttp.r014.segment.447,2005,"{""end_line"":5366,""path"":""qa/review-candidates/boundary28-r2/yaintt-id.tex"",""start_line"":5363}",high
r014.backend.record,1.0.0,ttp.r014.relation.2006,relation,active,ttp.r014.yaintt,ttp.r014.yaintt,,und,2026-08-22T03:06:00+02:00,codex.r014.id-ID,,ttp.r014.unit.sec.gauss-totient-sum,contains,ttp.r014.unit.sec.gauss-totient-sum.theorem.01,2006,"{""end_line"":4793,""path"":""authority/downloads/yaintt.tex"",""start_line"":4790}",high
r014.backend.record,1.0.0,ttp.r014.relation.2007,relation,active,ttp.r014.yaintt,ttp.r014.yaintt,,und,2026-08-22T03:06:00+02:00,codex.r014.id-ID,,ttp.r014.unit.sec.gauss-totient-sum.theorem.01,contains,ttp.r014.segment.448,2007,"{""end_line"":5370,""path"":""qa/review-candidates/boundary28-r2/yaintt-id.tex"",""start_line"":5367}",high
r014.backend.record,1.0.0,ttp.r014.relation.2008,relation,active,ttp.r014.yaintt,ttp.r014.yaintt,,und,2026-08-22T03:06:00+02:00,codex.r014.id-ID,,ttp.r014.unit.sec.gauss-totient-sum,contains,ttp.r014.unit.sec.gauss-totient-sum.discussion.02,2008,"{""end_line"":4796,""path"":""authority/downloads/yaintt.tex"",""start_line"":4794}",high
r014.backend.record,1.0.0,ttp.r014.relation.2009,relation,active,ttp.r014.yaintt,ttp.r014.yaintt,,und,2026-08-22T03:06:00+02:00,codex.r014.id-ID,,ttp.r014.unit.sec.gauss-totient-sum.discussion.02,contains,ttp.r014.segment.449,2009,"{""end_line"":5373,""path"":""qa/review-candidates/boundary28-r2/yaintt-id.tex"",""start_line"":5371}",high
r014.backend.record,1.0.0,ttp.r014.relation.2010,relation,active,ttp.r014.yaintt,ttp.r014.yaintt,,und,2026-08-22T03:06:00+02:00,codex.r014.id-ID,,ttp.r014.unit.sec.gauss-totient-sum.theorem.01,contains,ttp.r014.unit.sec.gauss-totient-sum.proof.01,2010,"{""end_line"":4835,""path"":""authority/downloads/yaintt.tex"",""start_line"":4797}",high
r014.backend.record,1.0.0,ttp.r014.relation.2011,relation,active,ttp.r014.yaintt,ttp.r014.yaintt,,und,2026-08-22T03:06:00+02:00,codex.r014.id-ID,,ttp.r014.unit.sec.gauss-totient-sum.proof.01,contains,ttp.r014.segment.450,2011,"{""end_line"":5413,""path"":""qa/review-candidates/boundary28-r2/yaintt-id.tex"",""start_line"":5374}",high
r014.backend.record,1.0.0,ttp.r014.relation.2012,relation,active,ttp.r014.yaintt,ttp.r014.yaintt,,und,2026-08-22T03:06:00+02:00,codex.r014.id-ID,,ttp.r014.unit.sec.gauss-totient-sum.proof.01,proves,ttp.r014.unit.sec.gauss-totient-sum.theorem.01,2012,"{""end_line"":4835,""path"":""authority/downloads/yaintt.tex"",""start_line"":4797}",high
r014.backend.record,1.0.0,ttp.r014.relation.2013,relation,active,ttp.r014.yaintt,ttp.r014.yaintt,,und,2026-08-22T03:06:00+02:00,codex.r014.id-ID,,ttp.r014.unit.sec.gauss-totient-sum.theorem.01,contains,ttp.r014.unit.sec.gauss-totient-sum.proof.02,2013,"{""end_line"":4881,""path"":""authority/downloads/yaintt.tex"",""start_line"":4836}",high
r014.backend.record,1.0.0,ttp.r014.relation.2014,relation,active,ttp.r014.yaintt,ttp.r014.yaintt,,und,2026-08-22T03:06:00+02:00,codex.r014.id-ID,,ttp.r014.unit.sec.gauss-totient-sum.proof.02,contains,ttp.r014.segment.451,2014,"{""end_line"":5461,""path"":""qa/review-candidates/boundary28-r2/yaintt-id.tex"",""start_line"":5414}",high
r014.backend.record,1.0.0,ttp.r014.relation.2015,relation,active,ttp.r014.yaintt,ttp.r014.yaintt,,und,2026-08-22T03:06:00+02:00,codex.r014.id-ID,,ttp.r014.unit.sec.gauss-totient-sum.proof.02,proves,ttp.r014.unit.sec.gauss-totient-sum.theorem.01,2015,"{""end_line"":4881,""path"":""authority/downloads/yaintt.tex"",""start_line"":4836}",high
r014.backend.record,1.0.0,ttp.r014.relation.2016,relation,active,ttp.r014.yaintt,ttp.r014.yaintt,,und,2026-08-22T03:06:00+02:00,codex.r014.id-ID,,ttp.r014.unit.sec.gauss-totient-sum,contains,ttp.r014.unit.sec.gauss-totient-sum.exercises,2016,"{""end_line"":4898,""path"":""authority/downloads/yaintt.tex"",""start_line"":4889}",high
r014.backend.record,1.0.0,ttp.r014.relation.2017,relation,active,ttp.r014.yaintt,ttp.r014.yaintt,,und,2026-08-22T03:06:00+02:00,codex.r014.id-ID,,ttp.r014.unit.sec.gauss-totient-sum.exercises,contains,ttp.r014.segment.452,2017,"{""end_line"":5469,""path"":""qa/review-candidates/boundary28-r2/yaintt-id.tex"",""start_line"":5469}",high
r014.backend.record,1.0.0,ttp.r014.relation.2018,relation,active,ttp.r014.yaintt,ttp.r014.yaintt,,und,2026-08-22T03:06:00+02:00,codex.r014.id-ID,,ttp.r014.unit.sec.gauss-totient-sum.exercises,contains,ttp.r014.unit.sec.gauss-totient-sum.exercise.01,2018,"{""end_line"":4895,""path"":""authority/downloads/yaintt.tex"",""start_line"":4892}",high
r014.backend.record,1.0.0,ttp.r014.relation.2019,relation,active,ttp.r014.yaintt,ttp.r014.yaintt,,und,2026-08-22T03:06:00+02:00,codex.r014.id-ID,,ttp.r014.unit.sec.gauss-totient-sum.exercise.01,contains,ttp.r014.segment.453,2019,"{""end_line"":5475,""path"":""qa/review-candidates/boundary28-r2/yaintt-id.tex"",""start_line"":5472}",high
r014.backend.record,1.0.0,ttp.r014.relation.2020,relation,active,ttp.r014.yaintt,ttp.r014.yaintt,,und,2026-08-22T03:06:00+02:00,codex.r014.id-ID,,ttp.r014.unit.id-id.chap.ieqdl,contains,ttp.r014.unit.sec.primitive-roots,2020,"{""end_line"":5271,""path"":""authority/downloads/yaintt.tex"",""start_line"":4899}",high
r014.backend.record,1.0.0,ttp.r014.relation.2021,relation,active,ttp.r014.yaintt,ttp.r014.yaintt,,und,2026-08-22T03:06:00+02:00,codex.r014.id-ID,,ttp.r014.unit.sec.primitive-roots,contains,ttp.r014.segment.454,2021,"{""end_line"":5490,""path"":""qa/review-candidates/boundary28-r2/yaintt-id.tex"",""start_line"":5490}",high
r014.backend.record,1.0.0,ttp.r014.relation.2022,relation,active,ttp.r014.yaintt,ttp.r014.yaintt,,und,2026-08-22T03:06:00+02:00,codex.r014.id-ID,,ttp.r014.unit.sec.primitive-roots,contains,ttp.r014.unit.sec.primitive-roots.discussion.01,2022,"{""end_line"":4905,""path"":""authority/downloads/yaintt.tex"",""start_line"":4902}",high
r014.backend.record,1.0.0,ttp.r014.relation.2023,relation,active,ttp.r014.yaintt,ttp.r014.yaintt,,und,2026-08-22T03:06:00+02:00,codex.r014.id-ID,,ttp.r014.unit.sec.primitive-roots.discussion.01,contains,ttp.r014.segment.455,2023,"{""end_line"":5497,""path"":""qa/review-candidates/boundary28-r2/yaintt-id.tex"",""start_line"":5493}",high
r014.backend.record,1.0.0,ttp.r014.relation.2024,relation,active,ttp.r014.yaintt,ttp.r014.yaintt,,und,2026-08-22T03:06:00+02:00,codex.r014.id-ID,,ttp.r014.unit.sec.primitive-roots,contains,ttp.r014.unit.sec.primitive-roots.definition.01,2024,"{""end_line"":4912,""path"":""authority/downloads/yaintt.tex"",""start_line"":4906}",high
r014.backend.record,1.0.0,ttp.r014.relation.2025,relation,active,ttp.r014.yaintt,ttp.r014.yaintt,,und,2026-08-22T03:06:00+02:00,codex.r014.id-ID,,ttp.r014.unit.sec.primitive-roots.definition.01,contains,ttp.r014.segment.456,2025,"{""end_line"":5505,""path"":""qa/review-candidates/boundary28-r2/yaintt-id.tex"",""start_line"":5498}",high
r014.backend.record,1.0.0,ttp.r014.relation.2026,relation,active,ttp.r014.yaintt,ttp.r014.yaintt,,und,2026-08-22T03:06:00+02:00,codex.r014.id-ID,,ttp.r014.unit.sec.primitive-roots,contains,ttp.r014.unit.sec.primitive-roots.example.01,2026,"{""end_line"":4954,""path"":""authority/downloads/yaintt.tex"",""start_line"":4914}",high
r014.backend.record,1.0.0,ttp.r014.relation.2027,relation,active,ttp.r014.yaintt,ttp.r014.yaintt,,und,2026-08-22T03:06:00+02:00,codex.r014.id-ID,,ttp.r014.unit.sec.primitive-roots.example.01,contains,ttp.r014.segment.457,2027,"{""end_line"":5548,""path"":""qa/review-candidates/boundary28-r2/yaintt-id.tex"",""start_line"":5507}",high
r014.backend.record,1.0.0,ttp.r014.relation.2028,relation,active,ttp.r014.yaintt,ttp.r014.yaintt,,und,2026-08-22T03:06:00+02:00,codex.r014.id-ID,,ttp.r014.unit.sec.primitive-roots.example.01,contains,ttp.r014.unit.sec.primitive-roots.table.01,2028,"{""end_line"":4945,""path"":""authority/downloads/yaintt.tex"",""start_line"":4917}",high
r014.backend.record,1.0.0,ttp.r014.relation.2029,relation,active,ttp.r014.yaintt,ttp.r014.yaintt,,und,2026-08-22T03:06:00+02:00,codex.r014.id-ID,,ttp.r014.unit.sec.primitive-roots.table.01,contains,ttp.r014.segment.458,2029,"{""end_line"":5539,""path"":""qa/review-candidates/boundary28-r2/yaintt-id.tex"",""start_line"":5510}",high
r014.backend.record,1.0.0,ttp.r014.relation.2030,relation,active,ttp.r014.yaintt,ttp.r014.yaintt,,und,2026-08-22T03:06:00+02:00,codex.r014.id-ID,,ttp.r014.unit.sec.primitive-roots.table.01,illustrates,ttp.r014.unit.sec.primitive-roots.example.01,2030,"{""end_line"":4945,""path"":""authority/downloads/yaintt.tex"",""start_line"":4917}",high
r014.backend.record,1.0.0,ttp.r014.relation.2031,relation,active,ttp.r014.yaintt,ttp.r014.yaintt,,und,2026-08-22T03:06:00+02:00,codex.r014.id-ID,,ttp.r014.unit.sec.primitive-roots.table.01,contains,ttp.r014.unit.sec.primitive-roots.tabular.01,2031,"{""end_line"":4942,""path"":""authority/downloads/yaintt.tex"",""start_line"":4918}",high
r014.backend.record,1.0.0,ttp.r014.relation.2032,relation,active,ttp.r014.yaintt,ttp.r014.yaintt,,und,2026-08-22T03:06:00+02:00,codex.r014.id-ID,,ttp.r014.unit.sec.primitive-roots.tabular.01,contains,ttp.r014.segment.459,2032,"{""end_line"":5535,""path"":""qa/review-candidates/boundary28-r2/yaintt-id.tex"",""start_line"":5511}",high
r014.backend.record,1.0.0,ttp.r014.relation.2033,relation,active,ttp.r014.yaintt,ttp.r014.yaintt,,und,2026-08-22T03:06:00+02:00,codex.r014.id-ID,,ttp.r014.unit.sec.primitive-roots.tabular.01,illustrates,ttp.r014.unit.sec.primitive-roots.table.01,2033,"{""end_line"":4942,""path"":""authority/downloads/yaintt.tex"",""start_line"":4918}",high
r014.backend.record,1.0.0,ttp.r014.relation.2034,relation,active,ttp.r014.yaintt,ttp.r014.yaintt,,und,2026-08-22T03:06:00+02:00,codex.r014.id-ID,,ttp.r014.unit.sec.primitive-roots.example.01,contains,ttp.r014.unit.sec.primitive-roots.discussion.02,2034,"{""end_line"":4953,""path"":""authority/downloads/yaintt.tex"",""start_line"":4948}",high
r014.backend.record,1.0.0,ttp.r014.relation.2035,relation,active,ttp.r014.yaintt,ttp.r014.yaintt,,und,2026-08-22T03:06:00+02:00,codex.r014.id-ID,,ttp.r014.unit.sec.primitive-roots.discussion.02,contains,ttp.r014.segment.460,2035,"{""end_line"":5547,""path"":""qa/review-candidates/boundary28-r2/yaintt-id.tex"",""start_line"":5542}",high
r014.backend.record,1.0.0,ttp.r014.relation.2036,relation,active,ttp.r014.yaintt,ttp.r014.yaintt,,und,2026-08-22T03:06:00+02:00,codex.r014.id-ID,,ttp.r014.unit.sec.primitive-roots,contains,ttp.r014.unit.sec.primitive-roots.discussion.03,2036,"{""end_line"":4958,""path"":""authority/downloads/yaintt.tex"",""start_line"":4956}",high
r014.backend.record,1.0.0,ttp.r014.relation.2037,relation,active,ttp.r014.yaintt,ttp.r014.yaintt,,und,2026-08-22T03:06:00+02:00,codex.r014.id-ID,,ttp.r014.unit.sec.primitive-roots.discussion.03,contains,ttp.r014.segment.461,2037,"{""end_line"":5553,""path"":""qa/review-candidates/boundary28-r2/yaintt-id.tex"",""start_line"":5550}",high
r014.backend.record,1.0.0,ttp.r014.relation.2038,relation,active,ttp.r014.yaintt,ttp.r014.yaintt,,und,2026-08-22T03:06:00+02:00,codex.r014.id-ID,,ttp.r014.unit.sec.primitive-roots,contains,ttp.r014.unit.sec.primitive-roots.theorem.01,2038,"{""end_line"":4963,""path"":""authority/downloads/yaintt.tex"",""start_line"":4959}",high
r014.backend.record,1.0.0,ttp.r014.relation.2039,relation,active,ttp.r014.yaintt,ttp.r014.yaintt,,und,2026-08-22T03:06:00+02:00,codex.r014.id-ID,,ttp.r014.unit.sec.primitive-roots.theorem.01,contains,ttp.r014.segment.462,2039,"{""end_line"":5558,""path"":""qa/review-candidates/boundary28-r2/yaintt-id.tex"",""start_line"":5554}",high
r014.backend.record,1.0.0,ttp.r014.relation.2040,relation,active,ttp.r014.yaintt,ttp.r014.yaintt,,und,2026-08-22T03:06:00+02:00,codex.r014.id-ID,,ttp.r014.unit.sec.primitive-roots.theorem.01,contains,ttp.r014.unit.sec.primitive-roots.proof.01,2040,"{""end_line"":4985,""path"":""authority/downloads/yaintt.tex"",""start_line"":4964}",high
r014.backend.record,1.0.0,ttp.r014.relation.2041,relation,active,ttp.r014.yaintt,ttp.r014.yaintt,,und,2026-08-22T03:06:00+02:00,codex.r014.id-ID,,ttp.r014.unit.sec.primitive-roots.proof.01,contains,ttp.r014.segment.463,2041,"{""end_line"":5582,""path"":""qa/review-candidates/boundary28-r2/yaintt-id.tex"",""start_line"":5559}",high
r014.backend.record,1.0.0,ttp.r014.relation.2042,relation,active,ttp.r014.yaintt,ttp.r014.yaintt,,und,2026-08-22T03:06:00+02:00,codex.r014.id-ID,,ttp.r014.unit.sec.primitive-roots.proof.01,proves,ttp.r014.unit.sec.primitive-roots.theorem.01,2042,"{""end_line"":4985,""path"":""authority/downloads/yaintt.tex"",""start_line"":4964}",high
r014.backend.record,1.0.0,ttp.r014.relation.2043,relation,active,ttp.r014.yaintt,ttp.r014.yaintt,,und,2026-08-22T03:06:00+02:00,codex.r014.id-ID,,ttp.r014.unit.sec.primitive-roots,contains,ttp.r014.unit.sec.primitive-roots.discussion.04,2043,"{""end_line"":4998,""path"":""authority/downloads/yaintt.tex"",""start_line"":4987}",high
r014.backend.record,1.0.0,ttp.r014.relation.2044,relation,active,ttp.r014.yaintt,ttp.r014.yaintt,,und,2026-08-22T03:06:00+02:00,codex.r014.id-ID,,ttp.r014.unit.sec.primitive-roots.discussion.04,contains,ttp.r014.segment.464,2044,"{""end_line"":5594,""path"":""qa/review-candidates/boundary28-r2/yaintt-id.tex"",""start_line"":5584}",high
r014.backend.record,1.0.0,ttp.r014.relation.2045,relation,active,ttp.r014.yaintt,ttp.r014.yaintt,,und,2026-08-22T03:06:00+02:00,codex.r014.id-ID,,ttp.r014.unit.sec.primitive-roots,contains,ttp.r014.unit.sec.primitive-roots.theorem.02,2045,"{""end_line"":5006,""path"":""authority/downloads/yaintt.tex"",""start_line"":4999}",high
r014.backend.record,1.0.0,ttp.r014.relation.2046,relation,active,ttp.r014.yaintt,ttp.r014.yaintt,,und,2026-08-22T03:06:00+02:00,codex.r014.id-ID,,ttp.r014.unit.sec.primitive-roots.theorem.02,contains,ttp.r014.segment.465,2046,"{""end_line"":5603,""path"":""qa/review-candidates/boundary28-r2/yaintt-id.tex"",""start_line"":5595}",high
r014.backend.record,1.0.0,ttp.r014.relation.2047,relation,active,ttp.r014.yaintt,ttp.r014.yaintt,,und,2026-08-22T03:06:00+02:00,codex.r014.id-ID,,ttp.r014.unit.sec.primitive-roots.theorem.02,contains,ttp.r014.unit.sec.primitive-roots.proof.02,2047,"{""end_line"":5068,""path"":""authority/downloads/yaintt.tex"",""start_line"":5007}",high
r014.backend.record,1.0.0,ttp.r014.relation.2048,relation,active,ttp.r014.yaintt,ttp.r014.yaintt,,und,2026-08-22T03:06:00+02:00,codex.r014.id-ID,,ttp.r014.unit.sec.primitive-roots.proof.02,contains,ttp.r014.segment.466,2048,"{""end_line"":5667,""path"":""qa/review-candidates/boundary28-r2/yaintt-id.tex"",""start_line"":5604}",high
r014.backend.record,1.0.0,ttp.r014.relation.2049,relation,active,ttp.r014.yaintt,ttp.r014.yaintt,,und,2026-08-22T03:06:00+02:00,codex.r014.id-ID,,ttp.r014.unit.sec.primitive-roots.proof.02,proves,ttp.r014.unit.sec.primitive-roots.theorem.02,2049,"{""end_line"":5068,""path"":""authority/downloads/yaintt.tex"",""start_line"":5007}",high
r014.backend.record,1.0.0,ttp.r014.relation.2050,relation,active,ttp.r014.yaintt,ttp.r014.yaintt,,und,2026-08-22T03:06:00+02:00,codex.r014.id-ID,,ttp.r014.unit.sec.primitive-roots,contains,ttp.r014.unit.sec.primitive-roots.discussion.05,2050,"{""end_line"":5073,""path"":""authority/downloads/yaintt.tex"",""start_line"":5070}",high
r014.backend.record,1.0.0,ttp.r014.relation.2051,relation,active,ttp.r014.yaintt,ttp.r014.yaintt,,und,2026-08-22T03:06:00+02:00,codex.r014.id-ID,,ttp.r014.unit.sec.primitive-roots.discussion.05,contains,ttp.r014.segment.467,2051,"{""end_line"":5672,""path"":""qa/review-candidates/boundary28-r2/yaintt-id.tex"",""start_line"":5669}",high
r014.backend.record,1.0.0,ttp.r014.relation.2052,relation,active,ttp.r014.yaintt,ttp.r014.yaintt,,und,2026-08-22T03:06:00+02:00,codex.r014.id-ID,,ttp.r014.unit.sec.primitive-roots,contains,ttp.r014.unit.sec.primitive-roots.theorem.03,2052,"{""end_line"":5080,""path"":""authority/downloads/yaintt.tex"",""start_line"":5074}",high
r014.backend.record,1.0.0,ttp.r014.relation.2053,relation,active,ttp.r014.yaintt,ttp.r014.yaintt,,und,2026-08-22T03:06:00+02:00,codex.r014.id-ID,,ttp.r014.unit.sec.primitive-roots.theorem.03,contains,ttp.r014.segment.468,2053,"{""end_line"":5680,""path"":""qa/review-candidates/boundary28-r2/yaintt-id.tex"",""start_line"":5673}",high
r014.backend.record,1.0.0,ttp.r014.relation.2054,relation,active,ttp.r014.yaintt,ttp.r014.yaintt,,und,2026-08-22T03:06:00+02:00,codex.r014.id-ID,,ttp.r014.unit.sec.primitive-roots.theorem.03,contains,ttp.r014.unit.sec.primitive-roots.proof.03,2054,"{""end_line"":5100,""path"":""authority/downloads/yaintt.tex"",""start_line"":5081}",high
r014.backend.record,1.0.0,ttp.r014.relation.2055,relation,active,ttp.r014.yaintt,ttp.r014.yaintt,,und,2026-08-22T03:06:00+02:00,codex.r014.id-ID,,ttp.r014.unit.sec.primitive-roots.proof.03,contains,ttp.r014.segment.469,2055,"{""end_line"":5703,""path"":""qa/review-candidates/boundary28-r2/yaintt-id.tex"",""start_line"":5681}",high
r014.backend.record,1.0.0,ttp.r014.relation.2056,relation,active,ttp.r014.yaintt,ttp.r014.yaintt,,und,2026-08-22T03:06:00+02:00,codex.r014.id-ID,,ttp.r014.unit.sec.primitive-roots.proof.03,proves,ttp.r014.unit.sec.primitive-roots.theorem.03,2056,"{""end_line"":5100,""path"":""authority/downloads/yaintt.tex"",""start_line"":5081}",high
r014.backend.record,1.0.0,ttp.r014.relation.2057,relation,active,ttp.r014.yaintt,ttp.r014.yaintt,,und,2026-08-22T03:06:00+02:00,codex.r014.id-ID,,ttp.r014.unit.sec.primitive-roots,contains,ttp.r014.unit.sec.primitive-roots.discussion.06,2057,"{""end_line"":5105,""path"":""authority/downloads/yaintt.tex"",""start_line"":5102}",high
r014.backend.record,1.0.0,ttp.r014.relation.2058,relation,active,ttp.r014.yaintt,ttp.r014.yaintt,,und,2026-08-22T03:06:00+02:00,codex.r014.id-ID,,ttp.r014.unit.sec.primitive-roots.discussion.06,contains,ttp.r014.segment.470,2058,"{""end_line"":5709,""path"":""qa/review-candidates/boundary28-r2/yaintt-id.tex"",""start_line"":5705}",high
r014.backend.record,1.0.0,ttp.r014.relation.2059,relation,active,ttp.r014.yaintt,ttp.r014.yaintt,,und,2026-08-22T03:06:00+02:00,codex.r014.id-ID,,ttp.r014.unit.sec.primitive-roots,contains,ttp.r014.unit.sec.primitive-roots.theorem.04,2059,"{""end_line"":5109,""path"":""authority/downloads/yaintt.tex"",""start_line"":5106}",high
r014.backend.record,1.0.0,ttp.r014.relation.2060,relation,active,ttp.r014.yaintt,ttp.r014.yaintt,,und,2026-08-22T03:06:00+02:00,codex.r014.id-ID,,ttp.r014.unit.sec.primitive-roots.theorem.04,contains,ttp.r014.segment.471,2060,"{""end_line"":5714,""path"":""qa/review-candidates/boundary28-r2/yaintt-id.tex"",""start_line"":5710}",high
r014.backend.record,1.0.0,ttp.r014.relation.2061,relation,active,ttp.r014.yaintt,ttp.r014.yaintt,,und,2026-08-22T03:06:00+02:00,codex.r014.id-ID,,ttp.r014.unit.sec.primitive-roots.theorem.04,contains,ttp.r014.unit.sec.primitive-roots.proof.04,2061,"{""end_line"":5163,""path"":""authority/downloads/yaintt.tex"",""start_line"":5110}",high
r014.backend.record,1.0.0,ttp.r014.relation.2062,relation,active,ttp.r014.yaintt,ttp.r014.yaintt,,und,2026-08-22T03:06:00+02:00,codex.r014.id-ID,,ttp.r014.unit.sec.primitive-roots.proof.04,contains,ttp.r014.segment.472,2062,"{""end_line"":5770,""path"":""qa/review-candidates/boundary28-r2/yaintt-id.tex"",""start_line"":5715}",high
r014.backend.record,1.0.0,ttp.r014.relation.2063,relation,active,ttp.r014.yaintt,ttp.r014.yaintt,,und,2026-08-22T03:06:00+02:00,codex.r014.id-ID,,ttp.r014.unit.sec.primitive-roots.proof.04,proves,ttp.r014.unit.sec.primitive-roots.theorem.04,2063,"{""end_line"":5163,""path"":""authority/downloads/yaintt.tex"",""start_line"":5110}",high
r014.backend.record,1.0.0,ttp.r014.relation.2064,relation,active,ttp.r014.yaintt,ttp.r014.yaintt,,und,2026-08-22T03:06:00+02:00,codex.r014.id-ID,,ttp.r014.unit.sec.primitive-roots,contains,ttp.r014.unit.sec.primitive-roots.discussion.07,2064,"{""end_line"":5167,""path"":""authority/downloads/yaintt.tex"",""start_line"":5165}",high
r014.backend.record,1.0.0,ttp.r014.relation.2065,relation,active,ttp.r014.yaintt,ttp.r014.yaintt,,und,2026-08-22T03:06:00+02:00,codex.r014.id-ID,,ttp.r014.unit.sec.primitive-roots.discussion.07,contains,ttp.r014.segment.473,2065,"{""end_line"":5774,""path"":""qa/review-candidates/boundary28-r2/yaintt-id.tex"",""start_line"":5772}",high
r014.backend.record,1.0.0,ttp.r014.relation.2066,relation,active,ttp.r014.yaintt,ttp.r014.yaintt,,und,2026-08-22T03:06:00+02:00,codex.r014.id-ID,,ttp.r014.unit.sec.primitive-roots,contains,ttp.r014.unit.sec.primitive-roots.corollary.01,2066,"{""end_line"":5170,""path"":""authority/downloads/yaintt.tex"",""start_line"":5168}",high
r014.backend.record,1.0.0,ttp.r014.relation.2067,relation,active,ttp.r014.yaintt,ttp.r014.yaintt,,und,2026-08-22T03:06:00+02:00,codex.r014.id-ID,,ttp.r014.unit.sec.primitive-roots.corollary.01,contains,ttp.r014.segment.474,2067,"{""end_line"":5779,""path"":""qa/review-candidates/boundary28-r2/yaintt-id.tex"",""start_line"":5775}",high
r014.backend.record,1.0.0,ttp.r014.relation.2068,relation,active,ttp.r014.yaintt,ttp.r014.yaintt,,und,2026-08-22T03:06:00+02:00,codex.r014.id-ID,,ttp.r014.unit.sec.primitive-roots.corollary.01,contains,ttp.r014.unit.sec.primitive-roots.proof.05,2068,"{""end_line"":5173,""path"":""authority/downloads/yaintt.tex"",""start_line"":5171}",high
r014.backend.record,1.0.0,ttp.r014.relation.2069,relation,active,ttp.r014.yaintt,ttp.r014.yaintt,,und,2026-08-22T03:06:00+02:00,codex.r014.id-ID,,ttp.r014.unit.sec.primitive-roots.proof.05,contains,ttp.r014.segment.475,2069,"{""end_line"":5782,""path"":""qa/review-candidates/boundary28-r2/yaintt-id.tex"",""start_line"":5780}",high
r014.backend.record,1.0.0,ttp.r014.relation.2070,relation,active,ttp.r014.yaintt,ttp.r014.yaintt,,und,2026-08-22T03:06:00+02:00,codex.r014.id-ID,,ttp.r014.unit.sec.primitive-roots.proof.05,proves,ttp.r014.unit.sec.primitive-roots.corollary.01,2070,"{""end_line"":5173,""path"":""authority/downloads/yaintt.tex"",""start_line"":5171}",high
r014.backend.record,1.0.0,ttp.r014.relation.2071,relation,active,ttp.r014.yaintt,ttp.r014.yaintt,,und,2026-08-22T03:06:00+02:00,codex.r014.id-ID,,ttp.r014.unit.sec.primitive-roots,contains,ttp.r014.unit.sec.primitive-roots.discussion.08,2071,"{""end_line"":5178,""path"":""authority/downloads/yaintt.tex"",""start_line"":5175}",high
r014.backend.record,1.0.0,ttp.r014.relation.2072,relation,active,ttp.r014.yaintt,ttp.r014.yaintt,,und,2026-08-22T03:06:00+02:00,codex.r014.id-ID,,ttp.r014.unit.sec.primitive-roots.discussion.08,contains,ttp.r014.segment.476,2072,"{""end_line"":5787,""path"":""qa/review-candidates/boundary28-r2/yaintt-id.tex"",""start_line"":5784}",high
r014.backend.record,1.0.0,ttp.r014.relation.2073,relation,active,ttp.r014.yaintt,ttp.r014.yaintt,,und,2026-08-22T03:06:00+02:00,codex.r014.id-ID,,ttp.r014.unit.sec.primitive-roots,contains,ttp.r014.unit.sec.primitive-roots.theorem.05,2073,"{""end_line"":5181,""path"":""authority/downloads/yaintt.tex"",""start_line"":5179}",high
r014.backend.record,1.0.0,ttp.r014.relation.2074,relation,active,ttp.r014.yaintt,ttp.r014.yaintt,,und,2026-08-22T03:06:00+02:00,codex.r014.id-ID,,ttp.r014.unit.sec.primitive-roots.theorem.05,contains,ttp.r014.segment.477,2074,"{""end_line"":5790,""path"":""qa/review-candidates/boundary28-r2/yaintt-id.tex"",""start_line"":5788}",high
r014.backend.record,1.0.0,ttp.r014.relation.2075,relation,active,ttp.r014.yaintt,ttp.r014.yaintt,,und,2026-08-22T03:06:00+02:00,codex.r014.id-ID,,ttp.r014.unit.sec.primitive-roots.theorem.05,contains,ttp.r014.unit.sec.primitive-roots.proof.06,2075,"{""end_line"":5220,""path"":""authority/downloads/yaintt.tex"",""start_line"":5182}",high
r014.backend.record,1.0.0,ttp.r014.relation.2076,relation,active,ttp.r014.yaintt,ttp.r014.yaintt,,und,2026-08-22T03:06:00+02:00,codex.r014.id-ID,,ttp.r014.unit.sec.primitive-roots.proof.06,contains,ttp.r014.segment.478,2076,"{""end_line"":5831,""path"":""qa/review-candidates/boundary28-r2/yaintt-id.tex"",""start_line"":5791}",high
r014.backend.record,1.0.0,ttp.r014.relation.2077,relation,active,ttp.r014.yaintt,ttp.r014.yaintt,,und,2026-08-22T03:06:00+02:00,codex.r014.id-ID,,ttp.r014.unit.sec.primitive-roots.proof.06,proves,ttp.r014.unit.sec.primitive-roots.theorem.05,2077,"{""end_line"":5220,""path"":""authority/downloads/yaintt.tex"",""start_line"":5182}",high
r014.backend.record,1.0.0,ttp.r014.relation.2078,relation,active,ttp.r014.yaintt,ttp.r014.yaintt,,und,2026-08-22T03:06:00+02:00,codex.r014.id-ID,,ttp.r014.unit.sec.primitive-roots,contains,ttp.r014.unit.sec.primitive-roots.discussion.09,2078,"{""end_line"":5225,""path"":""authority/downloads/yaintt.tex"",""start_line"":5222}",high
r014.backend.record,1.0.0,ttp.r014.relation.2079,relation,active,ttp.r014.yaintt,ttp.r014.yaintt,,und,2026-08-22T03:06:00+02:00,codex.r014.id-ID,,ttp.r014.unit.sec.primitive-roots.discussion.09,contains,ttp.r014.segment.479,2079,"{""end_line"":5836,""path"":""qa/review-candidates/boundary28-r2/yaintt-id.tex"",""start_line"":5833}",high
r014.backend.record,1.0.0,ttp.r014.relation.2080,relation,active,ttp.r014.yaintt,ttp.r014.yaintt,,und,2026-08-22T03:06:00+02:00,codex.r014.id-ID,,ttp.r014.unit.sec.primitive-roots,contains,ttp.r014.unit.sec.primitive-roots.exercises,2080,"{""end_line"":5271,""path"":""authority/downloads/yaintt.tex"",""start_line"":5232}",high
r014.backend.record,1.0.0,ttp.r014.relation.2081,relation,active,ttp.r014.yaintt,ttp.r014.yaintt,,und,2026-08-22T03:06:00+02:00,codex.r014.id-ID,,ttp.r014.unit.sec.primitive-roots.exercises,contains,ttp.r014.segment.480,2081,"{""end_line"":5843,""path"":""qa/review-candidates/boundary28-r2/yaintt-id.tex"",""start_line"":5843}",high
r014.backend.record,1.0.0,ttp.r014.relation.2082,relation,active,ttp.r014.yaintt,ttp.r014.yaintt,,und,2026-08-22T03:06:00+02:00,codex.r014.id-ID,,ttp.r014.unit.sec.primitive-roots.exercises,contains,ttp.r014.unit.sec.primitive-roots.exercise.01,2082,"{""end_line"":5237,""path"":""authority/downloads/yaintt.tex"",""start_line"":5235}",high
r014.backend.record,1.0.0,ttp.r014.relation.2083,relation,active,ttp.r014.yaintt,ttp.r014.yaintt,,und,2026-08-22T03:06:00+02:00,codex.r014.id-ID,,ttp.r014.unit.sec.primitive-roots.exercise.01,contains,ttp.r014.segment.481,2083,"{""end_line"":5848,""path"":""qa/review-candidates/boundary28-r2/yaintt-id.tex"",""start_line"":5846}",high
r014.backend.record,1.0.0,ttp.r014.relation.2084,relation,active,ttp.r014.yaintt,ttp.r014.yaintt,,und,2026-08-22T03:06:00+02:00,codex.r014.id-ID,,ttp.r014.unit.sec.primitive-roots.exercises,contains,ttp.r014.unit.sec.primitive-roots.exercise.02,2084,"{""end_line"":5242,""path"":""authority/downloads/yaintt.tex"",""start_line"":5239}",high
r014.backend.record,1.0.0,ttp.r014.relation.2085,relation,active,ttp.r014.yaintt,ttp.r014.yaintt,,und,2026-08-22T03:06:00+02:00,codex.r014.id-ID,,ttp.r014.unit.sec.primitive-roots.exercise.02,contains,ttp.r014.segment.482,2085,"{""end_line"":5853,""path"":""qa/review-candidates/boundary28-r2/yaintt-id.tex"",""start_line"":5850}",high
r014.backend.record,1.0.0,ttp.r014.relation.2086,relation,active,ttp.r014.yaintt,ttp.r014.yaintt,,und,2026-08-22T03:06:00+02:00,codex.r014.id-ID,,ttp.r014.unit.sec.primitive-roots.exercises,contains,ttp.r014.unit.sec.primitive-roots.exercise.03,2086,"{""end_line"":5246,""path"":""authority/downloads/yaintt.tex"",""start_line"":5244}",high
r014.backend.record,1.0.0,ttp.r014.relation.2087,relation,active,ttp.r014.yaintt,ttp.r014.yaintt,,und,2026-08-22T03:06:00+02:00,codex.r014.id-ID,,ttp.r014.unit.sec.primitive-roots.exercise.03,contains,ttp.r014.segment.483,2087,"{""end_line"":5858,""path"":""qa/review-candidates/boundary28-r2/yaintt-id.tex"",""start_line"":5855}",high
r014.backend.record,1.0.0,ttp.r014.relation.2088,relation,active,ttp.r014.yaintt,ttp.r014.yaintt,,und,2026-08-22T03:06:00+02:00,codex.r014.id-ID,,ttp.r014.unit.sec.primitive-roots.exercises,contains,ttp.r014.unit.sec.primitive-roots.exercise.04,2088,"{""end_line"":5252,""path"":""authority/downloads/yaintt.tex"",""start_line"":5248}",high
r014.backend.record,1.0.0,ttp.r014.relation.2089,relation,active,ttp.r014.yaintt,ttp.r014.yaintt,,und,2026-08-22T03:06:00+02:00,codex.r014.id-ID,,ttp.r014.unit.sec.primitive-roots.exercise.04,contains,ttp.r014.segment.484,2089,"{""end_line"":5864,""path"":""qa/review-candidates/boundary28-r2/yaintt-id.tex"",""start_line"":5860}",high
r014.backend.record,1.0.0,ttp.r014.relation.2090,relation,active,ttp.r014.yaintt,ttp.r014.yaintt,,und,2026-08-22T03:06:00+02:00,codex.r014.id-ID,,ttp.r014.unit.sec.primitive-roots.exercises,contains,ttp.r014.unit.sec.primitive-roots.exercise.05,2090,"{""end_line"":5258,""path"":""authority/downloads/yaintt.tex"",""start_line"":5254}",high
r014.backend.record,1.0.0,ttp.r014.relation.2091,relation,active,ttp.r014.yaintt,ttp.r014.yaintt,,und,2026-08-22T03:06:00+02:00,codex.r014.id-ID,,ttp.r014.unit.sec.primitive-roots.exercise.05,contains,ttp.r014.segment.485,2091,"{""end_line"":5870,""path"":""qa/review-candidates/boundary28-r2/yaintt-id.tex"",""start_line"":5866}",high
r014.backend.record,1.0.0,ttp.r014.relation.2092,relation,active,ttp.r014.yaintt,ttp.r014.yaintt,,und,2026-08-22T03:06:00+02:00,codex.r014.id-ID,,ttp.r014.unit.sec.primitive-roots.exercises,contains,ttp.r014.unit.sec.primitive-roots.exercise.06,2092,"{""end_line"":5262,""path"":""authority/downloads/yaintt.tex"",""start_line"":5260}",high
r014.backend.record,1.0.0,ttp.r014.relation.2093,relation,active,ttp.r014.yaintt,ttp.r014.yaintt,,und,2026-08-22T03:06:00+02:00,codex.r014.id-ID,,ttp.r014.unit.sec.primitive-roots.exercise.06,contains,ttp.r014.segment.486,2093,"{""end_line"":5874,""path"":""qa/review-candidates/boundary28-r2/yaintt-id.tex"",""start_line"":5872}",high
r014.backend.record,1.0.0,ttp.r014.relation.2094,relation,active,ttp.r014.yaintt,ttp.r014.yaintt,,und,2026-08-22T03:06:00+02:00,codex.r014.id-ID,,ttp.r014.unit.sec.primitive-roots.exercises,contains,ttp.r014.unit.sec.primitive-roots.exercise.07,2094,"{""end_line"":5268,""path"":""authority/downloads/yaintt.tex"",""start_line"":5264}",high
r014.backend.record,1.0.0,ttp.r014.relation.2095,relation,active,ttp.r014.yaintt,ttp.r014.yaintt,,und,2026-08-22T03:06:00+02:00,codex.r014.id-ID,,ttp.r014.unit.sec.primitive-roots.exercise.07,contains,ttp.r014.segment.487,2095,"{""end_line"":5881,""path"":""qa/review-candidates/boundary28-r2/yaintt-id.tex"",""start_line"":5876}",high
r014.backend.record,1.0.0,ttp.r014.relation.2096,relation,active,ttp.r014.yaintt,ttp.r014.yaintt,,und,2026-08-22T03:06:00+02:00,codex.r014.id-ID,,ttp.r014.unit.id-id.chap.ieqdl,contains,ttp.r014.unit.sec.indices,2096,"{""end_line"":5523,""path"":""authority/downloads/yaintt.tex"",""start_line"":5272}",high
r014.backend.record,1.0.0,ttp.r014.relation.2097,relation,active,ttp.r014.yaintt,ttp.r014.yaintt,,und,2026-08-22T03:06:00+02:00,codex.r014.id-ID,,ttp.r014.unit.sec.indices,contains,ttp.r014.segment.488,2097,"{""end_line"":5895,""path"":""qa/review-candidates/boundary28-r2/yaintt-id.tex"",""start_line"":5895}",high
r014.backend.record,1.0.0,ttp.r014.relation.2098,relation,active,ttp.r014.yaintt,ttp.r014.yaintt,,und,2026-08-22T03:06:00+02:00,codex.r014.id-ID,,ttp.r014.unit.sec.indices,contains,ttp.r014.unit.sec.indices.discussion.01,2098,"{""end_line"":5281,""path"":""authority/downloads/yaintt.tex"",""start_line"":5273}",high
r014.backend.record,1.0.0,ttp.r014.relation.2099,relation,active,ttp.r014.yaintt,ttp.r014.yaintt,,und,2026-08-22T03:06:00+02:00,codex.r014.id-ID,,ttp.r014.unit.sec.indices.discussion.01,contains,ttp.r014.segment.489,2099,"{""end_line"":5905,""path"":""qa/review-candidates/boundary28-r2/yaintt-id.tex"",""start_line"":5896}",high
r014.backend.record,1.0.0,ttp.r014.relation.2100,relation,active,ttp.r014.yaintt,ttp.r014.yaintt,,und,2026-08-22T03:06:00+02:00,codex.r014.id-ID,,ttp.r014.unit.sec.indices,contains,ttp.r014.unit.sec.indices.definition.01,2100,"{""end_line"":5289,""path"":""authority/downloads/yaintt.tex"",""start_line"":5282}",high
r014.backend.record,1.0.0,ttp.r014.relation.2101,relation,active,ttp.r014.yaintt,ttp.r014.yaintt,,und,2026-08-22T03:06:00+02:00,codex.r014.id-ID,,ttp.r014.unit.sec.indices.definition.01,contains,ttp.r014.segment.490,2101,"{""end_line"":5915,""path"":""qa/review-candidates/boundary28-r2/yaintt-id.tex"",""start_line"":5906}",high
r014.backend.record,1.0.0,ttp.r014.relation.2102,relation,active,ttp.r014.yaintt,ttp.r014.yaintt,,und,2026-08-22T03:06:00+02:00,codex.r014.id-ID,,ttp.r014.unit.sec.indices,contains,ttp.r014.unit.sec.indices.example.01,2102,"{""end_line"":5393,""path"":""authority/downloads/yaintt.tex"",""start_line"":5291}",high
r014.backend.record,1.0.0,ttp.r014.relation.2103,relation,active,ttp.r014.yaintt,ttp.r014.yaintt,,und,2026-08-22T03:06:00+02:00,codex.r014.id-ID,,ttp.r014.unit.sec.indices.example.01,contains,ttp.r014.segment.491,2103,"{""end_line"":6020,""path"":""qa/review-candidates/boundary28-r2/yaintt-id.tex"",""start_line"":5917}",high
r014.backend.record,1.0.0,ttp.r014.relation.2104,relation,active,ttp.r014.yaintt,ttp.r014.yaintt,,und,2026-08-22T03:06:00+02:00,codex.r014.id-ID,,ttp.r014.unit.sec.indices.example.01,contains,ttp.r014.unit.sec.indices.table.01,2104,"{""end_line"":5361,""path"":""authority/downloads/yaintt.tex"",""start_line"":5297}",high
r014.backend.record,1.0.0,ttp.r014.relation.2105,relation,active,ttp.r014.yaintt,ttp.r014.yaintt,,und,2026-08-22T03:06:00+02:00,codex.r014.id-ID,,ttp.r014.unit.sec.indices.table.01,contains,ttp.r014.segment.492,2105,"{""end_line"":5988,""path"":""qa/review-candidates/boundary28-r2/yaintt-id.tex"",""start_line"":5924}",high
r014.backend.record,1.0.0,ttp.r014.relation.2106,relation,active,ttp.r014.yaintt,ttp.r014.yaintt,,und,2026-08-22T03:06:00+02:00,codex.r014.id-ID,,ttp.r014.unit.sec.indices.table.01,illustrates,ttp.r014.unit.sec.indices.example.01,2106,"{""end_line"":5361,""path"":""authority/downloads/yaintt.tex"",""start_line"":5297}",high
r014.backend.record,1.0.0,ttp.r014.relation.2107,relation,active,ttp.r014.yaintt,ttp.r014.yaintt,,und,2026-08-22T03:06:00+02:00,codex.r014.id-ID,,ttp.r014.unit.sec.indices.table.01,contains,ttp.r014.unit.sec.indices.tabular.01,2107,"{""end_line"":5328,""path"":""authority/downloads/yaintt.tex"",""start_line"":5298}",high
r014.backend.record,1.0.0,ttp.r014.relation.2108,relation,active,ttp.r014.yaintt,ttp.r014.yaintt,,und,2026-08-22T03:06:00+02:00,codex.r014.id-ID,,ttp.r014.unit.sec.indices.tabular.01,contains,ttp.r014.segment.493,2108,"{""end_line"":5955,""path"":""qa/review-candidates/boundary28-r2/yaintt-id.tex"",""start_line"":5925}",high
r014.backend.record,1.0.0,ttp.r014.relation.2109,relation,active,ttp.r014.yaintt,ttp.r014.yaintt,,und,2026-08-22T03:06:00+02:00,codex.r014.id-ID,,ttp.r014.unit.sec.indices.tabular.01,illustrates,ttp.r014.unit.sec.indices.table.01,2109,"{""end_line"":5328,""path"":""authority/downloads/yaintt.tex"",""start_line"":5298}",high
r014.backend.record,1.0.0,ttp.r014.relation.2110,relation,active,ttp.r014.yaintt,ttp.r014.yaintt,,und,2026-08-22T03:06:00+02:00,codex.r014.id-ID,,ttp.r014.unit.sec.indices.table.01,contains,ttp.r014.unit.sec.indices.tabular.02,2110,"{""end_line"":5358,""path"":""authority/downloads/yaintt.tex"",""start_line"":5330}",high
r014.backend.record,1.0.0,ttp.r014.relation.2111,relation,active,ttp.r014.yaintt,ttp.r014.yaintt,,und,2026-08-22T03:06:00+02:00,codex.r014.id-ID,,ttp.r014.unit.sec.indices.tabular.02,contains,ttp.r014.segment.494,2111,"{""end_line"":5985,""path"":""qa/review-candidates/boundary28-r2/yaintt-id.tex"",""start_line"":5957}",high
r014.backend.record,1.0.0,ttp.r014.relation.2112,relation,active,ttp.r014.yaintt,ttp.r014.yaintt,,und,2026-08-22T03:06:00+02:00,codex.r014.id-ID,,ttp.r014.unit.sec.indices.tabular.02,illustrates,ttp.r014.unit.sec.indices.table.01,2112,"{""end_line"":5358,""path"":""authority/downloads/yaintt.tex"",""start_line"":5330}",high
r014.backend.record,1.0.0,ttp.r014.relation.2113,relation,active,ttp.r014.yaintt,ttp.r014.yaintt,,und,2026-08-22T03:06:00+02:00,codex.r014.id-ID,,ttp.r014.unit.sec.indices.example.01,contains,ttp.r014.unit.sec.indices.table.02,2113,"{""end_line"":5392,""path"":""authority/downloads/yaintt.tex"",""start_line"":5367}",high
r014.backend.record,1.0.0,ttp.r014.relation.2114,relation,active,ttp.r014.yaintt,ttp.r014.yaintt,,und,2026-08-22T03:06:00+02:00,codex.r014.id-ID,,ttp.r014.unit.sec.indices.table.02,contains,ttp.r014.segment.495,2114,"{""end_line"":6019,""path"":""qa/review-candidates/boundary28-r2/yaintt-id.tex"",""start_line"":5994}",high
r014.backend.record,1.0.0,ttp.r014.relation.2115,relation,active,ttp.r014.yaintt,ttp.r014.yaintt,,und,2026-08-22T03:06:00+02:00,codex.r014.id-ID,,ttp.r014.unit.sec.indices.table.02,illustrates,ttp.r014.unit.sec.indices.example.01,2115,"{""end_line"":5392,""path"":""authority/downloads/yaintt.tex"",""start_line"":5367}",high
r014.backend.record,1.0.0,ttp.r014.relation.2116,relation,active,ttp.r014.yaintt,ttp.r014.yaintt,,und,2026-08-22T03:06:00+02:00,codex.r014.id-ID,,ttp.r014.unit.sec.indices.table.02,contains,ttp.r014.unit.sec.indices.tabular.03,2116,"{""end_line"":5389,""path"":""authority/downloads/yaintt.tex"",""start_line"":5368}",high
r014.backend.record,1.0.0,ttp.r014.relation.2117,relation,active,ttp.r014.yaintt,ttp.r014.yaintt,,und,2026-08-22T03:06:00+02:00,codex.r014.id-ID,,ttp.r014.unit.sec.indices.tabular.03,contains,ttp.r014.segment.496,2117,"{""end_line"":6016,""path"":""qa/review-candidates/boundary28-r2/yaintt-id.tex"",""start_line"":5995}",high
r014.backend.record,1.0.0,ttp.r014.relation.2118,relation,active,ttp.r014.yaintt,ttp.r014.yaintt,,und,2026-08-22T03:06:00+02:00,codex.r014.id-ID,,ttp.r014.unit.sec.indices.tabular.03,illustrates,ttp.r014.unit.sec.indices.table.02,2118,"{""end_line"":5389,""path"":""authority/downloads/yaintt.tex"",""start_line"":5368}",high
r014.backend.record,1.0.0,ttp.r014.relation.2119,relation,active,ttp.r014.yaintt,ttp.r014.yaintt,,und,2026-08-22T03:06:00+02:00,codex.r014.id-ID,,ttp.r014.unit.sec.indices,contains,ttp.r014.unit.sec.indices.discussion.02,2119,"{""end_line"":5398,""path"":""authority/downloads/yaintt.tex"",""start_line"":5395}",high
r014.backend.record,1.0.0,ttp.r014.relation.2120,relation,active,ttp.r014.yaintt,ttp.r014.yaintt,,und,2026-08-22T03:06:00+02:00,codex.r014.id-ID,,ttp.r014.unit.sec.indices.discussion.02,contains,ttp.r014.segment.497,2120,"{""end_line"":6026,""path"":""qa/review-candidates/boundary28-r2/yaintt-id.tex"",""start_line"":6022}",high
r014.backend.record,1.0.0,ttp.r014.relation.2121,relation,active,ttp.r014.yaintt,ttp.r014.yaintt,,und,2026-08-22T03:06:00+02:00,codex.r014.id-ID,,ttp.r014.unit.sec.indices,contains,ttp.r014.unit.sec.indices.theorem.01,2121,"{""end_line"":5415,""path"":""authority/downloads/yaintt.tex"",""start_line"":5399}",high
r014.backend.record,1.0.0,ttp.r014.relation.2122,relation,active,ttp.r014.yaintt,ttp.r014.yaintt,,und,2026-08-22T03:06:00+02:00,codex.r014.id-ID,,ttp.r014.unit.sec.indices.theorem.01,contains,ttp.r014.segment.498,2122,"{""end_line"":6044,""path"":""qa/review-candidates/boundary28-r2/yaintt-id.tex"",""start_line"":6027}",high
r014.backend.record,1.0.0,ttp.r014.relation.2123,relation,active,ttp.r014.yaintt,ttp.r014.yaintt,,und,2026-08-22T03:06:00+02:00,codex.r014.id-ID,,ttp.r014.unit.sec.indices,contains,ttp.r014.unit.sec.indices.discussion.03,2123,"{""end_line"":5438,""path"":""authority/downloads/yaintt.tex"",""start_line"":5430}",high
r014.backend.record,1.0.0,ttp.r014.relation.2124,relation,active,ttp.r014.yaintt,ttp.r014.yaintt,,und,2026-08-22T03:06:00+02:00,codex.r014.id-ID,,ttp.r014.unit.sec.indices.discussion.03,contains,ttp.r014.segment.499,2124,"{""end_line"":6068,""path"":""qa/review-candidates/boundary28-r2/yaintt-id.tex"",""start_line"":6060}",high
r014.backend.record,1.0.0,ttp.r014.relation.2125,relation,active,ttp.r014.yaintt,ttp.r014.yaintt,,und,2026-08-22T03:06:00+02:00,codex.r014.id-ID,,ttp.r014.unit.sec.indices,contains,ttp.r014.unit.sec.indices.example.02,2125,"{""end_line"":5475,""path"":""authority/downloads/yaintt.tex"",""start_line"":5439}",high
r014.backend.record,1.0.0,ttp.r014.relation.2126,relation,active,ttp.r014.yaintt,ttp.r014.yaintt,,und,2026-08-22T03:06:00+02:00,codex.r014.id-ID,,ttp.r014.unit.sec.indices.example.02,contains,ttp.r014.segment.500,2126,"{""end_line"":6106,""path"":""qa/review-candidates/boundary28-r2/yaintt-id.tex"",""start_line"":6069}",high
r014.backend.record,1.0.0,ttp.r014.relation.2127,relation,active,ttp.r014.yaintt,ttp.r014.yaintt,,und,2026-08-22T03:06:00+02:00,codex.r014.id-ID,,ttp.r014.unit.sec.indices,contains,ttp.r014.unit.sec.indices.discussion.04,2127,"{""end_line"":5488,""path"":""authority/downloads/yaintt.tex"",""start_line"":5477}",high
r014.backend.record,1.0.0,ttp.r014.relation.2128,relation,active,ttp.r014.yaintt,ttp.r014.yaintt,,und,2026-08-22T03:06:00+02:00,codex.r014.id-ID,,ttp.r014.unit.sec.indices.discussion.04,contains,ttp.r014.segment.501,2128,"{""end_line"":6119,""path"":""qa/review-candidates/boundary28-r2/yaintt-id.tex"",""start_line"":6108}",high
r014.backend.record,1.0.0,ttp.r014.relation.2129,relation,active,ttp.r014.yaintt,ttp.r014.yaintt,,und,2026-08-22T03:06:00+02:00,codex.r014.id-ID,,ttp.r014.unit.sec.indices.discussion.04,contains,ttp.r014.unit.sec.indices.wrapfigure.01,2129,"{""end_line"":5483,""path"":""authority/downloads/yaintt.tex"",""start_line"":5478}",high
r014.backend.record,1.0.0,ttp.r014.relation.2130,relation,active,ttp.r014.yaintt,ttp.r014.yaintt,,und,2026-08-22T03:06:00+02:00,codex.r014.id-ID,,ttp.r014.unit.sec.indices.wrapfigure.01,contains,ttp.r014.segment.502,2130,"{""end_line"":6114,""path"":""qa/review-candidates/boundary28-r2/yaintt-id.tex"",""start_line"":6109}",high
r014.backend.record,1.0.0,ttp.r014.relation.2131,relation,active,ttp.r014.yaintt,ttp.r014.yaintt,,und,2026-08-22T03:06:00+02:00,codex.r014.id-ID,,ttp.r014.unit.sec.indices.wrapfigure.01,illustrates,ttp.r014.unit.sec.indices.discussion.04,2131,"{""end_line"":5483,""path"":""authority/downloads/yaintt.tex"",""start_line"":5478}",high
r014.backend.record,1.0.0,ttp.r014.relation.2132,relation,active,ttp.r014.yaintt,ttp.r014.yaintt,,und,2026-08-22T03:06:00+02:00,codex.r014.id-ID,,ttp.r014.unit.sec.indices,contains,ttp.r014.unit.sec.indices.exercises,2132,"{""end_line"":5523,""path"":""authority/downloads/yaintt.tex"",""start_line"":5495}",high
r014.backend.record,1.0.0,ttp.r014.relation.2133,relation,active,ttp.r014.yaintt,ttp.r014.yaintt,,und,2026-08-22T03:06:00+02:00,codex.r014.id-ID,,ttp.r014.unit.sec.indices.exercises,contains,ttp.r014.segment.503,2133,"{""end_line"":6126,""path"":""qa/review-candidates/boundary28-r2/yaintt-id.tex"",""start_line"":6126}",high
r014.backend.record,1.0.0,ttp.r014.relation.2134,relation,active,ttp.r014.yaintt,ttp.r014.yaintt,,und,2026-08-22T03:06:00+02:00,codex.r014.id-ID,,ttp.r014.unit.sec.indices.exercises,contains,ttp.r014.unit.sec.indices.exercise.01,2134,"{""end_line"":5502,""path"":""authority/downloads/yaintt.tex"",""start_line"":5498}",high
r014.backend.record,1.0.0,ttp.r014.relation.2135,relation,active,ttp.r014.yaintt,ttp.r014.yaintt,,und,2026-08-22T03:06:00+02:00,codex.r014.id-ID,,ttp.r014.unit.sec.indices.exercise.01,contains,ttp.r014.segment.504,2135,"{""end_line"":6133,""path"":""qa/review-candidates/boundary28-r2/yaintt-id.tex"",""start_line"":6129}",high
r014.backend.record,1.0.0,ttp.r014.relation.2136,relation,active,ttp.r014.yaintt,ttp.r014.yaintt,,und,2026-08-22T03:06:00+02:00,codex.r014.id-ID,,ttp.r014.unit.sec.indices.exercises,contains,ttp.r014.unit.sec.indices.exercise.02,2136,"{""end_line"":5509,""path"":""authority/downloads/yaintt.tex"",""start_line"":5504}",high
r014.backend.record,1.0.0,ttp.r014.relation.2137,relation,active,ttp.r014.yaintt,ttp.r014.yaintt,,und,2026-08-22T03:06:00+02:00,codex.r014.id-ID,,ttp.r014.unit.sec.indices.exercise.02,contains,ttp.r014.segment.505,2137,"{""end_line"":6140,""path"":""qa/review-candidates/boundary28-r2/yaintt-id.tex"",""start_line"":6135}",high
r014.backend.record,1.0.0,ttp.r014.relation.2138,relation,active,ttp.r014.yaintt,ttp.r014.yaintt,,und,2026-08-22T03:06:00+02:00,codex.r014.id-ID,,ttp.r014.unit.sec.indices.exercises,contains,ttp.r014.unit.sec.indices.exercise.03,2138,"{""end_line"":5520,""path"":""authority/downloads/yaintt.tex"",""start_line"":5511}",high
r014.backend.record,1.0.0,ttp.r014.relation.2139,relation,active,ttp.r014.yaintt,ttp.r014.yaintt,,und,2026-08-22T03:06:00+02:00,codex.r014.id-ID,,ttp.r014.unit.sec.indices.exercise.03,contains,ttp.r014.segment.506,2139,"{""end_line"":6151,""path"":""qa/review-candidates/boundary28-r2/yaintt-id.tex"",""start_line"":6142}",high
r014.backend.record,1.0.0,ttp.r014.relation.2140,relation,active,ttp.r014.yaintt,ttp.r014.yaintt,,und,2026-08-22T03:06:00+02:00,codex.r014.id-ID,,ttp.r014.unit.id-id.chap.ieqdl,contains,ttp.r014.unit.id-id.sec.dhke,2140,"{""end_line"":5766,""path"":""authority/downloads/yaintt.tex"",""start_line"":5524}",high
r014.backend.record,1.0.0,ttp.r014.relation.2141,relation,active,ttp.r014.yaintt,ttp.r014.yaintt,,und,2026-08-22T03:06:00+02:00,codex.r014.id-ID,,ttp.r014.unit.id-id.sec.dhke,contains,ttp.r014.segment.507,2141,"{""end_line"":6165,""path"":""qa/review-candidates/boundary28-r2/yaintt-id.tex"",""start_line"":6165}",high
r014.backend.record,1.0.0,ttp.r014.relation.2142,relation,active,ttp.r014.yaintt,ttp.r014.yaintt,,und,2026-08-22T03:06:00+02:00,codex.r014.id-ID,,ttp.r014.unit.id-id.sec.dhke,supersedes,ttp.r014.unit.sec.dhke,2142,"{""end_line"":6417,""path"":""qa/review-candidates/boundary28-r2/yaintt-id.tex"",""start_line"":6165}",high
r014.backend.record,1.0.0,ttp.r014.relation.2143,relation,active,ttp.r014.yaintt,ttp.r014.yaintt,,und,2026-08-22T03:06:00+02:00,codex.r014.id-ID,,ttp.r014.unit.id-id.sec.dhke,translates,ttp.r014.unit.sec.dhke,2143,"{""end_line"":5766,""path"":""authority/downloads/yaintt.tex"",""start_line"":5524}",high
r014.backend.record,1.0.0,ttp.r014.relation.2144,relation,active,ttp.r014.yaintt,ttp.r014.yaintt,,und,2026-08-22T03:06:00+02:00,codex.r014.id-ID,,ttp.r014.unit.id-id.sec.dhke,contains,ttp.r014.unit.id-id.sec.dhke.discussion.01,2144,"{""end_line"":5537,""path"":""authority/downloads/yaintt.tex"",""start_line"":5526}",high
r014.backend.record,1.0.0,ttp.r014.relation.2145,relation,active,ttp.r014.yaintt,ttp.r014.yaintt,,und,2026-08-22T03:06:00+02:00,codex.r014.id-ID,,ttp.r014.unit.id-id.sec.dhke.discussion.01,contains,ttp.r014.segment.508,2145,"{""end_line"":6178,""path"":""qa/review-candidates/boundary28-r2/yaintt-id.tex"",""start_line"":6167}",high
r014.backend.record,1.0.0,ttp.r014.relation.2146,relation,active,ttp.r014.yaintt,ttp.r014.yaintt,,und,2026-08-22T03:06:00+02:00,codex.r014.id-ID,,ttp.r014.unit.id-id.sec.dhke,contains,ttp.r014.unit.id-id.sec.dhke.definition.01,2146,"{""end_line"":5555,""path"":""authority/downloads/yaintt.tex"",""start_line"":5538}",high
r014.backend.record,1.0.0,ttp.r014.relation.2147,relation,active,ttp.r014.yaintt,ttp.r014.yaintt,,und,2026-08-22T03:06:00+02:00,codex.r014.id-ID,,ttp.r014.unit.id-id.sec.dhke.definition.01,contains,ttp.r014.segment.509,2147,"{""end_line"":6198,""path"":""qa/review-candidates/boundary28-r2/yaintt-id.tex"",""start_line"":6179}",high
r014.backend.record,1.0.0,ttp.r014.relation.2148,relation,active,ttp.r014.yaintt,ttp.r014.yaintt,,und,2026-08-22T03:06:00+02:00,codex.r014.id-ID,,ttp.r014.unit.id-id.sec.dhke,contains,ttp.r014.unit.id-id.sec.dhke.discussion.02,2148,"{""end_line"":5559,""path"":""authority/downloads/yaintt.tex"",""start_line"":5557}",high
r014.backend.record,1.0.0,ttp.r014.relation.2149,relation,active,ttp.r014.yaintt,ttp.r014.yaintt,,und,2026-08-22T03:06:00+02:00,codex.r014.id-ID,,ttp.r014.unit.id-id.sec.dhke.discussion.02,contains,ttp.r014.segment.510,2149,"{""end_line"":6202,""path"":""qa/review-candidates/boundary28-r2/yaintt-id.tex"",""start_line"":6200}",high
r014.backend.record,1.0.0,ttp.r014.relation.2150,relation,active,ttp.r014.yaintt,ttp.r014.yaintt,,und,2026-08-22T03:06:00+02:00,codex.r014.id-ID,,ttp.r014.unit.id-id.sec.dhke,contains,ttp.r014.unit.id-id.sec.dhke.tabular.01,2150,"{""end_line"":5579,""path"":""authority/downloads/yaintt.tex"",""start_line"":5562}",high
r014.backend.record,1.0.0,ttp.r014.relation.2151,relation,active,ttp.r014.yaintt,ttp.r014.yaintt,,und,2026-08-22T03:06:00+02:00,codex.r014.id-ID,,ttp.r014.unit.id-id.sec.dhke.tabular.01,contains,ttp.r014.segment.511,2151,"{""end_line"":6223,""path"":""qa/review-candidates/boundary28-r2/yaintt-id.tex"",""start_line"":6206}",high
r014.backend.record,1.0.0,ttp.r014.relation.2152,relation,active,ttp.r014.yaintt,ttp.r014.yaintt,,und,2026-08-22T03:06:00+02:00,codex.r014.id-ID,,ttp.r014.unit.id-id.sec.dhke.tabular.01,illustrates,ttp.r014.unit.id-id.sec.dhke,2152,"{""end_line"":5579,""path"":""authority/downloads/yaintt.tex"",""start_line"":5562}",high
r014.backend.record,1.0.0,ttp.r014.relation.2153,relation,active,ttp.r014.yaintt,ttp.r014.yaintt,,und,2026-08-22T03:06:00+02:00,codex.r014.id-ID,,ttp.r014.unit.id-id.sec.dhke,contains,ttp.r014.unit.id-id.sec.dhke.proposition.01,2153,"{""end_line"":5585,""path"":""authority/downloads/yaintt.tex"",""start_line"":5582}",high
r014.backend.record,1.0.0,ttp.r014.relation.2154,relation,active,ttp.r014.yaintt,ttp.r014.yaintt,,und,2026-08-22T03:06:00+02:00,codex.r014.id-ID,,ttp.r014.unit.id-id.sec.dhke.proposition.01,contains,ttp.r014.segment.512,2154,"{""end_line"":6230,""path"":""qa/review-candidates/boundary28-r2/yaintt-id.tex"",""start_line"":6227}",high
r014.backend.record,1.0.0,ttp.r014.relation.2155,relation,active,ttp.r014.yaintt,ttp.r014.yaintt,,und,2026-08-22T03:06:00+02:00,codex.r014.id-ID,,ttp.r014.unit.id-id.sec.dhke.proposition.01,contains,ttp.r014.unit.id-id.sec.dhke.proof.01,2155,"{""end_line"":5595,""path"":""authority/downloads/yaintt.tex"",""start_line"":5586}",high
r014.backend.record,1.0.0,ttp.r014.relation.2156,relation,active,ttp.r014.yaintt,ttp.r014.yaintt,,und,2026-08-22T03:06:00+02:00,codex.r014.id-ID,,ttp.r014.unit.id-id.sec.dhke.proof.01,contains,ttp.r014.segment.513,2156,"{""end_line"":6241,""path"":""qa/review-candidates/boundary28-r2/yaintt-id.tex"",""start_line"":6231}",high
r014.backend.record,1.0.0,ttp.r014.relation.2157,relation,active,ttp.r014.yaintt,ttp.r014.yaintt,,und,2026-08-22T03:06:00+02:00,codex.r014.id-ID,,ttp.r014.unit.id-id.sec.dhke.proof.01,proves,ttp.r014.unit.id-id.sec.dhke.proposition.01,2157,"{""end_line"":5595,""path"":""authority/downloads/yaintt.tex"",""start_line"":5586}",high
r014.backend.record,1.0.0,ttp.r014.relation.2158,relation,active,ttp.r014.yaintt,ttp.r014.yaintt,,und,2026-08-22T03:06:00+02:00,codex.r014.id-ID,,ttp.r014.unit.id-id.sec.dhke,contains,ttp.r014.unit.id-id.sec.dhke.example.01,2158,"{""end_line"":5625,""path"":""authority/downloads/yaintt.tex"",""start_line"":5597}",high
r014.backend.record,1.0.0,ttp.r014.relation.2159,relation,active,ttp.r014.yaintt,ttp.r014.yaintt,,und,2026-08-22T03:06:00+02:00,codex.r014.id-ID,,ttp.r014.unit.id-id.sec.dhke.example.01,contains,ttp.r014.segment.514,2159,"{""end_line"":6272,""path"":""qa/review-candidates/boundary28-r2/yaintt-id.tex"",""start_line"":6243}",high
r014.backend.record,1.0.0,ttp.r014.relation.2160,relation,active,ttp.r014.yaintt,ttp.r014.yaintt,,und,2026-08-22T03:06:00+02:00,codex.r014.id-ID,,ttp.r014.unit.id-id.sec.dhke,contains,ttp.r014.unit.id-id.sec.dhke.discussion.03,2160,"{""end_line"":5644,""path"":""authority/downloads/yaintt.tex"",""start_line"":5627}",high
r014.backend.record,1.0.0,ttp.r014.relation.2161,relation,active,ttp.r014.yaintt,ttp.r014.yaintt,,und,2026-08-22T03:06:00+02:00,codex.r014.id-ID,,ttp.r014.unit.id-id.sec.dhke.discussion.03,contains,ttp.r014.segment.515,2161,"{""end_line"":6292,""path"":""qa/review-candidates/boundary28-r2/yaintt-id.tex"",""start_line"":6274}",high
r014.backend.record,1.0.0,ttp.r014.relation.2162,relation,active,ttp.r014.yaintt,ttp.r014.yaintt,,und,2026-08-22T03:06:00+02:00,codex.r014.id-ID,,ttp.r014.unit.id-id.sec.dhke,contains,ttp.r014.unit.id-id.sec.dhke.definition.02,2162,"{""end_line"":5648,""path"":""authority/downloads/yaintt.tex"",""start_line"":5645}",high
r014.backend.record,1.0.0,ttp.r014.relation.2163,relation,active,ttp.r014.yaintt,ttp.r014.yaintt,,und,2026-08-22T03:06:00+02:00,codex.r014.id-ID,,ttp.r014.unit.id-id.sec.dhke.definition.02,contains,ttp.r014.segment.516,2163,"{""end_line"":6296,""path"":""qa/review-candidates/boundary28-r2/yaintt-id.tex"",""start_line"":6293}",high
r014.backend.record,1.0.0,ttp.r014.relation.2164,relation,active,ttp.r014.yaintt,ttp.r014.yaintt,,und,2026-08-22T03:06:00+02:00,codex.r014.id-ID,,ttp.r014.unit.id-id.sec.dhke,contains,ttp.r014.unit.id-id.sec.dhke.discussion.04,2164,"{""end_line"":5655,""path"":""authority/downloads/yaintt.tex"",""start_line"":5649}",high
r014.backend.record,1.0.0,ttp.r014.relation.2165,relation,active,ttp.r014.yaintt,ttp.r014.yaintt,,und,2026-08-22T03:06:00+02:00,codex.r014.id-ID,,ttp.r014.unit.id-id.sec.dhke.discussion.04,contains,ttp.r014.segment.517,2165,"{""end_line"":6303,""path"":""qa/review-candidates/boundary28-r2/yaintt-id.tex"",""start_line"":6297}",high
r014.backend.record,1.0.0,ttp.r014.relation.2166,relation,active,ttp.r014.yaintt,ttp.r014.yaintt,,und,2026-08-22T03:06:00+02:00,codex.r014.id-ID,,ttp.r014.unit.id-id.sec.dhke,contains,ttp.r014.unit.id-id.sec.dhke.example.02,2166,"{""end_line"":5671,""path"":""authority/downloads/yaintt.tex"",""start_line"":5656}",high
r014.backend.record,1.0.0,ttp.r014.relation.2167,relation,active,ttp.r014.yaintt,ttp.r014.yaintt,,und,2026-08-22T03:06:00+02:00,codex.r014.id-ID,,ttp.r014.unit.id-id.sec.dhke.example.02,contains,ttp.r014.segment.518,2167,"{""end_line"":6320,""path"":""qa/review-candidates/boundary28-r2/yaintt-id.tex"",""start_line"":6304}",high
r014.backend.record,1.0.0,ttp.r014.relation.2168,relation,active,ttp.r014.yaintt,ttp.r014.yaintt,,und,2026-08-22T03:06:00+02:00,codex.r014.id-ID,,ttp.r014.unit.id-id.sec.dhke,contains,ttp.r014.unit.id-id.sec.dhke.discussion.05,2168,"{""end_line"":5693,""path"":""authority/downloads/yaintt.tex"",""start_line"":5673}",high
r014.backend.record,1.0.0,ttp.r014.relation.2169,relation,active,ttp.r014.yaintt,ttp.r014.yaintt,,und,2026-08-22T03:06:00+02:00,codex.r014.id-ID,,ttp.r014.unit.id-id.sec.dhke.discussion.05,contains,ttp.r014.segment.519,2169,"{""end_line"":6344,""path"":""qa/review-candidates/boundary28-r2/yaintt-id.tex"",""start_line"":6322}",high
r014.backend.record,1.0.0,ttp.r014.relation.2170,relation,active,ttp.r014.yaintt,ttp.r014.yaintt,,und,2026-08-22T03:06:00+02:00,codex.r014.id-ID,,ttp.r014.unit.id-id.sec.dhke,contains,ttp.r014.unit.id-id.sec.dhke.definition.03,2170,"{""end_line"":5708,""path"":""authority/downloads/yaintt.tex"",""start_line"":5694}",high
r014.backend.record,1.0.0,ttp.r014.relation.2171,relation,active,ttp.r014.yaintt,ttp.r014.yaintt,,und,2026-08-22T03:06:00+02:00,codex.r014.id-ID,,ttp.r014.unit.id-id.sec.dhke.definition.03,contains,ttp.r014.segment.520,2171,"{""end_line"":6357,""path"":""qa/review-candidates/boundary28-r2/yaintt-id.tex"",""start_line"":6345}",high
r014.backend.record,1.0.0,ttp.r014.relation.2172,relation,active,ttp.r014.yaintt,ttp.r014.yaintt,,und,2026-08-22T03:06:00+02:00,codex.r014.id-ID,,ttp.r014.unit.id-id.sec.dhke,contains,ttp.r014.unit.id-id.sec.dhke.discussion.06,2172,"{""end_line"":5723,""path"":""authority/downloads/yaintt.tex"",""start_line"":5709}",high
r014.backend.record,1.0.0,ttp.r014.relation.2173,relation,active,ttp.r014.yaintt,ttp.r014.yaintt,,und,2026-08-22T03:06:00+02:00,codex.r014.id-ID,,ttp.r014.unit.id-id.sec.dhke.discussion.06,contains,ttp.r014.segment.521,2173,"{""end_line"":6373,""path"":""qa/review-candidates/boundary28-r2/yaintt-id.tex"",""start_line"":6358}",high
r014.backend.record,1.0.0,ttp.r014.relation.2174,relation,active,ttp.r014.yaintt,ttp.r014.yaintt,,und,2026-08-22T03:06:00+02:00,codex.r014.id-ID,,ttp.r014.unit.id-id.sec.dhke,contains,ttp.r014.unit.id-id.sec.dhke.exercises,2174,"{""end_line"":5766,""path"":""authority/downloads/yaintt.tex"",""start_line"":5730}",high
r014.backend.record,1.0.0,ttp.r014.relation.2175,relation,active,ttp.r014.yaintt,ttp.r014.yaintt,,und,2026-08-22T03:06:00+02:00,codex.r014.id-ID,,ttp.r014.unit.id-id.sec.dhke.exercises,contains,ttp.r014.segment.522,2175,"{""end_line"":6380,""path"":""qa/review-candidates/boundary28-r2/yaintt-id.tex"",""start_line"":6380}",high
r014.backend.record,1.0.0,ttp.r014.relation.2176,relation,active,ttp.r014.yaintt,ttp.r014.yaintt,,und,2026-08-22T03:06:00+02:00,codex.r014.id-ID,,ttp.r014.unit.id-id.sec.dhke.exercises,contains,ttp.r014.unit.id-id.sec.dhke.exercise.01,2176,"{""end_line"":5740,""path"":""authority/downloads/yaintt.tex"",""start_line"":5733}",high
r014.backend.record,1.0.0,ttp.r014.relation.2177,relation,active,ttp.r014.yaintt,ttp.r014.yaintt,,und,2026-08-22T03:06:00+02:00,codex.r014.id-ID,,ttp.r014.unit.id-id.sec.dhke.exercise.01,contains,ttp.r014.segment.523,2177,"{""end_line"":6391,""path"":""qa/review-candidates/boundary28-r2/yaintt-id.tex"",""start_line"":6383}",high
r014.backend.record,1.0.0,ttp.r014.relation.2178,relation,active,ttp.r014.yaintt,ttp.r014.yaintt,,und,2026-08-22T03:06:00+02:00,codex.r014.id-ID,,ttp.r014.unit.id-id.sec.dhke.exercises,contains,ttp.r014.unit.id-id.sec.dhke.exercise.02,2178,"{""end_line"":5758,""path"":""authority/downloads/yaintt.tex"",""start_line"":5742}",high
r014.backend.record,1.0.0,ttp.r014.relation.2179,relation,active,ttp.r014.yaintt,ttp.r014.yaintt,,und,2026-08-22T03:06:00+02:00,codex.r014.id-ID,,ttp.r014.unit.id-id.sec.dhke.exercise.02,contains,ttp.r014.segment.524,2179,"{""end_line"":6409,""path"":""qa/review-candidates/boundary28-r2/yaintt-id.tex"",""start_line"":6393}",high
r014.backend.record,1.0.0,ttp.r014.relation.2180,relation,active,ttp.r014.yaintt,ttp.r014.yaintt,,und,2026-08-22T03:06:00+02:00,codex.r014.id-ID,,ttp.r014.unit.id-id.sec.dhke.exercises,contains,ttp.r014.unit.id-id.sec.dhke.exercise.03,2180,"{""end_line"":5763,""path"":""authority/downloads/yaintt.tex"",""start_line"":5760}",high
r014.backend.record,1.0.0,ttp.r014.relation.2181,relation,active,ttp.r014.yaintt,ttp.r014.yaintt,,und,2026-08-22T03:06:00+02:00,codex.r014.id-ID,,ttp.r014.unit.id-id.sec.dhke.exercise.03,contains,ttp.r014.segment.525,2181,"{""end_line"":6414,""path"":""qa/review-candidates/boundary28-r2/yaintt-id.tex"",""start_line"":6411}",high
r014.backend.record,1.0.0,ttp.r014.relation.2182,relation,active,ttp.r014.yaintt,ttp.r014.yaintt,,und,2026-08-22T03:06:00+02:00,codex.r014.id-ID,,ttp.r014.unit.id-id.chap.ieqdl,contains,ttp.r014.unit.id-id.sec.tegc,2182,"{""end_line"":5993,""path"":""authority/downloads/yaintt.tex"",""start_line"":5767}",high
r014.backend.record,1.0.0,ttp.r014.relation.2183,relation,active,ttp.r014.yaintt,ttp.r014.yaintt,,und,2026-08-22T03:06:00+02:00,codex.r014.id-ID,,ttp.r014.unit.id-id.sec.tegc,contains,ttp.r014.segment.526,2183,"{""end_line"":6428,""path"":""qa/review-candidates/boundary28-r2/yaintt-id.tex"",""start_line"":6428}",high
r014.backend.record,1.0.0,ttp.r014.relation.2184,relation,active,ttp.r014.yaintt,ttp.r014.yaintt,,und,2026-08-22T03:06:00+02:00,codex.r014.id-ID,,ttp.r014.unit.id-id.sec.tegc,supersedes,ttp.r014.unit.sec.tegc,2184,"{""end_line"":6671,""path"":""qa/review-candidates/boundary28-r2/yaintt-id.tex"",""start_line"":6428}",high
r014.backend.record,1.0.0,ttp.r014.relation.2185,relation,active,ttp.r014.yaintt,ttp.r014.yaintt,,und,2026-08-22T03:06:00+02:00,codex.r014.id-ID,,ttp.r014.unit.id-id.sec.tegc,translates,ttp.r014.unit.sec.tegc,2185,"{""end_line"":5993,""path"":""authority/downloads/yaintt.tex"",""start_line"":5767}",high
r014.backend.record,1.0.0,ttp.r014.relation.2186,relation,active,ttp.r014.yaintt,ttp.r014.yaintt,,und,2026-08-22T03:06:00+02:00,codex.r014.id-ID,,ttp.r014.unit.id-id.sec.tegc,contains,ttp.r014.unit.id-id.sec.tegc.discussion.01,2186,"{""end_line"":5793,""path"":""authority/downloads/yaintt.tex"",""start_line"":5769}",high
r014.backend.record,1.0.0,ttp.r014.relation.2187,relation,active,ttp.r014.yaintt,ttp.r014.yaintt,,und,2026-08-22T03:06:00+02:00,codex.r014.id-ID,,ttp.r014.unit.id-id.sec.tegc.discussion.01,contains,ttp.r014.segment.527,2187,"{""end_line"":6456,""path"":""qa/review-candidates/boundary28-r2/yaintt-id.tex"",""start_line"":6430}",high
r014.backend.record,1.0.0,ttp.r014.relation.2188,relation,active,ttp.r014.yaintt,ttp.r014.yaintt,,und,2026-08-22T03:06:00+02:00,codex.r014.id-ID,,ttp.r014.unit.id-id.sec.tegc,contains,ttp.r014.unit.id-id.sec.tegc.definition.01,2188,"{""end_line"":5823,""path"":""authority/downloads/yaintt.tex"",""start_line"":5794}",high
r014.backend.record,1.0.0,ttp.r014.relation.2189,relation,active,ttp.r014.yaintt,ttp.r014.yaintt,,und,2026-08-22T03:06:00+02:00,codex.r014.id-ID,,ttp.r014.unit.id-id.sec.tegc.definition.01,contains,ttp.r014.segment.528,2189,"{""end_line"":6489,""path"":""qa/review-candidates/boundary28-r2/yaintt-id.tex"",""start_line"":6457}",high
r014.backend.record,1.0.0,ttp.r014.relation.2190,relation,active,ttp.r014.yaintt,ttp.r014.yaintt,,und,2026-08-22T03:06:00+02:00,codex.r014.id-ID,,ttp.r014.unit.id-id.sec.tegc,contains,ttp.r014.unit.id-id.sec.tegc.discussion.02,2190,"{""end_line"":5827,""path"":""authority/downloads/yaintt.tex"",""start_line"":5824}",high
r014.backend.record,1.0.0,ttp.r014.relation.2191,relation,active,ttp.r014.yaintt,ttp.r014.yaintt,,und,2026-08-22T03:06:00+02:00,codex.r014.id-ID,,ttp.r014.unit.id-id.sec.tegc.discussion.02,contains,ttp.r014.segment.529,2191,"{""end_line"":6494,""path"":""qa/review-candidates/boundary28-r2/yaintt-id.tex"",""start_line"":6490}",high
r014.backend.record,1.0.0,ttp.r014.relation.2192,relation,active,ttp.r014.yaintt,ttp.r014.yaintt,,und,2026-08-22T03:06:00+02:00,codex.r014.id-ID,,ttp.r014.unit.id-id.sec.tegc,contains,ttp.r014.unit.id-id.sec.tegc.proposition.01,2192,"{""end_line"":5833,""path"":""authority/downloads/yaintt.tex"",""start_line"":5828}",high
r014.backend.record,1.0.0,ttp.r014.relation.2193,relation,active,ttp.r014.yaintt,ttp.r014.yaintt,,und,2026-08-22T03:06:00+02:00,codex.r014.id-ID,,ttp.r014.unit.id-id.sec.tegc.proposition.01,contains,ttp.r014.segment.530,2193,"{""end_line"":6500,""path"":""qa/review-candidates/boundary28-r2/yaintt-id.tex"",""start_line"":6495}",high
r014.backend.record,1.0.0,ttp.r014.relation.2194,relation,active,ttp.r014.yaintt,ttp.r014.yaintt,,und,2026-08-22T03:06:00+02:00,codex.r014.id-ID,,ttp.r014.unit.id-id.sec.tegc.proposition.01,contains,ttp.r014.unit.id-id.sec.tegc.proof.01,2194,"{""end_line"":5848,""path"":""authority/downloads/yaintt.tex"",""start_line"":5834}",high
r014.backend.record,1.0.0,ttp.r014.relation.2195,relation,active,ttp.r014.yaintt,ttp.r014.yaintt,,und,2026-08-22T03:06:00+02:00,codex.r014.id-ID,,ttp.r014.unit.id-id.sec.tegc.proof.01,contains,ttp.r014.segment.531,2195,"{""end_line"":6515,""path"":""qa/review-candidates/boundary28-r2/yaintt-id.tex"",""start_line"":6501}",high
r014.backend.record,1.0.0,ttp.r014.relation.2196,relation,active,ttp.r014.yaintt,ttp.r014.yaintt,,und,2026-08-22T03:06:00+02:00,codex.r014.id-ID,,ttp.r014.unit.id-id.sec.tegc.proof.01,proves,ttp.r014.unit.id-id.sec.tegc.proposition.01,2196,"{""end_line"":5848,""path"":""authority/downloads/yaintt.tex"",""start_line"":5834}",high
r014.backend.record,1.0.0,ttp.r014.relation.2197,relation,active,ttp.r014.yaintt,ttp.r014.yaintt,,und,2026-08-22T03:06:00+02:00,codex.r014.id-ID,,ttp.r014.unit.id-id.sec.tegc,contains,ttp.r014.unit.id-id.sec.tegc.discussion.03,2197,"{""end_line"":5852,""path"":""authority/downloads/yaintt.tex"",""start_line"":5850}",high
r014.backend.record,1.0.0,ttp.r014.relation.2198,relation,active,ttp.r014.yaintt,ttp.r014.yaintt,,und,2026-08-22T03:06:00+02:00,codex.r014.id-ID,,ttp.r014.unit.id-id.sec.tegc.discussion.03,contains,ttp.r014.segment.532,2198,"{""end_line"":6519,""path"":""qa/review-candidates/boundary28-r2/yaintt-id.tex"",""start_line"":6517}",high
r014.backend.record,1.0.0,ttp.r014.relation.2199,relation,active,ttp.r014.yaintt,ttp.r014.yaintt,,und,2026-08-22T03:06:00+02:00,codex.r014.id-ID,,ttp.r014.unit.id-id.sec.tegc,contains,ttp.r014.unit.id-id.sec.tegc.tabular.01,2199,"{""end_line"":5877,""path"":""authority/downloads/yaintt.tex"",""start_line"":5855}",high
r014.backend.record,1.0.0,ttp.r014.relation.2200,relation,active,ttp.r014.yaintt,ttp.r014.yaintt,,und,2026-08-22T03:06:00+02:00,codex.r014.id-ID,,ttp.r014.unit.id-id.sec.tegc.tabular.01,contains,ttp.r014.segment.533,2200,"{""end_line"":6545,""path"":""qa/review-candidates/boundary28-r2/yaintt-id.tex"",""start_line"":6523}",high
r014.backend.record,1.0.0,ttp.r014.relation.2201,relation,active,ttp.r014.yaintt,ttp.r014.yaintt,,und,2026-08-22T03:06:00+02:00,codex.r014.id-ID,,ttp.r014.unit.id-id.sec.tegc.tabular.01,illustrates,ttp.r014.unit.id-id.sec.tegc,2201,"{""end_line"":5877,""path"":""authority/downloads/yaintt.tex"",""start_line"":5855}",high
r014.backend.record,1.0.0,ttp.r014.relation.2202,relation,active,ttp.r014.yaintt,ttp.r014.yaintt,,und,2026-08-22T03:06:00+02:00,codex.r014.id-ID,,ttp.r014.unit.id-id.sec.tegc,contains,ttp.r014.unit.id-id.sec.tegc.discussion.04,2202,"{""end_line"":5884,""path"":""authority/downloads/yaintt.tex"",""start_line"":5880}",high
r014.backend.record,1.0.0,ttp.r014.relation.2203,relation,active,ttp.r014.yaintt,ttp.r014.yaintt,,und,2026-08-22T03:06:00+02:00,codex.r014.id-ID,,ttp.r014.unit.id-id.sec.tegc.discussion.04,contains,ttp.r014.segment.534,2203,"{""end_line"":6552,""path"":""qa/review-candidates/boundary28-r2/yaintt-id.tex"",""start_line"":6549}",high
r014.backend.record,1.0.0,ttp.r014.relation.2204,relation,active,ttp.r014.yaintt,ttp.r014.yaintt,,und,2026-08-22T03:06:00+02:00,codex.r014.id-ID,,ttp.r014.unit.id-id.sec.tegc,contains,ttp.r014.unit.id-id.sec.tegc.definition.02,2204,"{""end_line"":5898,""path"":""authority/downloads/yaintt.tex"",""start_line"":5885}",high
r014.backend.record,1.0.0,ttp.r014.relation.2205,relation,active,ttp.r014.yaintt,ttp.r014.yaintt,,und,2026-08-22T03:06:00+02:00,codex.r014.id-ID,,ttp.r014.unit.id-id.sec.tegc.definition.02,contains,ttp.r014.segment.535,2205,"{""end_line"":6567,""path"":""qa/review-candidates/boundary28-r2/yaintt-id.tex"",""start_line"":6553}",high
r014.backend.record,1.0.0,ttp.r014.relation.2206,relation,active,ttp.r014.yaintt,ttp.r014.yaintt,,und,2026-08-22T03:06:00+02:00,codex.r014.id-ID,,ttp.r014.unit.id-id.sec.tegc,contains,ttp.r014.unit.id-id.sec.tegc.discussion.05,2206,"{""end_line"":5902,""path"":""authority/downloads/yaintt.tex"",""start_line"":5899}",high
r014.backend.record,1.0.0,ttp.r014.relation.2207,relation,active,ttp.r014.yaintt,ttp.r014.yaintt,,und,2026-08-22T03:06:00+02:00,codex.r014.id-ID,,ttp.r014.unit.id-id.sec.tegc.discussion.05,contains,ttp.r014.segment.536,2207,"{""end_line"":6572,""path"":""qa/review-candidates/boundary28-r2/yaintt-id.tex"",""start_line"":6568}",high
r014.backend.record,1.0.0,ttp.r014.relation.2208,relation,active,ttp.r014.yaintt,ttp.r014.yaintt,,und,2026-08-22T03:06:00+02:00,codex.r014.id-ID,,ttp.r014.unit.id-id.sec.tegc,contains,ttp.r014.unit.id-id.sec.tegc.proposition.02,2208,"{""end_line"":5906,""path"":""authority/downloads/yaintt.tex"",""start_line"":5903}",high
r014.backend.record,1.0.0,ttp.r014.relation.2209,relation,active,ttp.r014.yaintt,ttp.r014.yaintt,,und,2026-08-22T03:06:00+02:00,codex.r014.id-ID,,ttp.r014.unit.id-id.sec.tegc.proposition.02,contains,ttp.r014.segment.537,2209,"{""end_line"":6576,""path"":""qa/review-candidates/boundary28-r2/yaintt-id.tex"",""start_line"":6573}",high
r014.backend.record,1.0.0,ttp.r014.relation.2210,relation,active,ttp.r014.yaintt,ttp.r014.yaintt,,und,2026-08-22T03:06:00+02:00,codex.r014.id-ID,,ttp.r014.unit.id-id.sec.tegc.proposition.02,contains,ttp.r014.unit.id-id.sec.tegc.proof.02,2210,"{""end_line"":5918,""path"":""authority/downloads/yaintt.tex"",""start_line"":5907}",high
r014.backend.record,1.0.0,ttp.r014.relation.2211,relation,active,ttp.r014.yaintt,ttp.r014.yaintt,,und,2026-08-22T03:06:00+02:00,codex.r014.id-ID,,ttp.r014.unit.id-id.sec.tegc.proof.02,contains,ttp.r014.segment.538,2211,"{""end_line"":6589,""path"":""qa/review-candidates/boundary28-r2/yaintt-id.tex"",""start_line"":6577}",high
r014.backend.record,1.0.0,ttp.r014.relation.2212,relation,active,ttp.r014.yaintt,ttp.r014.yaintt,,und,2026-08-22T03:06:00+02:00,codex.r014.id-ID,,ttp.r014.unit.id-id.sec.tegc.proof.02,proves,ttp.r014.unit.id-id.sec.tegc.proposition.02,2212,"{""end_line"":5918,""path"":""authority/downloads/yaintt.tex"",""start_line"":5907}",high
r014.backend.record,1.0.0,ttp.r014.relation.2213,relation,active,ttp.r014.yaintt,ttp.r014.yaintt,,und,2026-08-22T03:06:00+02:00,codex.r014.id-ID,,ttp.r014.unit.id-id.sec.tegc,contains,ttp.r014.unit.id-id.sec.tegc.discussion.06,2213,"{""end_line"":5922,""path"":""authority/downloads/yaintt.tex"",""start_line"":5920}",high
r014.backend.record,1.0.0,ttp.r014.relation.2214,relation,active,ttp.r014.yaintt,ttp.r014.yaintt,,und,2026-08-22T03:06:00+02:00,codex.r014.id-ID,,ttp.r014.unit.id-id.sec.tegc.discussion.06,contains,ttp.r014.segment.539,2214,"{""end_line"":6593,""path"":""qa/review-candidates/boundary28-r2/yaintt-id.tex"",""start_line"":6591}",high
r014.backend.record,1.0.0,ttp.r014.relation.2215,relation,active,ttp.r014.yaintt,ttp.r014.yaintt,,und,2026-08-22T03:06:00+02:00,codex.r014.id-ID,,ttp.r014.unit.id-id.sec.tegc,contains,ttp.r014.unit.id-id.sec.tegc.tabular.02,2215,"{""end_line"":5950,""path"":""authority/downloads/yaintt.tex"",""start_line"":5925}",high
r014.backend.record,1.0.0,ttp.r014.relation.2216,relation,active,ttp.r014.yaintt,ttp.r014.yaintt,,und,2026-08-22T03:06:00+02:00,codex.r014.id-ID,,ttp.r014.unit.id-id.sec.tegc.tabular.02,contains,ttp.r014.segment.540,2216,"{""end_line"":6622,""path"":""qa/review-candidates/boundary28-r2/yaintt-id.tex"",""start_line"":6597}",high
r014.backend.record,1.0.0,ttp.r014.relation.2217,relation,active,ttp.r014.yaintt,ttp.r014.yaintt,,und,2026-08-22T03:06:00+02:00,codex.r014.id-ID,,ttp.r014.unit.id-id.sec.tegc.tabular.02,illustrates,ttp.r014.unit.id-id.sec.tegc,2217,"{""end_line"":5950,""path"":""authority/downloads/yaintt.tex"",""start_line"":5925}",high
r014.backend.record,1.0.0,ttp.r014.relation.2218,relation,active,ttp.r014.yaintt,ttp.r014.yaintt,,und,2026-08-22T03:06:00+02:00,codex.r014.id-ID,,ttp.r014.unit.id-id.sec.tegc,contains,ttp.r014.unit.id-id.sec.tegc.exercises,2218,"{""end_line"":5993,""path"":""authority/downloads/yaintt.tex"",""start_line"":5958}",high
r014.backend.record,1.0.0,ttp.r014.relation.2219,relation,active,ttp.r014.yaintt,ttp.r014.yaintt,,und,2026-08-22T03:06:00+02:00,codex.r014.id-ID,,ttp.r014.unit.id-id.sec.tegc.exercises,contains,ttp.r014.segment.541,2219,"{""end_line"":6631,""path"":""qa/review-candidates/boundary28-r2/yaintt-id.tex"",""start_line"":6631}",high
r014.backend.record,1.0.0,ttp.r014.relation.2220,relation,active,ttp.r014.yaintt,ttp.r014.yaintt,,und,2026-08-22T03:06:00+02:00,codex.r014.id-ID,,ttp.r014.unit.id-id.sec.tegc.exercises,contains,ttp.r014.unit.id-id.sec.tegc.exercise.01,2220,"{""end_line"":5971,""path"":""authority/downloads/yaintt.tex"",""start_line"":5961}",high
r014.backend.record,1.0.0,ttp.r014.relation.2221,relation,active,ttp.r014.yaintt,ttp.r014.yaintt,,und,2026-08-22T03:06:00+02:00,codex.r014.id-ID,,ttp.r014.unit.id-id.sec.tegc.exercise.01,contains,ttp.r014.segment.542,2221,"{""end_line"":6645,""path"":""qa/review-candidates/boundary28-r2/yaintt-id.tex"",""start_line"":6634}",high
r014.backend.record,1.0.0,ttp.r014.relation.2222,relation,active,ttp.r014.yaintt,ttp.r014.yaintt,,und,2026-08-22T03:06:00+02:00,codex.r014.id-ID,,ttp.r014.unit.id-id.sec.tegc.exercises,contains,ttp.r014.unit.id-id.sec.tegc.exercise.02,2222,"{""end_line"":5983,""path"":""authority/downloads/yaintt.tex"",""start_line"":5973}",high
r014.backend.record,1.0.0,ttp.r014.relation.2223,relation,active,ttp.r014.yaintt,ttp.r014.yaintt,,und,2026-08-22T03:06:00+02:00,codex.r014.id-ID,,ttp.r014.unit.id-id.sec.tegc.exercise.02,contains,ttp.r014.segment.543,2223,"{""end_line"":6660,""path"":""qa/review-candidates/boundary28-r2/yaintt-id.tex"",""start_line"":6647}",high
r014.backend.record,1.0.0,ttp.r014.relation.2224,relation,active,ttp.r014.yaintt,ttp.r014.yaintt,,und,2026-08-22T03:06:00+02:00,codex.r014.id-ID,,ttp.r014.unit.id-id.sec.tegc.exercises,contains,ttp.r014.unit.id-id.sec.tegc.exercise.03,2224,"{""end_line"":5992,""path"":""authority/downloads/yaintt.tex"",""start_line"":5985}",high
r014.backend.record,1.0.0,ttp.r014.relation.2225,relation,active,ttp.r014.yaintt,ttp.r014.yaintt,,und,2026-08-22T03:06:00+02:00,codex.r014.id-ID,,ttp.r014.unit.id-id.sec.tegc.exercise.03,contains,ttp.r014.segment.544,2225,"{""end_line"":6670,""path"":""qa/review-candidates/boundary28-r2/yaintt-id.tex"",""start_line"":6662}",high
r014.backend.record,1.0.0,ttp.r014.relation.2226,relation,active,ttp.r014.yaintt,ttp.r014.yaintt,,und,2026-08-22T03:06:00+02:00,codex.r014.id-ID,,ttp.r014.unit.chap.pns,precedes,ttp.r014.unit.id-id.chap.crypto,2226,"{""end_line"":2788,""path"":""authority/downloads/yaintt.tex"",""start_line"":2211}",high
r014.backend.record,1.0.0,ttp.r014.relation.2227,relation,active,ttp.r014.yaintt,ttp.r014.yaintt,,und,2026-08-22T03:06:00+02:00,codex.r014.id-ID,,ttp.r014.unit.id-id.chap.crypto,precedes,ttp.r014.unit.id-id.chap.ieqdl,2227,"{""end_line"":4477,""path"":""authority/downloads/yaintt.tex"",""start_line"":2788}",high
r014.backend.record,1.0.0,ttp.r014.relation.2228,relation,active,ttp.r014.yaintt,ttp.r014.yaintt,,und,2026-08-22T03:06:00+02:00,codex.r014.id-ID,,ttp.r014.unit.sec.batfta,precedes,ttp.r014.unit.sec.wt,2228,"{""end_line"":2373,""path"":""authority/downloads/yaintt.tex"",""start_line"":2220}",high
r014.backend.record,1.0.0,ttp.r014.relation.2229,relation,active,ttp.r014.yaintt,ttp.r014.yaintt,,und,2026-08-22T03:06:00+02:00,codex.r014.id-ID,,ttp.r014.unit.sec.wt,precedes,ttp.r014.unit.sec.moaa,2229,"{""end_line"":2457,""path"":""authority/downloads/yaintt.tex"",""start_line"":2373}",high
r014.backend.record,1.0.0,ttp.r014.relation.2230,relation,active,ttp.r014.yaintt,ttp.r014.yaintt,,und,2026-08-22T03:06:00+02:00,codex.r014.id-ID,,ttp.r014.unit.sec.moaa,precedes,ttp.r014.unit.sec.aatflaet,2230,"{""end_line"":2664,""path"":""authority/downloads/yaintt.tex"",""start_line"":2457}",high
r014.backend.record,1.0.0,ttp.r014.relation.2231,relation,active,ttp.r014.yaintt,ttp.r014.yaintt,,und,2026-08-22T03:06:00+02:00,codex.r014.id-ID,,ttp.r014.unit.sec.batfta.discussion.01,precedes,ttp.r014.unit.sec.batfta.discussion.02,2231,"{""end_line"":2222,""path"":""authority/downloads/yaintt.tex"",""start_line"":2213}",high
r014.backend.record,1.0.0,ttp.r014.relation.2232,relation,active,ttp.r014.yaintt,ttp.r014.yaintt,,und,2026-08-22T03:06:00+02:00,codex.r014.id-ID,,ttp.r014.unit.sec.batfta.discussion.02,precedes,ttp.r014.unit.sec.batfta.definition.01,2232,"{""end_line"":2225,""path"":""authority/downloads/yaintt.tex"",""start_line"":2222}",high
r014.backend.record,1.0.0,ttp.r014.relation.2233,relation,active,ttp.r014.yaintt,ttp.r014.yaintt,,und,2026-08-22T03:06:00+02:00,codex.r014.id-ID,,ttp.r014.unit.sec.batfta.definition.01,precedes,ttp.r014.unit.sec.batfta.example.01,2233,"{""end_line"":2230,""path"":""authority/downloads/yaintt.tex"",""start_line"":2225}",high
r014.backend.record,1.0.0,ttp.r014.relation.2234,relation,active,ttp.r014.yaintt,ttp.r014.yaintt,,und,2026-08-22T03:06:00+02:00,codex.r014.id-ID,,ttp.r014.unit.sec.batfta.example.01,precedes,ttp.r014.unit.sec.batfta.definition.02,2234,"{""end_line"":2244,""path"":""authority/downloads/yaintt.tex"",""start_line"":2230}",high
r014.backend.record,1.0.0,ttp.r014.relation.2235,relation,active,ttp.r014.yaintt,ttp.r014.yaintt,,und,2026-08-22T03:06:00+02:00,codex.r014.id-ID,,ttp.r014.unit.sec.batfta.definition.02,precedes,ttp.r014.unit.sec.batfta.discussion.03,2235,"{""end_line"":2249,""path"":""authority/downloads/yaintt.tex"",""start_line"":2244}",high
r014.backend.record,1.0.0,ttp.r014.relation.2236,relation,active,ttp.r014.yaintt,ttp.r014.yaintt,,und,2026-08-22T03:06:00+02:00,codex.r014.id-ID,,ttp.r014.unit.sec.batfta.discussion.03,precedes,ttp.r014.unit.sec.batfta.theorem.01,2236,"{""end_line"":2254,""path"":""authority/downloads/yaintt.tex"",""start_line"":2249}",high
r014.backend.record,1.0.0,ttp.r014.relation.2237,relation,active,ttp.r014.yaintt,ttp.r014.yaintt,,und,2026-08-22T03:06:00+02:00,codex.r014.id-ID,,ttp.r014.unit.sec.batfta.theorem.01,precedes,ttp.r014.unit.sec.batfta.discussion.04,2237,"{""end_line"":2270,""path"":""authority/downloads/yaintt.tex"",""start_line"":2254}",high
r014.backend.record,1.0.0,ttp.r014.relation.2238,relation,active,ttp.r014.yaintt,ttp.r014.yaintt,,und,2026-08-22T03:06:00+02:00,codex.r014.id-ID,,ttp.r014.unit.sec.batfta.discussion.04,precedes,ttp.r014.unit.sec.batfta.proposition.01,2238,"{""end_line"":2275,""path"":""authority/downloads/yaintt.tex"",""start_line"":2270}",high
r014.backend.record,1.0.0,ttp.r014.relation.2239,relation,active,ttp.r014.yaintt,ttp.r014.yaintt,,und,2026-08-22T03:06:00+02:00,codex.r014.id-ID,,ttp.r014.unit.sec.batfta.proposition.01,precedes,ttp.r014.unit.sec.batfta.discussion.05,2239,"{""end_line"":2288,""path"":""authority/downloads/yaintt.tex"",""start_line"":2275}",high
r014.backend.record,1.0.0,ttp.r014.relation.2240,relation,active,ttp.r014.yaintt,ttp.r014.yaintt,,und,2026-08-22T03:06:00+02:00,codex.r014.id-ID,,ttp.r014.unit.sec.batfta.discussion.05,precedes,ttp.r014.unit.sec.batfta.corollary.01,2240,"{""end_line"":2291,""path"":""authority/downloads/yaintt.tex"",""start_line"":2288}",high
r014.backend.record,1.0.0,ttp.r014.relation.2241,relation,active,ttp.r014.yaintt,ttp.r014.yaintt,,und,2026-08-22T03:06:00+02:00,codex.r014.id-ID,,ttp.r014.unit.sec.batfta.corollary.01,precedes,ttp.r014.unit.sec.batfta.discussion.06,2241,"{""end_line"":2300,""path"":""authority/downloads/yaintt.tex"",""start_line"":2291}",high
r014.backend.record,1.0.0,ttp.r014.relation.2242,relation,active,ttp.r014.yaintt,ttp.r014.yaintt,,und,2026-08-22T03:06:00+02:00,codex.r014.id-ID,,ttp.r014.unit.sec.batfta.discussion.06,precedes,ttp.r014.unit.sec.batfta.theorem.02,2242,"{""end_line"":2303,""path"":""authority/downloads/yaintt.tex"",""start_line"":2300}",high
r014.backend.record,1.0.0,ttp.r014.relation.2243,relation,active,ttp.r014.yaintt,ttp.r014.yaintt,,und,2026-08-22T03:06:00+02:00,codex.r014.id-ID,,ttp.r014.unit.sec.batfta.theorem.02,precedes,ttp.r014.unit.sec.batfta.exercises,2243,"{""end_line"":2354,""path"":""authority/downloads/yaintt.tex"",""start_line"":2303}",high
r014.backend.record,1.0.0,ttp.r014.relation.2244,relation,active,ttp.r014.yaintt,ttp.r014.yaintt,,und,2026-08-22T03:06:00+02:00,codex.r014.id-ID,,ttp.r014.unit.sec.batfta.exercise.01,precedes,ttp.r014.unit.sec.batfta.exercise.02,2244,"{""end_line"":2360,""path"":""authority/downloads/yaintt.tex"",""start_line"":2357}",high
r014.backend.record,1.0.0,ttp.r014.relation.2245,relation,active,ttp.r014.yaintt,ttp.r014.yaintt,,und,2026-08-22T03:06:00+02:00,codex.r014.id-ID,,ttp.r014.unit.sec.batfta.exercise.02,precedes,ttp.r014.unit.sec.batfta.exercise.03,2245,"{""end_line"":2364,""path"":""authority/downloads/yaintt.tex"",""start_line"":2360}",high
r014.backend.record,1.0.0,ttp.r014.relation.2246,relation,active,ttp.r014.yaintt,ttp.r014.yaintt,,und,2026-08-22T03:06:00+02:00,codex.r014.id-ID,,ttp.r014.unit.sec.wt.discussion.01,precedes,ttp.r014.unit.sec.wt.lemma.01,2246,"{""end_line"":2382,""path"":""authority/downloads/yaintt.tex"",""start_line"":2375}",high
r014.backend.record,1.0.0,ttp.r014.relation.2247,relation,active,ttp.r014.yaintt,ttp.r014.yaintt,,und,2026-08-22T03:06:00+02:00,codex.r014.id-ID,,ttp.r014.unit.sec.wt.lemma.01,precedes,ttp.r014.unit.sec.wt.discussion.02,2247,"{""end_line"":2398,""path"":""authority/downloads/yaintt.tex"",""start_line"":2382}",high
r014.backend.record,1.0.0,ttp.r014.relation.2248,relation,active,ttp.r014.yaintt,ttp.r014.yaintt,,und,2026-08-22T03:06:00+02:00,codex.r014.id-ID,,ttp.r014.unit.sec.wt.discussion.02,precedes,ttp.r014.unit.sec.wt.theorem.01,2248,"{""end_line"":2401,""path"":""authority/downloads/yaintt.tex"",""start_line"":2398}",high
r014.backend.record,1.0.0,ttp.r014.relation.2249,relation,active,ttp.r014.yaintt,ttp.r014.yaintt,,und,2026-08-22T03:06:00+02:00,codex.r014.id-ID,,ttp.r014.unit.sec.wt.theorem.01,precedes,ttp.r014.unit.sec.wt.example.01,2249,"{""end_line"":2430,""path"":""authority/downloads/yaintt.tex"",""start_line"":2401}",high
r014.backend.record,1.0.0,ttp.r014.relation.2250,relation,active,ttp.r014.yaintt,ttp.r014.yaintt,,und,2026-08-22T03:06:00+02:00,codex.r014.id-ID,,ttp.r014.unit.sec.wt.example.01,precedes,ttp.r014.unit.sec.wt.discussion.03,2250,"{""end_line"":2447,""path"":""authority/downloads/yaintt.tex"",""start_line"":2430}",high
r014.backend.record,1.0.0,ttp.r014.relation.2251,relation,active,ttp.r014.yaintt,ttp.r014.yaintt,,und,2026-08-22T03:06:00+02:00,codex.r014.id-ID,,ttp.r014.unit.sec.moaa.discussion.01,precedes,ttp.r014.unit.sec.moaa.definition.01,2251,"{""end_line"":2468,""path"":""authority/downloads/yaintt.tex"",""start_line"":2460}",high
r014.backend.record,1.0.0,ttp.r014.relation.2252,relation,active,ttp.r014.yaintt,ttp.r014.yaintt,,und,2026-08-22T03:06:00+02:00,codex.r014.id-ID,,ttp.r014.unit.sec.moaa.definition.01,precedes,ttp.r014.unit.sec.moaa.discussion.02,2252,"{""end_line"":2478,""path"":""authority/downloads/yaintt.tex"",""start_line"":2468}",high
r014.backend.record,1.0.0,ttp.r014.relation.2253,relation,active,ttp.r014.yaintt,ttp.r014.yaintt,,und,2026-08-22T03:06:00+02:00,codex.r014.id-ID,,ttp.r014.unit.sec.moaa.discussion.02,precedes,ttp.r014.unit.sec.moaa.proposition.01,2253,"{""end_line"":2482,""path"":""authority/downloads/yaintt.tex"",""start_line"":2478}",high
r014.backend.record,1.0.0,ttp.r014.relation.2254,relation,active,ttp.r014.yaintt,ttp.r014.yaintt,,und,2026-08-22T03:06:00+02:00,codex.r014.id-ID,,ttp.r014.unit.sec.moaa.proposition.01,precedes,ttp.r014.unit.sec.moaa.discussion.03,2254,"{""end_line"":2515,""path"":""authority/downloads/yaintt.tex"",""start_line"":2482}",high
r014.backend.record,1.0.0,ttp.r014.relation.2255,relation,active,ttp.r014.yaintt,ttp.r014.yaintt,,und,2026-08-22T03:06:00+02:00,codex.r014.id-ID,,ttp.r014.unit.sec.moaa.discussion.03,precedes,ttp.r014.unit.sec.moaa.theorem.01,2255,"{""end_line"":2519,""path"":""authority/downloads/yaintt.tex"",""start_line"":2515}",high
r014.backend.record,1.0.0,ttp.r014.relation.2256,relation,active,ttp.r014.yaintt,ttp.r014.yaintt,,und,2026-08-22T03:06:00+02:00,codex.r014.id-ID,,ttp.r014.unit.sec.moaa.theorem.01,precedes,ttp.r014.unit.sec.moaa.discussion.04,2256,"{""end_line"":2577,""path"":""authority/downloads/yaintt.tex"",""start_line"":2519}",high
r014.backend.record,1.0.0,ttp.r014.relation.2257,relation,active,ttp.r014.yaintt,ttp.r014.yaintt,,und,2026-08-22T03:06:00+02:00,codex.r014.id-ID,,ttp.r014.unit.sec.moaa.discussion.04,precedes,ttp.r014.unit.sec.moaa.theorem.02,2257,"{""end_line"":2582,""path"":""authority/downloads/yaintt.tex"",""start_line"":2577}",high
r014.backend.record,1.0.0,ttp.r014.relation.2258,relation,active,ttp.r014.yaintt,ttp.r014.yaintt,,und,2026-08-22T03:06:00+02:00,codex.r014.id-ID,,ttp.r014.unit.sec.moaa.theorem.02,precedes,ttp.r014.unit.sec.moaa.corollary.01,2258,"{""end_line"":2598,""path"":""authority/downloads/yaintt.tex"",""start_line"":2582}",high
r014.backend.record,1.0.0,ttp.r014.relation.2259,relation,active,ttp.r014.yaintt,ttp.r014.yaintt,,und,2026-08-22T03:06:00+02:00,codex.r014.id-ID,,ttp.r014.unit.sec.moaa.corollary.01,precedes,ttp.r014.unit.sec.moaa.discussion.05,2259,"{""end_line"":2608,""path"":""authority/downloads/yaintt.tex"",""start_line"":2598}",high
r014.backend.record,1.0.0,ttp.r014.relation.2260,relation,active,ttp.r014.yaintt,ttp.r014.yaintt,,und,2026-08-22T03:06:00+02:00,codex.r014.id-ID,,ttp.r014.unit.sec.moaa.discussion.05,precedes,ttp.r014.unit.sec.moaa.theorem.03,2260,"{""end_line"":2611,""path"":""authority/downloads/yaintt.tex"",""start_line"":2608}",high
r014.backend.record,1.0.0,ttp.r014.relation.2261,relation,active,ttp.r014.yaintt,ttp.r014.yaintt,,und,2026-08-22T03:06:00+02:00,codex.r014.id-ID,,ttp.r014.unit.sec.moaa.theorem.03,precedes,ttp.r014.unit.sec.moaa.exercises,2261,"{""end_line"":2631,""path"":""authority/downloads/yaintt.tex"",""start_line"":2611}",high
r014.backend.record,1.0.0,ttp.r014.relation.2262,relation,active,ttp.r014.yaintt,ttp.r014.yaintt,,und,2026-08-22T03:06:00+02:00,codex.r014.id-ID,,ttp.r014.unit.sec.moaa.exercise.01,precedes,ttp.r014.unit.sec.moaa.exercise.02,2262,"{""end_line"":2638,""path"":""authority/downloads/yaintt.tex"",""start_line"":2634}",high
r014.backend.record,1.0.0,ttp.r014.relation.2263,relation,active,ttp.r014.yaintt,ttp.r014.yaintt,,und,2026-08-22T03:06:00+02:00,codex.r014.id-ID,,ttp.r014.unit.sec.moaa.exercise.02,precedes,ttp.r014.unit.sec.moaa.exercise.03,2263,"{""end_line"":2642,""path"":""authority/downloads/yaintt.tex"",""start_line"":2638}",high
r014.backend.record,1.0.0,ttp.r014.relation.2264,relation,active,ttp.r014.yaintt,ttp.r014.yaintt,,und,2026-08-22T03:06:00+02:00,codex.r014.id-ID,,ttp.r014.unit.sec.moaa.exercise.03,precedes,ttp.r014.unit.sec.moaa.exercise.04,2264,"{""end_line"":2655,""path"":""authority/downloads/yaintt.tex"",""start_line"":2642}",high
r014.backend.record,1.0.0,ttp.r014.relation.2265,relation,active,ttp.r014.yaintt,ttp.r014.yaintt,,und,2026-08-22T03:06:00+02:00,codex.r014.id-ID,,ttp.r014.unit.sec.aatflaet.discussion.01,precedes,ttp.r014.unit.sec.aatflaet.theorem.01,2265,"{""end_line"":2675,""path"":""authority/downloads/yaintt.tex"",""start_line"":2667}",high
r014.backend.record,1.0.0,ttp.r014.relation.2266,relation,active,ttp.r014.yaintt,ttp.r014.yaintt,,und,2026-08-22T03:06:00+02:00,codex.r014.id-ID,,ttp.r014.unit.sec.aatflaet.theorem.01,precedes,ttp.r014.unit.sec.aatflaet.discussion.02,2266,"{""end_line"":2719,""path"":""authority/downloads/yaintt.tex"",""start_line"":2675}",high
r014.backend.record,1.0.0,ttp.r014.relation.2267,relation,active,ttp.r014.yaintt,ttp.r014.yaintt,,und,2026-08-22T03:06:00+02:00,codex.r014.id-ID,,ttp.r014.unit.sec.aatflaet.discussion.02,precedes,ttp.r014.unit.sec.aatflaet.theorem.02,2267,"{""end_line"":2724,""path"":""authority/downloads/yaintt.tex"",""start_line"":2719}",high
r014.backend.record,1.0.0,ttp.r014.relation.2268,relation,active,ttp.r014.yaintt,ttp.r014.yaintt,,und,2026-08-22T03:06:00+02:00,codex.r014.id-ID,,ttp.r014.unit.sec.aatflaet.theorem.02,precedes,ttp.r014.unit.sec.aatflaet.exercises,2268,"{""end_line"":2780,""path"":""authority/downloads/yaintt.tex"",""start_line"":2724}",high
r014.backend.record,1.0.0,ttp.r014.relation.2269,relation,active,ttp.r014.yaintt,ttp.r014.yaintt,,und,2026-08-22T03:06:00+02:00,codex.r014.id-ID,,ttp.r014.unit.sec.ssh,precedes,ttp.r014.unit.sec.ccaiv,2269,"{""end_line"":3065,""path"":""authority/downloads/yaintt.tex"",""start_line"":2832}",high
r014.backend.record,1.0.0,ttp.r014.relation.2270,relation,active,ttp.r014.yaintt,ttp.r014.yaintt,,und,2026-08-22T03:06:00+02:00,codex.r014.id-ID,,ttp.r014.unit.sec.ccaiv,precedes,ttp.r014.unit.sec.frequency,2270,"{""end_line"":3282,""path"":""authority/downloads/yaintt.tex"",""start_line"":3065}",high
r014.backend.record,1.0.0,ttp.r014.relation.2271,relation,active,ttp.r014.yaintt,ttp.r014.yaintt,,und,2026-08-22T03:06:00+02:00,codex.r014.id-ID,,ttp.r014.unit.sec.frequency,precedes,ttp.r014.unit.sec.rsa,2271,"{""end_line"":3625,""path"":""authority/downloads/yaintt.tex"",""start_line"":3282}",high
r014.backend.record,1.0.0,ttp.r014.relation.2272,relation,active,ttp.r014.yaintt,ttp.r014.yaintt,,und,2026-08-22T03:06:00+02:00,codex.r014.id-ID,,ttp.r014.unit.sec.rsa,precedes,ttp.r014.unit.sec.digital-signatures,2272,"{""end_line"":4097,""path"":""authority/downloads/yaintt.tex"",""start_line"":3625}",high
r014.backend.record,1.0.0,ttp.r014.relation.2273,relation,active,ttp.r014.yaintt,ttp.r014.yaintt,,und,2026-08-22T03:06:00+02:00,codex.r014.id-ID,,ttp.r014.unit.sec.digital-signatures,precedes,ttp.r014.unit.sec.mitm-certificates-trust,2273,"{""end_line"":4320,""path"":""authority/downloads/yaintt.tex"",""start_line"":4097}",high
r014.backend.record,1.0.0,ttp.r014.relation.2274,relation,active,ttp.r014.yaintt,ttp.r014.yaintt,,und,2026-08-22T03:06:00+02:00,codex.r014.id-ID,,ttp.r014.unit.sec.ssh.discussion.01,precedes,ttp.r014.unit.sec.ssh.discussion.02,2274,"{""end_line"":2816,""path"":""authority/downloads/yaintt.tex"",""start_line"":2790}",high
r014.backend.record,1.0.0,ttp.r014.relation.2275,relation,active,ttp.r014.yaintt,ttp.r014.yaintt,,und,2026-08-22T03:06:00+02:00,codex.r014.id-ID,,ttp.r014.unit.sec.ssh.discussion.02,precedes,ttp.r014.unit.sec.ssh.discussion.03,2275,"{""end_line"":2835,""path"":""authority/downloads/yaintt.tex"",""start_line"":2816}",high
r014.backend.record,1.0.0,ttp.r014.relation.2276,relation,active,ttp.r014.yaintt,ttp.r014.yaintt,,und,2026-08-22T03:06:00+02:00,codex.r014.id-ID,,ttp.r014.unit.sec.ssh.discussion.03,precedes,ttp.r014.unit.sec.ssh.definition.01,2276,"{""end_line"":2875,""path"":""authority/downloads/yaintt.tex"",""start_line"":2835}",high
r014.backend.record,1.0.0,ttp.r014.relation.2277,relation,active,ttp.r014.yaintt,ttp.r014.yaintt,,und,2026-08-22T03:06:00+02:00,codex.r014.id-ID,,ttp.r014.unit.sec.ssh.definition.01,precedes,ttp.r014.unit.sec.ssh.definition.02,2277,"{""end_line"":2883,""path"":""authority/downloads/yaintt.tex"",""start_line"":2875}",high
r014.backend.record,1.0.0,ttp.r014.relation.2278,relation,active,ttp.r014.yaintt,ttp.r014.yaintt,,und,2026-08-22T03:06:00+02:00,codex.r014.id-ID,,ttp.r014.unit.sec.ssh.definition.02,precedes,ttp.r014.unit.sec.ssh.definition.03,2278,"{""end_line"":2890,""path"":""authority/downloads/yaintt.tex"",""start_line"":2883}",high
r014.backend.record,1.0.0,ttp.r014.relation.2279,relation,active,ttp.r014.yaintt,ttp.r014.yaintt,,und,2026-08-22T03:06:00+02:00,codex.r014.id-ID,,ttp.r014.unit.sec.ssh.definition.03,precedes,ttp.r014.unit.sec.ssh.definition.04,2279,"{""end_line"":2897,""path"":""authority/downloads/yaintt.tex"",""start_line"":2890}",high
r014.backend.record,1.0.0,ttp.r014.relation.2280,relation,active,ttp.r014.yaintt,ttp.r014.yaintt,,und,2026-08-22T03:06:00+02:00,codex.r014.id-ID,,ttp.r014.unit.sec.ssh.definition.04,precedes,ttp.r014.unit.sec.ssh.discussion.04,2280,"{""end_line"":2902,""path"":""authority/downloads/yaintt.tex"",""start_line"":2897}",high
r014.backend.record,1.0.0,ttp.r014.relation.2281,relation,active,ttp.r014.yaintt,ttp.r014.yaintt,,und,2026-08-22T03:06:00+02:00,codex.r014.id-ID,,ttp.r014.unit.sec.ssh.discussion.04,precedes,ttp.r014.unit.sec.ssh.figure.01,2281,"{""end_line"":2924,""path"":""authority/downloads/yaintt.tex"",""start_line"":2902}",high
r014.backend.record,1.0.0,ttp.r014.relation.2282,relation,active,ttp.r014.yaintt,ttp.r014.yaintt,,und,2026-08-22T03:06:00+02:00,codex.r014.id-ID,,ttp.r014.unit.sec.ssh.figure.01,precedes,ttp.r014.unit.sec.ssh.discussion.05,2282,"{""end_line"":2940,""path"":""authority/downloads/yaintt.tex"",""start_line"":2924}",high
r014.backend.record,1.0.0,ttp.r014.relation.2283,relation,active,ttp.r014.yaintt,ttp.r014.yaintt,,und,2026-08-22T03:06:00+02:00,codex.r014.id-ID,,ttp.r014.unit.sec.ssh.discussion.05,precedes,ttp.r014.unit.sec.ssh.definition.05,2283,"{""end_line"":2943,""path"":""authority/downloads/yaintt.tex"",""start_line"":2940}",high
r014.backend.record,1.0.0,ttp.r014.relation.2284,relation,active,ttp.r014.yaintt,ttp.r014.yaintt,,und,2026-08-22T03:06:00+02:00,codex.r014.id-ID,,ttp.r014.unit.sec.ssh.definition.05,precedes,ttp.r014.unit.sec.ssh.definition.06,2284,"{""end_line"":2949,""path"":""authority/downloads/yaintt.tex"",""start_line"":2943}",high
r014.backend.record,1.0.0,ttp.r014.relation.2285,relation,active,ttp.r014.yaintt,ttp.r014.yaintt,,und,2026-08-22T03:06:00+02:00,codex.r014.id-ID,,ttp.r014.unit.sec.ssh.definition.06,precedes,ttp.r014.unit.sec.ssh.definition.07,2285,"{""end_line"":2956,""path"":""authority/downloads/yaintt.tex"",""start_line"":2949}",high
r014.backend.record,1.0.0,ttp.r014.relation.2286,relation,active,ttp.r014.yaintt,ttp.r014.yaintt,,und,2026-08-22T03:06:00+02:00,codex.r014.id-ID,,ttp.r014.unit.sec.ssh.definition.07,precedes,ttp.r014.unit.sec.ssh.definition.08,2286,"{""end_line"":2960,""path"":""authority/downloads/yaintt.tex"",""start_line"":2956}",high
r014.backend.record,1.0.0,ttp.r014.relation.2287,relation,active,ttp.r014.yaintt,ttp.r014.yaintt,,und,2026-08-22T03:06:00+02:00,codex.r014.id-ID,,ttp.r014.unit.sec.ssh.definition.08,precedes,ttp.r014.unit.sec.ssh.discussion.06,2287,"{""end_line"":2967,""path"":""authority/downloads/yaintt.tex"",""start_line"":2960}",high
r014.backend.record,1.0.0,ttp.r014.relation.2288,relation,active,ttp.r014.yaintt,ttp.r014.yaintt,,und,2026-08-22T03:06:00+02:00,codex.r014.id-ID,,ttp.r014.unit.sec.ssh.discussion.06,precedes,ttp.r014.unit.sec.ssh.tabular.01,2288,"{""end_line"":2971,""path"":""authority/downloads/yaintt.tex"",""start_line"":2967}",high
r014.backend.record,1.0.0,ttp.r014.relation.2289,relation,active,ttp.r014.yaintt,ttp.r014.yaintt,,und,2026-08-22T03:06:00+02:00,codex.r014.id-ID,,ttp.r014.unit.sec.ssh.tabular.01,precedes,ttp.r014.unit.sec.ssh.discussion.07,2289,"{""end_line"":2985,""path"":""authority/downloads/yaintt.tex"",""start_line"":2971}",high
r014.backend.record,1.0.0,ttp.r014.relation.2290,relation,active,ttp.r014.yaintt,ttp.r014.yaintt,,und,2026-08-22T03:06:00+02:00,codex.r014.id-ID,,ttp.r014.unit.sec.ssh.discussion.07,precedes,ttp.r014.unit.sec.ssh.definition.09,2290,"{""end_line"":2994,""path"":""authority/downloads/yaintt.tex"",""start_line"":2985}",high
r014.backend.record,1.0.0,ttp.r014.relation.2291,relation,active,ttp.r014.yaintt,ttp.r014.yaintt,,und,2026-08-22T03:06:00+02:00,codex.r014.id-ID,,ttp.r014.unit.sec.ssh.definition.09,precedes,ttp.r014.unit.sec.ssh.discussion.08,2291,"{""end_line"":2999,""path"":""authority/downloads/yaintt.tex"",""start_line"":2994}",high
r014.backend.record,1.0.0,ttp.r014.relation.2292,relation,active,ttp.r014.yaintt,ttp.r014.yaintt,,und,2026-08-22T03:06:00+02:00,codex.r014.id-ID,,ttp.r014.unit.sec.ssh.discussion.08,precedes,ttp.r014.unit.sec.ssh.exercises,2292,"{""end_line"":3040,""path"":""authority/downloads/yaintt.tex"",""start_line"":2999}",high
r014.backend.record,1.0.0,ttp.r014.relation.2293,relation,active,ttp.r014.yaintt,ttp.r014.yaintt,,und,2026-08-22T03:06:00+02:00,codex.r014.id-ID,,ttp.r014.unit.sec.ssh.exercise.01,precedes,ttp.r014.unit.sec.ssh.exercise.02,2293,"{""end_line"":3053,""path"":""authority/downloads/yaintt.tex"",""start_line"":3043}",high
r014.backend.record,1.0.0,ttp.r014.relation.2294,relation,active,ttp.r014.yaintt,ttp.r014.yaintt,,und,2026-08-22T03:06:00+02:00,codex.r014.id-ID,,ttp.r014.unit.sec.ssh.exercise.02,precedes,ttp.r014.unit.sec.ssh.exercise.03,2294,"{""end_line"":3059,""path"":""authority/downloads/yaintt.tex"",""start_line"":3053}",high
r014.backend.record,1.0.0,ttp.r014.relation.2295,relation,active,ttp.r014.yaintt,ttp.r014.yaintt,,und,2026-08-22T03:06:00+02:00,codex.r014.id-ID,,ttp.r014.unit.sec.ccaiv.discussion.01,precedes,ttp.r014.unit.sec.ccaiv.definition.01,2295,"{""end_line"":3071,""path"":""authority/downloads/yaintt.tex"",""start_line"":3067}",high
r014.backend.record,1.0.0,ttp.r014.relation.2296,relation,active,ttp.r014.yaintt,ttp.r014.yaintt,,und,2026-08-22T03:06:00+02:00,codex.r014.id-ID,,ttp.r014.unit.sec.ccaiv.definition.01,precedes,ttp.r014.unit.sec.ccaiv.discussion.02,2296,"{""end_line"":3086,""path"":""authority/downloads/yaintt.tex"",""start_line"":3071}",high
r014.backend.record,1.0.0,ttp.r014.relation.2297,relation,active,ttp.r014.yaintt,ttp.r014.yaintt,,und,2026-08-22T03:06:00+02:00,codex.r014.id-ID,,ttp.r014.unit.sec.ccaiv.discussion.02,precedes,ttp.r014.unit.sec.ccaiv.definition.02,2297,"{""end_line"":3116,""path"":""authority/downloads/yaintt.tex"",""start_line"":3086}",high
r014.backend.record,1.0.0,ttp.r014.relation.2298,relation,active,ttp.r014.yaintt,ttp.r014.yaintt,,und,2026-08-22T03:06:00+02:00,codex.r014.id-ID,,ttp.r014.unit.sec.ccaiv.definition.02,precedes,ttp.r014.unit.sec.ccaiv.discussion.03,2298,"{""end_line"":3136,""path"":""authority/downloads/yaintt.tex"",""start_line"":3116}",high
r014.backend.record,1.0.0,ttp.r014.relation.2299,relation,active,ttp.r014.yaintt,ttp.r014.yaintt,,und,2026-08-22T03:06:00+02:00,codex.r014.id-ID,,ttp.r014.unit.sec.ccaiv.discussion.03,precedes,ttp.r014.unit.sec.ccaiv.definition.03,2299,"{""end_line"":3158,""path"":""authority/downloads/yaintt.tex"",""start_line"":3136}",high
r014.backend.record,1.0.0,ttp.r014.relation.2300,relation,active,ttp.r014.yaintt,ttp.r014.yaintt,,und,2026-08-22T03:06:00+02:00,codex.r014.id-ID,,ttp.r014.unit.sec.ccaiv.definition.03,precedes,ttp.r014.unit.sec.ccaiv.discussion.04,2300,"{""end_line"":3165,""path"":""authority/downloads/yaintt.tex"",""start_line"":3158}",high
r014.backend.record,1.0.0,ttp.r014.relation.2301,relation,active,ttp.r014.yaintt,ttp.r014.yaintt,,und,2026-08-22T03:06:00+02:00,codex.r014.id-ID,,ttp.r014.unit.sec.ccaiv.discussion.04,precedes,ttp.r014.unit.sec.ccaiv.exercises,2301,"{""end_line"":3224,""path"":""authority/downloads/yaintt.tex"",""start_line"":3165}",high
r014.backend.record,1.0.0,ttp.r014.relation.2302,relation,active,ttp.r014.yaintt,ttp.r014.yaintt,,und,2026-08-22T03:06:00+02:00,codex.r014.id-ID,,ttp.r014.unit.sec.ccaiv.exercise.01,precedes,ttp.r014.unit.sec.ccaiv.exercise.02,2302,"{""end_line"":3243,""path"":""authority/downloads/yaintt.tex"",""start_line"":3227}",high
r014.backend.record,1.0.0,ttp.r014.relation.2303,relation,active,ttp.r014.yaintt,ttp.r014.yaintt,,und,2026-08-22T03:06:00+02:00,codex.r014.id-ID,,ttp.r014.unit.sec.ccaiv.exercise.02,precedes,ttp.r014.unit.sec.ccaiv.exercise.03,2303,"{""end_line"":3256,""path"":""authority/downloads/yaintt.tex"",""start_line"":3243}",high
r014.backend.record,1.0.0,ttp.r014.relation.2304,relation,active,ttp.r014.yaintt,ttp.r014.yaintt,,und,2026-08-22T03:06:00+02:00,codex.r014.id-ID,,ttp.r014.unit.sec.frequency.discussion.01,precedes,ttp.r014.unit.sec.frequency.definition.01,2304,"{""end_line"":3308,""path"":""authority/downloads/yaintt.tex"",""start_line"":3285}",high
r014.backend.record,1.0.0,ttp.r014.relation.2305,relation,active,ttp.r014.yaintt,ttp.r014.yaintt,,und,2026-08-22T03:06:00+02:00,codex.r014.id-ID,,ttp.r014.unit.sec.frequency.definition.01,precedes,ttp.r014.unit.sec.frequency.example.01,2305,"{""end_line"":3311,""path"":""authority/downloads/yaintt.tex"",""start_line"":3308}",high
r014.backend.record,1.0.0,ttp.r014.relation.2306,relation,active,ttp.r014.yaintt,ttp.r014.yaintt,,und,2026-08-22T03:06:00+02:00,codex.r014.id-ID,,ttp.r014.unit.sec.frequency.example.01,precedes,ttp.r014.unit.sec.frequency.example.02,2306,"{""end_line"":3314,""path"":""authority/downloads/yaintt.tex"",""start_line"":3311}",high
r014.backend.record,1.0.0,ttp.r014.relation.2307,relation,active,ttp.r014.yaintt,ttp.r014.yaintt,,und,2026-08-22T03:06:00+02:00,codex.r014.id-ID,,ttp.r014.unit.sec.frequency.example.02,precedes,ttp.r014.unit.sec.frequency.example.03,2307,"{""end_line"":3321,""path"":""authority/downloads/yaintt.tex"",""start_line"":3314}",high
r014.backend.record,1.0.0,ttp.r014.relation.2308,relation,active,ttp.r014.yaintt,ttp.r014.yaintt,,und,2026-08-22T03:06:00+02:00,codex.r014.id-ID,,ttp.r014.unit.sec.frequency.example.03,precedes,ttp.r014.unit.sec.frequency.discussion.02,2308,"{""end_line"":3327,""path"":""authority/downloads/yaintt.tex"",""start_line"":3321}",high
r014.backend.record,1.0.0,ttp.r014.relation.2309,relation,active,ttp.r014.yaintt,ttp.r014.yaintt,,und,2026-08-22T03:06:00+02:00,codex.r014.id-ID,,ttp.r014.unit.sec.frequency.discussion.02,precedes,ttp.r014.unit.sec.frequency.definition.02,2309,"{""end_line"":3357,""path"":""authority/downloads/yaintt.tex"",""start_line"":3327}",high
r014.backend.record,1.0.0,ttp.r014.relation.2310,relation,active,ttp.r014.yaintt,ttp.r014.yaintt,,und,2026-08-22T03:06:00+02:00,codex.r014.id-ID,,ttp.r014.unit.sec.frequency.definition.02,precedes,ttp.r014.unit.sec.frequency.discussion.03,2310,"{""end_line"":3361,""path"":""authority/downloads/yaintt.tex"",""start_line"":3357}",high
r014.backend.record,1.0.0,ttp.r014.relation.2311,relation,active,ttp.r014.yaintt,ttp.r014.yaintt,,und,2026-08-22T03:06:00+02:00,codex.r014.id-ID,,ttp.r014.unit.sec.frequency.discussion.03,precedes,ttp.r014.unit.sec.frequency.definition.03,2311,"{""end_line"":3448,""path"":""authority/downloads/yaintt.tex"",""start_line"":3361}",high
r014.backend.record,1.0.0,ttp.r014.relation.2312,relation,active,ttp.r014.yaintt,ttp.r014.yaintt,,und,2026-08-22T03:06:00+02:00,codex.r014.id-ID,,ttp.r014.unit.sec.frequency.definition.03,precedes,ttp.r014.unit.sec.frequency.discussion.04,2312,"{""end_line"":3458,""path"":""authority/downloads/yaintt.tex"",""start_line"":3448}",high
r014.backend.record,1.0.0,ttp.r014.relation.2313,relation,active,ttp.r014.yaintt,ttp.r014.yaintt,,und,2026-08-22T03:06:00+02:00,codex.r014.id-ID,,ttp.r014.unit.sec.frequency.discussion.04,precedes,ttp.r014.unit.sec.frequency.exercises,2313,"{""end_line"":3595,""path"":""authority/downloads/yaintt.tex"",""start_line"":3458}",high
r014.backend.record,1.0.0,ttp.r014.relation.2314,relation,active,ttp.r014.yaintt,ttp.r014.yaintt,,und,2026-08-22T03:06:00+02:00,codex.r014.id-ID,,ttp.r014.unit.sec.frequency.figure.01,precedes,ttp.r014.unit.sec.frequency.verbatim.02,2314,"{""end_line"":3414,""path"":""authority/downloads/yaintt.tex"",""start_line"":3403}",high
r014.backend.record,1.0.0,ttp.r014.relation.2315,relation,active,ttp.r014.yaintt,ttp.r014.yaintt,,und,2026-08-22T03:06:00+02:00,codex.r014.id-ID,,ttp.r014.unit.sec.frequency.verbatim.02,precedes,ttp.r014.unit.sec.frequency.figure.02,2315,"{""end_line"":3426,""path"":""authority/downloads/yaintt.tex"",""start_line"":3414}",high
r014.backend.record,1.0.0,ttp.r014.relation.2316,relation,active,ttp.r014.yaintt,ttp.r014.yaintt,,und,2026-08-22T03:06:00+02:00,codex.r014.id-ID,,ttp.r014.unit.sec.frequency.figure.03,precedes,ttp.r014.unit.sec.frequency.verbatim.03,2316,"{""end_line"":3473,""path"":""authority/downloads/yaintt.tex"",""start_line"":3464}",high
r014.backend.record,1.0.0,ttp.r014.relation.2317,relation,active,ttp.r014.yaintt,ttp.r014.yaintt,,und,2026-08-22T03:06:00+02:00,codex.r014.id-ID,,ttp.r014.unit.sec.frequency.verbatim.03,precedes,ttp.r014.unit.sec.frequency.figure.04,2317,"{""end_line"":3489,""path"":""authority/downloads/yaintt.tex"",""start_line"":3473}",high
r014.backend.record,1.0.0,ttp.r014.relation.2318,relation,active,ttp.r014.yaintt,ttp.r014.yaintt,,und,2026-08-22T03:06:00+02:00,codex.r014.id-ID,,ttp.r014.unit.sec.frequency.figure.04,precedes,ttp.r014.unit.sec.frequency.verbatim.04,2318,"{""end_line"":3524,""path"":""authority/downloads/yaintt.tex"",""start_line"":3489}",high
r014.backend.record,1.0.0,ttp.r014.relation.2319,relation,active,ttp.r014.yaintt,ttp.r014.yaintt,,und,2026-08-22T03:06:00+02:00,codex.r014.id-ID,,ttp.r014.unit.sec.frequency.verbatim.04,precedes,ttp.r014.unit.sec.frequency.figure.05,2319,"{""end_line"":3533,""path"":""authority/downloads/yaintt.tex"",""start_line"":3524}",high
r014.backend.record,1.0.0,ttp.r014.relation.2320,relation,active,ttp.r014.yaintt,ttp.r014.yaintt,,und,2026-08-22T03:06:00+02:00,codex.r014.id-ID,,ttp.r014.unit.sec.frequency.figure.05,precedes,ttp.r014.unit.sec.frequency.figure.06,2320,"{""end_line"":3564,""path"":""authority/downloads/yaintt.tex"",""start_line"":3533}",high
r014.backend.record,1.0.0,ttp.r014.relation.2321,relation,active,ttp.r014.yaintt,ttp.r014.yaintt,,und,2026-08-22T03:06:00+02:00,codex.r014.id-ID,,ttp.r014.unit.sec.frequency.exercise.01,precedes,ttp.r014.unit.sec.frequency.exercise.02,2321,"{""end_line"":3604,""path"":""authority/downloads/yaintt.tex"",""start_line"":3598}",high
r014.backend.record,1.0.0,ttp.r014.relation.2322,relation,active,ttp.r014.yaintt,ttp.r014.yaintt,,und,2026-08-22T03:06:00+02:00,codex.r014.id-ID,,ttp.r014.unit.sec.frequency.exercise.02,precedes,ttp.r014.unit.sec.frequency.exercise.03,2322,"{""end_line"":3610,""path"":""authority/downloads/yaintt.tex"",""start_line"":3604}",high
r014.backend.record,1.0.0,ttp.r014.relation.2323,relation,active,ttp.r014.yaintt,ttp.r014.yaintt,,und,2026-08-22T03:06:00+02:00,codex.r014.id-ID,,ttp.r014.unit.sec.rsa.discussion.01,precedes,ttp.r014.unit.sec.rsa.definition.01,2323,"{""end_line"":3637,""path"":""authority/downloads/yaintt.tex"",""start_line"":3628}",high
r014.backend.record,1.0.0,ttp.r014.relation.2324,relation,active,ttp.r014.yaintt,ttp.r014.yaintt,,und,2026-08-22T03:06:00+02:00,codex.r014.id-ID,,ttp.r014.unit.sec.rsa.definition.01,precedes,ttp.r014.unit.sec.rsa.discussion.02,2324,"{""end_line"":3656,""path"":""authority/downloads/yaintt.tex"",""start_line"":3637}",high
r014.backend.record,1.0.0,ttp.r014.relation.2325,relation,active,ttp.r014.yaintt,ttp.r014.yaintt,,und,2026-08-22T03:06:00+02:00,codex.r014.id-ID,,ttp.r014.unit.sec.rsa.discussion.02,precedes,ttp.r014.unit.sec.rsa.tabular.01,2325,"{""end_line"":3661,""path"":""authority/downloads/yaintt.tex"",""start_line"":3656}",high
r014.backend.record,1.0.0,ttp.r014.relation.2326,relation,active,ttp.r014.yaintt,ttp.r014.yaintt,,und,2026-08-22T03:06:00+02:00,codex.r014.id-ID,,ttp.r014.unit.sec.rsa.tabular.01,precedes,ttp.r014.unit.sec.rsa.discussion.03,2326,"{""end_line"":3684,""path"":""authority/downloads/yaintt.tex"",""start_line"":3661}",high
r014.backend.record,1.0.0,ttp.r014.relation.2327,relation,active,ttp.r014.yaintt,ttp.r014.yaintt,,und,2026-08-22T03:06:00+02:00,codex.r014.id-ID,,ttp.r014.unit.sec.rsa.discussion.03,precedes,ttp.r014.unit.sec.rsa.definition.02,2327,"{""end_line"":3699,""path"":""authority/downloads/yaintt.tex"",""start_line"":3684}",high
r014.backend.record,1.0.0,ttp.r014.relation.2328,relation,active,ttp.r014.yaintt,ttp.r014.yaintt,,und,2026-08-22T03:06:00+02:00,codex.r014.id-ID,,ttp.r014.unit.sec.rsa.definition.02,precedes,ttp.r014.unit.sec.rsa.discussion.04,2328,"{""end_line"":3723,""path"":""authority/downloads/yaintt.tex"",""start_line"":3699}",high
r014.backend.record,1.0.0,ttp.r014.relation.2329,relation,active,ttp.r014.yaintt,ttp.r014.yaintt,,und,2026-08-22T03:06:00+02:00,codex.r014.id-ID,,ttp.r014.unit.sec.rsa.discussion.04,precedes,ttp.r014.unit.sec.rsa.tabular.02,2329,"{""end_line"":3728,""path"":""authority/downloads/yaintt.tex"",""start_line"":3723}",high
r014.backend.record,1.0.0,ttp.r014.relation.2330,relation,active,ttp.r014.yaintt,ttp.r014.yaintt,,und,2026-08-22T03:06:00+02:00,codex.r014.id-ID,,ttp.r014.unit.sec.rsa.tabular.02,precedes,ttp.r014.unit.sec.rsa.discussion.05,2330,"{""end_line"":3744,""path"":""authority/downloads/yaintt.tex"",""start_line"":3728}",high
r014.backend.record,1.0.0,ttp.r014.relation.2331,relation,active,ttp.r014.yaintt,ttp.r014.yaintt,,und,2026-08-22T03:06:00+02:00,codex.r014.id-ID,,ttp.r014.unit.sec.rsa.discussion.05,precedes,ttp.r014.unit.sec.rsa.definition.03,2331,"{""end_line"":3756,""path"":""authority/downloads/yaintt.tex"",""start_line"":3744}",high
r014.backend.record,1.0.0,ttp.r014.relation.2332,relation,active,ttp.r014.yaintt,ttp.r014.yaintt,,und,2026-08-22T03:06:00+02:00,codex.r014.id-ID,,ttp.r014.unit.sec.rsa.definition.03,precedes,ttp.r014.unit.sec.rsa.discussion.06,2332,"{""end_line"":3761,""path"":""authority/downloads/yaintt.tex"",""start_line"":3756}",high
r014.backend.record,1.0.0,ttp.r014.relation.2333,relation,active,ttp.r014.yaintt,ttp.r014.yaintt,,und,2026-08-22T03:06:00+02:00,codex.r014.id-ID,,ttp.r014.unit.sec.rsa.discussion.06,precedes,ttp.r014.unit.sec.rsa.definition.04,2333,"{""end_line"":3780,""path"":""authority/downloads/yaintt.tex"",""start_line"":3761}",high
r014.backend.record,1.0.0,ttp.r014.relation.2334,relation,active,ttp.r014.yaintt,ttp.r014.yaintt,,und,2026-08-22T03:06:00+02:00,codex.r014.id-ID,,ttp.r014.unit.sec.rsa.definition.04,precedes,ttp.r014.unit.sec.rsa.discussion.07,2334,"{""end_line"":3786,""path"":""authority/downloads/yaintt.tex"",""start_line"":3780}",high
r014.backend.record,1.0.0,ttp.r014.relation.2335,relation,active,ttp.r014.yaintt,ttp.r014.yaintt,,und,2026-08-22T03:06:00+02:00,codex.r014.id-ID,,ttp.r014.unit.sec.rsa.discussion.07,precedes,ttp.r014.unit.sec.rsa.definition.05,2335,"{""end_line"":3815,""path"":""authority/downloads/yaintt.tex"",""start_line"":3786}",high
r014.backend.record,1.0.0,ttp.r014.relation.2336,relation,active,ttp.r014.yaintt,ttp.r014.yaintt,,und,2026-08-22T03:06:00+02:00,codex.r014.id-ID,,ttp.r014.unit.sec.rsa.definition.05,precedes,ttp.r014.unit.sec.rsa.discussion.08,2336,"{""end_line"":3854,""path"":""authority/downloads/yaintt.tex"",""start_line"":3815}",high
r014.backend.record,1.0.0,ttp.r014.relation.2337,relation,active,ttp.r014.yaintt,ttp.r014.yaintt,,und,2026-08-22T03:06:00+02:00,codex.r014.id-ID,,ttp.r014.unit.sec.rsa.discussion.08,precedes,ttp.r014.unit.sec.rsa.tabular.03,2337,"{""end_line"":3859,""path"":""authority/downloads/yaintt.tex"",""start_line"":3854}",high
r014.backend.record,1.0.0,ttp.r014.relation.2338,relation,active,ttp.r014.yaintt,ttp.r014.yaintt,,und,2026-08-22T03:06:00+02:00,codex.r014.id-ID,,ttp.r014.unit.sec.rsa.tabular.03,precedes,ttp.r014.unit.sec.rsa.discussion.09,2338,"{""end_line"":3880,""path"":""authority/downloads/yaintt.tex"",""start_line"":3859}",high
r014.backend.record,1.0.0,ttp.r014.relation.2339,relation,active,ttp.r014.yaintt,ttp.r014.yaintt,,und,2026-08-22T03:06:00+02:00,codex.r014.id-ID,,ttp.r014.unit.sec.rsa.discussion.09,precedes,ttp.r014.unit.sec.rsa.proposition.01,2339,"{""end_line"":3886,""path"":""authority/downloads/yaintt.tex"",""start_line"":3880}",high
r014.backend.record,1.0.0,ttp.r014.relation.2340,relation,active,ttp.r014.yaintt,ttp.r014.yaintt,,und,2026-08-22T03:06:00+02:00,codex.r014.id-ID,,ttp.r014.unit.sec.rsa.proposition.01,precedes,ttp.r014.unit.sec.rsa.discussion.10,2340,"{""end_line"":3909,""path"":""authority/downloads/yaintt.tex"",""start_line"":3886}",high
r014.backend.record,1.0.0,ttp.r014.relation.2341,relation,active,ttp.r014.yaintt,ttp.r014.yaintt,,und,2026-08-22T03:06:00+02:00,codex.r014.id-ID,,ttp.r014.unit.sec.rsa.discussion.10,precedes,ttp.r014.unit.sec.rsa.discussion.11,2341,"{""end_line"":3916,""path"":""authority/downloads/yaintt.tex"",""start_line"":3909}",high
r014.backend.record,1.0.0,ttp.r014.relation.2342,relation,active,ttp.r014.yaintt,ttp.r014.yaintt,,und,2026-08-22T03:06:00+02:00,codex.r014.id-ID,,ttp.r014.unit.sec.rsa.discussion.11,precedes,ttp.r014.unit.sec.rsa.theorem.01,2342,"{""end_line"":3927,""path"":""authority/downloads/yaintt.tex"",""start_line"":3916}",high
r014.backend.record,1.0.0,ttp.r014.relation.2343,relation,active,ttp.r014.yaintt,ttp.r014.yaintt,,und,2026-08-22T03:06:00+02:00,codex.r014.id-ID,,ttp.r014.unit.sec.rsa.theorem.01,precedes,ttp.r014.unit.sec.rsa.discussion.12,2343,"{""end_line"":3934,""path"":""authority/downloads/yaintt.tex"",""start_line"":3927}",high
r014.backend.record,1.0.0,ttp.r014.relation.2344,relation,active,ttp.r014.yaintt,ttp.r014.yaintt,,und,2026-08-22T03:06:00+02:00,codex.r014.id-ID,,ttp.r014.unit.sec.rsa.discussion.12,precedes,ttp.r014.unit.sec.rsa.exercises,2344,"{""end_line"":4013,""path"":""authority/downloads/yaintt.tex"",""start_line"":3934}",high
r014.backend.record,1.0.0,ttp.r014.relation.2345,relation,active,ttp.r014.yaintt,ttp.r014.yaintt,,und,2026-08-22T03:06:00+02:00,codex.r014.id-ID,,ttp.r014.unit.sec.rsa.exercise.01,precedes,ttp.r014.unit.sec.rsa.exercise.02,2345,"{""end_line"":4034,""path"":""authority/downloads/yaintt.tex"",""start_line"":4016}",high
r014.backend.record,1.0.0,ttp.r014.relation.2346,relation,active,ttp.r014.yaintt,ttp.r014.yaintt,,und,2026-08-22T03:06:00+02:00,codex.r014.id-ID,,ttp.r014.unit.sec.rsa.exercise.02,precedes,ttp.r014.unit.sec.rsa.exercise.03,2346,"{""end_line"":4066,""path"":""authority/downloads/yaintt.tex"",""start_line"":4034}",high
r014.backend.record,1.0.0,ttp.r014.relation.2347,relation,active,ttp.r014.yaintt,ttp.r014.yaintt,,und,2026-08-22T03:06:00+02:00,codex.r014.id-ID,,ttp.r014.unit.sec.digital-signatures.discussion.01,precedes,ttp.r014.unit.sec.digital-signatures.tabular.01,2347,"{""end_line"":4132,""path"":""authority/downloads/yaintt.tex"",""start_line"":4100}",high
r014.backend.record,1.0.0,ttp.r014.relation.2348,relation,active,ttp.r014.yaintt,ttp.r014.yaintt,,und,2026-08-22T03:06:00+02:00,codex.r014.id-ID,,ttp.r014.unit.sec.digital-signatures.tabular.01,precedes,ttp.r014.unit.sec.digital-signatures.discussion.02,2348,"{""end_line"":4152,""path"":""authority/downloads/yaintt.tex"",""start_line"":4132}",high
r014.backend.record,1.0.0,ttp.r014.relation.2349,relation,active,ttp.r014.yaintt,ttp.r014.yaintt,,und,2026-08-22T03:06:00+02:00,codex.r014.id-ID,,ttp.r014.unit.sec.digital-signatures.discussion.02,precedes,ttp.r014.unit.sec.digital-signatures.definition.01,2349,"{""end_line"":4167,""path"":""authority/downloads/yaintt.tex"",""start_line"":4152}",high
r014.backend.record,1.0.0,ttp.r014.relation.2350,relation,active,ttp.r014.yaintt,ttp.r014.yaintt,,und,2026-08-22T03:06:00+02:00,codex.r014.id-ID,,ttp.r014.unit.sec.digital-signatures.definition.01,precedes,ttp.r014.unit.sec.digital-signatures.discussion.03,2350,"{""end_line"":4190,""path"":""authority/downloads/yaintt.tex"",""start_line"":4167}",high
r014.backend.record,1.0.0,ttp.r014.relation.2351,relation,active,ttp.r014.yaintt,ttp.r014.yaintt,,und,2026-08-22T03:06:00+02:00,codex.r014.id-ID,,ttp.r014.unit.sec.digital-signatures.discussion.03,precedes,ttp.r014.unit.sec.digital-signatures.example.01,2351,"{""end_line"":4204,""path"":""authority/downloads/yaintt.tex"",""start_line"":4190}",high
r014.backend.record,1.0.0,ttp.r014.relation.2352,relation,active,ttp.r014.yaintt,ttp.r014.yaintt,,und,2026-08-22T03:06:00+02:00,codex.r014.id-ID,,ttp.r014.unit.sec.digital-signatures.example.01,precedes,ttp.r014.unit.sec.digital-signatures.example.02,2352,"{""end_line"":4220,""path"":""authority/downloads/yaintt.tex"",""start_line"":4204}",high
r014.backend.record,1.0.0,ttp.r014.relation.2353,relation,active,ttp.r014.yaintt,ttp.r014.yaintt,,und,2026-08-22T03:06:00+02:00,codex.r014.id-ID,,ttp.r014.unit.sec.digital-signatures.example.02,precedes,ttp.r014.unit.sec.digital-signatures.example.03,2353,"{""end_line"":4238,""path"":""authority/downloads/yaintt.tex"",""start_line"":4220}",high
r014.backend.record,1.0.0,ttp.r014.relation.2354,relation,active,ttp.r014.yaintt,ttp.r014.yaintt,,und,2026-08-22T03:06:00+02:00,codex.r014.id-ID,,ttp.r014.unit.sec.digital-signatures.example.03,precedes,ttp.r014.unit.sec.digital-signatures.discussion.04,2354,"{""end_line"":4248,""path"":""authority/downloads/yaintt.tex"",""start_line"":4238}",high
r014.backend.record,1.0.0,ttp.r014.relation.2355,relation,active,ttp.r014.yaintt,ttp.r014.yaintt,,und,2026-08-22T03:06:00+02:00,codex.r014.id-ID,,ttp.r014.unit.sec.digital-signatures.discussion.04,precedes,ttp.r014.unit.sec.digital-signatures.tabular.02,2355,"{""end_line"":4253,""path"":""authority/downloads/yaintt.tex"",""start_line"":4248}",high
r014.backend.record,1.0.0,ttp.r014.relation.2356,relation,active,ttp.r014.yaintt,ttp.r014.yaintt,,und,2026-08-22T03:06:00+02:00,codex.r014.id-ID,,ttp.r014.unit.sec.digital-signatures.tabular.02,precedes,ttp.r014.unit.sec.digital-signatures.discussion.05,2356,"{""end_line"":4272,""path"":""authority/downloads/yaintt.tex"",""start_line"":4253}",high
r014.backend.record,1.0.0,ttp.r014.relation.2357,relation,active,ttp.r014.yaintt,ttp.r014.yaintt,,und,2026-08-22T03:06:00+02:00,codex.r014.id-ID,,ttp.r014.unit.sec.digital-signatures.discussion.05,precedes,ttp.r014.unit.sec.digital-signatures.definition.02,2357,"{""end_line"":4276,""path"":""authority/downloads/yaintt.tex"",""start_line"":4272}",high
r014.backend.record,1.0.0,ttp.r014.relation.2358,relation,active,ttp.r014.yaintt,ttp.r014.yaintt,,und,2026-08-22T03:06:00+02:00,codex.r014.id-ID,,ttp.r014.unit.sec.digital-signatures.definition.02,precedes,ttp.r014.unit.sec.digital-signatures.exercises,2358,"{""end_line"":4302,""path"":""authority/downloads/yaintt.tex"",""start_line"":4276}",high
r014.backend.record,1.0.0,ttp.r014.relation.2359,relation,active,ttp.r014.yaintt,ttp.r014.yaintt,,und,2026-08-22T03:06:00+02:00,codex.r014.id-ID,,ttp.r014.unit.sec.digital-signatures.exercise.01,precedes,ttp.r014.unit.sec.digital-signatures.exercise.02,2359,"{""end_line"":4312,""path"":""authority/downloads/yaintt.tex"",""start_line"":4305}",high
r014.backend.record,1.0.0,ttp.r014.relation.2360,relation,active,ttp.r014.yaintt,ttp.r014.yaintt,,und,2026-08-22T03:06:00+02:00,codex.r014.id-ID,,ttp.r014.unit.sec.mitm-certificates-trust.discussion.01,precedes,ttp.r014.unit.sec.mitm-certificates-trust.tabular.01,2360,"{""end_line"":4369,""path"":""authority/downloads/yaintt.tex"",""start_line"":4323}",high
r014.backend.record,1.0.0,ttp.r014.relation.2361,relation,active,ttp.r014.yaintt,ttp.r014.yaintt,,und,2026-08-22T03:06:00+02:00,codex.r014.id-ID,,ttp.r014.unit.sec.mitm-certificates-trust.tabular.01,precedes,ttp.r014.unit.sec.mitm-certificates-trust.discussion.02,2361,"{""end_line"":4397,""path"":""authority/downloads/yaintt.tex"",""start_line"":4369}",high
r014.backend.record,1.0.0,ttp.r014.relation.2362,relation,active,ttp.r014.yaintt,ttp.r014.yaintt,,und,2026-08-22T03:06:00+02:00,codex.r014.id-ID,,ttp.r014.unit.sec.mitm-certificates-trust.discussion.02,precedes,ttp.r014.unit.sec.mitm-certificates-trust.definition.01,2362,"{""end_line"":4421,""path"":""authority/downloads/yaintt.tex"",""start_line"":4397}",high
r014.backend.record,1.0.0,ttp.r014.relation.2363,relation,active,ttp.r014.yaintt,ttp.r014.yaintt,,und,2026-08-22T03:06:00+02:00,codex.r014.id-ID,,ttp.r014.unit.sec.mitm-certificates-trust.definition.01,precedes,ttp.r014.unit.sec.mitm-certificates-trust.discussion.03,2363,"{""end_line"":4437,""path"":""authority/downloads/yaintt.tex"",""start_line"":4421}",high
r014.backend.record,1.0.0,ttp.r014.relation.2364,relation,active,ttp.r014.yaintt,ttp.r014.yaintt,,und,2026-08-22T03:06:00+02:00,codex.r014.id-ID,,ttp.r014.unit.id-id.chap.ieqdl.discussion.01,precedes,ttp.r014.unit.id-id.chap.ieqdl.table.01,2364,"{""end_line"":4490,""path"":""authority/downloads/yaintt.tex"",""start_line"":4481}",high
r014.backend.record,1.0.0,ttp.r014.relation.2365,relation,active,ttp.r014.yaintt,ttp.r014.yaintt,,und,2026-08-22T03:06:00+02:00,codex.r014.id-ID,,ttp.r014.unit.id-id.chap.ieqdl.table.01,precedes,ttp.r014.unit.id-id.chap.ieqdl.discussion.02,2365,"{""end_line"":4527,""path"":""authority/downloads/yaintt.tex"",""start_line"":4490}",high
r014.backend.record,1.0.0,ttp.r014.relation.2366,relation,active,ttp.r014.yaintt,ttp.r014.yaintt,,und,2026-08-22T03:06:00+02:00,codex.r014.id-ID,,ttp.r014.unit.id-id.chap.ieqdl.discussion.02,precedes,ttp.r014.unit.id-id.chap.ieqdl.table.02,2366,"{""end_line"":4555,""path"":""authority/downloads/yaintt.tex"",""start_line"":4527}",high
r014.backend.record,1.0.0,ttp.r014.relation.2367,relation,active,ttp.r014.yaintt,ttp.r014.yaintt,,und,2026-08-22T03:06:00+02:00,codex.r014.id-ID,,ttp.r014.unit.id-id.chap.ieqdl.table.02,precedes,ttp.r014.unit.id-id.chap.ieqdl.discussion.03,2367,"{""end_line"":4590,""path"":""authority/downloads/yaintt.tex"",""start_line"":4555}",high
r014.backend.record,1.0.0,ttp.r014.relation.2368,relation,active,ttp.r014.yaintt,ttp.r014.yaintt,,und,2026-08-22T03:06:00+02:00,codex.r014.id-ID,,ttp.r014.unit.id-id.chap.ieqdl.discussion.03,precedes,ttp.r014.unit.sec.multiplicative-order-properties,2368,"{""end_line"":4603,""path"":""authority/downloads/yaintt.tex"",""start_line"":4590}",high
r014.backend.record,1.0.0,ttp.r014.relation.2369,relation,active,ttp.r014.yaintt,ttp.r014.yaintt,,und,2026-08-22T03:06:00+02:00,codex.r014.id-ID,,ttp.r014.unit.sec.multiplicative-order-properties,precedes,ttp.r014.unit.sec.gauss-totient-sum,2369,"{""end_line"":4783,""path"":""authority/downloads/yaintt.tex"",""start_line"":4603}",high
r014.backend.record,1.0.0,ttp.r014.relation.2370,relation,active,ttp.r014.yaintt,ttp.r014.yaintt,,und,2026-08-22T03:06:00+02:00,codex.r014.id-ID,,ttp.r014.unit.sec.gauss-totient-sum,precedes,ttp.r014.unit.sec.primitive-roots,2370,"{""end_line"":4899,""path"":""authority/downloads/yaintt.tex"",""start_line"":4783}",high
r014.backend.record,1.0.0,ttp.r014.relation.2371,relation,active,ttp.r014.yaintt,ttp.r014.yaintt,,und,2026-08-22T03:06:00+02:00,codex.r014.id-ID,,ttp.r014.unit.sec.primitive-roots,precedes,ttp.r014.unit.sec.indices,2371,"{""end_line"":5272,""path"":""authority/downloads/yaintt.tex"",""start_line"":4899}",high
r014.backend.record,1.0.0,ttp.r014.relation.2372,relation,active,ttp.r014.yaintt,ttp.r014.yaintt,,und,2026-08-22T03:06:00+02:00,codex.r014.id-ID,,ttp.r014.unit.sec.indices,precedes,ttp.r014.unit.id-id.sec.dhke,2372,"{""end_line"":5524,""path"":""authority/downloads/yaintt.tex"",""start_line"":5272}",high
r014.backend.record,1.0.0,ttp.r014.relation.2373,relation,active,ttp.r014.yaintt,ttp.r014.yaintt,,und,2026-08-22T03:06:00+02:00,codex.r014.id-ID,,ttp.r014.unit.id-id.sec.dhke,precedes,ttp.r014.unit.id-id.sec.tegc,2373,"{""end_line"":5767,""path"":""authority/downloads/yaintt.tex"",""start_line"":5524}",high
r014.backend.record,1.0.0,ttp.r014.relation.2374,relation,active,ttp.r014.yaintt,ttp.r014.yaintt,,und,2026-08-22T03:06:00+02:00,codex.r014.id-ID,,ttp.r014.unit.sec.multiplicative-order-properties.discussion.01,precedes,ttp.r014.unit.sec.multiplicative-order-properties.theorem.01,2374,"{""end_line"":4611,""path"":""authority/downloads/yaintt.tex"",""start_line"":4606}",high
r014.backend.record,1.0.0,ttp.r014.relation.2375,relation,active,ttp.r014.yaintt,ttp.r014.yaintt,,und,2026-08-22T03:06:00+02:00,codex.r014.id-ID,,ttp.r014.unit.sec.multiplicative-order-properties.theorem.01,precedes,ttp.r014.unit.sec.multiplicative-order-properties.discussion.02,2375,"{""end_line"":4635,""path"":""authority/downloads/yaintt.tex"",""start_line"":4611}",high
r014.backend.record,1.0.0,ttp.r014.relation.2376,relation,active,ttp.r014.yaintt,ttp.r014.yaintt,,und,2026-08-22T03:06:00+02:00,codex.r014.id-ID,,ttp.r014.unit.sec.multiplicative-order-properties.discussion.02,precedes,ttp.r014.unit.sec.multiplicative-order-properties.theorem.02,2376,"{""end_line"":4640,""path"":""authority/downloads/yaintt.tex"",""start_line"":4635}",high
r014.backend.record,1.0.0,ttp.r014.relation.2377,relation,active,ttp.r014.yaintt,ttp.r014.yaintt,,und,2026-08-22T03:06:00+02:00,codex.r014.id-ID,,ttp.r014.unit.sec.multiplicative-order-properties.theorem.02,precedes,ttp.r014.unit.sec.multiplicative-order-properties.example.01,2377,"{""end_line"":4661,""path"":""authority/downloads/yaintt.tex"",""start_line"":4640}",high
r014.backend.record,1.0.0,ttp.r014.relation.2378,relation,active,ttp.r014.yaintt,ttp.r014.yaintt,,und,2026-08-22T03:06:00+02:00,codex.r014.id-ID,,ttp.r014.unit.sec.multiplicative-order-properties.example.01,precedes,ttp.r014.unit.sec.multiplicative-order-properties.discussion.03,2378,"{""end_line"":4685,""path"":""authority/downloads/yaintt.tex"",""start_line"":4661}",high
r014.backend.record,1.0.0,ttp.r014.relation.2379,relation,active,ttp.r014.yaintt,ttp.r014.yaintt,,und,2026-08-22T03:06:00+02:00,codex.r014.id-ID,,ttp.r014.unit.sec.multiplicative-order-properties.discussion.03,precedes,ttp.r014.unit.sec.multiplicative-order-properties.theorem.03,2379,"{""end_line"":4692,""path"":""authority/downloads/yaintt.tex"",""start_line"":4685}",high
r014.backend.record,1.0.0,ttp.r014.relation.2380,relation,active,ttp.r014.yaintt,ttp.r014.yaintt,,und,2026-08-22T03:06:00+02:00,codex.r014.id-ID,,ttp.r014.unit.sec.multiplicative-order-properties.theorem.03,precedes,ttp.r014.unit.sec.multiplicative-order-properties.exercises,2380,"{""end_line"":4744,""path"":""authority/downloads/yaintt.tex"",""start_line"":4692}",high
r014.backend.record,1.0.0,ttp.r014.relation.2381,relation,active,ttp.r014.yaintt,ttp.r014.yaintt,,und,2026-08-22T03:06:00+02:00,codex.r014.id-ID,,ttp.r014.unit.sec.multiplicative-order-properties.exercise.01,precedes,ttp.r014.unit.sec.multiplicative-order-properties.exercise.02,2381,"{""end_line"":4752,""path"":""authority/downloads/yaintt.tex"",""start_line"":4747}",high
r014.backend.record,1.0.0,ttp.r014.relation.2382,relation,active,ttp.r014.yaintt,ttp.r014.yaintt,,und,2026-08-22T03:06:00+02:00,codex.r014.id-ID,,ttp.r014.unit.sec.multiplicative-order-properties.exercise.02,precedes,ttp.r014.unit.sec.multiplicative-order-properties.exercise.03,2382,"{""end_line"":4758,""path"":""authority/downloads/yaintt.tex"",""start_line"":4752}",high
r014.backend.record,1.0.0,ttp.r014.relation.2383,relation,active,ttp.r014.yaintt,ttp.r014.yaintt,,und,2026-08-22T03:06:00+02:00,codex.r014.id-ID,,ttp.r014.unit.sec.multiplicative-order-properties.exercise.03,precedes,ttp.r014.unit.sec.multiplicative-order-properties.exercise.04,2383,"{""end_line"":4766,""path"":""authority/downloads/yaintt.tex"",""start_line"":4758}",high
r014.backend.record,1.0.0,ttp.r014.relation.2384,relation,active,ttp.r014.yaintt,ttp.r014.yaintt,,und,2026-08-22T03:06:00+02:00,codex.r014.id-ID,,ttp.r014.unit.sec.gauss-totient-sum.discussion.01,precedes,ttp.r014.unit.sec.gauss-totient-sum.theorem.01,2384,"{""end_line"":4790,""path"":""authority/downloads/yaintt.tex"",""start_line"":4786}",high
r014.backend.record,1.0.0,ttp.r014.relation.2385,relation,active,ttp.r014.yaintt,ttp.r014.yaintt,,und,2026-08-22T03:06:00+02:00,codex.r014.id-ID,,ttp.r014.unit.sec.gauss-totient-sum.theorem.01,precedes,ttp.r014.unit.sec.gauss-totient-sum.discussion.02,2385,"{""end_line"":4794,""path"":""authority/downloads/yaintt.tex"",""start_line"":4790}",high
r014.backend.record,1.0.0,ttp.r014.relation.2386,relation,active,ttp.r014.yaintt,ttp.r014.yaintt,,und,2026-08-22T03:06:00+02:00,codex.r014.id-ID,,ttp.r014.unit.sec.gauss-totient-sum.discussion.02,precedes,ttp.r014.unit.sec.gauss-totient-sum.exercises,2386,"{""end_line"":4889,""path"":""authority/downloads/yaintt.tex"",""start_line"":4794}",high
r014.backend.record,1.0.0,ttp.r014.relation.2387,relation,active,ttp.r014.yaintt,ttp.r014.yaintt,,und,2026-08-22T03:06:00+02:00,codex.r014.id-ID,,ttp.r014.unit.sec.gauss-totient-sum.proof.01,precedes,ttp.r014.unit.sec.gauss-totient-sum.proof.02,2387,"{""end_line"":4836,""path"":""authority/downloads/yaintt.tex"",""start_line"":4797}",high
r014.backend.record,1.0.0,ttp.r014.relation.2388,relation,active,ttp.r014.yaintt,ttp.r014.yaintt,,und,2026-08-22T03:06:00+02:00,codex.r014.id-ID,,ttp.r014.unit.sec.primitive-roots.discussion.01,precedes,ttp.r014.unit.sec.primitive-roots.definition.01,2388,"{""end_line"":4906,""path"":""authority/downloads/yaintt.tex"",""start_line"":4902}",high
r014.backend.record,1.0.0,ttp.r014.relation.2389,relation,active,ttp.r014.yaintt,ttp.r014.yaintt,,und,2026-08-22T03:06:00+02:00,codex.r014.id-ID,,ttp.r014.unit.sec.primitive-roots.definition.01,precedes,ttp.r014.unit.sec.primitive-roots.example.01,2389,"{""end_line"":4914,""path"":""authority/downloads/yaintt.tex"",""start_line"":4906}",high
r014.backend.record,1.0.0,ttp.r014.relation.2390,relation,active,ttp.r014.yaintt,ttp.r014.yaintt,,und,2026-08-22T03:06:00+02:00,codex.r014.id-ID,,ttp.r014.unit.sec.primitive-roots.example.01,precedes,ttp.r014.unit.sec.primitive-roots.discussion.03,2390,"{""end_line"":4956,""path"":""authority/downloads/yaintt.tex"",""start_line"":4914}",high
r014.backend.record,1.0.0,ttp.r014.relation.2391,relation,active,ttp.r014.yaintt,ttp.r014.yaintt,,und,2026-08-22T03:06:00+02:00,codex.r014.id-ID,,ttp.r014.unit.sec.primitive-roots.discussion.03,precedes,ttp.r014.unit.sec.primitive-roots.theorem.01,2391,"{""end_line"":4959,""path"":""authority/downloads/yaintt.tex"",""start_line"":4956}",high
r014.backend.record,1.0.0,ttp.r014.relation.2392,relation,active,ttp.r014.yaintt,ttp.r014.yaintt,,und,2026-08-22T03:06:00+02:00,codex.r014.id-ID,,ttp.r014.unit.sec.primitive-roots.theorem.01,precedes,ttp.r014.unit.sec.primitive-roots.discussion.04,2392,"{""end_line"":4987,""path"":""authority/downloads/yaintt.tex"",""start_line"":4959}",high
r014.backend.record,1.0.0,ttp.r014.relation.2393,relation,active,ttp.r014.yaintt,ttp.r014.yaintt,,und,2026-08-22T03:06:00+02:00,codex.r014.id-ID,,ttp.r014.unit.sec.primitive-roots.discussion.04,precedes,ttp.r014.unit.sec.primitive-roots.theorem.02,2393,"{""end_line"":4999,""path"":""authority/downloads/yaintt.tex"",""start_line"":4987}",high
r014.backend.record,1.0.0,ttp.r014.relation.2394,relation,active,ttp.r014.yaintt,ttp.r014.yaintt,,und,2026-08-22T03:06:00+02:00,codex.r014.id-ID,,ttp.r014.unit.sec.primitive-roots.theorem.02,precedes,ttp.r014.unit.sec.primitive-roots.discussion.05,2394,"{""end_line"":5070,""path"":""authority/downloads/yaintt.tex"",""start_line"":4999}",high
r014.backend.record,1.0.0,ttp.r014.relation.2395,relation,active,ttp.r014.yaintt,ttp.r014.yaintt,,und,2026-08-22T03:06:00+02:00,codex.r014.id-ID,,ttp.r014.unit.sec.primitive-roots.discussion.05,precedes,ttp.r014.unit.sec.primitive-roots.theorem.03,2395,"{""end_line"":5074,""path"":""authority/downloads/yaintt.tex"",""start_line"":5070}",high
r014.backend.record,1.0.0,ttp.r014.relation.2396,relation,active,ttp.r014.yaintt,ttp.r014.yaintt,,und,2026-08-22T03:06:00+02:00,codex.r014.id-ID,,ttp.r014.unit.sec.primitive-roots.theorem.03,precedes,ttp.r014.unit.sec.primitive-roots.discussion.06,2396,"{""end_line"":5102,""path"":""authority/downloads/yaintt.tex"",""start_line"":5074}",high
r014.backend.record,1.0.0,ttp.r014.relation.2397,relation,active,ttp.r014.yaintt,ttp.r014.yaintt,,und,2026-08-22T03:06:00+02:00,codex.r014.id-ID,,ttp.r014.unit.sec.primitive-roots.discussion.06,precedes,ttp.r014.unit.sec.primitive-roots.theorem.04,2397,"{""end_line"":5106,""path"":""authority/downloads/yaintt.tex"",""start_line"":5102}",high
r014.backend.record,1.0.0,ttp.r014.relation.2398,relation,active,ttp.r014.yaintt,ttp.r014.yaintt,,und,2026-08-22T03:06:00+02:00,codex.r014.id-ID,,ttp.r014.unit.sec.primitive-roots.theorem.04,precedes,ttp.r014.unit.sec.primitive-roots.discussion.07,2398,"{""end_line"":5165,""path"":""authority/downloads/yaintt.tex"",""start_line"":5106}",high
r014.backend.record,1.0.0,ttp.r014.relation.2399,relation,active,ttp.r014.yaintt,ttp.r014.yaintt,,und,2026-08-22T03:06:00+02:00,codex.r014.id-ID,,ttp.r014.unit.sec.primitive-roots.discussion.07,precedes,ttp.r014.unit.sec.primitive-roots.corollary.01,2399,"{""end_line"":5168,""path"":""authority/downloads/yaintt.tex"",""start_line"":5165}",high
r014.backend.record,1.0.0,ttp.r014.relation.2400,relation,active,ttp.r014.yaintt,ttp.r014.yaintt,,und,2026-08-22T03:06:00+02:00,codex.r014.id-ID,,ttp.r014.unit.sec.primitive-roots.corollary.01,precedes,ttp.r014.unit.sec.primitive-roots.discussion.08,2400,"{""end_line"":5175,""path"":""authority/downloads/yaintt.tex"",""start_line"":5168}",high
r014.backend.record,1.0.0,ttp.r014.relation.2401,relation,active,ttp.r014.yaintt,ttp.r014.yaintt,,und,2026-08-22T03:06:00+02:00,codex.r014.id-ID,,ttp.r014.unit.sec.primitive-roots.discussion.08,precedes,ttp.r014.unit.sec.primitive-roots.theorem.05,2401,"{""end_line"":5179,""path"":""authority/downloads/yaintt.tex"",""start_line"":5175}",high
r014.backend.record,1.0.0,ttp.r014.relation.2402,relation,active,ttp.r014.yaintt,ttp.r014.yaintt,,und,2026-08-22T03:06:00+02:00,codex.r014.id-ID,,ttp.r014.unit.sec.primitive-roots.theorem.05,precedes,ttp.r014.unit.sec.primitive-roots.discussion.09,2402,"{""end_line"":5222,""path"":""authority/downloads/yaintt.tex"",""start_line"":5179}",high
r014.backend.record,1.0.0,ttp.r014.relation.2403,relation,active,ttp.r014.yaintt,ttp.r014.yaintt,,und,2026-08-22T03:06:00+02:00,codex.r014.id-ID,,ttp.r014.unit.sec.primitive-roots.discussion.09,precedes,ttp.r014.unit.sec.primitive-roots.exercises,2403,"{""end_line"":5232,""path"":""authority/downloads/yaintt.tex"",""start_line"":5222}",high
r014.backend.record,1.0.0,ttp.r014.relation.2404,relation,active,ttp.r014.yaintt,ttp.r014.yaintt,,und,2026-08-22T03:06:00+02:00,codex.r014.id-ID,,ttp.r014.unit.sec.primitive-roots.table.01,precedes,ttp.r014.unit.sec.primitive-roots.discussion.02,2404,"{""end_line"":4948,""path"":""authority/downloads/yaintt.tex"",""start_line"":4917}",high
r014.backend.record,1.0.0,ttp.r014.relation.2405,relation,active,ttp.r014.yaintt,ttp.r014.yaintt,,und,2026-08-22T03:06:00+02:00,codex.r014.id-ID,,ttp.r014.unit.sec.primitive-roots.exercise.01,precedes,ttp.r014.unit.sec.primitive-roots.exercise.02,2405,"{""end_line"":5239,""path"":""authority/downloads/yaintt.tex"",""start_line"":5235}",high
r014.backend.record,1.0.0,ttp.r014.relation.2406,relation,active,ttp.r014.yaintt,ttp.r014.yaintt,,und,2026-08-22T03:06:00+02:00,codex.r014.id-ID,,ttp.r014.unit.sec.primitive-roots.exercise.02,precedes,ttp.r014.unit.sec.primitive-roots.exercise.03,2406,"{""end_line"":5244,""path"":""authority/downloads/yaintt.tex"",""start_line"":5239}",high
r014.backend.record,1.0.0,ttp.r014.relation.2407,relation,active,ttp.r014.yaintt,ttp.r014.yaintt,,und,2026-08-22T03:06:00+02:00,codex.r014.id-ID,,ttp.r014.unit.sec.primitive-roots.exercise.03,precedes,ttp.r014.unit.sec.primitive-roots.exercise.04,2407,"{""end_line"":5248,""path"":""authority/downloads/yaintt.tex"",""start_line"":5244}",high
r014.backend.record,1.0.0,ttp.r014.relation.2408,relation,active,ttp.r014.yaintt,ttp.r014.yaintt,,und,2026-08-22T03:06:00+02:00,codex.r014.id-ID,,ttp.r014.unit.sec.primitive-roots.exercise.04,precedes,ttp.r014.unit.sec.primitive-roots.exercise.05,2408,"{""end_line"":5254,""path"":""authority/downloads/yaintt.tex"",""start_line"":5248}",high
r014.backend.record,1.0.0,ttp.r014.relation.2409,relation,active,ttp.r014.yaintt,ttp.r014.yaintt,,und,2026-08-22T03:06:00+02:00,codex.r014.id-ID,,ttp.r014.unit.sec.primitive-roots.exercise.05,precedes,ttp.r014.unit.sec.primitive-roots.exercise.06,2409,"{""end_line"":5260,""path"":""authority/downloads/yaintt.tex"",""start_line"":5254}",high
r014.backend.record,1.0.0,ttp.r014.relation.2410,relation,active,ttp.r014.yaintt,ttp.r014.yaintt,,und,2026-08-22T03:06:00+02:00,codex.r014.id-ID,,ttp.r014.unit.sec.primitive-roots.exercise.06,precedes,ttp.r014.unit.sec.primitive-roots.exercise.07,2410,"{""end_line"":5264,""path"":""authority/downloads/yaintt.tex"",""start_line"":5260}",high
r014.backend.record,1.0.0,ttp.r014.relation.2411,relation,active,ttp.r014.yaintt,ttp.r014.yaintt,,und,2026-08-22T03:06:00+02:00,codex.r014.id-ID,,ttp.r014.unit.sec.indices.discussion.01,precedes,ttp.r014.unit.sec.indices.definition.01,2411,"{""end_line"":5282,""path"":""authority/downloads/yaintt.tex"",""start_line"":5273}",high
r014.backend.record,1.0.0,ttp.r014.relation.2412,relation,active,ttp.r014.yaintt,ttp.r014.yaintt,,und,2026-08-22T03:06:00+02:00,codex.r014.id-ID,,ttp.r014.unit.sec.indices.definition.01,precedes,ttp.r014.unit.sec.indices.example.01,2412,"{""end_line"":5291,""path"":""authority/downloads/yaintt.tex"",""start_line"":5282}",high
r014.backend.record,1.0.0,ttp.r014.relation.2413,relation,active,ttp.r014.yaintt,ttp.r014.yaintt,,und,2026-08-22T03:06:00+02:00,codex.r014.id-ID,,ttp.r014.unit.sec.indices.example.01,precedes,ttp.r014.unit.sec.indices.discussion.02,2413,"{""end_line"":5395,""path"":""authority/downloads/yaintt.tex"",""start_line"":5291}",high
r014.backend.record,1.0.0,ttp.r014.relation.2414,relation,active,ttp.r014.yaintt,ttp.r014.yaintt,,und,2026-08-22T03:06:00+02:00,codex.r014.id-ID,,ttp.r014.unit.sec.indices.discussion.02,precedes,ttp.r014.unit.sec.indices.theorem.01,2414,"{""end_line"":5399,""path"":""authority/downloads/yaintt.tex"",""start_line"":5395}",high
r014.backend.record,1.0.0,ttp.r014.relation.2415,relation,active,ttp.r014.yaintt,ttp.r014.yaintt,,und,2026-08-22T03:06:00+02:00,codex.r014.id-ID,,ttp.r014.unit.sec.indices.theorem.01,precedes,ttp.r014.unit.sec.indices.discussion.03,2415,"{""end_line"":5430,""path"":""authority/downloads/yaintt.tex"",""start_line"":5399}",high
r014.backend.record,1.0.0,ttp.r014.relation.2416,relation,active,ttp.r014.yaintt,ttp.r014.yaintt,,und,2026-08-22T03:06:00+02:00,codex.r014.id-ID,,ttp.r014.unit.sec.indices.discussion.03,precedes,ttp.r014.unit.sec.indices.example.02,2416,"{""end_line"":5439,""path"":""authority/downloads/yaintt.tex"",""start_line"":5430}",high
r014.backend.record,1.0.0,ttp.r014.relation.2417,relation,active,ttp.r014.yaintt,ttp.r014.yaintt,,und,2026-08-22T03:06:00+02:00,codex.r014.id-ID,,ttp.r014.unit.sec.indices.example.02,precedes,ttp.r014.unit.sec.indices.discussion.04,2417,"{""end_line"":5477,""path"":""authority/downloads/yaintt.tex"",""start_line"":5439}",high
r014.backend.record,1.0.0,ttp.r014.relation.2418,relation,active,ttp.r014.yaintt,ttp.r014.yaintt,,und,2026-08-22T03:06:00+02:00,codex.r014.id-ID,,ttp.r014.unit.sec.indices.discussion.04,precedes,ttp.r014.unit.sec.indices.exercises,2418,"{""end_line"":5495,""path"":""authority/downloads/yaintt.tex"",""start_line"":5477}",high
r014.backend.record,1.0.0,ttp.r014.relation.2419,relation,active,ttp.r014.yaintt,ttp.r014.yaintt,,und,2026-08-22T03:06:00+02:00,codex.r014.id-ID,,ttp.r014.unit.sec.indices.table.01,precedes,ttp.r014.unit.sec.indices.table.02,2419,"{""end_line"":5367,""path"":""authority/downloads/yaintt.tex"",""start_line"":5297}",high
r014.backend.record,1.0.0,ttp.r014.relation.2420,relation,active,ttp.r014.yaintt,ttp.r014.yaintt,,und,2026-08-22T03:06:00+02:00,codex.r014.id-ID,,ttp.r014.unit.sec.indices.tabular.01,precedes,ttp.r014.unit.sec.indices.tabular.02,2420,"{""end_line"":5330,""path"":""authority/downloads/yaintt.tex"",""start_line"":5298}",high
r014.backend.record,1.0.0,ttp.r014.relation.2421,relation,active,ttp.r014.yaintt,ttp.r014.yaintt,,und,2026-08-22T03:06:00+02:00,codex.r014.id-ID,,ttp.r014.unit.sec.indices.exercise.01,precedes,ttp.r014.unit.sec.indices.exercise.02,2421,"{""end_line"":5504,""path"":""authority/downloads/yaintt.tex"",""start_line"":5498}",high
r014.backend.record,1.0.0,ttp.r014.relation.2422,relation,active,ttp.r014.yaintt,ttp.r014.yaintt,,und,2026-08-22T03:06:00+02:00,codex.r014.id-ID,,ttp.r014.unit.sec.indices.exercise.02,precedes,ttp.r014.unit.sec.indices.exercise.03,2422,"{""end_line"":5511,""path"":""authority/downloads/yaintt.tex"",""start_line"":5504}",high
r014.backend.record,1.0.0,ttp.r014.relation.2423,relation,active,ttp.r014.yaintt,ttp.r014.yaintt,,und,2026-08-22T03:06:00+02:00,codex.r014.id-ID,,ttp.r014.unit.id-id.sec.dhke.discussion.01,precedes,ttp.r014.unit.id-id.sec.dhke.definition.01,2423,"{""end_line"":5538,""path"":""authority/downloads/yaintt.tex"",""start_line"":5526}",high
r014.backend.record,1.0.0,ttp.r014.relation.2424,relation,active,ttp.r014.yaintt,ttp.r014.yaintt,,und,2026-08-22T03:06:00+02:00,codex.r014.id-ID,,ttp.r014.unit.id-id.sec.dhke.definition.01,precedes,ttp.r014.unit.id-id.sec.dhke.discussion.02,2424,"{""end_line"":5557,""path"":""authority/downloads/yaintt.tex"",""start_line"":5538}",high
r014.backend.record,1.0.0,ttp.r014.relation.2425,relation,active,ttp.r014.yaintt,ttp.r014.yaintt,,und,2026-08-22T03:06:00+02:00,codex.r014.id-ID,,ttp.r014.unit.id-id.sec.dhke.discussion.02,precedes,ttp.r014.unit.id-id.sec.dhke.tabular.01,2425,"{""end_line"":5562,""path"":""authority/downloads/yaintt.tex"",""start_line"":5557}",high
r014.backend.record,1.0.0,ttp.r014.relation.2426,relation,active,ttp.r014.yaintt,ttp.r014.yaintt,,und,2026-08-22T03:06:00+02:00,codex.r014.id-ID,,ttp.r014.unit.id-id.sec.dhke.tabular.01,precedes,ttp.r014.unit.id-id.sec.dhke.proposition.01,2426,"{""end_line"":5582,""path"":""authority/downloads/yaintt.tex"",""start_line"":5562}",high
r014.backend.record,1.0.0,ttp.r014.relation.2427,relation,active,ttp.r014.yaintt,ttp.r014.yaintt,,und,2026-08-22T03:06:00+02:00,codex.r014.id-ID,,ttp.r014.unit.id-id.sec.dhke.proposition.01,precedes,ttp.r014.unit.id-id.sec.dhke.example.01,2427,"{""end_line"":5597,""path"":""authority/downloads/yaintt.tex"",""start_line"":5582}",high
r014.backend.record,1.0.0,ttp.r014.relation.2428,relation,active,ttp.r014.yaintt,ttp.r014.yaintt,,und,2026-08-22T03:06:00+02:00,codex.r014.id-ID,,ttp.r014.unit.id-id.sec.dhke.example.01,precedes,ttp.r014.unit.id-id.sec.dhke.discussion.03,2428,"{""end_line"":5627,""path"":""authority/downloads/yaintt.tex"",""start_line"":5597}",high
r014.backend.record,1.0.0,ttp.r014.relation.2429,relation,active,ttp.r014.yaintt,ttp.r014.yaintt,,und,2026-08-22T03:06:00+02:00,codex.r014.id-ID,,ttp.r014.unit.id-id.sec.dhke.discussion.03,precedes,ttp.r014.unit.id-id.sec.dhke.definition.02,2429,"{""end_line"":5645,""path"":""authority/downloads/yaintt.tex"",""start_line"":5627}",high
r014.backend.record,1.0.0,ttp.r014.relation.2430,relation,active,ttp.r014.yaintt,ttp.r014.yaintt,,und,2026-08-22T03:06:00+02:00,codex.r014.id-ID,,ttp.r014.unit.id-id.sec.dhke.definition.02,precedes,ttp.r014.unit.id-id.sec.dhke.discussion.04,2430,"{""end_line"":5649,""path"":""authority/downloads/yaintt.tex"",""start_line"":5645}",high
r014.backend.record,1.0.0,ttp.r014.relation.2431,relation,active,ttp.r014.yaintt,ttp.r014.yaintt,,und,2026-08-22T03:06:00+02:00,codex.r014.id-ID,,ttp.r014.unit.id-id.sec.dhke.discussion.04,precedes,ttp.r014.unit.id-id.sec.dhke.example.02,2431,"{""end_line"":5656,""path"":""authority/downloads/yaintt.tex"",""start_line"":5649}",high
r014.backend.record,1.0.0,ttp.r014.relation.2432,relation,active,ttp.r014.yaintt,ttp.r014.yaintt,,und,2026-08-22T03:06:00+02:00,codex.r014.id-ID,,ttp.r014.unit.id-id.sec.dhke.example.02,precedes,ttp.r014.unit.id-id.sec.dhke.discussion.05,2432,"{""end_line"":5673,""path"":""authority/downloads/yaintt.tex"",""start_line"":5656}",high
r014.backend.record,1.0.0,ttp.r014.relation.2433,relation,active,ttp.r014.yaintt,ttp.r014.yaintt,,und,2026-08-22T03:06:00+02:00,codex.r014.id-ID,,ttp.r014.unit.id-id.sec.dhke.discussion.05,precedes,ttp.r014.unit.id-id.sec.dhke.definition.03,2433,"{""end_line"":5694,""path"":""authority/downloads/yaintt.tex"",""start_line"":5673}",high
r014.backend.record,1.0.0,ttp.r014.relation.2434,relation,active,ttp.r014.yaintt,ttp.r014.yaintt,,und,2026-08-22T03:06:00+02:00,codex.r014.id-ID,,ttp.r014.unit.id-id.sec.dhke.definition.03,precedes,ttp.r014.unit.id-id.sec.dhke.discussion.06,2434,"{""end_line"":5709,""path"":""authority/downloads/yaintt.tex"",""start_line"":5694}",high
r014.backend.record,1.0.0,ttp.r014.relation.2435,relation,active,ttp.r014.yaintt,ttp.r014.yaintt,,und,2026-08-22T03:06:00+02:00,codex.r014.id-ID,,ttp.r014.unit.id-id.sec.dhke.discussion.06,precedes,ttp.r014.unit.id-id.sec.dhke.exercises,2435,"{""end_line"":5730,""path"":""authority/downloads/yaintt.tex"",""start_line"":5709}",high
r014.backend.record,1.0.0,ttp.r014.relation.2436,relation,active,ttp.r014.yaintt,ttp.r014.yaintt,,und,2026-08-22T03:06:00+02:00,codex.r014.id-ID,,ttp.r014.unit.id-id.sec.dhke.exercise.01,precedes,ttp.r014.unit.id-id.sec.dhke.exercise.02,2436,"{""end_line"":5742,""path"":""authority/downloads/yaintt.tex"",""start_line"":5733}",high
r014.backend.record,1.0.0,ttp.r014.relation.2437,relation,active,ttp.r014.yaintt,ttp.r014.yaintt,,und,2026-08-22T03:06:00+02:00,codex.r014.id-ID,,ttp.r014.unit.id-id.sec.dhke.exercise.02,precedes,ttp.r014.unit.id-id.sec.dhke.exercise.03,2437,"{""end_line"":5760,""path"":""authority/downloads/yaintt.tex"",""start_line"":5742}",high
r014.backend.record,1.0.0,ttp.r014.relation.2438,relation,active,ttp.r014.yaintt,ttp.r014.yaintt,,und,2026-08-22T03:06:00+02:00,codex.r014.id-ID,,ttp.r014.unit.id-id.sec.tegc.discussion.01,precedes,ttp.r014.unit.id-id.sec.tegc.definition.01,2438,"{""end_line"":5794,""path"":""authority/downloads/yaintt.tex"",""start_line"":5769}",high
r014.backend.record,1.0.0,ttp.r014.relation.2439,relation,active,ttp.r014.yaintt,ttp.r014.yaintt,,und,2026-08-22T03:06:00+02:00,codex.r014.id-ID,,ttp.r014.unit.id-id.sec.tegc.definition.01,precedes,ttp.r014.unit.id-id.sec.tegc.discussion.02,2439,"{""end_line"":5824,""path"":""authority/downloads/yaintt.tex"",""start_line"":5794}",high
r014.backend.record,1.0.0,ttp.r014.relation.2440,relation,active,ttp.r014.yaintt,ttp.r014.yaintt,,und,2026-08-22T03:06:00+02:00,codex.r014.id-ID,,ttp.r014.unit.id-id.sec.tegc.discussion.02,precedes,ttp.r014.unit.id-id.sec.tegc.proposition.01,2440,"{""end_line"":5828,""path"":""authority/downloads/yaintt.tex"",""start_line"":5824}",high
r014.backend.record,1.0.0,ttp.r014.relation.2441,relation,active,ttp.r014.yaintt,ttp.r014.yaintt,,und,2026-08-22T03:06:00+02:00,codex.r014.id-ID,,ttp.r014.unit.id-id.sec.tegc.proposition.01,precedes,ttp.r014.unit.id-id.sec.tegc.discussion.03,2441,"{""end_line"":5850,""path"":""authority/downloads/yaintt.tex"",""start_line"":5828}",high
r014.backend.record,1.0.0,ttp.r014.relation.2442,relation,active,ttp.r014.yaintt,ttp.r014.yaintt,,und,2026-08-22T03:06:00+02:00,codex.r014.id-ID,,ttp.r014.unit.id-id.sec.tegc.discussion.03,precedes,ttp.r014.unit.id-id.sec.tegc.tabular.01,2442,"{""end_line"":5855,""path"":""authority/downloads/yaintt.tex"",""start_line"":5850}",high
r014.backend.record,1.0.0,ttp.r014.relation.2443,relation,active,ttp.r014.yaintt,ttp.r014.yaintt,,und,2026-08-22T03:06:00+02:00,codex.r014.id-ID,,ttp.r014.unit.id-id.sec.tegc.tabular.01,precedes,ttp.r014.unit.id-id.sec.tegc.discussion.04,2443,"{""end_line"":5880,""path"":""authority/downloads/yaintt.tex"",""start_line"":5855}",high
r014.backend.record,1.0.0,ttp.r014.relation.2444,relation,active,ttp.r014.yaintt,ttp.r014.yaintt,,und,2026-08-22T03:06:00+02:00,codex.r014.id-ID,,ttp.r014.unit.id-id.sec.tegc.discussion.04,precedes,ttp.r014.unit.id-id.sec.tegc.definition.02,2444,"{""end_line"":5885,""path"":""authority/downloads/yaintt.tex"",""start_line"":5880}",high
r014.backend.record,1.0.0,ttp.r014.relation.2445,relation,active,ttp.r014.yaintt,ttp.r014.yaintt,,und,2026-08-22T03:06:00+02:00,codex.r014.id-ID,,ttp.r014.unit.id-id.sec.tegc.definition.02,precedes,ttp.r014.unit.id-id.sec.tegc.discussion.05,2445,"{""end_line"":5899,""path"":""authority/downloads/yaintt.tex"",""start_line"":5885}",high
r014.backend.record,1.0.0,ttp.r014.relation.2446,relation,active,ttp.r014.yaintt,ttp.r014.yaintt,,und,2026-08-22T03:06:00+02:00,codex.r014.id-ID,,ttp.r014.unit.id-id.sec.tegc.discussion.05,precedes,ttp.r014.unit.id-id.sec.tegc.proposition.02,2446,"{""end_line"":5903,""path"":""authority/downloads/yaintt.tex"",""start_line"":5899}",high
r014.backend.record,1.0.0,ttp.r014.relation.2447,relation,active,ttp.r014.yaintt,ttp.r014.yaintt,,und,2026-08-22T03:06:00+02:00,codex.r014.id-ID,,ttp.r014.unit.id-id.sec.tegc.proposition.02,precedes,ttp.r014.unit.id-id.sec.tegc.discussion.06,2447,"{""end_line"":5920,""path"":""authority/downloads/yaintt.tex"",""start_line"":5903}",high
r014.backend.record,1.0.0,ttp.r014.relation.2448,relation,active,ttp.r014.yaintt,ttp.r014.yaintt,,und,2026-08-22T03:06:00+02:00,codex.r014.id-ID,,ttp.r014.unit.id-id.sec.tegc.discussion.06,precedes,ttp.r014.unit.id-id.sec.tegc.tabular.02,2448,"{""end_line"":5925,""path"":""authority/downloads/yaintt.tex"",""start_line"":5920}",high
r014.backend.record,1.0.0,ttp.r014.relation.2449,relation,active,ttp.r014.yaintt,ttp.r014.yaintt,,und,2026-08-22T03:06:00+02:00,codex.r014.id-ID,,ttp.r014.unit.id-id.sec.tegc.tabular.02,precedes,ttp.r014.unit.id-id.sec.tegc.exercises,2449,"{""end_line"":5958,""path"":""authority/downloads/yaintt.tex"",""start_line"":5925}",high
r014.backend.record,1.0.0,ttp.r014.relation.2450,relation,active,ttp.r014.yaintt,ttp.r014.yaintt,,und,2026-08-22T03:06:00+02:00,codex.r014.id-ID,,ttp.r014.unit.id-id.sec.tegc.exercise.01,precedes,ttp.r014.unit.id-id.sec.tegc.exercise.02,2450,"{""end_line"":5973,""path"":""authority/downloads/yaintt.tex"",""start_line"":5961}",high
r014.backend.record,1.0.0,ttp.r014.relation.2451,relation,active,ttp.r014.yaintt,ttp.r014.yaintt,,und,2026-08-22T03:06:00+02:00,codex.r014.id-ID,,ttp.r014.unit.id-id.sec.tegc.exercise.02,precedes,ttp.r014.unit.id-id.sec.tegc.exercise.03,2451,"{""end_line"":5985,""path"":""authority/downloads/yaintt.tex"",""start_line"":5973}",high
r014.backend.record,1.0.0,ttp.r014.relation.2452,relation,active,ttp.r014.yaintt,ttp.r014.yaintt,,und,2026-08-22T03:06:00+02:00,codex.r014.id-ID,,ttp.r014.unit.sec.batfta,covers,ttp.concept.prime,2452,"{""path"":""qa/review-candidates/boundary28-r2/TERMINOLOGY.md"",""sha256"":""3e3fe31baa8565bbc54cd6d789570cac18ed469f68cf683f08dd639ef92d9bd1""}",high
r014.backend.record,1.0.0,ttp.r014.relation.2453,relation,active,ttp.r014.yaintt,ttp.r014.yaintt,,und,2026-08-22T03:06:00+02:00,codex.r014.id-ID,,ttp.r014.unit.sec.batfta,covers,ttp.concept.composite,2453,"{""path"":""qa/review-candidates/boundary28-r2/TERMINOLOGY.md"",""sha256"":""3e3fe31baa8565bbc54cd6d789570cac18ed469f68cf683f08dd639ef92d9bd1""}",high
r014.backend.record,1.0.0,ttp.r014.relation.2454,relation,active,ttp.r014.yaintt,ttp.r014.yaintt,,und,2026-08-22T03:06:00+02:00,codex.r014.id-ID,,ttp.r014.unit.sec.batfta,covers,ttp.concept.prime_factorization,2454,"{""path"":""qa/review-candidates/boundary28-r2/TERMINOLOGY.md"",""sha256"":""3e3fe31baa8565bbc54cd6d789570cac18ed469f68cf683f08dd639ef92d9bd1""}",high
r014.backend.record,1.0.0,ttp.r014.relation.2455,relation,active,ttp.r014.yaintt,ttp.r014.yaintt,,und,2026-08-22T03:06:00+02:00,codex.r014.id-ID,,ttp.r014.unit.sec.batfta,covers,ttp.concept.fundamental_theorem_arithmetic,2455,"{""path"":""qa/review-candidates/boundary28-r2/TERMINOLOGY.md"",""sha256"":""3e3fe31baa8565bbc54cd6d789570cac18ed469f68cf683f08dd639ef92d9bd1""}",high
r014.backend.record,1.0.0,ttp.r014.relation.2456,relation,active,ttp.r014.yaintt,ttp.r014.yaintt,,und,2026-08-22T03:06:00+02:00,codex.r014.id-ID,,ttp.r014.unit.sec.batfta,covers,ttp.concept.square_free,2456,"{""path"":""qa/review-candidates/boundary28-r2/TERMINOLOGY.md"",""sha256"":""3e3fe31baa8565bbc54cd6d789570cac18ed469f68cf683f08dd639ef92d9bd1""}",high
r014.backend.record,1.0.0,ttp.r014.relation.2457,relation,active,ttp.r014.yaintt,ttp.r014.yaintt,,und,2026-08-22T03:06:00+02:00,codex.r014.id-ID,,ttp.r014.unit.sec.batfta,covers,ttp.concept.proper_divisor,2457,"{""path"":""qa/review-candidates/boundary28-r2/TERMINOLOGY.md"",""sha256"":""3e3fe31baa8565bbc54cd6d789570cac18ed469f68cf683f08dd639ef92d9bd1""}",high
r014.backend.record,1.0.0,ttp.r014.relation.2458,relation,active,ttp.r014.yaintt,ttp.r014.yaintt,,und,2026-08-22T03:06:00+02:00,codex.r014.id-ID,,ttp.r014.unit.sec.batfta.exercise.01,exercises,ttp.concept.prime,2458,"{""end_line"":2359,""path"":""authority/downloads/yaintt.tex"",""start_line"":2357}",high
r014.backend.record,1.0.0,ttp.r014.relation.2459,relation,active,ttp.r014.yaintt,ttp.r014.yaintt,,und,2026-08-22T03:06:00+02:00,codex.r014.id-ID,,ttp.r014.unit.sec.batfta.exercise.01,exercises,ttp.concept.composite,2459,"{""end_line"":2359,""path"":""authority/downloads/yaintt.tex"",""start_line"":2357}",high
r014.backend.record,1.0.0,ttp.r014.relation.2460,relation,active,ttp.r014.yaintt,ttp.r014.yaintt,,und,2026-08-22T03:06:00+02:00,codex.r014.id-ID,,ttp.r014.unit.sec.batfta.exercise.01,exercises,ttp.concept.prime_factorization,2460,"{""end_line"":2359,""path"":""authority/downloads/yaintt.tex"",""start_line"":2357}",high
r014.backend.record,1.0.0,ttp.r014.relation.2461,relation,active,ttp.r014.yaintt,ttp.r014.yaintt,,und,2026-08-22T03:06:00+02:00,codex.r014.id-ID,,ttp.r014.unit.sec.batfta.exercise.01,exercises,ttp.concept.fundamental_theorem_arithmetic,2461,"{""end_line"":2359,""path"":""authority/downloads/yaintt.tex"",""start_line"":2357}",high
r014.backend.record,1.0.0,ttp.r014.relation.2462,relation,active,ttp.r014.yaintt,ttp.r014.yaintt,,und,2026-08-22T03:06:00+02:00,codex.r014.id-ID,,ttp.r014.unit.sec.batfta.exercise.01,exercises,ttp.concept.square_free,2462,"{""end_line"":2359,""path"":""authority/downloads/yaintt.tex"",""start_line"":2357}",high
r014.backend.record,1.0.0,ttp.r014.relation.2463,relation,active,ttp.r014.yaintt,ttp.r014.yaintt,,und,2026-08-22T03:06:00+02:00,codex.r014.id-ID,,ttp.r014.unit.sec.batfta.exercise.01,exercises,ttp.concept.proper_divisor,2463,"{""end_line"":2359,""path"":""authority/downloads/yaintt.tex"",""start_line"":2357}",high
r014.backend.record,1.0.0,ttp.r014.relation.2464,relation,active,ttp.r014.yaintt,ttp.r014.yaintt,,und,2026-08-22T03:06:00+02:00,codex.r014.id-ID,,ttp.r014.unit.sec.batfta.exercise.02,exercises,ttp.concept.prime,2464,"{""end_line"":2363,""path"":""authority/downloads/yaintt.tex"",""start_line"":2360}",high
r014.backend.record,1.0.0,ttp.r014.relation.2465,relation,active,ttp.r014.yaintt,ttp.r014.yaintt,,und,2026-08-22T03:06:00+02:00,codex.r014.id-ID,,ttp.r014.unit.sec.batfta.exercise.02,exercises,ttp.concept.composite,2465,"{""end_line"":2363,""path"":""authority/downloads/yaintt.tex"",""start_line"":2360}",high
r014.backend.record,1.0.0,ttp.r014.relation.2466,relation,active,ttp.r014.yaintt,ttp.r014.yaintt,,und,2026-08-22T03:06:00+02:00,codex.r014.id-ID,,ttp.r014.unit.sec.batfta.exercise.02,exercises,ttp.concept.prime_factorization,2466,"{""end_line"":2363,""path"":""authority/downloads/yaintt.tex"",""start_line"":2360}",high
r014.backend.record,1.0.0,ttp.r014.relation.2467,relation,active,ttp.r014.yaintt,ttp.r014.yaintt,,und,2026-08-22T03:06:00+02:00,codex.r014.id-ID,,ttp.r014.unit.sec.batfta.exercise.02,exercises,ttp.concept.fundamental_theorem_arithmetic,2467,"{""end_line"":2363,""path"":""authority/downloads/yaintt.tex"",""start_line"":2360}",high
r014.backend.record,1.0.0,ttp.r014.relation.2468,relation,active,ttp.r014.yaintt,ttp.r014.yaintt,,und,2026-08-22T03:06:00+02:00,codex.r014.id-ID,,ttp.r014.unit.sec.batfta.exercise.02,exercises,ttp.concept.square_free,2468,"{""end_line"":2363,""path"":""authority/downloads/yaintt.tex"",""start_line"":2360}",high
r014.backend.record,1.0.0,ttp.r014.relation.2469,relation,active,ttp.r014.yaintt,ttp.r014.yaintt,,und,2026-08-22T03:06:00+02:00,codex.r014.id-ID,,ttp.r014.unit.sec.batfta.exercise.02,exercises,ttp.concept.proper_divisor,2469,"{""end_line"":2363,""path"":""authority/downloads/yaintt.tex"",""start_line"":2360}",high
r014.backend.record,1.0.0,ttp.r014.relation.2470,relation,active,ttp.r014.yaintt,ttp.r014.yaintt,,und,2026-08-22T03:06:00+02:00,codex.r014.id-ID,,ttp.r014.unit.sec.batfta.exercise.03,exercises,ttp.concept.prime,2470,"{""end_line"":2369,""path"":""authority/downloads/yaintt.tex"",""start_line"":2364}",high
r014.backend.record,1.0.0,ttp.r014.relation.2471,relation,active,ttp.r014.yaintt,ttp.r014.yaintt,,und,2026-08-22T03:06:00+02:00,codex.r014.id-ID,,ttp.r014.unit.sec.batfta.exercise.03,exercises,ttp.concept.composite,2471,"{""end_line"":2369,""path"":""authority/downloads/yaintt.tex"",""start_line"":2364}",high
r014.backend.record,1.0.0,ttp.r014.relation.2472,relation,active,ttp.r014.yaintt,ttp.r014.yaintt,,und,2026-08-22T03:06:00+02:00,codex.r014.id-ID,,ttp.r014.unit.sec.batfta.exercise.03,exercises,ttp.concept.prime_factorization,2472,"{""end_line"":2369,""path"":""authority/downloads/yaintt.tex"",""start_line"":2364}",high
r014.backend.record,1.0.0,ttp.r014.relation.2473,relation,active,ttp.r014.yaintt,ttp.r014.yaintt,,und,2026-08-22T03:06:00+02:00,codex.r014.id-ID,,ttp.r014.unit.sec.batfta.exercise.03,exercises,ttp.concept.fundamental_theorem_arithmetic,2473,"{""end_line"":2369,""path"":""authority/downloads/yaintt.tex"",""start_line"":2364}",high
r014.backend.record,1.0.0,ttp.r014.relation.2474,relation,active,ttp.r014.yaintt,ttp.r014.yaintt,,und,2026-08-22T03:06:00+02:00,codex.r014.id-ID,,ttp.r014.unit.sec.batfta.exercise.03,exercises,ttp.concept.square_free,2474,"{""end_line"":2369,""path"":""authority/downloads/yaintt.tex"",""start_line"":2364}",high
r014.backend.record,1.0.0,ttp.r014.relation.2475,relation,active,ttp.r014.yaintt,ttp.r014.yaintt,,und,2026-08-22T03:06:00+02:00,codex.r014.id-ID,,ttp.r014.unit.sec.batfta.exercise.03,exercises,ttp.concept.proper_divisor,2475,"{""end_line"":2369,""path"":""authority/downloads/yaintt.tex"",""start_line"":2364}",high
r014.backend.record,1.0.0,ttp.r014.relation.2476,relation,active,ttp.r014.yaintt,ttp.r014.yaintt,,und,2026-08-22T03:06:00+02:00,codex.r014.id-ID,,ttp.r014.unit.sec.wt,covers,ttp.concept.wilsons_theorem,2476,"{""path"":""qa/review-candidates/boundary28-r2/TERMINOLOGY.md"",""sha256"":""3e3fe31baa8565bbc54cd6d789570cac18ed469f68cf683f08dd639ef92d9bd1""}",high
r014.backend.record,1.0.0,ttp.r014.relation.2477,relation,active,ttp.r014.yaintt,ttp.r014.yaintt,,und,2026-08-22T03:06:00+02:00,codex.r014.id-ID,,ttp.r014.unit.sec.wt,covers,ttp.concept.self_inverse,2477,"{""path"":""qa/review-candidates/boundary28-r2/TERMINOLOGY.md"",""sha256"":""3e3fe31baa8565bbc54cd6d789570cac18ed469f68cf683f08dd639ef92d9bd1""}",high
r014.backend.record,1.0.0,ttp.r014.relation.2478,relation,active,ttp.r014.yaintt,ttp.r014.yaintt,,und,2026-08-22T03:06:00+02:00,codex.r014.id-ID,,ttp.r014.unit.sec.wt,covers,ttp.concept.factorial,2478,"{""path"":""qa/review-candidates/boundary28-r2/TERMINOLOGY.md"",""sha256"":""3e3fe31baa8565bbc54cd6d789570cac18ed469f68cf683f08dd639ef92d9bd1""}",high
r014.backend.record,1.0.0,ttp.r014.relation.2479,relation,active,ttp.r014.yaintt,ttp.r014.yaintt,,und,2026-08-22T03:06:00+02:00,codex.r014.id-ID,,ttp.r014.unit.sec.wt,covers,ttp.concept.primality_test,2479,"{""path"":""qa/review-candidates/boundary28-r2/TERMINOLOGY.md"",""sha256"":""3e3fe31baa8565bbc54cd6d789570cac18ed469f68cf683f08dd639ef92d9bd1""}",high
r014.backend.record,1.0.0,ttp.r014.relation.2480,relation,active,ttp.r014.yaintt,ttp.r014.yaintt,,und,2026-08-22T03:06:00+02:00,codex.r014.id-ID,,ttp.r014.unit.sec.moaa,covers,ttp.concept.multiplicative_order,2480,"{""path"":""qa/review-candidates/boundary28-r2/TERMINOLOGY.md"",""sha256"":""3e3fe31baa8565bbc54cd6d789570cac18ed469f68cf683f08dd639ef92d9bd1""}",high
r014.backend.record,1.0.0,ttp.r014.relation.2481,relation,active,ttp.r014.yaintt,ttp.r014.yaintt,,und,2026-08-22T03:06:00+02:00,codex.r014.id-ID,,ttp.r014.unit.sec.moaa,covers,ttp.concept.lagranges_theorem,2481,"{""path"":""qa/review-candidates/boundary28-r2/TERMINOLOGY.md"",""sha256"":""3e3fe31baa8565bbc54cd6d789570cac18ed469f68cf683f08dd639ef92d9bd1""}",high
r014.backend.record,1.0.0,ttp.r014.relation.2482,relation,active,ttp.r014.yaintt,ttp.r014.yaintt,,und,2026-08-22T03:06:00+02:00,codex.r014.id-ID,,ttp.r014.unit.sec.moaa,covers,ttp.concept.cyclic_subgroup,2482,"{""path"":""qa/review-candidates/boundary28-r2/TERMINOLOGY.md"",""sha256"":""3e3fe31baa8565bbc54cd6d789570cac18ed469f68cf683f08dd639ef92d9bd1""}",high
r014.backend.record,1.0.0,ttp.r014.relation.2483,relation,active,ttp.r014.yaintt,ttp.r014.yaintt,,und,2026-08-22T03:06:00+02:00,codex.r014.id-ID,,ttp.r014.unit.sec.moaa,covers,ttp.concept.coset,2483,"{""path"":""qa/review-candidates/boundary28-r2/TERMINOLOGY.md"",""sha256"":""3e3fe31baa8565bbc54cd6d789570cac18ed469f68cf683f08dd639ef92d9bd1""}",high
r014.backend.record,1.0.0,ttp.r014.relation.2484,relation,active,ttp.r014.yaintt,ttp.r014.yaintt,,und,2026-08-22T03:06:00+02:00,codex.r014.id-ID,,ttp.r014.unit.sec.moaa.exercise.01,exercises,ttp.concept.multiplicative_order,2484,"{""end_line"":2637,""path"":""authority/downloads/yaintt.tex"",""start_line"":2634}",high
r014.backend.record,1.0.0,ttp.r014.relation.2485,relation,active,ttp.r014.yaintt,ttp.r014.yaintt,,und,2026-08-22T03:06:00+02:00,codex.r014.id-ID,,ttp.r014.unit.sec.moaa.exercise.01,exercises,ttp.concept.lagranges_theorem,2485,"{""end_line"":2637,""path"":""authority/downloads/yaintt.tex"",""start_line"":2634}",high
r014.backend.record,1.0.0,ttp.r014.relation.2486,relation,active,ttp.r014.yaintt,ttp.r014.yaintt,,und,2026-08-22T03:06:00+02:00,codex.r014.id-ID,,ttp.r014.unit.sec.moaa.exercise.01,exercises,ttp.concept.cyclic_subgroup,2486,"{""end_line"":2637,""path"":""authority/downloads/yaintt.tex"",""start_line"":2634}",high
r014.backend.record,1.0.0,ttp.r014.relation.2487,relation,active,ttp.r014.yaintt,ttp.r014.yaintt,,und,2026-08-22T03:06:00+02:00,codex.r014.id-ID,,ttp.r014.unit.sec.moaa.exercise.01,exercises,ttp.concept.coset,2487,"{""end_line"":2637,""path"":""authority/downloads/yaintt.tex"",""start_line"":2634}",high
r014.backend.record,1.0.0,ttp.r014.relation.2488,relation,active,ttp.r014.yaintt,ttp.r014.yaintt,,und,2026-08-22T03:06:00+02:00,codex.r014.id-ID,,ttp.r014.unit.sec.moaa.exercise.02,exercises,ttp.concept.multiplicative_order,2488,"{""end_line"":2641,""path"":""authority/downloads/yaintt.tex"",""start_line"":2638}",high
r014.backend.record,1.0.0,ttp.r014.relation.2489,relation,active,ttp.r014.yaintt,ttp.r014.yaintt,,und,2026-08-22T03:06:00+02:00,codex.r014.id-ID,,ttp.r014.unit.sec.moaa.exercise.02,exercises,ttp.concept.lagranges_theorem,2489,"{""end_line"":2641,""path"":""authority/downloads/yaintt.tex"",""start_line"":2638}",high
r014.backend.record,1.0.0,ttp.r014.relation.2490,relation,active,ttp.r014.yaintt,ttp.r014.yaintt,,und,2026-08-22T03:06:00+02:00,codex.r014.id-ID,,ttp.r014.unit.sec.moaa.exercise.02,exercises,ttp.concept.cyclic_subgroup,2490,"{""end_line"":2641,""path"":""authority/downloads/yaintt.tex"",""start_line"":2638}",high
r014.backend.record,1.0.0,ttp.r014.relation.2491,relation,active,ttp.r014.yaintt,ttp.r014.yaintt,,und,2026-08-22T03:06:00+02:00,codex.r014.id-ID,,ttp.r014.unit.sec.moaa.exercise.02,exercises,ttp.concept.coset,2491,"{""end_line"":2641,""path"":""authority/downloads/yaintt.tex"",""start_line"":2638}",high
r014.backend.record,1.0.0,ttp.r014.relation.2492,relation,active,ttp.r014.yaintt,ttp.r014.yaintt,,und,2026-08-22T03:06:00+02:00,codex.r014.id-ID,,ttp.r014.unit.sec.moaa.exercise.03,exercises,ttp.concept.multiplicative_order,2492,"{""end_line"":2654,""path"":""authority/downloads/yaintt.tex"",""start_line"":2642}",high
r014.backend.record,1.0.0,ttp.r014.relation.2493,relation,active,ttp.r014.yaintt,ttp.r014.yaintt,,und,2026-08-22T03:06:00+02:00,codex.r014.id-ID,,ttp.r014.unit.sec.moaa.exercise.03,exercises,ttp.concept.lagranges_theorem,2493,"{""end_line"":2654,""path"":""authority/downloads/yaintt.tex"",""start_line"":2642}",high
r014.backend.record,1.0.0,ttp.r014.relation.2494,relation,active,ttp.r014.yaintt,ttp.r014.yaintt,,und,2026-08-22T03:06:00+02:00,codex.r014.id-ID,,ttp.r014.unit.sec.moaa.exercise.03,exercises,ttp.concept.cyclic_subgroup,2494,"{""end_line"":2654,""path"":""authority/downloads/yaintt.tex"",""start_line"":2642}",high
r014.backend.record,1.0.0,ttp.r014.relation.2495,relation,active,ttp.r014.yaintt,ttp.r014.yaintt,,und,2026-08-22T03:06:00+02:00,codex.r014.id-ID,,ttp.r014.unit.sec.moaa.exercise.03,exercises,ttp.concept.coset,2495,"{""end_line"":2654,""path"":""authority/downloads/yaintt.tex"",""start_line"":2642}",high
r014.backend.record,1.0.0,ttp.r014.relation.2496,relation,active,ttp.r014.yaintt,ttp.r014.yaintt,,und,2026-08-22T03:06:00+02:00,codex.r014.id-ID,,ttp.r014.unit.sec.moaa.exercise.04,exercises,ttp.concept.multiplicative_order,2496,"{""end_line"":2660,""path"":""authority/downloads/yaintt.tex"",""start_line"":2655}",high
r014.backend.record,1.0.0,ttp.r014.relation.2497,relation,active,ttp.r014.yaintt,ttp.r014.yaintt,,und,2026-08-22T03:06:00+02:00,codex.r014.id-ID,,ttp.r014.unit.sec.moaa.exercise.04,exercises,ttp.concept.lagranges_theorem,2497,"{""end_line"":2660,""path"":""authority/downloads/yaintt.tex"",""start_line"":2655}",high
r014.backend.record,1.0.0,ttp.r014.relation.2498,relation,active,ttp.r014.yaintt,ttp.r014.yaintt,,und,2026-08-22T03:06:00+02:00,codex.r014.id-ID,,ttp.r014.unit.sec.moaa.exercise.04,exercises,ttp.concept.cyclic_subgroup,2498,"{""end_line"":2660,""path"":""authority/downloads/yaintt.tex"",""start_line"":2655}",high
r014.backend.record,1.0.0,ttp.r014.relation.2499,relation,active,ttp.r014.yaintt,ttp.r014.yaintt,,und,2026-08-22T03:06:00+02:00,codex.r014.id-ID,,ttp.r014.unit.sec.moaa.exercise.04,exercises,ttp.concept.coset,2499,"{""end_line"":2660,""path"":""authority/downloads/yaintt.tex"",""start_line"":2655}",high
r014.backend.record,1.0.0,ttp.r014.relation.2500,relation,active,ttp.r014.yaintt,ttp.r014.yaintt,,und,2026-08-22T03:06:00+02:00,codex.r014.id-ID,,ttp.r014.unit.sec.aatflaet,covers,ttp.concept.eulers_theorem,2500,"{""path"":""qa/review-candidates/boundary28-r2/TERMINOLOGY.md"",""sha256"":""3e3fe31baa8565bbc54cd6d789570cac18ed469f68cf683f08dd639ef92d9bd1""}",high
r014.backend.record,1.0.0,ttp.r014.relation.2501,relation,active,ttp.r014.yaintt,ttp.r014.yaintt,,und,2026-08-22T03:06:00+02:00,codex.r014.id-ID,,ttp.r014.unit.sec.aatflaet,covers,ttp.concept.fermats_little_theorem,2501,"{""path"":""qa/review-candidates/boundary28-r2/TERMINOLOGY.md"",""sha256"":""3e3fe31baa8565bbc54cd6d789570cac18ed469f68cf683f08dd639ef92d9bd1""}",high
r014.backend.record,1.0.0,ttp.r014.relation.2502,relation,active,ttp.r014.yaintt,ttp.r014.yaintt,,und,2026-08-22T03:06:00+02:00,codex.r014.id-ID,,ttp.r014.unit.sec.aatflaet,covers,ttp.concept.fermats_last_theorem,2502,"{""path"":""qa/review-candidates/boundary28-r2/TERMINOLOGY.md"",""sha256"":""3e3fe31baa8565bbc54cd6d789570cac18ed469f68cf683f08dd639ef92d9bd1""}",high
r014.backend.record,1.0.0,ttp.r014.relation.2503,relation,active,ttp.r014.yaintt,ttp.r014.yaintt,,und,2026-08-22T03:06:00+02:00,codex.r014.id-ID,,ttp.r014.unit.sec.aatflaet.exercise.01,exercises,ttp.concept.eulers_theorem,2503,"{""end_line"":2786,""path"":""authority/downloads/yaintt.tex"",""start_line"":2783}",high
r014.backend.record,1.0.0,ttp.r014.relation.2504,relation,active,ttp.r014.yaintt,ttp.r014.yaintt,,und,2026-08-22T03:06:00+02:00,codex.r014.id-ID,,ttp.r014.unit.sec.aatflaet.exercise.01,exercises,ttp.concept.fermats_little_theorem,2504,"{""end_line"":2786,""path"":""authority/downloads/yaintt.tex"",""start_line"":2783}",high
r014.backend.record,1.0.0,ttp.r014.relation.2505,relation,active,ttp.r014.yaintt,ttp.r014.yaintt,,und,2026-08-22T03:06:00+02:00,codex.r014.id-ID,,ttp.r014.unit.sec.aatflaet.exercise.01,exercises,ttp.concept.fermats_last_theorem,2505,"{""end_line"":2786,""path"":""authority/downloads/yaintt.tex"",""start_line"":2783}",high
r014.backend.record,1.0.0,ttp.r014.relation.2506,relation,active,ttp.r014.yaintt,ttp.r014.yaintt,,und,2026-08-22T03:06:00+02:00,codex.r014.id-ID,,ttp.r014.unit.sec.ssh,covers,ttp.concept.cryptology,2506,"{""path"":""qa/review-candidates/boundary28-r2/TERMINOLOGY.md"",""sha256"":""3e3fe31baa8565bbc54cd6d789570cac18ed469f68cf683f08dd639ef92d9bd1""}",high
r014.backend.record,1.0.0,ttp.r014.relation.2507,relation,active,ttp.r014.yaintt,ttp.r014.yaintt,,und,2026-08-22T03:06:00+02:00,codex.r014.id-ID,,ttp.r014.unit.sec.ssh,covers,ttp.concept.cryptography,2507,"{""path"":""qa/review-candidates/boundary28-r2/TERMINOLOGY.md"",""sha256"":""3e3fe31baa8565bbc54cd6d789570cac18ed469f68cf683f08dd639ef92d9bd1""}",high
r014.backend.record,1.0.0,ttp.r014.relation.2508,relation,active,ttp.r014.yaintt,ttp.r014.yaintt,,und,2026-08-22T03:06:00+02:00,codex.r014.id-ID,,ttp.r014.unit.sec.ssh,covers,ttp.concept.cryptanalysis,2508,"{""path"":""qa/review-candidates/boundary28-r2/TERMINOLOGY.md"",""sha256"":""3e3fe31baa8565bbc54cd6d789570cac18ed469f68cf683f08dd639ef92d9bd1""}",high
r014.backend.record,1.0.0,ttp.r014.relation.2509,relation,active,ttp.r014.yaintt,ttp.r014.yaintt,,und,2026-08-22T03:06:00+02:00,codex.r014.id-ID,,ttp.r014.unit.sec.ssh,covers,ttp.concept.cryptosystem,2509,"{""path"":""qa/review-candidates/boundary28-r2/TERMINOLOGY.md"",""sha256"":""3e3fe31baa8565bbc54cd6d789570cac18ed469f68cf683f08dd639ef92d9bd1""}",high
r014.backend.record,1.0.0,ttp.r014.relation.2510,relation,active,ttp.r014.yaintt,ttp.r014.yaintt,,und,2026-08-22T03:06:00+02:00,codex.r014.id-ID,,ttp.r014.unit.sec.ssh,covers,ttp.concept.key_exchange,2510,"{""path"":""qa/review-candidates/boundary28-r2/TERMINOLOGY.md"",""sha256"":""3e3fe31baa8565bbc54cd6d789570cac18ed469f68cf683f08dd639ef92d9bd1""}",high
r014.backend.record,1.0.0,ttp.r014.relation.2511,relation,active,ttp.r014.yaintt,ttp.r014.yaintt,,und,2026-08-22T03:06:00+02:00,codex.r014.id-ID,,ttp.r014.unit.sec.ssh,covers,ttp.concept.information_security,2511,"{""path"":""qa/review-candidates/boundary28-r2/TERMINOLOGY.md"",""sha256"":""3e3fe31baa8565bbc54cd6d789570cac18ed469f68cf683f08dd639ef92d9bd1""}",high
r014.backend.record,1.0.0,ttp.r014.relation.2512,relation,active,ttp.r014.yaintt,ttp.r014.yaintt,,und,2026-08-22T03:06:00+02:00,codex.r014.id-ID,,ttp.r014.unit.sec.ssh,covers,ttp.concept.confidentiality,2512,"{""path"":""qa/review-candidates/boundary28-r2/TERMINOLOGY.md"",""sha256"":""3e3fe31baa8565bbc54cd6d789570cac18ed469f68cf683f08dd639ef92d9bd1""}",high
r014.backend.record,1.0.0,ttp.r014.relation.2513,relation,active,ttp.r014.yaintt,ttp.r014.yaintt,,und,2026-08-22T03:06:00+02:00,codex.r014.id-ID,,ttp.r014.unit.sec.ssh,covers,ttp.concept.integrity,2513,"{""path"":""qa/review-candidates/boundary28-r2/TERMINOLOGY.md"",""sha256"":""3e3fe31baa8565bbc54cd6d789570cac18ed469f68cf683f08dd639ef92d9bd1""}",high
r014.backend.record,1.0.0,ttp.r014.relation.2514,relation,active,ttp.r014.yaintt,ttp.r014.yaintt,,und,2026-08-22T03:06:00+02:00,codex.r014.id-ID,,ttp.r014.unit.sec.ssh,covers,ttp.concept.authentication,2514,"{""path"":""qa/review-candidates/boundary28-r2/TERMINOLOGY.md"",""sha256"":""3e3fe31baa8565bbc54cd6d789570cac18ed469f68cf683f08dd639ef92d9bd1""}",high
r014.backend.record,1.0.0,ttp.r014.relation.2515,relation,active,ttp.r014.yaintt,ttp.r014.yaintt,,und,2026-08-22T03:06:00+02:00,codex.r014.id-ID,,ttp.r014.unit.sec.ssh,covers,ttp.concept.non_repudiation,2515,"{""path"":""qa/review-candidates/boundary28-r2/TERMINOLOGY.md"",""sha256"":""3e3fe31baa8565bbc54cd6d789570cac18ed469f68cf683f08dd639ef92d9bd1""}",high
r014.backend.record,1.0.0,ttp.r014.relation.2516,relation,active,ttp.r014.yaintt,ttp.r014.yaintt,,und,2026-08-22T03:06:00+02:00,codex.r014.id-ID,,ttp.r014.unit.sec.ssh,covers,ttp.concept.plaintext,2516,"{""path"":""qa/review-candidates/boundary28-r2/TERMINOLOGY.md"",""sha256"":""3e3fe31baa8565bbc54cd6d789570cac18ed469f68cf683f08dd639ef92d9bd1""}",high
r014.backend.record,1.0.0,ttp.r014.relation.2517,relation,active,ttp.r014.yaintt,ttp.r014.yaintt,,und,2026-08-22T03:06:00+02:00,codex.r014.id-ID,,ttp.r014.unit.sec.ssh,covers,ttp.concept.cipher,2517,"{""path"":""qa/review-candidates/boundary28-r2/TERMINOLOGY.md"",""sha256"":""3e3fe31baa8565bbc54cd6d789570cac18ed469f68cf683f08dd639ef92d9bd1""}",high
r014.backend.record,1.0.0,ttp.r014.relation.2518,relation,active,ttp.r014.yaintt,ttp.r014.yaintt,,und,2026-08-22T03:06:00+02:00,codex.r014.id-ID,,ttp.r014.unit.sec.ssh,covers,ttp.concept.ciphertext,2518,"{""path"":""qa/review-candidates/boundary28-r2/TERMINOLOGY.md"",""sha256"":""3e3fe31baa8565bbc54cd6d789570cac18ed469f68cf683f08dd639ef92d9bd1""}",high
r014.backend.record,1.0.0,ttp.r014.relation.2519,relation,active,ttp.r014.yaintt,ttp.r014.yaintt,,und,2026-08-22T03:06:00+02:00,codex.r014.id-ID,,ttp.r014.unit.sec.ssh,covers,ttp.concept.encryption,2519,"{""path"":""qa/review-candidates/boundary28-r2/TERMINOLOGY.md"",""sha256"":""3e3fe31baa8565bbc54cd6d789570cac18ed469f68cf683f08dd639ef92d9bd1""}",high
r014.backend.record,1.0.0,ttp.r014.relation.2520,relation,active,ttp.r014.yaintt,ttp.r014.yaintt,,und,2026-08-22T03:06:00+02:00,codex.r014.id-ID,,ttp.r014.unit.sec.ssh,covers,ttp.concept.decryption,2520,"{""path"":""qa/review-candidates/boundary28-r2/TERMINOLOGY.md"",""sha256"":""3e3fe31baa8565bbc54cd6d789570cac18ed469f68cf683f08dd639ef92d9bd1""}",high
r014.backend.record,1.0.0,ttp.r014.relation.2521,relation,active,ttp.r014.yaintt,ttp.r014.yaintt,,und,2026-08-22T03:06:00+02:00,codex.r014.id-ID,,ttp.r014.unit.sec.ssh,covers,ttp.concept.key,2521,"{""path"":""qa/review-candidates/boundary28-r2/TERMINOLOGY.md"",""sha256"":""3e3fe31baa8565bbc54cd6d789570cac18ed469f68cf683f08dd639ef92d9bd1""}",high
r014.backend.record,1.0.0,ttp.r014.relation.2522,relation,active,ttp.r014.yaintt,ttp.r014.yaintt,,und,2026-08-22T03:06:00+02:00,codex.r014.id-ID,,ttp.r014.unit.sec.ssh,covers,ttp.concept.scytale,2522,"{""path"":""qa/review-candidates/boundary28-r2/TERMINOLOGY.md"",""sha256"":""3e3fe31baa8565bbc54cd6d789570cac18ed469f68cf683f08dd639ef92d9bd1""}",high
r014.backend.record,1.0.0,ttp.r014.relation.2523,relation,active,ttp.r014.yaintt,ttp.r014.yaintt,,und,2026-08-22T03:06:00+02:00,codex.r014.id-ID,,ttp.r014.unit.sec.ssh,covers,ttp.concept.kerckhoffs_principle,2523,"{""path"":""qa/review-candidates/boundary28-r2/TERMINOLOGY.md"",""sha256"":""3e3fe31baa8565bbc54cd6d789570cac18ed469f68cf683f08dd639ef92d9bd1""}",high
r014.backend.record,1.0.0,ttp.r014.relation.2524,relation,active,ttp.r014.yaintt,ttp.r014.yaintt,,und,2026-08-22T03:06:00+02:00,codex.r014.id-ID,,ttp.r014.unit.sec.ssh,covers,ttp.concept.security_through_obscurity,2524,"{""path"":""qa/review-candidates/boundary28-r2/TERMINOLOGY.md"",""sha256"":""3e3fe31baa8565bbc54cd6d789570cac18ed469f68cf683f08dd639ef92d9bd1""}",high
r014.backend.record,1.0.0,ttp.r014.relation.2525,relation,active,ttp.r014.yaintt,ttp.r014.yaintt,,und,2026-08-22T03:06:00+02:00,codex.r014.id-ID,,ttp.r014.unit.sec.ssh.exercise.01,exercises,ttp.concept.cryptology,2525,"{""end_line"":3052,""path"":""authority/downloads/yaintt.tex"",""start_line"":3043}",high
r014.backend.record,1.0.0,ttp.r014.relation.2526,relation,active,ttp.r014.yaintt,ttp.r014.yaintt,,und,2026-08-22T03:06:00+02:00,codex.r014.id-ID,,ttp.r014.unit.sec.ssh.exercise.01,exercises,ttp.concept.cryptography,2526,"{""end_line"":3052,""path"":""authority/downloads/yaintt.tex"",""start_line"":3043}",high
r014.backend.record,1.0.0,ttp.r014.relation.2527,relation,active,ttp.r014.yaintt,ttp.r014.yaintt,,und,2026-08-22T03:06:00+02:00,codex.r014.id-ID,,ttp.r014.unit.sec.ssh.exercise.01,exercises,ttp.concept.cryptanalysis,2527,"{""end_line"":3052,""path"":""authority/downloads/yaintt.tex"",""start_line"":3043}",high
r014.backend.record,1.0.0,ttp.r014.relation.2528,relation,active,ttp.r014.yaintt,ttp.r014.yaintt,,und,2026-08-22T03:06:00+02:00,codex.r014.id-ID,,ttp.r014.unit.sec.ssh.exercise.01,exercises,ttp.concept.cryptosystem,2528,"{""end_line"":3052,""path"":""authority/downloads/yaintt.tex"",""start_line"":3043}",high
r014.backend.record,1.0.0,ttp.r014.relation.2529,relation,active,ttp.r014.yaintt,ttp.r014.yaintt,,und,2026-08-22T03:06:00+02:00,codex.r014.id-ID,,ttp.r014.unit.sec.ssh.exercise.01,exercises,ttp.concept.key_exchange,2529,"{""end_line"":3052,""path"":""authority/downloads/yaintt.tex"",""start_line"":3043}",high
r014.backend.record,1.0.0,ttp.r014.relation.2530,relation,active,ttp.r014.yaintt,ttp.r014.yaintt,,und,2026-08-22T03:06:00+02:00,codex.r014.id-ID,,ttp.r014.unit.sec.ssh.exercise.01,exercises,ttp.concept.information_security,2530,"{""end_line"":3052,""path"":""authority/downloads/yaintt.tex"",""start_line"":3043}",high
r014.backend.record,1.0.0,ttp.r014.relation.2531,relation,active,ttp.r014.yaintt,ttp.r014.yaintt,,und,2026-08-22T03:06:00+02:00,codex.r014.id-ID,,ttp.r014.unit.sec.ssh.exercise.01,exercises,ttp.concept.confidentiality,2531,"{""end_line"":3052,""path"":""authority/downloads/yaintt.tex"",""start_line"":3043}",high
r014.backend.record,1.0.0,ttp.r014.relation.2532,relation,active,ttp.r014.yaintt,ttp.r014.yaintt,,und,2026-08-22T03:06:00+02:00,codex.r014.id-ID,,ttp.r014.unit.sec.ssh.exercise.01,exercises,ttp.concept.integrity,2532,"{""end_line"":3052,""path"":""authority/downloads/yaintt.tex"",""start_line"":3043}",high
r014.backend.record,1.0.0,ttp.r014.relation.2533,relation,active,ttp.r014.yaintt,ttp.r014.yaintt,,und,2026-08-22T03:06:00+02:00,codex.r014.id-ID,,ttp.r014.unit.sec.ssh.exercise.01,exercises,ttp.concept.authentication,2533,"{""end_line"":3052,""path"":""authority/downloads/yaintt.tex"",""start_line"":3043}",high
r014.backend.record,1.0.0,ttp.r014.relation.2534,relation,active,ttp.r014.yaintt,ttp.r014.yaintt,,und,2026-08-22T03:06:00+02:00,codex.r014.id-ID,,ttp.r014.unit.sec.ssh.exercise.01,exercises,ttp.concept.non_repudiation,2534,"{""end_line"":3052,""path"":""authority/downloads/yaintt.tex"",""start_line"":3043}",high
r014.backend.record,1.0.0,ttp.r014.relation.2535,relation,active,ttp.r014.yaintt,ttp.r014.yaintt,,und,2026-08-22T03:06:00+02:00,codex.r014.id-ID,,ttp.r014.unit.sec.ssh.exercise.01,exercises,ttp.concept.plaintext,2535,"{""end_line"":3052,""path"":""authority/downloads/yaintt.tex"",""start_line"":3043}",high
r014.backend.record,1.0.0,ttp.r014.relation.2536,relation,active,ttp.r014.yaintt,ttp.r014.yaintt,,und,2026-08-22T03:06:00+02:00,codex.r014.id-ID,,ttp.r014.unit.sec.ssh.exercise.01,exercises,ttp.concept.cipher,2536,"{""end_line"":3052,""path"":""authority/downloads/yaintt.tex"",""start_line"":3043}",high
r014.backend.record,1.0.0,ttp.r014.relation.2537,relation,active,ttp.r014.yaintt,ttp.r014.yaintt,,und,2026-08-22T03:06:00+02:00,codex.r014.id-ID,,ttp.r014.unit.sec.ssh.exercise.01,exercises,ttp.concept.ciphertext,2537,"{""end_line"":3052,""path"":""authority/downloads/yaintt.tex"",""start_line"":3043}",high
r014.backend.record,1.0.0,ttp.r014.relation.2538,relation,active,ttp.r014.yaintt,ttp.r014.yaintt,,und,2026-08-22T03:06:00+02:00,codex.r014.id-ID,,ttp.r014.unit.sec.ssh.exercise.01,exercises,ttp.concept.encryption,2538,"{""end_line"":3052,""path"":""authority/downloads/yaintt.tex"",""start_line"":3043}",high
r014.backend.record,1.0.0,ttp.r014.relation.2539,relation,active,ttp.r014.yaintt,ttp.r014.yaintt,,und,2026-08-22T03:06:00+02:00,codex.r014.id-ID,,ttp.r014.unit.sec.ssh.exercise.01,exercises,ttp.concept.decryption,2539,"{""end_line"":3052,""path"":""authority/downloads/yaintt.tex"",""start_line"":3043}",high
r014.backend.record,1.0.0,ttp.r014.relation.2540,relation,active,ttp.r014.yaintt,ttp.r014.yaintt,,und,2026-08-22T03:06:00+02:00,codex.r014.id-ID,,ttp.r014.unit.sec.ssh.exercise.01,exercises,ttp.concept.key,2540,"{""end_line"":3052,""path"":""authority/downloads/yaintt.tex"",""start_line"":3043}",high
r014.backend.record,1.0.0,ttp.r014.relation.2541,relation,active,ttp.r014.yaintt,ttp.r014.yaintt,,und,2026-08-22T03:06:00+02:00,codex.r014.id-ID,,ttp.r014.unit.sec.ssh.exercise.01,exercises,ttp.concept.scytale,2541,"{""end_line"":3052,""path"":""authority/downloads/yaintt.tex"",""start_line"":3043}",high
r014.backend.record,1.0.0,ttp.r014.relation.2542,relation,active,ttp.r014.yaintt,ttp.r014.yaintt,,und,2026-08-22T03:06:00+02:00,codex.r014.id-ID,,ttp.r014.unit.sec.ssh.exercise.01,exercises,ttp.concept.kerckhoffs_principle,2542,"{""end_line"":3052,""path"":""authority/downloads/yaintt.tex"",""start_line"":3043}",high
r014.backend.record,1.0.0,ttp.r014.relation.2543,relation,active,ttp.r014.yaintt,ttp.r014.yaintt,,und,2026-08-22T03:06:00+02:00,codex.r014.id-ID,,ttp.r014.unit.sec.ssh.exercise.01,exercises,ttp.concept.security_through_obscurity,2543,"{""end_line"":3052,""path"":""authority/downloads/yaintt.tex"",""start_line"":3043}",high
r014.backend.record,1.0.0,ttp.r014.relation.2544,relation,active,ttp.r014.yaintt,ttp.r014.yaintt,,und,2026-08-22T03:06:00+02:00,codex.r014.id-ID,,ttp.r014.unit.sec.ssh.exercise.02,exercises,ttp.concept.cryptology,2544,"{""end_line"":3058,""path"":""authority/downloads/yaintt.tex"",""start_line"":3053}",high
r014.backend.record,1.0.0,ttp.r014.relation.2545,relation,active,ttp.r014.yaintt,ttp.r014.yaintt,,und,2026-08-22T03:06:00+02:00,codex.r014.id-ID,,ttp.r014.unit.sec.ssh.exercise.02,exercises,ttp.concept.cryptography,2545,"{""end_line"":3058,""path"":""authority/downloads/yaintt.tex"",""start_line"":3053}",high
r014.backend.record,1.0.0,ttp.r014.relation.2546,relation,active,ttp.r014.yaintt,ttp.r014.yaintt,,und,2026-08-22T03:06:00+02:00,codex.r014.id-ID,,ttp.r014.unit.sec.ssh.exercise.02,exercises,ttp.concept.cryptanalysis,2546,"{""end_line"":3058,""path"":""authority/downloads/yaintt.tex"",""start_line"":3053}",high
r014.backend.record,1.0.0,ttp.r014.relation.2547,relation,active,ttp.r014.yaintt,ttp.r014.yaintt,,und,2026-08-22T03:06:00+02:00,codex.r014.id-ID,,ttp.r014.unit.sec.ssh.exercise.02,exercises,ttp.concept.cryptosystem,2547,"{""end_line"":3058,""path"":""authority/downloads/yaintt.tex"",""start_line"":3053}",high
r014.backend.record,1.0.0,ttp.r014.relation.2548,relation,active,ttp.r014.yaintt,ttp.r014.yaintt,,und,2026-08-22T03:06:00+02:00,codex.r014.id-ID,,ttp.r014.unit.sec.ssh.exercise.02,exercises,ttp.concept.key_exchange,2548,"{""end_line"":3058,""path"":""authority/downloads/yaintt.tex"",""start_line"":3053}",high
r014.backend.record,1.0.0,ttp.r014.relation.2549,relation,active,ttp.r014.yaintt,ttp.r014.yaintt,,und,2026-08-22T03:06:00+02:00,codex.r014.id-ID,,ttp.r014.unit.sec.ssh.exercise.02,exercises,ttp.concept.information_security,2549,"{""end_line"":3058,""path"":""authority/downloads/yaintt.tex"",""start_line"":3053}",high
r014.backend.record,1.0.0,ttp.r014.relation.2550,relation,active,ttp.r014.yaintt,ttp.r014.yaintt,,und,2026-08-22T03:06:00+02:00,codex.r014.id-ID,,ttp.r014.unit.sec.ssh.exercise.02,exercises,ttp.concept.confidentiality,2550,"{""end_line"":3058,""path"":""authority/downloads/yaintt.tex"",""start_line"":3053}",high
r014.backend.record,1.0.0,ttp.r014.relation.2551,relation,active,ttp.r014.yaintt,ttp.r014.yaintt,,und,2026-08-22T03:06:00+02:00,codex.r014.id-ID,,ttp.r014.unit.sec.ssh.exercise.02,exercises,ttp.concept.integrity,2551,"{""end_line"":3058,""path"":""authority/downloads/yaintt.tex"",""start_line"":3053}",high
r014.backend.record,1.0.0,ttp.r014.relation.2552,relation,active,ttp.r014.yaintt,ttp.r014.yaintt,,und,2026-08-22T03:06:00+02:00,codex.r014.id-ID,,ttp.r014.unit.sec.ssh.exercise.02,exercises,ttp.concept.authentication,2552,"{""end_line"":3058,""path"":""authority/downloads/yaintt.tex"",""start_line"":3053}",high
r014.backend.record,1.0.0,ttp.r014.relation.2553,relation,active,ttp.r014.yaintt,ttp.r014.yaintt,,und,2026-08-22T03:06:00+02:00,codex.r014.id-ID,,ttp.r014.unit.sec.ssh.exercise.02,exercises,ttp.concept.non_repudiation,2553,"{""end_line"":3058,""path"":""authority/downloads/yaintt.tex"",""start_line"":3053}",high
r014.backend.record,1.0.0,ttp.r014.relation.2554,relation,active,ttp.r014.yaintt,ttp.r014.yaintt,,und,2026-08-22T03:06:00+02:00,codex.r014.id-ID,,ttp.r014.unit.sec.ssh.exercise.02,exercises,ttp.concept.plaintext,2554,"{""end_line"":3058,""path"":""authority/downloads/yaintt.tex"",""start_line"":3053}",high
r014.backend.record,1.0.0,ttp.r014.relation.2555,relation,active,ttp.r014.yaintt,ttp.r014.yaintt,,und,2026-08-22T03:06:00+02:00,codex.r014.id-ID,,ttp.r014.unit.sec.ssh.exercise.02,exercises,ttp.concept.cipher,2555,"{""end_line"":3058,""path"":""authority/downloads/yaintt.tex"",""start_line"":3053}",high
r014.backend.record,1.0.0,ttp.r014.relation.2556,relation,active,ttp.r014.yaintt,ttp.r014.yaintt,,und,2026-08-22T03:06:00+02:00,codex.r014.id-ID,,ttp.r014.unit.sec.ssh.exercise.02,exercises,ttp.concept.ciphertext,2556,"{""end_line"":3058,""path"":""authority/downloads/yaintt.tex"",""start_line"":3053}",high
r014.backend.record,1.0.0,ttp.r014.relation.2557,relation,active,ttp.r014.yaintt,ttp.r014.yaintt,,und,2026-08-22T03:06:00+02:00,codex.r014.id-ID,,ttp.r014.unit.sec.ssh.exercise.02,exercises,ttp.concept.encryption,2557,"{""end_line"":3058,""path"":""authority/downloads/yaintt.tex"",""start_line"":3053}",high
r014.backend.record,1.0.0,ttp.r014.relation.2558,relation,active,ttp.r014.yaintt,ttp.r014.yaintt,,und,2026-08-22T03:06:00+02:00,codex.r014.id-ID,,ttp.r014.unit.sec.ssh.exercise.02,exercises,ttp.concept.decryption,2558,"{""end_line"":3058,""path"":""authority/downloads/yaintt.tex"",""start_line"":3053}",high
r014.backend.record,1.0.0,ttp.r014.relation.2559,relation,active,ttp.r014.yaintt,ttp.r014.yaintt,,und,2026-08-22T03:06:00+02:00,codex.r014.id-ID,,ttp.r014.unit.sec.ssh.exercise.02,exercises,ttp.concept.key,2559,"{""end_line"":3058,""path"":""authority/downloads/yaintt.tex"",""start_line"":3053}",high
r014.backend.record,1.0.0,ttp.r014.relation.2560,relation,active,ttp.r014.yaintt,ttp.r014.yaintt,,und,2026-08-22T03:06:00+02:00,codex.r014.id-ID,,ttp.r014.unit.sec.ssh.exercise.02,exercises,ttp.concept.scytale,2560,"{""end_line"":3058,""path"":""authority/downloads/yaintt.tex"",""start_line"":3053}",high
r014.backend.record,1.0.0,ttp.r014.relation.2561,relation,active,ttp.r014.yaintt,ttp.r014.yaintt,,und,2026-08-22T03:06:00+02:00,codex.r014.id-ID,,ttp.r014.unit.sec.ssh.exercise.02,exercises,ttp.concept.kerckhoffs_principle,2561,"{""end_line"":3058,""path"":""authority/downloads/yaintt.tex"",""start_line"":3053}",high
r014.backend.record,1.0.0,ttp.r014.relation.2562,relation,active,ttp.r014.yaintt,ttp.r014.yaintt,,und,2026-08-22T03:06:00+02:00,codex.r014.id-ID,,ttp.r014.unit.sec.ssh.exercise.02,exercises,ttp.concept.security_through_obscurity,2562,"{""end_line"":3058,""path"":""authority/downloads/yaintt.tex"",""start_line"":3053}",high
r014.backend.record,1.0.0,ttp.r014.relation.2563,relation,active,ttp.r014.yaintt,ttp.r014.yaintt,,und,2026-08-22T03:06:00+02:00,codex.r014.id-ID,,ttp.r014.unit.sec.ssh.exercise.03,exercises,ttp.concept.cryptology,2563,"{""end_line"":3061,""path"":""authority/downloads/yaintt.tex"",""start_line"":3059}",high
r014.backend.record,1.0.0,ttp.r014.relation.2564,relation,active,ttp.r014.yaintt,ttp.r014.yaintt,,und,2026-08-22T03:06:00+02:00,codex.r014.id-ID,,ttp.r014.unit.sec.ssh.exercise.03,exercises,ttp.concept.cryptography,2564,"{""end_line"":3061,""path"":""authority/downloads/yaintt.tex"",""start_line"":3059}",high
r014.backend.record,1.0.0,ttp.r014.relation.2565,relation,active,ttp.r014.yaintt,ttp.r014.yaintt,,und,2026-08-22T03:06:00+02:00,codex.r014.id-ID,,ttp.r014.unit.sec.ssh.exercise.03,exercises,ttp.concept.cryptanalysis,2565,"{""end_line"":3061,""path"":""authority/downloads/yaintt.tex"",""start_line"":3059}",high
r014.backend.record,1.0.0,ttp.r014.relation.2566,relation,active,ttp.r014.yaintt,ttp.r014.yaintt,,und,2026-08-22T03:06:00+02:00,codex.r014.id-ID,,ttp.r014.unit.sec.ssh.exercise.03,exercises,ttp.concept.cryptosystem,2566,"{""end_line"":3061,""path"":""authority/downloads/yaintt.tex"",""start_line"":3059}",high
r014.backend.record,1.0.0,ttp.r014.relation.2567,relation,active,ttp.r014.yaintt,ttp.r014.yaintt,,und,2026-08-22T03:06:00+02:00,codex.r014.id-ID,,ttp.r014.unit.sec.ssh.exercise.03,exercises,ttp.concept.key_exchange,2567,"{""end_line"":3061,""path"":""authority/downloads/yaintt.tex"",""start_line"":3059}",high
r014.backend.record,1.0.0,ttp.r014.relation.2568,relation,active,ttp.r014.yaintt,ttp.r014.yaintt,,und,2026-08-22T03:06:00+02:00,codex.r014.id-ID,,ttp.r014.unit.sec.ssh.exercise.03,exercises,ttp.concept.information_security,2568,"{""end_line"":3061,""path"":""authority/downloads/yaintt.tex"",""start_line"":3059}",high
r014.backend.record,1.0.0,ttp.r014.relation.2569,relation,active,ttp.r014.yaintt,ttp.r014.yaintt,,und,2026-08-22T03:06:00+02:00,codex.r014.id-ID,,ttp.r014.unit.sec.ssh.exercise.03,exercises,ttp.concept.confidentiality,2569,"{""end_line"":3061,""path"":""authority/downloads/yaintt.tex"",""start_line"":3059}",high
r014.backend.record,1.0.0,ttp.r014.relation.2570,relation,active,ttp.r014.yaintt,ttp.r014.yaintt,,und,2026-08-22T03:06:00+02:00,codex.r014.id-ID,,ttp.r014.unit.sec.ssh.exercise.03,exercises,ttp.concept.integrity,2570,"{""end_line"":3061,""path"":""authority/downloads/yaintt.tex"",""start_line"":3059}",high
r014.backend.record,1.0.0,ttp.r014.relation.2571,relation,active,ttp.r014.yaintt,ttp.r014.yaintt,,und,2026-08-22T03:06:00+02:00,codex.r014.id-ID,,ttp.r014.unit.sec.ssh.exercise.03,exercises,ttp.concept.authentication,2571,"{""end_line"":3061,""path"":""authority/downloads/yaintt.tex"",""start_line"":3059}",high
r014.backend.record,1.0.0,ttp.r014.relation.2572,relation,active,ttp.r014.yaintt,ttp.r014.yaintt,,und,2026-08-22T03:06:00+02:00,codex.r014.id-ID,,ttp.r014.unit.sec.ssh.exercise.03,exercises,ttp.concept.non_repudiation,2572,"{""end_line"":3061,""path"":""authority/downloads/yaintt.tex"",""start_line"":3059}",high
r014.backend.record,1.0.0,ttp.r014.relation.2573,relation,active,ttp.r014.yaintt,ttp.r014.yaintt,,und,2026-08-22T03:06:00+02:00,codex.r014.id-ID,,ttp.r014.unit.sec.ssh.exercise.03,exercises,ttp.concept.plaintext,2573,"{""end_line"":3061,""path"":""authority/downloads/yaintt.tex"",""start_line"":3059}",high
r014.backend.record,1.0.0,ttp.r014.relation.2574,relation,active,ttp.r014.yaintt,ttp.r014.yaintt,,und,2026-08-22T03:06:00+02:00,codex.r014.id-ID,,ttp.r014.unit.sec.ssh.exercise.03,exercises,ttp.concept.cipher,2574,"{""end_line"":3061,""path"":""authority/downloads/yaintt.tex"",""start_line"":3059}",high
r014.backend.record,1.0.0,ttp.r014.relation.2575,relation,active,ttp.r014.yaintt,ttp.r014.yaintt,,und,2026-08-22T03:06:00+02:00,codex.r014.id-ID,,ttp.r014.unit.sec.ssh.exercise.03,exercises,ttp.concept.ciphertext,2575,"{""end_line"":3061,""path"":""authority/downloads/yaintt.tex"",""start_line"":3059}",high
r014.backend.record,1.0.0,ttp.r014.relation.2576,relation,active,ttp.r014.yaintt,ttp.r014.yaintt,,und,2026-08-22T03:06:00+02:00,codex.r014.id-ID,,ttp.r014.unit.sec.ssh.exercise.03,exercises,ttp.concept.encryption,2576,"{""end_line"":3061,""path"":""authority/downloads/yaintt.tex"",""start_line"":3059}",high
r014.backend.record,1.0.0,ttp.r014.relation.2577,relation,active,ttp.r014.yaintt,ttp.r014.yaintt,,und,2026-08-22T03:06:00+02:00,codex.r014.id-ID,,ttp.r014.unit.sec.ssh.exercise.03,exercises,ttp.concept.decryption,2577,"{""end_line"":3061,""path"":""authority/downloads/yaintt.tex"",""start_line"":3059}",high
r014.backend.record,1.0.0,ttp.r014.relation.2578,relation,active,ttp.r014.yaintt,ttp.r014.yaintt,,und,2026-08-22T03:06:00+02:00,codex.r014.id-ID,,ttp.r014.unit.sec.ssh.exercise.03,exercises,ttp.concept.key,2578,"{""end_line"":3061,""path"":""authority/downloads/yaintt.tex"",""start_line"":3059}",high
r014.backend.record,1.0.0,ttp.r014.relation.2579,relation,active,ttp.r014.yaintt,ttp.r014.yaintt,,und,2026-08-22T03:06:00+02:00,codex.r014.id-ID,,ttp.r014.unit.sec.ssh.exercise.03,exercises,ttp.concept.scytale,2579,"{""end_line"":3061,""path"":""authority/downloads/yaintt.tex"",""start_line"":3059}",high
r014.backend.record,1.0.0,ttp.r014.relation.2580,relation,active,ttp.r014.yaintt,ttp.r014.yaintt,,und,2026-08-22T03:06:00+02:00,codex.r014.id-ID,,ttp.r014.unit.sec.ssh.exercise.03,exercises,ttp.concept.kerckhoffs_principle,2580,"{""end_line"":3061,""path"":""authority/downloads/yaintt.tex"",""start_line"":3059}",high
r014.backend.record,1.0.0,ttp.r014.relation.2581,relation,active,ttp.r014.yaintt,ttp.r014.yaintt,,und,2026-08-22T03:06:00+02:00,codex.r014.id-ID,,ttp.r014.unit.sec.ssh.exercise.03,exercises,ttp.concept.security_through_obscurity,2581,"{""end_line"":3061,""path"":""authority/downloads/yaintt.tex"",""start_line"":3059}",high
r014.backend.record,1.0.0,ttp.r014.relation.2582,relation,active,ttp.r014.yaintt,ttp.r014.yaintt,,und,2026-08-22T03:06:00+02:00,codex.r014.id-ID,,ttp.r014.unit.sec.ccaiv,covers,ttp.concept.caesar_cipher,2582,"{""path"":""qa/review-candidates/boundary28-r2/TERMINOLOGY.md"",""sha256"":""3e3fe31baa8565bbc54cd6d789570cac18ed469f68cf683f08dd639ef92d9bd1""}",high
r014.backend.record,1.0.0,ttp.r014.relation.2583,relation,active,ttp.r014.yaintt,ttp.r014.yaintt,,und,2026-08-22T03:06:00+02:00,codex.r014.id-ID,,ttp.r014.unit.sec.ccaiv,covers,ttp.concept.rot13,2583,"{""path"":""qa/review-candidates/boundary28-r2/TERMINOLOGY.md"",""sha256"":""3e3fe31baa8565bbc54cd6d789570cac18ed469f68cf683f08dd639ef92d9bd1""}",high
r014.backend.record,1.0.0,ttp.r014.relation.2584,relation,active,ttp.r014.yaintt,ttp.r014.yaintt,,und,2026-08-22T03:06:00+02:00,codex.r014.id-ID,,ttp.r014.unit.sec.ccaiv,covers,ttp.concept.vigenere_cipher,2584,"{""path"":""qa/review-candidates/boundary28-r2/TERMINOLOGY.md"",""sha256"":""3e3fe31baa8565bbc54cd6d789570cac18ed469f68cf683f08dd639ef92d9bd1""}",high
r014.backend.record,1.0.0,ttp.r014.relation.2585,relation,active,ttp.r014.yaintt,ttp.r014.yaintt,,und,2026-08-22T03:06:00+02:00,codex.r014.id-ID,,ttp.r014.unit.sec.ccaiv,covers,ttp.concept.one_time_pad,2585,"{""path"":""qa/review-candidates/boundary28-r2/TERMINOLOGY.md"",""sha256"":""3e3fe31baa8565bbc54cd6d789570cac18ed469f68cf683f08dd639ef92d9bd1""}",high
r014.backend.record,1.0.0,ttp.r014.relation.2586,relation,active,ttp.r014.yaintt,ttp.r014.yaintt,,und,2026-08-22T03:06:00+02:00,codex.r014.id-ID,,ttp.r014.unit.sec.ccaiv,covers,ttp.concept.vernam_cipher,2586,"{""path"":""qa/review-candidates/boundary28-r2/TERMINOLOGY.md"",""sha256"":""3e3fe31baa8565bbc54cd6d789570cac18ed469f68cf683f08dd639ef92d9bd1""}",high
r014.backend.record,1.0.0,ttp.r014.relation.2587,relation,active,ttp.r014.yaintt,ttp.r014.yaintt,,und,2026-08-22T03:06:00+02:00,codex.r014.id-ID,,ttp.r014.unit.sec.ccaiv,covers,ttp.concept.information_theoretic_security,2587,"{""path"":""qa/review-candidates/boundary28-r2/TERMINOLOGY.md"",""sha256"":""3e3fe31baa8565bbc54cd6d789570cac18ed469f68cf683f08dd639ef92d9bd1""}",high
r014.backend.record,1.0.0,ttp.r014.relation.2588,relation,active,ttp.r014.yaintt,ttp.r014.yaintt,,und,2026-08-22T03:06:00+02:00,codex.r014.id-ID,,ttp.r014.unit.sec.ccaiv,covers,ttp.concept.probabilistic_polynomial_time_turing_machine,2588,"{""path"":""qa/review-candidates/boundary28-r2/TERMINOLOGY.md"",""sha256"":""3e3fe31baa8565bbc54cd6d789570cac18ed469f68cf683f08dd639ef92d9bd1""}",high
r014.backend.record,1.0.0,ttp.r014.relation.2589,relation,active,ttp.r014.yaintt,ttp.r014.yaintt,,und,2026-08-22T03:06:00+02:00,codex.r014.id-ID,,ttp.r014.unit.sec.ccaiv,covers,ttp.concept.computational_complexity,2589,"{""path"":""qa/review-candidates/boundary28-r2/TERMINOLOGY.md"",""sha256"":""3e3fe31baa8565bbc54cd6d789570cac18ed469f68cf683f08dd639ef92d9bd1""}",high
r014.backend.record,1.0.0,ttp.r014.relation.2590,relation,active,ttp.r014.yaintt,ttp.r014.yaintt,,und,2026-08-22T03:06:00+02:00,codex.r014.id-ID,,ttp.r014.unit.sec.ccaiv,covers,ttp.concept.key_distribution,2590,"{""path"":""qa/review-candidates/boundary28-r2/TERMINOLOGY.md"",""sha256"":""3e3fe31baa8565bbc54cd6d789570cac18ed469f68cf683f08dd639ef92d9bd1""}",high
r014.backend.record,1.0.0,ttp.r014.relation.2591,relation,active,ttp.r014.yaintt,ttp.r014.yaintt,,und,2026-08-22T03:06:00+02:00,codex.r014.id-ID,,ttp.r014.unit.sec.ccaiv.exercise.01,exercises,ttp.concept.caesar_cipher,2591,"{""end_line"":3241,""path"":""authority/downloads/yaintt.tex"",""start_line"":3227}",high
r014.backend.record,1.0.0,ttp.r014.relation.2592,relation,active,ttp.r014.yaintt,ttp.r014.yaintt,,und,2026-08-22T03:06:00+02:00,codex.r014.id-ID,,ttp.r014.unit.sec.ccaiv.exercise.01,exercises,ttp.concept.rot13,2592,"{""end_line"":3241,""path"":""authority/downloads/yaintt.tex"",""start_line"":3227}",high
r014.backend.record,1.0.0,ttp.r014.relation.2593,relation,active,ttp.r014.yaintt,ttp.r014.yaintt,,und,2026-08-22T03:06:00+02:00,codex.r014.id-ID,,ttp.r014.unit.sec.ccaiv.exercise.01,exercises,ttp.concept.vigenere_cipher,2593,"{""end_line"":3241,""path"":""authority/downloads/yaintt.tex"",""start_line"":3227}",high
r014.backend.record,1.0.0,ttp.r014.relation.2594,relation,active,ttp.r014.yaintt,ttp.r014.yaintt,,und,2026-08-22T03:06:00+02:00,codex.r014.id-ID,,ttp.r014.unit.sec.ccaiv.exercise.01,exercises,ttp.concept.one_time_pad,2594,"{""end_line"":3241,""path"":""authority/downloads/yaintt.tex"",""start_line"":3227}",high
r014.backend.record,1.0.0,ttp.r014.relation.2595,relation,active,ttp.r014.yaintt,ttp.r014.yaintt,,und,2026-08-22T03:06:00+02:00,codex.r014.id-ID,,ttp.r014.unit.sec.ccaiv.exercise.01,exercises,ttp.concept.vernam_cipher,2595,"{""end_line"":3241,""path"":""authority/downloads/yaintt.tex"",""start_line"":3227}",high
r014.backend.record,1.0.0,ttp.r014.relation.2596,relation,active,ttp.r014.yaintt,ttp.r014.yaintt,,und,2026-08-22T03:06:00+02:00,codex.r014.id-ID,,ttp.r014.unit.sec.ccaiv.exercise.01,exercises,ttp.concept.information_theoretic_security,2596,"{""end_line"":3241,""path"":""authority/downloads/yaintt.tex"",""start_line"":3227}",high
r014.backend.record,1.0.0,ttp.r014.relation.2597,relation,active,ttp.r014.yaintt,ttp.r014.yaintt,,und,2026-08-22T03:06:00+02:00,codex.r014.id-ID,,ttp.r014.unit.sec.ccaiv.exercise.01,exercises,ttp.concept.probabilistic_polynomial_time_turing_machine,2597,"{""end_line"":3241,""path"":""authority/downloads/yaintt.tex"",""start_line"":3227}",high
r014.backend.record,1.0.0,ttp.r014.relation.2598,relation,active,ttp.r014.yaintt,ttp.r014.yaintt,,und,2026-08-22T03:06:00+02:00,codex.r014.id-ID,,ttp.r014.unit.sec.ccaiv.exercise.01,exercises,ttp.concept.computational_complexity,2598,"{""end_line"":3241,""path"":""authority/downloads/yaintt.tex"",""start_line"":3227}",high
r014.backend.record,1.0.0,ttp.r014.relation.2599,relation,active,ttp.r014.yaintt,ttp.r014.yaintt,,und,2026-08-22T03:06:00+02:00,codex.r014.id-ID,,ttp.r014.unit.sec.ccaiv.exercise.01,exercises,ttp.concept.key_distribution,2599,"{""end_line"":3241,""path"":""authority/downloads/yaintt.tex"",""start_line"":3227}",high
r014.backend.record,1.0.0,ttp.r014.relation.2600,relation,active,ttp.r014.yaintt,ttp.r014.yaintt,,und,2026-08-22T03:06:00+02:00,codex.r014.id-ID,,ttp.r014.unit.sec.ccaiv.exercise.02,exercises,ttp.concept.caesar_cipher,2600,"{""end_line"":3254,""path"":""authority/downloads/yaintt.tex"",""start_line"":3243}",high
r014.backend.record,1.0.0,ttp.r014.relation.2601,relation,active,ttp.r014.yaintt,ttp.r014.yaintt,,und,2026-08-22T03:06:00+02:00,codex.r014.id-ID,,ttp.r014.unit.sec.ccaiv.exercise.02,exercises,ttp.concept.rot13,2601,"{""end_line"":3254,""path"":""authority/downloads/yaintt.tex"",""start_line"":3243}",high
r014.backend.record,1.0.0,ttp.r014.relation.2602,relation,active,ttp.r014.yaintt,ttp.r014.yaintt,,und,2026-08-22T03:06:00+02:00,codex.r014.id-ID,,ttp.r014.unit.sec.ccaiv.exercise.02,exercises,ttp.concept.vigenere_cipher,2602,"{""end_line"":3254,""path"":""authority/downloads/yaintt.tex"",""start_line"":3243}",high
r014.backend.record,1.0.0,ttp.r014.relation.2603,relation,active,ttp.r014.yaintt,ttp.r014.yaintt,,und,2026-08-22T03:06:00+02:00,codex.r014.id-ID,,ttp.r014.unit.sec.ccaiv.exercise.02,exercises,ttp.concept.one_time_pad,2603,"{""end_line"":3254,""path"":""authority/downloads/yaintt.tex"",""start_line"":3243}",high
r014.backend.record,1.0.0,ttp.r014.relation.2604,relation,active,ttp.r014.yaintt,ttp.r014.yaintt,,und,2026-08-22T03:06:00+02:00,codex.r014.id-ID,,ttp.r014.unit.sec.ccaiv.exercise.02,exercises,ttp.concept.vernam_cipher,2604,"{""end_line"":3254,""path"":""authority/downloads/yaintt.tex"",""start_line"":3243}",high
r014.backend.record,1.0.0,ttp.r014.relation.2605,relation,active,ttp.r014.yaintt,ttp.r014.yaintt,,und,2026-08-22T03:06:00+02:00,codex.r014.id-ID,,ttp.r014.unit.sec.ccaiv.exercise.02,exercises,ttp.concept.information_theoretic_security,2605,"{""end_line"":3254,""path"":""authority/downloads/yaintt.tex"",""start_line"":3243}",high
r014.backend.record,1.0.0,ttp.r014.relation.2606,relation,active,ttp.r014.yaintt,ttp.r014.yaintt,,und,2026-08-22T03:06:00+02:00,codex.r014.id-ID,,ttp.r014.unit.sec.ccaiv.exercise.02,exercises,ttp.concept.probabilistic_polynomial_time_turing_machine,2606,"{""end_line"":3254,""path"":""authority/downloads/yaintt.tex"",""start_line"":3243}",high
r014.backend.record,1.0.0,ttp.r014.relation.2607,relation,active,ttp.r014.yaintt,ttp.r014.yaintt,,und,2026-08-22T03:06:00+02:00,codex.r014.id-ID,,ttp.r014.unit.sec.ccaiv.exercise.02,exercises,ttp.concept.computational_complexity,2607,"{""end_line"":3254,""path"":""authority/downloads/yaintt.tex"",""start_line"":3243}",high
r014.backend.record,1.0.0,ttp.r014.relation.2608,relation,active,ttp.r014.yaintt,ttp.r014.yaintt,,und,2026-08-22T03:06:00+02:00,codex.r014.id-ID,,ttp.r014.unit.sec.ccaiv.exercise.02,exercises,ttp.concept.key_distribution,2608,"{""end_line"":3254,""path"":""authority/downloads/yaintt.tex"",""start_line"":3243}",high
r014.backend.record,1.0.0,ttp.r014.relation.2609,relation,active,ttp.r014.yaintt,ttp.r014.yaintt,,und,2026-08-22T03:06:00+02:00,codex.r014.id-ID,,ttp.r014.unit.sec.ccaiv.exercise.03,exercises,ttp.concept.caesar_cipher,2609,"{""end_line"":3278,""path"":""authority/downloads/yaintt.tex"",""start_line"":3256}",high
r014.backend.record,1.0.0,ttp.r014.relation.2610,relation,active,ttp.r014.yaintt,ttp.r014.yaintt,,und,2026-08-22T03:06:00+02:00,codex.r014.id-ID,,ttp.r014.unit.sec.ccaiv.exercise.03,exercises,ttp.concept.rot13,2610,"{""end_line"":3278,""path"":""authority/downloads/yaintt.tex"",""start_line"":3256}",high
r014.backend.record,1.0.0,ttp.r014.relation.2611,relation,active,ttp.r014.yaintt,ttp.r014.yaintt,,und,2026-08-22T03:06:00+02:00,codex.r014.id-ID,,ttp.r014.unit.sec.ccaiv.exercise.03,exercises,ttp.concept.vigenere_cipher,2611,"{""end_line"":3278,""path"":""authority/downloads/yaintt.tex"",""start_line"":3256}",high
r014.backend.record,1.0.0,ttp.r014.relation.2612,relation,active,ttp.r014.yaintt,ttp.r014.yaintt,,und,2026-08-22T03:06:00+02:00,codex.r014.id-ID,,ttp.r014.unit.sec.ccaiv.exercise.03,exercises,ttp.concept.one_time_pad,2612,"{""end_line"":3278,""path"":""authority/downloads/yaintt.tex"",""start_line"":3256}",high
r014.backend.record,1.0.0,ttp.r014.relation.2613,relation,active,ttp.r014.yaintt,ttp.r014.yaintt,,und,2026-08-22T03:06:00+02:00,codex.r014.id-ID,,ttp.r014.unit.sec.ccaiv.exercise.03,exercises,ttp.concept.vernam_cipher,2613,"{""end_line"":3278,""path"":""authority/downloads/yaintt.tex"",""start_line"":3256}",high
r014.backend.record,1.0.0,ttp.r014.relation.2614,relation,active,ttp.r014.yaintt,ttp.r014.yaintt,,und,2026-08-22T03:06:00+02:00,codex.r014.id-ID,,ttp.r014.unit.sec.ccaiv.exercise.03,exercises,ttp.concept.information_theoretic_security,2614,"{""end_line"":3278,""path"":""authority/downloads/yaintt.tex"",""start_line"":3256}",high
r014.backend.record,1.0.0,ttp.r014.relation.2615,relation,active,ttp.r014.yaintt,ttp.r014.yaintt,,und,2026-08-22T03:06:00+02:00,codex.r014.id-ID,,ttp.r014.unit.sec.ccaiv.exercise.03,exercises,ttp.concept.probabilistic_polynomial_time_turing_machine,2615,"{""end_line"":3278,""path"":""authority/downloads/yaintt.tex"",""start_line"":3256}",high
r014.backend.record,1.0.0,ttp.r014.relation.2616,relation,active,ttp.r014.yaintt,ttp.r014.yaintt,,und,2026-08-22T03:06:00+02:00,codex.r014.id-ID,,ttp.r014.unit.sec.ccaiv.exercise.03,exercises,ttp.concept.computational_complexity,2616,"{""end_line"":3278,""path"":""authority/downloads/yaintt.tex"",""start_line"":3256}",high
r014.backend.record,1.0.0,ttp.r014.relation.2617,relation,active,ttp.r014.yaintt,ttp.r014.yaintt,,und,2026-08-22T03:06:00+02:00,codex.r014.id-ID,,ttp.r014.unit.sec.ccaiv.exercise.03,exercises,ttp.concept.key_distribution,2617,"{""end_line"":3278,""path"":""authority/downloads/yaintt.tex"",""start_line"":3256}",high
r014.backend.record,1.0.0,ttp.r014.relation.2618,relation,active,ttp.r014.yaintt,ttp.r014.yaintt,,und,2026-08-22T03:06:00+02:00,codex.r014.id-ID,,ttp.r014.unit.sec.frequency,covers,ttp.concept.pseudorandom,2618,"{""path"":""qa/review-candidates/boundary28-r2/TERMINOLOGY.md"",""sha256"":""3e3fe31baa8565bbc54cd6d789570cac18ed469f68cf683f08dd639ef92d9bd1""}",high
r014.backend.record,1.0.0,ttp.r014.relation.2619,relation,active,ttp.r014.yaintt,ttp.r014.yaintt,,und,2026-08-22T03:06:00+02:00,codex.r014.id-ID,,ttp.r014.unit.sec.frequency,covers,ttp.concept.keyspace,2619,"{""path"":""qa/review-candidates/boundary28-r2/TERMINOLOGY.md"",""sha256"":""3e3fe31baa8565bbc54cd6d789570cac18ed469f68cf683f08dd639ef92d9bd1""}",high
r014.backend.record,1.0.0,ttp.r014.relation.2620,relation,active,ttp.r014.yaintt,ttp.r014.yaintt,,und,2026-08-22T03:06:00+02:00,codex.r014.id-ID,,ttp.r014.unit.sec.frequency,covers,ttp.concept.brute_force_attack,2620,"{""path"":""qa/review-candidates/boundary28-r2/TERMINOLOGY.md"",""sha256"":""3e3fe31baa8565bbc54cd6d789570cac18ed469f68cf683f08dd639ef92d9bd1""}",high
r014.backend.record,1.0.0,ttp.r014.relation.2621,relation,active,ttp.r014.yaintt,ttp.r014.yaintt,,und,2026-08-22T03:06:00+02:00,codex.r014.id-ID,,ttp.r014.unit.sec.frequency,covers,ttp.concept.exhaustive_search,2621,"{""path"":""qa/review-candidates/boundary28-r2/TERMINOLOGY.md"",""sha256"":""3e3fe31baa8565bbc54cd6d789570cac18ed469f68cf683f08dd639ef92d9bd1""}",high
r014.backend.record,1.0.0,ttp.r014.relation.2622,relation,active,ttp.r014.yaintt,ttp.r014.yaintt,,und,2026-08-22T03:06:00+02:00,codex.r014.id-ID,,ttp.r014.unit.sec.frequency,covers,ttp.concept.message_space,2622,"{""path"":""qa/review-candidates/boundary28-r2/TERMINOLOGY.md"",""sha256"":""3e3fe31baa8565bbc54cd6d789570cac18ed469f68cf683f08dd639ef92d9bd1""}",high
r014.backend.record,1.0.0,ttp.r014.relation.2623,relation,active,ttp.r014.yaintt,ttp.r014.yaintt,,und,2026-08-22T03:06:00+02:00,codex.r014.id-ID,,ttp.r014.unit.sec.frequency,covers,ttp.concept.frequency_analysis,2623,"{""path"":""qa/review-candidates/boundary28-r2/TERMINOLOGY.md"",""sha256"":""3e3fe31baa8565bbc54cd6d789570cac18ed469f68cf683f08dd639ef92d9bd1""}",high
r014.backend.record,1.0.0,ttp.r014.relation.2624,relation,active,ttp.r014.yaintt,ttp.r014.yaintt,,und,2026-08-22T03:06:00+02:00,codex.r014.id-ID,,ttp.r014.unit.sec.frequency,covers,ttp.concept.letter_frequency,2624,"{""path"":""qa/review-candidates/boundary28-r2/TERMINOLOGY.md"",""sha256"":""3e3fe31baa8565bbc54cd6d789570cac18ed469f68cf683f08dd639ef92d9bd1""}",high
r014.backend.record,1.0.0,ttp.r014.relation.2625,relation,active,ttp.r014.yaintt,ttp.r014.yaintt,,und,2026-08-22T03:06:00+02:00,codex.r014.id-ID,,ttp.r014.unit.sec.frequency,covers,ttp.concept.total_square_error,2625,"{""path"":""qa/review-candidates/boundary28-r2/TERMINOLOGY.md"",""sha256"":""3e3fe31baa8565bbc54cd6d789570cac18ed469f68cf683f08dd639ef92d9bd1""}",high
r014.backend.record,1.0.0,ttp.r014.relation.2626,relation,active,ttp.r014.yaintt,ttp.r014.yaintt,,und,2026-08-22T03:06:00+02:00,codex.r014.id-ID,,ttp.r014.unit.sec.frequency,covers,ttp.concept.least_squares,2626,"{""path"":""qa/review-candidates/boundary28-r2/TERMINOLOGY.md"",""sha256"":""3e3fe31baa8565bbc54cd6d789570cac18ed469f68cf683f08dd639ef92d9bd1""}",high
r014.backend.record,1.0.0,ttp.r014.relation.2627,relation,active,ttp.r014.yaintt,ttp.r014.yaintt,,und,2026-08-22T03:06:00+02:00,codex.r014.id-ID,,ttp.r014.unit.sec.frequency,covers,ttp.concept.caesar_cracker,2627,"{""path"":""qa/review-candidates/boundary28-r2/TERMINOLOGY.md"",""sha256"":""3e3fe31baa8565bbc54cd6d789570cac18ed469f68cf683f08dd639ef92d9bd1""}",high
r014.backend.record,1.0.0,ttp.r014.relation.2628,relation,active,ttp.r014.yaintt,ttp.r014.yaintt,,und,2026-08-22T03:06:00+02:00,codex.r014.id-ID,,ttp.r014.unit.sec.frequency,covers,ttp.concept.key_length,2628,"{""path"":""qa/review-candidates/boundary28-r2/TERMINOLOGY.md"",""sha256"":""3e3fe31baa8565bbc54cd6d789570cac18ed469f68cf683f08dd639ef92d9bd1""}",high
r014.backend.record,1.0.0,ttp.r014.relation.2629,relation,active,ttp.r014.yaintt,ttp.r014.yaintt,,und,2026-08-22T03:06:00+02:00,codex.r014.id-ID,,ttp.r014.unit.sec.frequency,covers,ttp.concept.key_position,2629,"{""path"":""qa/review-candidates/boundary28-r2/TERMINOLOGY.md"",""sha256"":""3e3fe31baa8565bbc54cd6d789570cac18ed469f68cf683f08dd639ef92d9bd1""}",high
r014.backend.record,1.0.0,ttp.r014.relation.2630,relation,active,ttp.r014.yaintt,ttp.r014.yaintt,,und,2026-08-22T03:06:00+02:00,codex.r014.id-ID,,ttp.r014.unit.sec.frequency,covers,ttp.concept.weighted_mixture,2630,"{""path"":""qa/review-candidates/boundary28-r2/TERMINOLOGY.md"",""sha256"":""3e3fe31baa8565bbc54cd6d789570cac18ed469f68cf683f08dd639ef92d9bd1""}",high
r014.backend.record,1.0.0,ttp.r014.relation.2631,relation,active,ttp.r014.yaintt,ttp.r014.yaintt,,und,2026-08-22T03:06:00+02:00,codex.r014.id-ID,,ttp.r014.unit.sec.frequency.exercise.01,exercises,ttp.concept.pseudorandom,2631,"{""end_line"":3602,""path"":""authority/downloads/yaintt.tex"",""start_line"":3598}",high
r014.backend.record,1.0.0,ttp.r014.relation.2632,relation,active,ttp.r014.yaintt,ttp.r014.yaintt,,und,2026-08-22T03:06:00+02:00,codex.r014.id-ID,,ttp.r014.unit.sec.frequency.exercise.01,exercises,ttp.concept.keyspace,2632,"{""end_line"":3602,""path"":""authority/downloads/yaintt.tex"",""start_line"":3598}",high
r014.backend.record,1.0.0,ttp.r014.relation.2633,relation,active,ttp.r014.yaintt,ttp.r014.yaintt,,und,2026-08-22T03:06:00+02:00,codex.r014.id-ID,,ttp.r014.unit.sec.frequency.exercise.01,exercises,ttp.concept.brute_force_attack,2633,"{""end_line"":3602,""path"":""authority/downloads/yaintt.tex"",""start_line"":3598}",high
r014.backend.record,1.0.0,ttp.r014.relation.2634,relation,active,ttp.r014.yaintt,ttp.r014.yaintt,,und,2026-08-22T03:06:00+02:00,codex.r014.id-ID,,ttp.r014.unit.sec.frequency.exercise.01,exercises,ttp.concept.exhaustive_search,2634,"{""end_line"":3602,""path"":""authority/downloads/yaintt.tex"",""start_line"":3598}",high
r014.backend.record,1.0.0,ttp.r014.relation.2635,relation,active,ttp.r014.yaintt,ttp.r014.yaintt,,und,2026-08-22T03:06:00+02:00,codex.r014.id-ID,,ttp.r014.unit.sec.frequency.exercise.01,exercises,ttp.concept.message_space,2635,"{""end_line"":3602,""path"":""authority/downloads/yaintt.tex"",""start_line"":3598}",high
r014.backend.record,1.0.0,ttp.r014.relation.2636,relation,active,ttp.r014.yaintt,ttp.r014.yaintt,,und,2026-08-22T03:06:00+02:00,codex.r014.id-ID,,ttp.r014.unit.sec.frequency.exercise.01,exercises,ttp.concept.frequency_analysis,2636,"{""end_line"":3602,""path"":""authority/downloads/yaintt.tex"",""start_line"":3598}",high
r014.backend.record,1.0.0,ttp.r014.relation.2637,relation,active,ttp.r014.yaintt,ttp.r014.yaintt,,und,2026-08-22T03:06:00+02:00,codex.r014.id-ID,,ttp.r014.unit.sec.frequency.exercise.01,exercises,ttp.concept.letter_frequency,2637,"{""end_line"":3602,""path"":""authority/downloads/yaintt.tex"",""start_line"":3598}",high
r014.backend.record,1.0.0,ttp.r014.relation.2638,relation,active,ttp.r014.yaintt,ttp.r014.yaintt,,und,2026-08-22T03:06:00+02:00,codex.r014.id-ID,,ttp.r014.unit.sec.frequency.exercise.01,exercises,ttp.concept.total_square_error,2638,"{""end_line"":3602,""path"":""authority/downloads/yaintt.tex"",""start_line"":3598}",high
r014.backend.record,1.0.0,ttp.r014.relation.2639,relation,active,ttp.r014.yaintt,ttp.r014.yaintt,,und,2026-08-22T03:06:00+02:00,codex.r014.id-ID,,ttp.r014.unit.sec.frequency.exercise.01,exercises,ttp.concept.least_squares,2639,"{""end_line"":3602,""path"":""authority/downloads/yaintt.tex"",""start_line"":3598}",high
r014.backend.record,1.0.0,ttp.r014.relation.2640,relation,active,ttp.r014.yaintt,ttp.r014.yaintt,,und,2026-08-22T03:06:00+02:00,codex.r014.id-ID,,ttp.r014.unit.sec.frequency.exercise.01,exercises,ttp.concept.caesar_cracker,2640,"{""end_line"":3602,""path"":""authority/downloads/yaintt.tex"",""start_line"":3598}",high
r014.backend.record,1.0.0,ttp.r014.relation.2641,relation,active,ttp.r014.yaintt,ttp.r014.yaintt,,und,2026-08-22T03:06:00+02:00,codex.r014.id-ID,,ttp.r014.unit.sec.frequency.exercise.01,exercises,ttp.concept.key_length,2641,"{""end_line"":3602,""path"":""authority/downloads/yaintt.tex"",""start_line"":3598}",high
r014.backend.record,1.0.0,ttp.r014.relation.2642,relation,active,ttp.r014.yaintt,ttp.r014.yaintt,,und,2026-08-22T03:06:00+02:00,codex.r014.id-ID,,ttp.r014.unit.sec.frequency.exercise.01,exercises,ttp.concept.key_position,2642,"{""end_line"":3602,""path"":""authority/downloads/yaintt.tex"",""start_line"":3598}",high
r014.backend.record,1.0.0,ttp.r014.relation.2643,relation,active,ttp.r014.yaintt,ttp.r014.yaintt,,und,2026-08-22T03:06:00+02:00,codex.r014.id-ID,,ttp.r014.unit.sec.frequency.exercise.01,exercises,ttp.concept.weighted_mixture,2643,"{""end_line"":3602,""path"":""authority/downloads/yaintt.tex"",""start_line"":3598}",high
r014.backend.record,1.0.0,ttp.r014.relation.2644,relation,active,ttp.r014.yaintt,ttp.r014.yaintt,,und,2026-08-22T03:06:00+02:00,codex.r014.id-ID,,ttp.r014.unit.sec.frequency.exercise.02,exercises,ttp.concept.pseudorandom,2644,"{""end_line"":3608,""path"":""authority/downloads/yaintt.tex"",""start_line"":3604}",high
r014.backend.record,1.0.0,ttp.r014.relation.2645,relation,active,ttp.r014.yaintt,ttp.r014.yaintt,,und,2026-08-22T03:06:00+02:00,codex.r014.id-ID,,ttp.r014.unit.sec.frequency.exercise.02,exercises,ttp.concept.keyspace,2645,"{""end_line"":3608,""path"":""authority/downloads/yaintt.tex"",""start_line"":3604}",high
r014.backend.record,1.0.0,ttp.r014.relation.2646,relation,active,ttp.r014.yaintt,ttp.r014.yaintt,,und,2026-08-22T03:06:00+02:00,codex.r014.id-ID,,ttp.r014.unit.sec.frequency.exercise.02,exercises,ttp.concept.brute_force_attack,2646,"{""end_line"":3608,""path"":""authority/downloads/yaintt.tex"",""start_line"":3604}",high
r014.backend.record,1.0.0,ttp.r014.relation.2647,relation,active,ttp.r014.yaintt,ttp.r014.yaintt,,und,2026-08-22T03:06:00+02:00,codex.r014.id-ID,,ttp.r014.unit.sec.frequency.exercise.02,exercises,ttp.concept.exhaustive_search,2647,"{""end_line"":3608,""path"":""authority/downloads/yaintt.tex"",""start_line"":3604}",high
r014.backend.record,1.0.0,ttp.r014.relation.2648,relation,active,ttp.r014.yaintt,ttp.r014.yaintt,,und,2026-08-22T03:06:00+02:00,codex.r014.id-ID,,ttp.r014.unit.sec.frequency.exercise.02,exercises,ttp.concept.message_space,2648,"{""end_line"":3608,""path"":""authority/downloads/yaintt.tex"",""start_line"":3604}",high
r014.backend.record,1.0.0,ttp.r014.relation.2649,relation,active,ttp.r014.yaintt,ttp.r014.yaintt,,und,2026-08-22T03:06:00+02:00,codex.r014.id-ID,,ttp.r014.unit.sec.frequency.exercise.02,exercises,ttp.concept.frequency_analysis,2649,"{""end_line"":3608,""path"":""authority/downloads/yaintt.tex"",""start_line"":3604}",high
r014.backend.record,1.0.0,ttp.r014.relation.2650,relation,active,ttp.r014.yaintt,ttp.r014.yaintt,,und,2026-08-22T03:06:00+02:00,codex.r014.id-ID,,ttp.r014.unit.sec.frequency.exercise.02,exercises,ttp.concept.letter_frequency,2650,"{""end_line"":3608,""path"":""authority/downloads/yaintt.tex"",""start_line"":3604}",high
r014.backend.record,1.0.0,ttp.r014.relation.2651,relation,active,ttp.r014.yaintt,ttp.r014.yaintt,,und,2026-08-22T03:06:00+02:00,codex.r014.id-ID,,ttp.r014.unit.sec.frequency.exercise.02,exercises,ttp.concept.total_square_error,2651,"{""end_line"":3608,""path"":""authority/downloads/yaintt.tex"",""start_line"":3604}",high
r014.backend.record,1.0.0,ttp.r014.relation.2652,relation,active,ttp.r014.yaintt,ttp.r014.yaintt,,und,2026-08-22T03:06:00+02:00,codex.r014.id-ID,,ttp.r014.unit.sec.frequency.exercise.02,exercises,ttp.concept.least_squares,2652,"{""end_line"":3608,""path"":""authority/downloads/yaintt.tex"",""start_line"":3604}",high
r014.backend.record,1.0.0,ttp.r014.relation.2653,relation,active,ttp.r014.yaintt,ttp.r014.yaintt,,und,2026-08-22T03:06:00+02:00,codex.r014.id-ID,,ttp.r014.unit.sec.frequency.exercise.02,exercises,ttp.concept.caesar_cracker,2653,"{""end_line"":3608,""path"":""authority/downloads/yaintt.tex"",""start_line"":3604}",high
r014.backend.record,1.0.0,ttp.r014.relation.2654,relation,active,ttp.r014.yaintt,ttp.r014.yaintt,,und,2026-08-22T03:06:00+02:00,codex.r014.id-ID,,ttp.r014.unit.sec.frequency.exercise.02,exercises,ttp.concept.key_length,2654,"{""end_line"":3608,""path"":""authority/downloads/yaintt.tex"",""start_line"":3604}",high
r014.backend.record,1.0.0,ttp.r014.relation.2655,relation,active,ttp.r014.yaintt,ttp.r014.yaintt,,und,2026-08-22T03:06:00+02:00,codex.r014.id-ID,,ttp.r014.unit.sec.frequency.exercise.02,exercises,ttp.concept.key_position,2655,"{""end_line"":3608,""path"":""authority/downloads/yaintt.tex"",""start_line"":3604}",high
r014.backend.record,1.0.0,ttp.r014.relation.2656,relation,active,ttp.r014.yaintt,ttp.r014.yaintt,,und,2026-08-22T03:06:00+02:00,codex.r014.id-ID,,ttp.r014.unit.sec.frequency.exercise.02,exercises,ttp.concept.weighted_mixture,2656,"{""end_line"":3608,""path"":""authority/downloads/yaintt.tex"",""start_line"":3604}",high
r014.backend.record,1.0.0,ttp.r014.relation.2657,relation,active,ttp.r014.yaintt,ttp.r014.yaintt,,und,2026-08-22T03:06:00+02:00,codex.r014.id-ID,,ttp.r014.unit.sec.frequency.exercise.03,exercises,ttp.concept.pseudorandom,2657,"{""end_line"":3621,""path"":""authority/downloads/yaintt.tex"",""start_line"":3610}",high
r014.backend.record,1.0.0,ttp.r014.relation.2658,relation,active,ttp.r014.yaintt,ttp.r014.yaintt,,und,2026-08-22T03:06:00+02:00,codex.r014.id-ID,,ttp.r014.unit.sec.frequency.exercise.03,exercises,ttp.concept.keyspace,2658,"{""end_line"":3621,""path"":""authority/downloads/yaintt.tex"",""start_line"":3610}",high
r014.backend.record,1.0.0,ttp.r014.relation.2659,relation,active,ttp.r014.yaintt,ttp.r014.yaintt,,und,2026-08-22T03:06:00+02:00,codex.r014.id-ID,,ttp.r014.unit.sec.frequency.exercise.03,exercises,ttp.concept.brute_force_attack,2659,"{""end_line"":3621,""path"":""authority/downloads/yaintt.tex"",""start_line"":3610}",high
r014.backend.record,1.0.0,ttp.r014.relation.2660,relation,active,ttp.r014.yaintt,ttp.r014.yaintt,,und,2026-08-22T03:06:00+02:00,codex.r014.id-ID,,ttp.r014.unit.sec.frequency.exercise.03,exercises,ttp.concept.exhaustive_search,2660,"{""end_line"":3621,""path"":""authority/downloads/yaintt.tex"",""start_line"":3610}",high
r014.backend.record,1.0.0,ttp.r014.relation.2661,relation,active,ttp.r014.yaintt,ttp.r014.yaintt,,und,2026-08-22T03:06:00+02:00,codex.r014.id-ID,,ttp.r014.unit.sec.frequency.exercise.03,exercises,ttp.concept.message_space,2661,"{""end_line"":3621,""path"":""authority/downloads/yaintt.tex"",""start_line"":3610}",high
r014.backend.record,1.0.0,ttp.r014.relation.2662,relation,active,ttp.r014.yaintt,ttp.r014.yaintt,,und,2026-08-22T03:06:00+02:00,codex.r014.id-ID,,ttp.r014.unit.sec.frequency.exercise.03,exercises,ttp.concept.frequency_analysis,2662,"{""end_line"":3621,""path"":""authority/downloads/yaintt.tex"",""start_line"":3610}",high
r014.backend.record,1.0.0,ttp.r014.relation.2663,relation,active,ttp.r014.yaintt,ttp.r014.yaintt,,und,2026-08-22T03:06:00+02:00,codex.r014.id-ID,,ttp.r014.unit.sec.frequency.exercise.03,exercises,ttp.concept.letter_frequency,2663,"{""end_line"":3621,""path"":""authority/downloads/yaintt.tex"",""start_line"":3610}",high
r014.backend.record,1.0.0,ttp.r014.relation.2664,relation,active,ttp.r014.yaintt,ttp.r014.yaintt,,und,2026-08-22T03:06:00+02:00,codex.r014.id-ID,,ttp.r014.unit.sec.frequency.exercise.03,exercises,ttp.concept.total_square_error,2664,"{""end_line"":3621,""path"":""authority/downloads/yaintt.tex"",""start_line"":3610}",high
r014.backend.record,1.0.0,ttp.r014.relation.2665,relation,active,ttp.r014.yaintt,ttp.r014.yaintt,,und,2026-08-22T03:06:00+02:00,codex.r014.id-ID,,ttp.r014.unit.sec.frequency.exercise.03,exercises,ttp.concept.least_squares,2665,"{""end_line"":3621,""path"":""authority/downloads/yaintt.tex"",""start_line"":3610}",high
r014.backend.record,1.0.0,ttp.r014.relation.2666,relation,active,ttp.r014.yaintt,ttp.r014.yaintt,,und,2026-08-22T03:06:00+02:00,codex.r014.id-ID,,ttp.r014.unit.sec.frequency.exercise.03,exercises,ttp.concept.caesar_cracker,2666,"{""end_line"":3621,""path"":""authority/downloads/yaintt.tex"",""start_line"":3610}",high
r014.backend.record,1.0.0,ttp.r014.relation.2667,relation,active,ttp.r014.yaintt,ttp.r014.yaintt,,und,2026-08-22T03:06:00+02:00,codex.r014.id-ID,,ttp.r014.unit.sec.frequency.exercise.03,exercises,ttp.concept.key_length,2667,"{""end_line"":3621,""path"":""authority/downloads/yaintt.tex"",""start_line"":3610}",high
r014.backend.record,1.0.0,ttp.r014.relation.2668,relation,active,ttp.r014.yaintt,ttp.r014.yaintt,,und,2026-08-22T03:06:00+02:00,codex.r014.id-ID,,ttp.r014.unit.sec.frequency.exercise.03,exercises,ttp.concept.key_position,2668,"{""end_line"":3621,""path"":""authority/downloads/yaintt.tex"",""start_line"":3610}",high
r014.backend.record,1.0.0,ttp.r014.relation.2669,relation,active,ttp.r014.yaintt,ttp.r014.yaintt,,und,2026-08-22T03:06:00+02:00,codex.r014.id-ID,,ttp.r014.unit.sec.frequency.exercise.03,exercises,ttp.concept.weighted_mixture,2669,"{""end_line"":3621,""path"":""authority/downloads/yaintt.tex"",""start_line"":3610}",high
r014.backend.record,1.0.0,ttp.r014.relation.2670,relation,active,ttp.r014.yaintt,ttp.r014.yaintt,,und,2026-08-22T03:06:00+02:00,codex.r014.id-ID,,ttp.r014.unit.sec.rsa,covers,ttp.concept.symmetric_cipher,2670,"{""path"":""qa/review-candidates/boundary28-r2/TERMINOLOGY.md"",""sha256"":""3e3fe31baa8565bbc54cd6d789570cac18ed469f68cf683f08dd639ef92d9bd1""}",high
r014.backend.record,1.0.0,ttp.r014.relation.2671,relation,active,ttp.r014.yaintt,ttp.r014.yaintt,,und,2026-08-22T03:06:00+02:00,codex.r014.id-ID,,ttp.r014.unit.sec.rsa,covers,ttp.concept.private_key_cryptosystem,2671,"{""path"":""qa/review-candidates/boundary28-r2/TERMINOLOGY.md"",""sha256"":""3e3fe31baa8565bbc54cd6d789570cac18ed469f68cf683f08dd639ef92d9bd1""}",high
r014.backend.record,1.0.0,ttp.r014.relation.2672,relation,active,ttp.r014.yaintt,ttp.r014.yaintt,,und,2026-08-22T03:06:00+02:00,codex.r014.id-ID,,ttp.r014.unit.sec.rsa,covers,ttp.concept.asymmetric_cipher,2672,"{""path"":""qa/review-candidates/boundary28-r2/TERMINOLOGY.md"",""sha256"":""3e3fe31baa8565bbc54cd6d789570cac18ed469f68cf683f08dd639ef92d9bd1""}",high
r014.backend.record,1.0.0,ttp.r014.relation.2673,relation,active,ttp.r014.yaintt,ttp.r014.yaintt,,und,2026-08-22T03:06:00+02:00,codex.r014.id-ID,,ttp.r014.unit.sec.rsa,covers,ttp.concept.key_generation_algorithm,2673,"{""path"":""qa/review-candidates/boundary28-r2/TERMINOLOGY.md"",""sha256"":""3e3fe31baa8565bbc54cd6d789570cac18ed469f68cf683f08dd639ef92d9bd1""}",high
r014.backend.record,1.0.0,ttp.r014.relation.2674,relation,active,ttp.r014.yaintt,ttp.r014.yaintt,,und,2026-08-22T03:06:00+02:00,codex.r014.id-ID,,ttp.r014.unit.sec.rsa,covers,ttp.concept.encryption_keyspace,2674,"{""path"":""qa/review-candidates/boundary28-r2/TERMINOLOGY.md"",""sha256"":""3e3fe31baa8565bbc54cd6d789570cac18ed469f68cf683f08dd639ef92d9bd1""}",high
r014.backend.record,1.0.0,ttp.r014.relation.2675,relation,active,ttp.r014.yaintt,ttp.r014.yaintt,,und,2026-08-22T03:06:00+02:00,codex.r014.id-ID,,ttp.r014.unit.sec.rsa,covers,ttp.concept.decryption_keyspace,2675,"{""path"":""qa/review-candidates/boundary28-r2/TERMINOLOGY.md"",""sha256"":""3e3fe31baa8565bbc54cd6d789570cac18ed469f68cf683f08dd639ef92d9bd1""}",high
r014.backend.record,1.0.0,ttp.r014.relation.2676,relation,active,ttp.r014.yaintt,ttp.r014.yaintt,,und,2026-08-22T03:06:00+02:00,codex.r014.id-ID,,ttp.r014.unit.sec.rsa,covers,ttp.concept.public_key,2676,"{""path"":""qa/review-candidates/boundary28-r2/TERMINOLOGY.md"",""sha256"":""3e3fe31baa8565bbc54cd6d789570cac18ed469f68cf683f08dd639ef92d9bd1""}",high
r014.backend.record,1.0.0,ttp.r014.relation.2677,relation,active,ttp.r014.yaintt,ttp.r014.yaintt,,und,2026-08-22T03:06:00+02:00,codex.r014.id-ID,,ttp.r014.unit.sec.rsa,covers,ttp.concept.private_key,2677,"{""path"":""qa/review-candidates/boundary28-r2/TERMINOLOGY.md"",""sha256"":""3e3fe31baa8565bbc54cd6d789570cac18ed469f68cf683f08dd639ef92d9bd1""}",high
r014.backend.record,1.0.0,ttp.r014.relation.2678,relation,active,ttp.r014.yaintt,ttp.r014.yaintt,,und,2026-08-22T03:06:00+02:00,codex.r014.id-ID,,ttp.r014.unit.sec.rsa,covers,ttp.concept.public_key_cryptosystem,2678,"{""path"":""qa/review-candidates/boundary28-r2/TERMINOLOGY.md"",""sha256"":""3e3fe31baa8565bbc54cd6d789570cac18ed469f68cf683f08dd639ef92d9bd1""}",high
r014.backend.record,1.0.0,ttp.r014.relation.2679,relation,active,ttp.r014.yaintt,ttp.r014.yaintt,,und,2026-08-22T03:06:00+02:00,codex.r014.id-ID,,ttp.r014.unit.sec.rsa,covers,ttp.concept.cryptographic_salt,2679,"{""path"":""qa/review-candidates/boundary28-r2/TERMINOLOGY.md"",""sha256"":""3e3fe31baa8565bbc54cd6d789570cac18ed469f68cf683f08dd639ef92d9bd1""}",high
r014.backend.record,1.0.0,ttp.r014.relation.2680,relation,active,ttp.r014.yaintt,ttp.r014.yaintt,,und,2026-08-22T03:06:00+02:00,codex.r014.id-ID,,ttp.r014.unit.sec.rsa,covers,ttp.concept.traffic_analysis,2680,"{""path"":""qa/review-candidates/boundary28-r2/TERMINOLOGY.md"",""sha256"":""3e3fe31baa8565bbc54cd6d789570cac18ed469f68cf683f08dd639ef92d9bd1""}",high
r014.backend.record,1.0.0,ttp.r014.relation.2681,relation,active,ttp.r014.yaintt,ttp.r014.yaintt,,und,2026-08-22T03:06:00+02:00,codex.r014.id-ID,,ttp.r014.unit.sec.rsa,covers,ttp.concept.one_way_function,2681,"{""path"":""qa/review-candidates/boundary28-r2/TERMINOLOGY.md"",""sha256"":""3e3fe31baa8565bbc54cd6d789570cac18ed469f68cf683f08dd639ef92d9bd1""}",high
r014.backend.record,1.0.0,ttp.r014.relation.2682,relation,active,ttp.r014.yaintt,ttp.r014.yaintt,,und,2026-08-22T03:06:00+02:00,codex.r014.id-ID,,ttp.r014.unit.sec.rsa,covers,ttp.concept.quantum_computer,2682,"{""path"":""qa/review-candidates/boundary28-r2/TERMINOLOGY.md"",""sha256"":""3e3fe31baa8565bbc54cd6d789570cac18ed469f68cf683f08dd639ef92d9bd1""}",high
r014.backend.record,1.0.0,ttp.r014.relation.2683,relation,active,ttp.r014.yaintt,ttp.r014.yaintt,,und,2026-08-22T03:06:00+02:00,codex.r014.id-ID,,ttp.r014.unit.sec.rsa,covers,ttp.concept.rsa_modulus,2683,"{""path"":""qa/review-candidates/boundary28-r2/TERMINOLOGY.md"",""sha256"":""3e3fe31baa8565bbc54cd6d789570cac18ed469f68cf683f08dd639ef92d9bd1""}",high
r014.backend.record,1.0.0,ttp.r014.relation.2684,relation,active,ttp.r014.yaintt,ttp.r014.yaintt,,und,2026-08-22T03:06:00+02:00,codex.r014.id-ID,,ttp.r014.unit.sec.rsa,covers,ttp.concept.rsa_semiprime,2684,"{""path"":""qa/review-candidates/boundary28-r2/TERMINOLOGY.md"",""sha256"":""3e3fe31baa8565bbc54cd6d789570cac18ed469f68cf683f08dd639ef92d9bd1""}",high
r014.backend.record,1.0.0,ttp.r014.relation.2685,relation,active,ttp.r014.yaintt,ttp.r014.yaintt,,und,2026-08-22T03:06:00+02:00,codex.r014.id-ID,,ttp.r014.unit.sec.rsa,covers,ttp.concept.rsa_exponent,2685,"{""path"":""qa/review-candidates/boundary28-r2/TERMINOLOGY.md"",""sha256"":""3e3fe31baa8565bbc54cd6d789570cac18ed469f68cf683f08dd639ef92d9bd1""}",high
r014.backend.record,1.0.0,ttp.r014.relation.2686,relation,active,ttp.r014.yaintt,ttp.r014.yaintt,,und,2026-08-22T03:06:00+02:00,codex.r014.id-ID,,ttp.r014.unit.sec.rsa,covers,ttp.concept.rsa_public_key,2686,"{""path"":""qa/review-candidates/boundary28-r2/TERMINOLOGY.md"",""sha256"":""3e3fe31baa8565bbc54cd6d789570cac18ed469f68cf683f08dd639ef92d9bd1""}",high
r014.backend.record,1.0.0,ttp.r014.relation.2687,relation,active,ttp.r014.yaintt,ttp.r014.yaintt,,und,2026-08-22T03:06:00+02:00,codex.r014.id-ID,,ttp.r014.unit.sec.rsa,covers,ttp.concept.rsa_private_key,2687,"{""path"":""qa/review-candidates/boundary28-r2/TERMINOLOGY.md"",""sha256"":""3e3fe31baa8565bbc54cd6d789570cac18ed469f68cf683f08dd639ef92d9bd1""}",high
r014.backend.record,1.0.0,ttp.r014.relation.2688,relation,active,ttp.r014.yaintt,ttp.r014.yaintt,,und,2026-08-22T03:06:00+02:00,codex.r014.id-ID,,ttp.r014.unit.sec.rsa,covers,ttp.concept.feasible_computation,2688,"{""path"":""qa/review-candidates/boundary28-r2/TERMINOLOGY.md"",""sha256"":""3e3fe31baa8565bbc54cd6d789570cac18ed469f68cf683f08dd639ef92d9bd1""}",high
r014.backend.record,1.0.0,ttp.r014.relation.2689,relation,active,ttp.r014.yaintt,ttp.r014.yaintt,,und,2026-08-22T03:06:00+02:00,codex.r014.id-ID,,ttp.r014.unit.sec.rsa,covers,ttp.concept.prime_number_theorem,2689,"{""path"":""qa/review-candidates/boundary28-r2/TERMINOLOGY.md"",""sha256"":""3e3fe31baa8565bbc54cd6d789570cac18ed469f68cf683f08dd639ef92d9bd1""}",high
r014.backend.record,1.0.0,ttp.r014.relation.2690,relation,active,ttp.r014.yaintt,ttp.r014.yaintt,,und,2026-08-22T03:06:00+02:00,codex.r014.id-ID,,ttp.r014.unit.sec.rsa,covers,ttp.concept.prime_counting_function,2690,"{""path"":""qa/review-candidates/boundary28-r2/TERMINOLOGY.md"",""sha256"":""3e3fe31baa8565bbc54cd6d789570cac18ed469f68cf683f08dd639ef92d9bd1""}",high
r014.backend.record,1.0.0,ttp.r014.relation.2691,relation,active,ttp.r014.yaintt,ttp.r014.yaintt,,und,2026-08-22T03:06:00+02:00,codex.r014.id-ID,,ttp.r014.unit.sec.rsa,covers,ttp.concept.fast_modular_exponentiation,2691,"{""path"":""qa/review-candidates/boundary28-r2/TERMINOLOGY.md"",""sha256"":""3e3fe31baa8565bbc54cd6d789570cac18ed469f68cf683f08dd639ef92d9bd1""}",high
r014.backend.record,1.0.0,ttp.r014.relation.2692,relation,active,ttp.r014.yaintt,ttp.r014.yaintt,,und,2026-08-22T03:06:00+02:00,codex.r014.id-ID,,ttp.r014.unit.sec.rsa,covers,ttp.concept.input_length,2692,"{""path"":""qa/review-candidates/boundary28-r2/TERMINOLOGY.md"",""sha256"":""3e3fe31baa8565bbc54cd6d789570cac18ed469f68cf683f08dd639ef92d9bd1""}",high
r014.backend.record,1.0.0,ttp.r014.relation.2693,relation,active,ttp.r014.yaintt,ttp.r014.yaintt,,und,2026-08-22T03:06:00+02:00,codex.r014.id-ID,,ttp.r014.unit.sec.rsa,covers,ttp.concept.discrete_logarithm,2693,"{""path"":""qa/review-candidates/boundary28-r2/TERMINOLOGY.md"",""sha256"":""3e3fe31baa8565bbc54cd6d789570cac18ed469f68cf683f08dd639ef92d9bd1""}",high
r014.backend.record,1.0.0,ttp.r014.relation.2694,relation,active,ttp.r014.yaintt,ttp.r014.yaintt,,und,2026-08-22T03:06:00+02:00,codex.r014.id-ID,,ttp.r014.unit.sec.rsa,covers,ttp.concept.index_modulo,2694,"{""path"":""qa/review-candidates/boundary28-r2/TERMINOLOGY.md"",""sha256"":""3e3fe31baa8565bbc54cd6d789570cac18ed469f68cf683f08dd639ef92d9bd1""}",high
r014.backend.record,1.0.0,ttp.r014.relation.2695,relation,active,ttp.r014.yaintt,ttp.r014.yaintt,,und,2026-08-22T03:06:00+02:00,codex.r014.id-ID,,ttp.r014.unit.sec.rsa,covers,ttp.concept.unit_group_modulo,2695,"{""path"":""qa/review-candidates/boundary28-r2/TERMINOLOGY.md"",""sha256"":""3e3fe31baa8565bbc54cd6d789570cac18ed469f68cf683f08dd639ef92d9bd1""}",high
r014.backend.record,1.0.0,ttp.r014.relation.2696,relation,active,ttp.r014.yaintt,ttp.r014.yaintt,,und,2026-08-22T03:06:00+02:00,codex.r014.id-ID,,ttp.r014.unit.sec.rsa,covers,ttp.concept.ascii,2696,"{""path"":""qa/review-candidates/boundary28-r2/TERMINOLOGY.md"",""sha256"":""3e3fe31baa8565bbc54cd6d789570cac18ed469f68cf683f08dd639ef92d9bd1""}",high
r014.backend.record,1.0.0,ttp.r014.relation.2697,relation,active,ttp.r014.yaintt,ttp.r014.yaintt,,und,2026-08-22T03:06:00+02:00,codex.r014.id-ID,,ttp.r014.unit.sec.rsa,covers,ttp.concept.unicode,2697,"{""path"":""qa/review-candidates/boundary28-r2/TERMINOLOGY.md"",""sha256"":""3e3fe31baa8565bbc54cd6d789570cac18ed469f68cf683f08dd639ef92d9bd1""}",high
r014.backend.record,1.0.0,ttp.r014.relation.2698,relation,active,ttp.r014.yaintt,ttp.r014.yaintt,,und,2026-08-22T03:06:00+02:00,codex.r014.id-ID,,ttp.r014.unit.sec.rsa,covers,ttp.concept.utf8,2698,"{""path"":""qa/review-candidates/boundary28-r2/TERMINOLOGY.md"",""sha256"":""3e3fe31baa8565bbc54cd6d789570cac18ed469f68cf683f08dd639ef92d9bd1""}",high
r014.backend.record,1.0.0,ttp.r014.relation.2699,relation,active,ttp.r014.yaintt,ttp.r014.yaintt,,und,2026-08-22T03:06:00+02:00,codex.r014.id-ID,,ttp.r014.unit.sec.rsa,covers,ttp.concept.utf16,2699,"{""path"":""qa/review-candidates/boundary28-r2/TERMINOLOGY.md"",""sha256"":""3e3fe31baa8565bbc54cd6d789570cac18ed469f68cf683f08dd639ef92d9bd1""}",high
r014.backend.record,1.0.0,ttp.r014.relation.2700,relation,active,ttp.r014.yaintt,ttp.r014.yaintt,,und,2026-08-22T03:06:00+02:00,codex.r014.id-ID,,ttp.r014.unit.sec.rsa.exercise.01,exercises,ttp.concept.symmetric_cipher,2700,"{""end_line"":4032,""path"":""authority/downloads/yaintt.tex"",""start_line"":4016}",high
r014.backend.record,1.0.0,ttp.r014.relation.2701,relation,active,ttp.r014.yaintt,ttp.r014.yaintt,,und,2026-08-22T03:06:00+02:00,codex.r014.id-ID,,ttp.r014.unit.sec.rsa.exercise.01,exercises,ttp.concept.private_key_cryptosystem,2701,"{""end_line"":4032,""path"":""authority/downloads/yaintt.tex"",""start_line"":4016}",high
r014.backend.record,1.0.0,ttp.r014.relation.2702,relation,active,ttp.r014.yaintt,ttp.r014.yaintt,,und,2026-08-22T03:06:00+02:00,codex.r014.id-ID,,ttp.r014.unit.sec.rsa.exercise.01,exercises,ttp.concept.asymmetric_cipher,2702,"{""end_line"":4032,""path"":""authority/downloads/yaintt.tex"",""start_line"":4016}",high
r014.backend.record,1.0.0,ttp.r014.relation.2703,relation,active,ttp.r014.yaintt,ttp.r014.yaintt,,und,2026-08-22T03:06:00+02:00,codex.r014.id-ID,,ttp.r014.unit.sec.rsa.exercise.01,exercises,ttp.concept.key_generation_algorithm,2703,"{""end_line"":4032,""path"":""authority/downloads/yaintt.tex"",""start_line"":4016}",high
r014.backend.record,1.0.0,ttp.r014.relation.2704,relation,active,ttp.r014.yaintt,ttp.r014.yaintt,,und,2026-08-22T03:06:00+02:00,codex.r014.id-ID,,ttp.r014.unit.sec.rsa.exercise.01,exercises,ttp.concept.encryption_keyspace,2704,"{""end_line"":4032,""path"":""authority/downloads/yaintt.tex"",""start_line"":4016}",high
r014.backend.record,1.0.0,ttp.r014.relation.2705,relation,active,ttp.r014.yaintt,ttp.r014.yaintt,,und,2026-08-22T03:06:00+02:00,codex.r014.id-ID,,ttp.r014.unit.sec.rsa.exercise.01,exercises,ttp.concept.decryption_keyspace,2705,"{""end_line"":4032,""path"":""authority/downloads/yaintt.tex"",""start_line"":4016}",high
r014.backend.record,1.0.0,ttp.r014.relation.2706,relation,active,ttp.r014.yaintt,ttp.r014.yaintt,,und,2026-08-22T03:06:00+02:00,codex.r014.id-ID,,ttp.r014.unit.sec.rsa.exercise.01,exercises,ttp.concept.public_key,2706,"{""end_line"":4032,""path"":""authority/downloads/yaintt.tex"",""start_line"":4016}",high
r014.backend.record,1.0.0,ttp.r014.relation.2707,relation,active,ttp.r014.yaintt,ttp.r014.yaintt,,und,2026-08-22T03:06:00+02:00,codex.r014.id-ID,,ttp.r014.unit.sec.rsa.exercise.01,exercises,ttp.concept.private_key,2707,"{""end_line"":4032,""path"":""authority/downloads/yaintt.tex"",""start_line"":4016}",high
r014.backend.record,1.0.0,ttp.r014.relation.2708,relation,active,ttp.r014.yaintt,ttp.r014.yaintt,,und,2026-08-22T03:06:00+02:00,codex.r014.id-ID,,ttp.r014.unit.sec.rsa.exercise.01,exercises,ttp.concept.public_key_cryptosystem,2708,"{""end_line"":4032,""path"":""authority/downloads/yaintt.tex"",""start_line"":4016}",high
r014.backend.record,1.0.0,ttp.r014.relation.2709,relation,active,ttp.r014.yaintt,ttp.r014.yaintt,,und,2026-08-22T03:06:00+02:00,codex.r014.id-ID,,ttp.r014.unit.sec.rsa.exercise.01,exercises,ttp.concept.cryptographic_salt,2709,"{""end_line"":4032,""path"":""authority/downloads/yaintt.tex"",""start_line"":4016}",high
r014.backend.record,1.0.0,ttp.r014.relation.2710,relation,active,ttp.r014.yaintt,ttp.r014.yaintt,,und,2026-08-22T03:06:00+02:00,codex.r014.id-ID,,ttp.r014.unit.sec.rsa.exercise.01,exercises,ttp.concept.traffic_analysis,2710,"{""end_line"":4032,""path"":""authority/downloads/yaintt.tex"",""start_line"":4016}",high
r014.backend.record,1.0.0,ttp.r014.relation.2711,relation,active,ttp.r014.yaintt,ttp.r014.yaintt,,und,2026-08-22T03:06:00+02:00,codex.r014.id-ID,,ttp.r014.unit.sec.rsa.exercise.01,exercises,ttp.concept.one_way_function,2711,"{""end_line"":4032,""path"":""authority/downloads/yaintt.tex"",""start_line"":4016}",high
r014.backend.record,1.0.0,ttp.r014.relation.2712,relation,active,ttp.r014.yaintt,ttp.r014.yaintt,,und,2026-08-22T03:06:00+02:00,codex.r014.id-ID,,ttp.r014.unit.sec.rsa.exercise.01,exercises,ttp.concept.quantum_computer,2712,"{""end_line"":4032,""path"":""authority/downloads/yaintt.tex"",""start_line"":4016}",high
r014.backend.record,1.0.0,ttp.r014.relation.2713,relation,active,ttp.r014.yaintt,ttp.r014.yaintt,,und,2026-08-22T03:06:00+02:00,codex.r014.id-ID,,ttp.r014.unit.sec.rsa.exercise.01,exercises,ttp.concept.rsa_modulus,2713,"{""end_line"":4032,""path"":""authority/downloads/yaintt.tex"",""start_line"":4016}",high
r014.backend.record,1.0.0,ttp.r014.relation.2714,relation,active,ttp.r014.yaintt,ttp.r014.yaintt,,und,2026-08-22T03:06:00+02:00,codex.r014.id-ID,,ttp.r014.unit.sec.rsa.exercise.01,exercises,ttp.concept.rsa_semiprime,2714,"{""end_line"":4032,""path"":""authority/downloads/yaintt.tex"",""start_line"":4016}",high
r014.backend.record,1.0.0,ttp.r014.relation.2715,relation,active,ttp.r014.yaintt,ttp.r014.yaintt,,und,2026-08-22T03:06:00+02:00,codex.r014.id-ID,,ttp.r014.unit.sec.rsa.exercise.01,exercises,ttp.concept.rsa_exponent,2715,"{""end_line"":4032,""path"":""authority/downloads/yaintt.tex"",""start_line"":4016}",high
r014.backend.record,1.0.0,ttp.r014.relation.2716,relation,active,ttp.r014.yaintt,ttp.r014.yaintt,,und,2026-08-22T03:06:00+02:00,codex.r014.id-ID,,ttp.r014.unit.sec.rsa.exercise.01,exercises,ttp.concept.rsa_public_key,2716,"{""end_line"":4032,""path"":""authority/downloads/yaintt.tex"",""start_line"":4016}",high
r014.backend.record,1.0.0,ttp.r014.relation.2717,relation,active,ttp.r014.yaintt,ttp.r014.yaintt,,und,2026-08-22T03:06:00+02:00,codex.r014.id-ID,,ttp.r014.unit.sec.rsa.exercise.01,exercises,ttp.concept.rsa_private_key,2717,"{""end_line"":4032,""path"":""authority/downloads/yaintt.tex"",""start_line"":4016}",high
r014.backend.record,1.0.0,ttp.r014.relation.2718,relation,active,ttp.r014.yaintt,ttp.r014.yaintt,,und,2026-08-22T03:06:00+02:00,codex.r014.id-ID,,ttp.r014.unit.sec.rsa.exercise.01,exercises,ttp.concept.feasible_computation,2718,"{""end_line"":4032,""path"":""authority/downloads/yaintt.tex"",""start_line"":4016}",high
r014.backend.record,1.0.0,ttp.r014.relation.2719,relation,active,ttp.r014.yaintt,ttp.r014.yaintt,,und,2026-08-22T03:06:00+02:00,codex.r014.id-ID,,ttp.r014.unit.sec.rsa.exercise.01,exercises,ttp.concept.prime_number_theorem,2719,"{""end_line"":4032,""path"":""authority/downloads/yaintt.tex"",""start_line"":4016}",high
r014.backend.record,1.0.0,ttp.r014.relation.2720,relation,active,ttp.r014.yaintt,ttp.r014.yaintt,,und,2026-08-22T03:06:00+02:00,codex.r014.id-ID,,ttp.r014.unit.sec.rsa.exercise.01,exercises,ttp.concept.prime_counting_function,2720,"{""end_line"":4032,""path"":""authority/downloads/yaintt.tex"",""start_line"":4016}",high
r014.backend.record,1.0.0,ttp.r014.relation.2721,relation,active,ttp.r014.yaintt,ttp.r014.yaintt,,und,2026-08-22T03:06:00+02:00,codex.r014.id-ID,,ttp.r014.unit.sec.rsa.exercise.01,exercises,ttp.concept.fast_modular_exponentiation,2721,"{""end_line"":4032,""path"":""authority/downloads/yaintt.tex"",""start_line"":4016}",high
r014.backend.record,1.0.0,ttp.r014.relation.2722,relation,active,ttp.r014.yaintt,ttp.r014.yaintt,,und,2026-08-22T03:06:00+02:00,codex.r014.id-ID,,ttp.r014.unit.sec.rsa.exercise.01,exercises,ttp.concept.input_length,2722,"{""end_line"":4032,""path"":""authority/downloads/yaintt.tex"",""start_line"":4016}",high
r014.backend.record,1.0.0,ttp.r014.relation.2723,relation,active,ttp.r014.yaintt,ttp.r014.yaintt,,und,2026-08-22T03:06:00+02:00,codex.r014.id-ID,,ttp.r014.unit.sec.rsa.exercise.01,exercises,ttp.concept.discrete_logarithm,2723,"{""end_line"":4032,""path"":""authority/downloads/yaintt.tex"",""start_line"":4016}",high
r014.backend.record,1.0.0,ttp.r014.relation.2724,relation,active,ttp.r014.yaintt,ttp.r014.yaintt,,und,2026-08-22T03:06:00+02:00,codex.r014.id-ID,,ttp.r014.unit.sec.rsa.exercise.01,exercises,ttp.concept.index_modulo,2724,"{""end_line"":4032,""path"":""authority/downloads/yaintt.tex"",""start_line"":4016}",high
r014.backend.record,1.0.0,ttp.r014.relation.2725,relation,active,ttp.r014.yaintt,ttp.r014.yaintt,,und,2026-08-22T03:06:00+02:00,codex.r014.id-ID,,ttp.r014.unit.sec.rsa.exercise.01,exercises,ttp.concept.unit_group_modulo,2725,"{""end_line"":4032,""path"":""authority/downloads/yaintt.tex"",""start_line"":4016}",high
r014.backend.record,1.0.0,ttp.r014.relation.2726,relation,active,ttp.r014.yaintt,ttp.r014.yaintt,,und,2026-08-22T03:06:00+02:00,codex.r014.id-ID,,ttp.r014.unit.sec.rsa.exercise.01,exercises,ttp.concept.ascii,2726,"{""end_line"":4032,""path"":""authority/downloads/yaintt.tex"",""start_line"":4016}",high
r014.backend.record,1.0.0,ttp.r014.relation.2727,relation,active,ttp.r014.yaintt,ttp.r014.yaintt,,und,2026-08-22T03:06:00+02:00,codex.r014.id-ID,,ttp.r014.unit.sec.rsa.exercise.01,exercises,ttp.concept.unicode,2727,"{""end_line"":4032,""path"":""authority/downloads/yaintt.tex"",""start_line"":4016}",high
r014.backend.record,1.0.0,ttp.r014.relation.2728,relation,active,ttp.r014.yaintt,ttp.r014.yaintt,,und,2026-08-22T03:06:00+02:00,codex.r014.id-ID,,ttp.r014.unit.sec.rsa.exercise.01,exercises,ttp.concept.utf8,2728,"{""end_line"":4032,""path"":""authority/downloads/yaintt.tex"",""start_line"":4016}",high
r014.backend.record,1.0.0,ttp.r014.relation.2729,relation,active,ttp.r014.yaintt,ttp.r014.yaintt,,und,2026-08-22T03:06:00+02:00,codex.r014.id-ID,,ttp.r014.unit.sec.rsa.exercise.01,exercises,ttp.concept.utf16,2729,"{""end_line"":4032,""path"":""authority/downloads/yaintt.tex"",""start_line"":4016}",high
r014.backend.record,1.0.0,ttp.r014.relation.2730,relation,active,ttp.r014.yaintt,ttp.r014.yaintt,,und,2026-08-22T03:06:00+02:00,codex.r014.id-ID,,ttp.r014.unit.sec.rsa.exercise.02,exercises,ttp.concept.symmetric_cipher,2730,"{""end_line"":4064,""path"":""authority/downloads/yaintt.tex"",""start_line"":4034}",high
r014.backend.record,1.0.0,ttp.r014.relation.2731,relation,active,ttp.r014.yaintt,ttp.r014.yaintt,,und,2026-08-22T03:06:00+02:00,codex.r014.id-ID,,ttp.r014.unit.sec.rsa.exercise.02,exercises,ttp.concept.private_key_cryptosystem,2731,"{""end_line"":4064,""path"":""authority/downloads/yaintt.tex"",""start_line"":4034}",high
r014.backend.record,1.0.0,ttp.r014.relation.2732,relation,active,ttp.r014.yaintt,ttp.r014.yaintt,,und,2026-08-22T03:06:00+02:00,codex.r014.id-ID,,ttp.r014.unit.sec.rsa.exercise.02,exercises,ttp.concept.asymmetric_cipher,2732,"{""end_line"":4064,""path"":""authority/downloads/yaintt.tex"",""start_line"":4034}",high
r014.backend.record,1.0.0,ttp.r014.relation.2733,relation,active,ttp.r014.yaintt,ttp.r014.yaintt,,und,2026-08-22T03:06:00+02:00,codex.r014.id-ID,,ttp.r014.unit.sec.rsa.exercise.02,exercises,ttp.concept.key_generation_algorithm,2733,"{""end_line"":4064,""path"":""authority/downloads/yaintt.tex"",""start_line"":4034}",high
r014.backend.record,1.0.0,ttp.r014.relation.2734,relation,active,ttp.r014.yaintt,ttp.r014.yaintt,,und,2026-08-22T03:06:00+02:00,codex.r014.id-ID,,ttp.r014.unit.sec.rsa.exercise.02,exercises,ttp.concept.encryption_keyspace,2734,"{""end_line"":4064,""path"":""authority/downloads/yaintt.tex"",""start_line"":4034}",high
r014.backend.record,1.0.0,ttp.r014.relation.2735,relation,active,ttp.r014.yaintt,ttp.r014.yaintt,,und,2026-08-22T03:06:00+02:00,codex.r014.id-ID,,ttp.r014.unit.sec.rsa.exercise.02,exercises,ttp.concept.decryption_keyspace,2735,"{""end_line"":4064,""path"":""authority/downloads/yaintt.tex"",""start_line"":4034}",high
r014.backend.record,1.0.0,ttp.r014.relation.2736,relation,active,ttp.r014.yaintt,ttp.r014.yaintt,,und,2026-08-22T03:06:00+02:00,codex.r014.id-ID,,ttp.r014.unit.sec.rsa.exercise.02,exercises,ttp.concept.public_key,2736,"{""end_line"":4064,""path"":""authority/downloads/yaintt.tex"",""start_line"":4034}",high
r014.backend.record,1.0.0,ttp.r014.relation.2737,relation,active,ttp.r014.yaintt,ttp.r014.yaintt,,und,2026-08-22T03:06:00+02:00,codex.r014.id-ID,,ttp.r014.unit.sec.rsa.exercise.02,exercises,ttp.concept.private_key,2737,"{""end_line"":4064,""path"":""authority/downloads/yaintt.tex"",""start_line"":4034}",high
r014.backend.record,1.0.0,ttp.r014.relation.2738,relation,active,ttp.r014.yaintt,ttp.r014.yaintt,,und,2026-08-22T03:06:00+02:00,codex.r014.id-ID,,ttp.r014.unit.sec.rsa.exercise.02,exercises,ttp.concept.public_key_cryptosystem,2738,"{""end_line"":4064,""path"":""authority/downloads/yaintt.tex"",""start_line"":4034}",high
r014.backend.record,1.0.0,ttp.r014.relation.2739,relation,active,ttp.r014.yaintt,ttp.r014.yaintt,,und,2026-08-22T03:06:00+02:00,codex.r014.id-ID,,ttp.r014.unit.sec.rsa.exercise.02,exercises,ttp.concept.cryptographic_salt,2739,"{""end_line"":4064,""path"":""authority/downloads/yaintt.tex"",""start_line"":4034}",high
r014.backend.record,1.0.0,ttp.r014.relation.2740,relation,active,ttp.r014.yaintt,ttp.r014.yaintt,,und,2026-08-22T03:06:00+02:00,codex.r014.id-ID,,ttp.r014.unit.sec.rsa.exercise.02,exercises,ttp.concept.traffic_analysis,2740,"{""end_line"":4064,""path"":""authority/downloads/yaintt.tex"",""start_line"":4034}",high
r014.backend.record,1.0.0,ttp.r014.relation.2741,relation,active,ttp.r014.yaintt,ttp.r014.yaintt,,und,2026-08-22T03:06:00+02:00,codex.r014.id-ID,,ttp.r014.unit.sec.rsa.exercise.02,exercises,ttp.concept.one_way_function,2741,"{""end_line"":4064,""path"":""authority/downloads/yaintt.tex"",""start_line"":4034}",high
r014.backend.record,1.0.0,ttp.r014.relation.2742,relation,active,ttp.r014.yaintt,ttp.r014.yaintt,,und,2026-08-22T03:06:00+02:00,codex.r014.id-ID,,ttp.r014.unit.sec.rsa.exercise.02,exercises,ttp.concept.quantum_computer,2742,"{""end_line"":4064,""path"":""authority/downloads/yaintt.tex"",""start_line"":4034}",high
r014.backend.record,1.0.0,ttp.r014.relation.2743,relation,active,ttp.r014.yaintt,ttp.r014.yaintt,,und,2026-08-22T03:06:00+02:00,codex.r014.id-ID,,ttp.r014.unit.sec.rsa.exercise.02,exercises,ttp.concept.rsa_modulus,2743,"{""end_line"":4064,""path"":""authority/downloads/yaintt.tex"",""start_line"":4034}",high
r014.backend.record,1.0.0,ttp.r014.relation.2744,relation,active,ttp.r014.yaintt,ttp.r014.yaintt,,und,2026-08-22T03:06:00+02:00,codex.r014.id-ID,,ttp.r014.unit.sec.rsa.exercise.02,exercises,ttp.concept.rsa_semiprime,2744,"{""end_line"":4064,""path"":""authority/downloads/yaintt.tex"",""start_line"":4034}",high
r014.backend.record,1.0.0,ttp.r014.relation.2745,relation,active,ttp.r014.yaintt,ttp.r014.yaintt,,und,2026-08-22T03:06:00+02:00,codex.r014.id-ID,,ttp.r014.unit.sec.rsa.exercise.02,exercises,ttp.concept.rsa_exponent,2745,"{""end_line"":4064,""path"":""authority/downloads/yaintt.tex"",""start_line"":4034}",high
r014.backend.record,1.0.0,ttp.r014.relation.2746,relation,active,ttp.r014.yaintt,ttp.r014.yaintt,,und,2026-08-22T03:06:00+02:00,codex.r014.id-ID,,ttp.r014.unit.sec.rsa.exercise.02,exercises,ttp.concept.rsa_public_key,2746,"{""end_line"":4064,""path"":""authority/downloads/yaintt.tex"",""start_line"":4034}",high
r014.backend.record,1.0.0,ttp.r014.relation.2747,relation,active,ttp.r014.yaintt,ttp.r014.yaintt,,und,2026-08-22T03:06:00+02:00,codex.r014.id-ID,,ttp.r014.unit.sec.rsa.exercise.02,exercises,ttp.concept.rsa_private_key,2747,"{""end_line"":4064,""path"":""authority/downloads/yaintt.tex"",""start_line"":4034}",high
r014.backend.record,1.0.0,ttp.r014.relation.2748,relation,active,ttp.r014.yaintt,ttp.r014.yaintt,,und,2026-08-22T03:06:00+02:00,codex.r014.id-ID,,ttp.r014.unit.sec.rsa.exercise.02,exercises,ttp.concept.feasible_computation,2748,"{""end_line"":4064,""path"":""authority/downloads/yaintt.tex"",""start_line"":4034}",high
r014.backend.record,1.0.0,ttp.r014.relation.2749,relation,active,ttp.r014.yaintt,ttp.r014.yaintt,,und,2026-08-22T03:06:00+02:00,codex.r014.id-ID,,ttp.r014.unit.sec.rsa.exercise.02,exercises,ttp.concept.prime_number_theorem,2749,"{""end_line"":4064,""path"":""authority/downloads/yaintt.tex"",""start_line"":4034}",high
r014.backend.record,1.0.0,ttp.r014.relation.2750,relation,active,ttp.r014.yaintt,ttp.r014.yaintt,,und,2026-08-22T03:06:00+02:00,codex.r014.id-ID,,ttp.r014.unit.sec.rsa.exercise.02,exercises,ttp.concept.prime_counting_function,2750,"{""end_line"":4064,""path"":""authority/downloads/yaintt.tex"",""start_line"":4034}",high
r014.backend.record,1.0.0,ttp.r014.relation.2751,relation,active,ttp.r014.yaintt,ttp.r014.yaintt,,und,2026-08-22T03:06:00+02:00,codex.r014.id-ID,,ttp.r014.unit.sec.rsa.exercise.02,exercises,ttp.concept.fast_modular_exponentiation,2751,"{""end_line"":4064,""path"":""authority/downloads/yaintt.tex"",""start_line"":4034}",high
r014.backend.record,1.0.0,ttp.r014.relation.2752,relation,active,ttp.r014.yaintt,ttp.r014.yaintt,,und,2026-08-22T03:06:00+02:00,codex.r014.id-ID,,ttp.r014.unit.sec.rsa.exercise.02,exercises,ttp.concept.input_length,2752,"{""end_line"":4064,""path"":""authority/downloads/yaintt.tex"",""start_line"":4034}",high
r014.backend.record,1.0.0,ttp.r014.relation.2753,relation,active,ttp.r014.yaintt,ttp.r014.yaintt,,und,2026-08-22T03:06:00+02:00,codex.r014.id-ID,,ttp.r014.unit.sec.rsa.exercise.02,exercises,ttp.concept.discrete_logarithm,2753,"{""end_line"":4064,""path"":""authority/downloads/yaintt.tex"",""start_line"":4034}",high
r014.backend.record,1.0.0,ttp.r014.relation.2754,relation,active,ttp.r014.yaintt,ttp.r014.yaintt,,und,2026-08-22T03:06:00+02:00,codex.r014.id-ID,,ttp.r014.unit.sec.rsa.exercise.02,exercises,ttp.concept.index_modulo,2754,"{""end_line"":4064,""path"":""authority/downloads/yaintt.tex"",""start_line"":4034}",high
r014.backend.record,1.0.0,ttp.r014.relation.2755,relation,active,ttp.r014.yaintt,ttp.r014.yaintt,,und,2026-08-22T03:06:00+02:00,codex.r014.id-ID,,ttp.r014.unit.sec.rsa.exercise.02,exercises,ttp.concept.unit_group_modulo,2755,"{""end_line"":4064,""path"":""authority/downloads/yaintt.tex"",""start_line"":4034}",high
r014.backend.record,1.0.0,ttp.r014.relation.2756,relation,active,ttp.r014.yaintt,ttp.r014.yaintt,,und,2026-08-22T03:06:00+02:00,codex.r014.id-ID,,ttp.r014.unit.sec.rsa.exercise.02,exercises,ttp.concept.ascii,2756,"{""end_line"":4064,""path"":""authority/downloads/yaintt.tex"",""start_line"":4034}",high
r014.backend.record,1.0.0,ttp.r014.relation.2757,relation,active,ttp.r014.yaintt,ttp.r014.yaintt,,und,2026-08-22T03:06:00+02:00,codex.r014.id-ID,,ttp.r014.unit.sec.rsa.exercise.02,exercises,ttp.concept.unicode,2757,"{""end_line"":4064,""path"":""authority/downloads/yaintt.tex"",""start_line"":4034}",high
r014.backend.record,1.0.0,ttp.r014.relation.2758,relation,active,ttp.r014.yaintt,ttp.r014.yaintt,,und,2026-08-22T03:06:00+02:00,codex.r014.id-ID,,ttp.r014.unit.sec.rsa.exercise.02,exercises,ttp.concept.utf8,2758,"{""end_line"":4064,""path"":""authority/downloads/yaintt.tex"",""start_line"":4034}",high
r014.backend.record,1.0.0,ttp.r014.relation.2759,relation,active,ttp.r014.yaintt,ttp.r014.yaintt,,und,2026-08-22T03:06:00+02:00,codex.r014.id-ID,,ttp.r014.unit.sec.rsa.exercise.02,exercises,ttp.concept.utf16,2759,"{""end_line"":4064,""path"":""authority/downloads/yaintt.tex"",""start_line"":4034}",high
r014.backend.record,1.0.0,ttp.r014.relation.2760,relation,active,ttp.r014.yaintt,ttp.r014.yaintt,,und,2026-08-22T03:06:00+02:00,codex.r014.id-ID,,ttp.r014.unit.sec.rsa.exercise.03,exercises,ttp.concept.symmetric_cipher,2760,"{""end_line"":4093,""path"":""authority/downloads/yaintt.tex"",""start_line"":4066}",high
r014.backend.record,1.0.0,ttp.r014.relation.2761,relation,active,ttp.r014.yaintt,ttp.r014.yaintt,,und,2026-08-22T03:06:00+02:00,codex.r014.id-ID,,ttp.r014.unit.sec.rsa.exercise.03,exercises,ttp.concept.private_key_cryptosystem,2761,"{""end_line"":4093,""path"":""authority/downloads/yaintt.tex"",""start_line"":4066}",high
r014.backend.record,1.0.0,ttp.r014.relation.2762,relation,active,ttp.r014.yaintt,ttp.r014.yaintt,,und,2026-08-22T03:06:00+02:00,codex.r014.id-ID,,ttp.r014.unit.sec.rsa.exercise.03,exercises,ttp.concept.asymmetric_cipher,2762,"{""end_line"":4093,""path"":""authority/downloads/yaintt.tex"",""start_line"":4066}",high
r014.backend.record,1.0.0,ttp.r014.relation.2763,relation,active,ttp.r014.yaintt,ttp.r014.yaintt,,und,2026-08-22T03:06:00+02:00,codex.r014.id-ID,,ttp.r014.unit.sec.rsa.exercise.03,exercises,ttp.concept.key_generation_algorithm,2763,"{""end_line"":4093,""path"":""authority/downloads/yaintt.tex"",""start_line"":4066}",high
r014.backend.record,1.0.0,ttp.r014.relation.2764,relation,active,ttp.r014.yaintt,ttp.r014.yaintt,,und,2026-08-22T03:06:00+02:00,codex.r014.id-ID,,ttp.r014.unit.sec.rsa.exercise.03,exercises,ttp.concept.encryption_keyspace,2764,"{""end_line"":4093,""path"":""authority/downloads/yaintt.tex"",""start_line"":4066}",high
r014.backend.record,1.0.0,ttp.r014.relation.2765,relation,active,ttp.r014.yaintt,ttp.r014.yaintt,,und,2026-08-22T03:06:00+02:00,codex.r014.id-ID,,ttp.r014.unit.sec.rsa.exercise.03,exercises,ttp.concept.decryption_keyspace,2765,"{""end_line"":4093,""path"":""authority/downloads/yaintt.tex"",""start_line"":4066}",high
r014.backend.record,1.0.0,ttp.r014.relation.2766,relation,active,ttp.r014.yaintt,ttp.r014.yaintt,,und,2026-08-22T03:06:00+02:00,codex.r014.id-ID,,ttp.r014.unit.sec.rsa.exercise.03,exercises,ttp.concept.public_key,2766,"{""end_line"":4093,""path"":""authority/downloads/yaintt.tex"",""start_line"":4066}",high
r014.backend.record,1.0.0,ttp.r014.relation.2767,relation,active,ttp.r014.yaintt,ttp.r014.yaintt,,und,2026-08-22T03:06:00+02:00,codex.r014.id-ID,,ttp.r014.unit.sec.rsa.exercise.03,exercises,ttp.concept.private_key,2767,"{""end_line"":4093,""path"":""authority/downloads/yaintt.tex"",""start_line"":4066}",high
r014.backend.record,1.0.0,ttp.r014.relation.2768,relation,active,ttp.r014.yaintt,ttp.r014.yaintt,,und,2026-08-22T03:06:00+02:00,codex.r014.id-ID,,ttp.r014.unit.sec.rsa.exercise.03,exercises,ttp.concept.public_key_cryptosystem,2768,"{""end_line"":4093,""path"":""authority/downloads/yaintt.tex"",""start_line"":4066}",high
r014.backend.record,1.0.0,ttp.r014.relation.2769,relation,active,ttp.r014.yaintt,ttp.r014.yaintt,,und,2026-08-22T03:06:00+02:00,codex.r014.id-ID,,ttp.r014.unit.sec.rsa.exercise.03,exercises,ttp.concept.cryptographic_salt,2769,"{""end_line"":4093,""path"":""authority/downloads/yaintt.tex"",""start_line"":4066}",high
r014.backend.record,1.0.0,ttp.r014.relation.2770,relation,active,ttp.r014.yaintt,ttp.r014.yaintt,,und,2026-08-22T03:06:00+02:00,codex.r014.id-ID,,ttp.r014.unit.sec.rsa.exercise.03,exercises,ttp.concept.traffic_analysis,2770,"{""end_line"":4093,""path"":""authority/downloads/yaintt.tex"",""start_line"":4066}",high
r014.backend.record,1.0.0,ttp.r014.relation.2771,relation,active,ttp.r014.yaintt,ttp.r014.yaintt,,und,2026-08-22T03:06:00+02:00,codex.r014.id-ID,,ttp.r014.unit.sec.rsa.exercise.03,exercises,ttp.concept.one_way_function,2771,"{""end_line"":4093,""path"":""authority/downloads/yaintt.tex"",""start_line"":4066}",high
r014.backend.record,1.0.0,ttp.r014.relation.2772,relation,active,ttp.r014.yaintt,ttp.r014.yaintt,,und,2026-08-22T03:06:00+02:00,codex.r014.id-ID,,ttp.r014.unit.sec.rsa.exercise.03,exercises,ttp.concept.quantum_computer,2772,"{""end_line"":4093,""path"":""authority/downloads/yaintt.tex"",""start_line"":4066}",high
r014.backend.record,1.0.0,ttp.r014.relation.2773,relation,active,ttp.r014.yaintt,ttp.r014.yaintt,,und,2026-08-22T03:06:00+02:00,codex.r014.id-ID,,ttp.r014.unit.sec.rsa.exercise.03,exercises,ttp.concept.rsa_modulus,2773,"{""end_line"":4093,""path"":""authority/downloads/yaintt.tex"",""start_line"":4066}",high
r014.backend.record,1.0.0,ttp.r014.relation.2774,relation,active,ttp.r014.yaintt,ttp.r014.yaintt,,und,2026-08-22T03:06:00+02:00,codex.r014.id-ID,,ttp.r014.unit.sec.rsa.exercise.03,exercises,ttp.concept.rsa_semiprime,2774,"{""end_line"":4093,""path"":""authority/downloads/yaintt.tex"",""start_line"":4066}",high
r014.backend.record,1.0.0,ttp.r014.relation.2775,relation,active,ttp.r014.yaintt,ttp.r014.yaintt,,und,2026-08-22T03:06:00+02:00,codex.r014.id-ID,,ttp.r014.unit.sec.rsa.exercise.03,exercises,ttp.concept.rsa_exponent,2775,"{""end_line"":4093,""path"":""authority/downloads/yaintt.tex"",""start_line"":4066}",high
r014.backend.record,1.0.0,ttp.r014.relation.2776,relation,active,ttp.r014.yaintt,ttp.r014.yaintt,,und,2026-08-22T03:06:00+02:00,codex.r014.id-ID,,ttp.r014.unit.sec.rsa.exercise.03,exercises,ttp.concept.rsa_public_key,2776,"{""end_line"":4093,""path"":""authority/downloads/yaintt.tex"",""start_line"":4066}",high
r014.backend.record,1.0.0,ttp.r014.relation.2777,relation,active,ttp.r014.yaintt,ttp.r014.yaintt,,und,2026-08-22T03:06:00+02:00,codex.r014.id-ID,,ttp.r014.unit.sec.rsa.exercise.03,exercises,ttp.concept.rsa_private_key,2777,"{""end_line"":4093,""path"":""authority/downloads/yaintt.tex"",""start_line"":4066}",high
r014.backend.record,1.0.0,ttp.r014.relation.2778,relation,active,ttp.r014.yaintt,ttp.r014.yaintt,,und,2026-08-22T03:06:00+02:00,codex.r014.id-ID,,ttp.r014.unit.sec.rsa.exercise.03,exercises,ttp.concept.feasible_computation,2778,"{""end_line"":4093,""path"":""authority/downloads/yaintt.tex"",""start_line"":4066}",high
r014.backend.record,1.0.0,ttp.r014.relation.2779,relation,active,ttp.r014.yaintt,ttp.r014.yaintt,,und,2026-08-22T03:06:00+02:00,codex.r014.id-ID,,ttp.r014.unit.sec.rsa.exercise.03,exercises,ttp.concept.prime_number_theorem,2779,"{""end_line"":4093,""path"":""authority/downloads/yaintt.tex"",""start_line"":4066}",high
r014.backend.record,1.0.0,ttp.r014.relation.2780,relation,active,ttp.r014.yaintt,ttp.r014.yaintt,,und,2026-08-22T03:06:00+02:00,codex.r014.id-ID,,ttp.r014.unit.sec.rsa.exercise.03,exercises,ttp.concept.prime_counting_function,2780,"{""end_line"":4093,""path"":""authority/downloads/yaintt.tex"",""start_line"":4066}",high
r014.backend.record,1.0.0,ttp.r014.relation.2781,relation,active,ttp.r014.yaintt,ttp.r014.yaintt,,und,2026-08-22T03:06:00+02:00,codex.r014.id-ID,,ttp.r014.unit.sec.rsa.exercise.03,exercises,ttp.concept.fast_modular_exponentiation,2781,"{""end_line"":4093,""path"":""authority/downloads/yaintt.tex"",""start_line"":4066}",high
r014.backend.record,1.0.0,ttp.r014.relation.2782,relation,active,ttp.r014.yaintt,ttp.r014.yaintt,,und,2026-08-22T03:06:00+02:00,codex.r014.id-ID,,ttp.r014.unit.sec.rsa.exercise.03,exercises,ttp.concept.input_length,2782,"{""end_line"":4093,""path"":""authority/downloads/yaintt.tex"",""start_line"":4066}",high
r014.backend.record,1.0.0,ttp.r014.relation.2783,relation,active,ttp.r014.yaintt,ttp.r014.yaintt,,und,2026-08-22T03:06:00+02:00,codex.r014.id-ID,,ttp.r014.unit.sec.rsa.exercise.03,exercises,ttp.concept.discrete_logarithm,2783,"{""end_line"":4093,""path"":""authority/downloads/yaintt.tex"",""start_line"":4066}",high
r014.backend.record,1.0.0,ttp.r014.relation.2784,relation,active,ttp.r014.yaintt,ttp.r014.yaintt,,und,2026-08-22T03:06:00+02:00,codex.r014.id-ID,,ttp.r014.unit.sec.rsa.exercise.03,exercises,ttp.concept.index_modulo,2784,"{""end_line"":4093,""path"":""authority/downloads/yaintt.tex"",""start_line"":4066}",high
r014.backend.record,1.0.0,ttp.r014.relation.2785,relation,active,ttp.r014.yaintt,ttp.r014.yaintt,,und,2026-08-22T03:06:00+02:00,codex.r014.id-ID,,ttp.r014.unit.sec.rsa.exercise.03,exercises,ttp.concept.unit_group_modulo,2785,"{""end_line"":4093,""path"":""authority/downloads/yaintt.tex"",""start_line"":4066}",high
r014.backend.record,1.0.0,ttp.r014.relation.2786,relation,active,ttp.r014.yaintt,ttp.r014.yaintt,,und,2026-08-22T03:06:00+02:00,codex.r014.id-ID,,ttp.r014.unit.sec.rsa.exercise.03,exercises,ttp.concept.ascii,2786,"{""end_line"":4093,""path"":""authority/downloads/yaintt.tex"",""start_line"":4066}",high
r014.backend.record,1.0.0,ttp.r014.relation.2787,relation,active,ttp.r014.yaintt,ttp.r014.yaintt,,und,2026-08-22T03:06:00+02:00,codex.r014.id-ID,,ttp.r014.unit.sec.rsa.exercise.03,exercises,ttp.concept.unicode,2787,"{""end_line"":4093,""path"":""authority/downloads/yaintt.tex"",""start_line"":4066}",high
r014.backend.record,1.0.0,ttp.r014.relation.2788,relation,active,ttp.r014.yaintt,ttp.r014.yaintt,,und,2026-08-22T03:06:00+02:00,codex.r014.id-ID,,ttp.r014.unit.sec.rsa.exercise.03,exercises,ttp.concept.utf8,2788,"{""end_line"":4093,""path"":""authority/downloads/yaintt.tex"",""start_line"":4066}",high
r014.backend.record,1.0.0,ttp.r014.relation.2789,relation,active,ttp.r014.yaintt,ttp.r014.yaintt,,und,2026-08-22T03:06:00+02:00,codex.r014.id-ID,,ttp.r014.unit.sec.rsa.exercise.03,exercises,ttp.concept.utf16,2789,"{""end_line"":4093,""path"":""authority/downloads/yaintt.tex"",""start_line"":4066}",high
r014.backend.record,1.0.0,ttp.r014.relation.2790,relation,active,ttp.r014.yaintt,ttp.r014.yaintt,,und,2026-08-22T03:06:00+02:00,codex.r014.id-ID,,ttp.r014.unit.sec.digital-signatures,covers,ttp.concept.digital_signature,2790,"{""path"":""qa/review-candidates/boundary28-r2/TERMINOLOGY.md"",""sha256"":""3e3fe31baa8565bbc54cd6d789570cac18ed469f68cf683f08dd639ef92d9bd1""}",high
r014.backend.record,1.0.0,ttp.r014.relation.2791,relation,active,ttp.r014.yaintt,ttp.r014.yaintt,,und,2026-08-22T03:06:00+02:00,codex.r014.id-ID,,ttp.r014.unit.sec.digital-signatures,covers,ttp.concept.signature_unforgeability,2791,"{""path"":""qa/review-candidates/boundary28-r2/TERMINOLOGY.md"",""sha256"":""3e3fe31baa8565bbc54cd6d789570cac18ed469f68cf683f08dd639ef92d9bd1""}",high
r014.backend.record,1.0.0,ttp.r014.relation.2792,relation,active,ttp.r014.yaintt,ttp.r014.yaintt,,und,2026-08-22T03:06:00+02:00,codex.r014.id-ID,,ttp.r014.unit.sec.digital-signatures,covers,ttp.concept.private_key_compromise,2792,"{""path"":""qa/review-candidates/boundary28-r2/TERMINOLOGY.md"",""sha256"":""3e3fe31baa8565bbc54cd6d789570cac18ed469f68cf683f08dd639ef92d9bd1""}",high
r014.backend.record,1.0.0,ttp.r014.relation.2793,relation,active,ttp.r014.yaintt,ttp.r014.yaintt,,und,2026-08-22T03:06:00+02:00,codex.r014.id-ID,,ttp.r014.unit.sec.digital-signatures,covers,ttp.concept.cryptographic_hash_function,2793,"{""path"":""qa/review-candidates/boundary28-r2/TERMINOLOGY.md"",""sha256"":""3e3fe31baa8565bbc54cd6d789570cac18ed469f68cf683f08dd639ef92d9bd1""}",high
r014.backend.record,1.0.0,ttp.r014.relation.2794,relation,active,ttp.r014.yaintt,ttp.r014.yaintt,,und,2026-08-22T03:06:00+02:00,codex.r014.id-ID,,ttp.r014.unit.sec.digital-signatures,covers,ttp.concept.hash_value,2794,"{""path"":""qa/review-candidates/boundary28-r2/TERMINOLOGY.md"",""sha256"":""3e3fe31baa8565bbc54cd6d789570cac18ed469f68cf683f08dd639ef92d9bd1""}",high
r014.backend.record,1.0.0,ttp.r014.relation.2795,relation,active,ttp.r014.yaintt,ttp.r014.yaintt,,und,2026-08-22T03:06:00+02:00,codex.r014.id-ID,,ttp.r014.unit.sec.digital-signatures,covers,ttp.concept.preimage_resistance,2795,"{""path"":""qa/review-candidates/boundary28-r2/TERMINOLOGY.md"",""sha256"":""3e3fe31baa8565bbc54cd6d789570cac18ed469f68cf683f08dd639ef92d9bd1""}",high
r014.backend.record,1.0.0,ttp.r014.relation.2796,relation,active,ttp.r014.yaintt,ttp.r014.yaintt,,und,2026-08-22T03:06:00+02:00,codex.r014.id-ID,,ttp.r014.unit.sec.digital-signatures,covers,ttp.concept.second_preimage_resistance,2796,"{""path"":""qa/review-candidates/boundary28-r2/TERMINOLOGY.md"",""sha256"":""3e3fe31baa8565bbc54cd6d789570cac18ed469f68cf683f08dd639ef92d9bd1""}",high
r014.backend.record,1.0.0,ttp.r014.relation.2797,relation,active,ttp.r014.yaintt,ttp.r014.yaintt,,und,2026-08-22T03:06:00+02:00,codex.r014.id-ID,,ttp.r014.unit.sec.digital-signatures,covers,ttp.concept.collision_resistance,2797,"{""path"":""qa/review-candidates/boundary28-r2/TERMINOLOGY.md"",""sha256"":""3e3fe31baa8565bbc54cd6d789570cac18ed469f68cf683f08dd639ef92d9bd1""}",high
r014.backend.record,1.0.0,ttp.r014.relation.2798,relation,active,ttp.r014.yaintt,ttp.r014.yaintt,,und,2026-08-22T03:06:00+02:00,codex.r014.id-ID,,ttp.r014.unit.sec.digital-signatures,covers,ttp.concept.collision,2798,"{""path"":""qa/review-candidates/boundary28-r2/TERMINOLOGY.md"",""sha256"":""3e3fe31baa8565bbc54cd6d789570cac18ed469f68cf683f08dd639ef92d9bd1""}",high
r014.backend.record,1.0.0,ttp.r014.relation.2799,relation,active,ttp.r014.yaintt,ttp.r014.yaintt,,und,2026-08-22T03:06:00+02:00,codex.r014.id-ID,,ttp.r014.unit.sec.digital-signatures,covers,ttp.concept.fingerprint,2799,"{""path"":""qa/review-candidates/boundary28-r2/TERMINOLOGY.md"",""sha256"":""3e3fe31baa8565bbc54cd6d789570cac18ed469f68cf683f08dd639ef92d9bd1""}",high
r014.backend.record,1.0.0,ttp.r014.relation.2800,relation,active,ttp.r014.yaintt,ttp.r014.yaintt,,und,2026-08-22T03:06:00+02:00,codex.r014.id-ID,,ttp.r014.unit.sec.digital-signatures,covers,ttp.concept.signing_key,2800,"{""path"":""qa/review-candidates/boundary28-r2/TERMINOLOGY.md"",""sha256"":""3e3fe31baa8565bbc54cd6d789570cac18ed469f68cf683f08dd639ef92d9bd1""}",high
r014.backend.record,1.0.0,ttp.r014.relation.2801,relation,active,ttp.r014.yaintt,ttp.r014.yaintt,,und,2026-08-22T03:06:00+02:00,codex.r014.id-ID,,ttp.r014.unit.sec.digital-signatures,covers,ttp.concept.verification_key,2801,"{""path"":""qa/review-candidates/boundary28-r2/TERMINOLOGY.md"",""sha256"":""3e3fe31baa8565bbc54cd6d789570cac18ed469f68cf683f08dd639ef92d9bd1""}",high
r014.backend.record,1.0.0,ttp.r014.relation.2802,relation,active,ttp.r014.yaintt,ttp.r014.yaintt,,und,2026-08-22T03:06:00+02:00,codex.r014.id-ID,,ttp.r014.unit.sec.digital-signatures,covers,ttp.concept.signature_encoding,2802,"{""path"":""qa/review-candidates/boundary28-r2/TERMINOLOGY.md"",""sha256"":""3e3fe31baa8565bbc54cd6d789570cac18ed469f68cf683f08dd639ef92d9bd1""}",high
r014.backend.record,1.0.0,ttp.r014.relation.2803,relation,active,ttp.r014.yaintt,ttp.r014.yaintt,,und,2026-08-22T03:06:00+02:00,codex.r014.id-ID,,ttp.r014.unit.sec.digital-signatures,covers,ttp.concept.message_representative,2803,"{""path"":""qa/review-candidates/boundary28-r2/TERMINOLOGY.md"",""sha256"":""3e3fe31baa8565bbc54cd6d789570cac18ed469f68cf683f08dd639ef92d9bd1""}",high
r014.backend.record,1.0.0,ttp.r014.relation.2804,relation,active,ttp.r014.yaintt,ttp.r014.yaintt,,und,2026-08-22T03:06:00+02:00,codex.r014.id-ID,,ttp.r014.unit.sec.digital-signatures,covers,ttp.concept.challenge_distribution,2804,"{""path"":""qa/review-candidates/boundary28-r2/TERMINOLOGY.md"",""sha256"":""3e3fe31baa8565bbc54cd6d789570cac18ed469f68cf683f08dd639ef92d9bd1""}",high
r014.backend.record,1.0.0,ttp.r014.relation.2805,relation,active,ttp.r014.yaintt,ttp.r014.yaintt,,und,2026-08-22T03:06:00+02:00,codex.r014.id-ID,,ttp.r014.unit.sec.digital-signatures,covers,ttp.concept.replay_attack,2805,"{""path"":""qa/review-candidates/boundary28-r2/TERMINOLOGY.md"",""sha256"":""3e3fe31baa8565bbc54cd6d789570cac18ed469f68cf683f08dd639ef92d9bd1""}",high
r014.backend.record,1.0.0,ttp.r014.relation.2806,relation,active,ttp.r014.yaintt,ttp.r014.yaintt,,und,2026-08-22T03:06:00+02:00,codex.r014.id-ID,,ttp.r014.unit.sec.digital-signatures.exercise.01,exercises,ttp.concept.digital_signature,2806,"{""end_line"":4310,""path"":""authority/downloads/yaintt.tex"",""start_line"":4305}",high
r014.backend.record,1.0.0,ttp.r014.relation.2807,relation,active,ttp.r014.yaintt,ttp.r014.yaintt,,und,2026-08-22T03:06:00+02:00,codex.r014.id-ID,,ttp.r014.unit.sec.digital-signatures.exercise.01,exercises,ttp.concept.signature_unforgeability,2807,"{""end_line"":4310,""path"":""authority/downloads/yaintt.tex"",""start_line"":4305}",high
r014.backend.record,1.0.0,ttp.r014.relation.2808,relation,active,ttp.r014.yaintt,ttp.r014.yaintt,,und,2026-08-22T03:06:00+02:00,codex.r014.id-ID,,ttp.r014.unit.sec.digital-signatures.exercise.01,exercises,ttp.concept.private_key_compromise,2808,"{""end_line"":4310,""path"":""authority/downloads/yaintt.tex"",""start_line"":4305}",high
r014.backend.record,1.0.0,ttp.r014.relation.2809,relation,active,ttp.r014.yaintt,ttp.r014.yaintt,,und,2026-08-22T03:06:00+02:00,codex.r014.id-ID,,ttp.r014.unit.sec.digital-signatures.exercise.01,exercises,ttp.concept.cryptographic_hash_function,2809,"{""end_line"":4310,""path"":""authority/downloads/yaintt.tex"",""start_line"":4305}",high
r014.backend.record,1.0.0,ttp.r014.relation.2810,relation,active,ttp.r014.yaintt,ttp.r014.yaintt,,und,2026-08-22T03:06:00+02:00,codex.r014.id-ID,,ttp.r014.unit.sec.digital-signatures.exercise.01,exercises,ttp.concept.hash_value,2810,"{""end_line"":4310,""path"":""authority/downloads/yaintt.tex"",""start_line"":4305}",high
r014.backend.record,1.0.0,ttp.r014.relation.2811,relation,active,ttp.r014.yaintt,ttp.r014.yaintt,,und,2026-08-22T03:06:00+02:00,codex.r014.id-ID,,ttp.r014.unit.sec.digital-signatures.exercise.01,exercises,ttp.concept.preimage_resistance,2811,"{""end_line"":4310,""path"":""authority/downloads/yaintt.tex"",""start_line"":4305}",high
r014.backend.record,1.0.0,ttp.r014.relation.2812,relation,active,ttp.r014.yaintt,ttp.r014.yaintt,,und,2026-08-22T03:06:00+02:00,codex.r014.id-ID,,ttp.r014.unit.sec.digital-signatures.exercise.01,exercises,ttp.concept.second_preimage_resistance,2812,"{""end_line"":4310,""path"":""authority/downloads/yaintt.tex"",""start_line"":4305}",high
r014.backend.record,1.0.0,ttp.r014.relation.2813,relation,active,ttp.r014.yaintt,ttp.r014.yaintt,,und,2026-08-22T03:06:00+02:00,codex.r014.id-ID,,ttp.r014.unit.sec.digital-signatures.exercise.01,exercises,ttp.concept.collision_resistance,2813,"{""end_line"":4310,""path"":""authority/downloads/yaintt.tex"",""start_line"":4305}",high
r014.backend.record,1.0.0,ttp.r014.relation.2814,relation,active,ttp.r014.yaintt,ttp.r014.yaintt,,und,2026-08-22T03:06:00+02:00,codex.r014.id-ID,,ttp.r014.unit.sec.digital-signatures.exercise.01,exercises,ttp.concept.collision,2814,"{""end_line"":4310,""path"":""authority/downloads/yaintt.tex"",""start_line"":4305}",high
r014.backend.record,1.0.0,ttp.r014.relation.2815,relation,active,ttp.r014.yaintt,ttp.r014.yaintt,,und,2026-08-22T03:06:00+02:00,codex.r014.id-ID,,ttp.r014.unit.sec.digital-signatures.exercise.01,exercises,ttp.concept.fingerprint,2815,"{""end_line"":4310,""path"":""authority/downloads/yaintt.tex"",""start_line"":4305}",high
r014.backend.record,1.0.0,ttp.r014.relation.2816,relation,active,ttp.r014.yaintt,ttp.r014.yaintt,,und,2026-08-22T03:06:00+02:00,codex.r014.id-ID,,ttp.r014.unit.sec.digital-signatures.exercise.01,exercises,ttp.concept.signing_key,2816,"{""end_line"":4310,""path"":""authority/downloads/yaintt.tex"",""start_line"":4305}",high
r014.backend.record,1.0.0,ttp.r014.relation.2817,relation,active,ttp.r014.yaintt,ttp.r014.yaintt,,und,2026-08-22T03:06:00+02:00,codex.r014.id-ID,,ttp.r014.unit.sec.digital-signatures.exercise.01,exercises,ttp.concept.verification_key,2817,"{""end_line"":4310,""path"":""authority/downloads/yaintt.tex"",""start_line"":4305}",high
r014.backend.record,1.0.0,ttp.r014.relation.2818,relation,active,ttp.r014.yaintt,ttp.r014.yaintt,,und,2026-08-22T03:06:00+02:00,codex.r014.id-ID,,ttp.r014.unit.sec.digital-signatures.exercise.01,exercises,ttp.concept.signature_encoding,2818,"{""end_line"":4310,""path"":""authority/downloads/yaintt.tex"",""start_line"":4305}",high
r014.backend.record,1.0.0,ttp.r014.relation.2819,relation,active,ttp.r014.yaintt,ttp.r014.yaintt,,und,2026-08-22T03:06:00+02:00,codex.r014.id-ID,,ttp.r014.unit.sec.digital-signatures.exercise.01,exercises,ttp.concept.message_representative,2819,"{""end_line"":4310,""path"":""authority/downloads/yaintt.tex"",""start_line"":4305}",high
r014.backend.record,1.0.0,ttp.r014.relation.2820,relation,active,ttp.r014.yaintt,ttp.r014.yaintt,,und,2026-08-22T03:06:00+02:00,codex.r014.id-ID,,ttp.r014.unit.sec.digital-signatures.exercise.01,exercises,ttp.concept.challenge_distribution,2820,"{""end_line"":4310,""path"":""authority/downloads/yaintt.tex"",""start_line"":4305}",high
r014.backend.record,1.0.0,ttp.r014.relation.2821,relation,active,ttp.r014.yaintt,ttp.r014.yaintt,,und,2026-08-22T03:06:00+02:00,codex.r014.id-ID,,ttp.r014.unit.sec.digital-signatures.exercise.01,exercises,ttp.concept.replay_attack,2821,"{""end_line"":4310,""path"":""authority/downloads/yaintt.tex"",""start_line"":4305}",high
r014.backend.record,1.0.0,ttp.r014.relation.2822,relation,active,ttp.r014.yaintt,ttp.r014.yaintt,,und,2026-08-22T03:06:00+02:00,codex.r014.id-ID,,ttp.r014.unit.sec.digital-signatures.exercise.02,exercises,ttp.concept.digital_signature,2822,"{""end_line"":4316,""path"":""authority/downloads/yaintt.tex"",""start_line"":4312}",high
r014.backend.record,1.0.0,ttp.r014.relation.2823,relation,active,ttp.r014.yaintt,ttp.r014.yaintt,,und,2026-08-22T03:06:00+02:00,codex.r014.id-ID,,ttp.r014.unit.sec.digital-signatures.exercise.02,exercises,ttp.concept.signature_unforgeability,2823,"{""end_line"":4316,""path"":""authority/downloads/yaintt.tex"",""start_line"":4312}",high
r014.backend.record,1.0.0,ttp.r014.relation.2824,relation,active,ttp.r014.yaintt,ttp.r014.yaintt,,und,2026-08-22T03:06:00+02:00,codex.r014.id-ID,,ttp.r014.unit.sec.digital-signatures.exercise.02,exercises,ttp.concept.private_key_compromise,2824,"{""end_line"":4316,""path"":""authority/downloads/yaintt.tex"",""start_line"":4312}",high
r014.backend.record,1.0.0,ttp.r014.relation.2825,relation,active,ttp.r014.yaintt,ttp.r014.yaintt,,und,2026-08-22T03:06:00+02:00,codex.r014.id-ID,,ttp.r014.unit.sec.digital-signatures.exercise.02,exercises,ttp.concept.cryptographic_hash_function,2825,"{""end_line"":4316,""path"":""authority/downloads/yaintt.tex"",""start_line"":4312}",high
r014.backend.record,1.0.0,ttp.r014.relation.2826,relation,active,ttp.r014.yaintt,ttp.r014.yaintt,,und,2026-08-22T03:06:00+02:00,codex.r014.id-ID,,ttp.r014.unit.sec.digital-signatures.exercise.02,exercises,ttp.concept.hash_value,2826,"{""end_line"":4316,""path"":""authority/downloads/yaintt.tex"",""start_line"":4312}",high
r014.backend.record,1.0.0,ttp.r014.relation.2827,relation,active,ttp.r014.yaintt,ttp.r014.yaintt,,und,2026-08-22T03:06:00+02:00,codex.r014.id-ID,,ttp.r014.unit.sec.digital-signatures.exercise.02,exercises,ttp.concept.preimage_resistance,2827,"{""end_line"":4316,""path"":""authority/downloads/yaintt.tex"",""start_line"":4312}",high
r014.backend.record,1.0.0,ttp.r014.relation.2828,relation,active,ttp.r014.yaintt,ttp.r014.yaintt,,und,2026-08-22T03:06:00+02:00,codex.r014.id-ID,,ttp.r014.unit.sec.digital-signatures.exercise.02,exercises,ttp.concept.second_preimage_resistance,2828,"{""end_line"":4316,""path"":""authority/downloads/yaintt.tex"",""start_line"":4312}",high
r014.backend.record,1.0.0,ttp.r014.relation.2829,relation,active,ttp.r014.yaintt,ttp.r014.yaintt,,und,2026-08-22T03:06:00+02:00,codex.r014.id-ID,,ttp.r014.unit.sec.digital-signatures.exercise.02,exercises,ttp.concept.collision_resistance,2829,"{""end_line"":4316,""path"":""authority/downloads/yaintt.tex"",""start_line"":4312}",high
r014.backend.record,1.0.0,ttp.r014.relation.2830,relation,active,ttp.r014.yaintt,ttp.r014.yaintt,,und,2026-08-22T03:06:00+02:00,codex.r014.id-ID,,ttp.r014.unit.sec.digital-signatures.exercise.02,exercises,ttp.concept.collision,2830,"{""end_line"":4316,""path"":""authority/downloads/yaintt.tex"",""start_line"":4312}",high
r014.backend.record,1.0.0,ttp.r014.relation.2831,relation,active,ttp.r014.yaintt,ttp.r014.yaintt,,und,2026-08-22T03:06:00+02:00,codex.r014.id-ID,,ttp.r014.unit.sec.digital-signatures.exercise.02,exercises,ttp.concept.fingerprint,2831,"{""end_line"":4316,""path"":""authority/downloads/yaintt.tex"",""start_line"":4312}",high
r014.backend.record,1.0.0,ttp.r014.relation.2832,relation,active,ttp.r014.yaintt,ttp.r014.yaintt,,und,2026-08-22T03:06:00+02:00,codex.r014.id-ID,,ttp.r014.unit.sec.digital-signatures.exercise.02,exercises,ttp.concept.signing_key,2832,"{""end_line"":4316,""path"":""authority/downloads/yaintt.tex"",""start_line"":4312}",high
r014.backend.record,1.0.0,ttp.r014.relation.2833,relation,active,ttp.r014.yaintt,ttp.r014.yaintt,,und,2026-08-22T03:06:00+02:00,codex.r014.id-ID,,ttp.r014.unit.sec.digital-signatures.exercise.02,exercises,ttp.concept.verification_key,2833,"{""end_line"":4316,""path"":""authority/downloads/yaintt.tex"",""start_line"":4312}",high
r014.backend.record,1.0.0,ttp.r014.relation.2834,relation,active,ttp.r014.yaintt,ttp.r014.yaintt,,und,2026-08-22T03:06:00+02:00,codex.r014.id-ID,,ttp.r014.unit.sec.digital-signatures.exercise.02,exercises,ttp.concept.signature_encoding,2834,"{""end_line"":4316,""path"":""authority/downloads/yaintt.tex"",""start_line"":4312}",high
r014.backend.record,1.0.0,ttp.r014.relation.2835,relation,active,ttp.r014.yaintt,ttp.r014.yaintt,,und,2026-08-22T03:06:00+02:00,codex.r014.id-ID,,ttp.r014.unit.sec.digital-signatures.exercise.02,exercises,ttp.concept.message_representative,2835,"{""end_line"":4316,""path"":""authority/downloads/yaintt.tex"",""start_line"":4312}",high
r014.backend.record,1.0.0,ttp.r014.relation.2836,relation,active,ttp.r014.yaintt,ttp.r014.yaintt,,und,2026-08-22T03:06:00+02:00,codex.r014.id-ID,,ttp.r014.unit.sec.digital-signatures.exercise.02,exercises,ttp.concept.challenge_distribution,2836,"{""end_line"":4316,""path"":""authority/downloads/yaintt.tex"",""start_line"":4312}",high
r014.backend.record,1.0.0,ttp.r014.relation.2837,relation,active,ttp.r014.yaintt,ttp.r014.yaintt,,und,2026-08-22T03:06:00+02:00,codex.r014.id-ID,,ttp.r014.unit.sec.digital-signatures.exercise.02,exercises,ttp.concept.replay_attack,2837,"{""end_line"":4316,""path"":""authority/downloads/yaintt.tex"",""start_line"":4312}",high
r014.backend.record,1.0.0,ttp.r014.relation.2838,relation,active,ttp.r014.yaintt,ttp.r014.yaintt,,und,2026-08-22T03:06:00+02:00,codex.r014.id-ID,,ttp.r014.unit.sec.mitm-certificates-trust,covers,ttp.concept.man_in_the_middle_attack,2838,"{""path"":""qa/review-candidates/boundary28-r2/TERMINOLOGY.md"",""sha256"":""3e3fe31baa8565bbc54cd6d789570cac18ed469f68cf683f08dd639ef92d9bd1""}",high
r014.backend.record,1.0.0,ttp.r014.relation.2839,relation,active,ttp.r014.yaintt,ttp.r014.yaintt,,und,2026-08-22T03:06:00+02:00,codex.r014.id-ID,,ttp.r014.unit.sec.mitm-certificates-trust,covers,ttp.concept.identity_key_binding,2839,"{""path"":""qa/review-candidates/boundary28-r2/TERMINOLOGY.md"",""sha256"":""3e3fe31baa8565bbc54cd6d789570cac18ed469f68cf683f08dd639ef92d9bd1""}",high
r014.backend.record,1.0.0,ttp.r014.relation.2840,relation,active,ttp.r014.yaintt,ttp.r014.yaintt,,und,2026-08-22T03:06:00+02:00,codex.r014.id-ID,,ttp.r014.unit.sec.mitm-certificates-trust,covers,ttp.concept.trusted_third_party,2840,"{""path"":""qa/review-candidates/boundary28-r2/TERMINOLOGY.md"",""sha256"":""3e3fe31baa8565bbc54cd6d789570cac18ed469f68cf683f08dd639ef92d9bd1""}",high
r014.backend.record,1.0.0,ttp.r014.relation.2841,relation,active,ttp.r014.yaintt,ttp.r014.yaintt,,und,2026-08-22T03:06:00+02:00,codex.r014.id-ID,,ttp.r014.unit.sec.mitm-certificates-trust,covers,ttp.concept.certificate_authority,2841,"{""path"":""qa/review-candidates/boundary28-r2/TERMINOLOGY.md"",""sha256"":""3e3fe31baa8565bbc54cd6d789570cac18ed469f68cf683f08dd639ef92d9bd1""}",high
r014.backend.record,1.0.0,ttp.r014.relation.2842,relation,active,ttp.r014.yaintt,ttp.r014.yaintt,,und,2026-08-22T03:06:00+02:00,codex.r014.id-ID,,ttp.r014.unit.sec.mitm-certificates-trust,covers,ttp.concept.digital_certificate,2842,"{""path"":""qa/review-candidates/boundary28-r2/TERMINOLOGY.md"",""sha256"":""3e3fe31baa8565bbc54cd6d789570cac18ed469f68cf683f08dd639ef92d9bd1""}",high
r014.backend.record,1.0.0,ttp.r014.relation.2843,relation,active,ttp.r014.yaintt,ttp.r014.yaintt,,und,2026-08-22T03:06:00+02:00,codex.r014.id-ID,,ttp.r014.unit.sec.mitm-certificates-trust,covers,ttp.concept.trust_anchor,2843,"{""path"":""qa/review-candidates/boundary28-r2/TERMINOLOGY.md"",""sha256"":""3e3fe31baa8565bbc54cd6d789570cac18ed469f68cf683f08dd639ef92d9bd1""}",high
r014.backend.record,1.0.0,ttp.r014.relation.2844,relation,active,ttp.r014.yaintt,ttp.r014.yaintt,,und,2026-08-22T03:06:00+02:00,codex.r014.id-ID,,ttp.r014.unit.sec.mitm-certificates-trust,covers,ttp.concept.certification_path,2844,"{""path"":""qa/review-candidates/boundary28-r2/TERMINOLOGY.md"",""sha256"":""3e3fe31baa8565bbc54cd6d789570cac18ed469f68cf683f08dd639ef92d9bd1""}",high
r014.backend.record,1.0.0,ttp.r014.relation.2845,relation,active,ttp.r014.yaintt,ttp.r014.yaintt,,und,2026-08-22T03:06:00+02:00,codex.r014.id-ID,,ttp.r014.unit.sec.mitm-certificates-trust,covers,ttp.concept.public_key_infrastructure,2845,"{""path"":""qa/review-candidates/boundary28-r2/TERMINOLOGY.md"",""sha256"":""3e3fe31baa8565bbc54cd6d789570cac18ed469f68cf683f08dd639ef92d9bd1""}",high
r014.backend.record,1.0.0,ttp.r014.relation.2846,relation,active,ttp.r014.yaintt,ttp.r014.yaintt,,und,2026-08-22T03:06:00+02:00,codex.r014.id-ID,,ttp.r014.unit.sec.mitm-certificates-trust,covers,ttp.concept.web_of_trust,2846,"{""path"":""qa/review-candidates/boundary28-r2/TERMINOLOGY.md"",""sha256"":""3e3fe31baa8565bbc54cd6d789570cac18ed469f68cf683f08dd639ef92d9bd1""}",high
r014.backend.record,1.0.0,ttp.r014.relation.2847,relation,active,ttp.r014.yaintt,ttp.r014.yaintt,,und,2026-08-22T03:06:00+02:00,codex.r014.id-ID,,ttp.r014.unit.sec.mitm-certificates-trust,covers,ttp.concept.ownertrust,2847,"{""path"":""qa/review-candidates/boundary28-r2/TERMINOLOGY.md"",""sha256"":""3e3fe31baa8565bbc54cd6d789570cac18ed469f68cf683f08dd639ef92d9bd1""}",high
r014.backend.record,1.0.0,ttp.r014.relation.2848,relation,active,ttp.r014.yaintt,ttp.r014.yaintt,,und,2026-08-22T03:06:00+02:00,codex.r014.id-ID,,ttp.r014.unit.sec.mitm-certificates-trust,covers,ttp.concept.key_signing_party,2848,"{""path"":""qa/review-candidates/boundary28-r2/TERMINOLOGY.md"",""sha256"":""3e3fe31baa8565bbc54cd6d789570cac18ed469f68cf683f08dd639ef92d9bd1""}",high
r014.backend.record,1.0.0,ttp.r014.relation.2849,relation,active,ttp.r014.yaintt,ttp.r014.yaintt,,und,2026-08-22T03:06:00+02:00,codex.r014.id-ID,,ttp.r014.unit.sec.mitm-certificates-trust,covers,ttp.concept.key_fingerprint,2849,"{""path"":""qa/review-candidates/boundary28-r2/TERMINOLOGY.md"",""sha256"":""3e3fe31baa8565bbc54cd6d789570cac18ed469f68cf683f08dd639ef92d9bd1""}",high
r014.backend.record,1.0.0,ttp.r014.relation.2850,relation,active,ttp.r014.yaintt,ttp.r014.yaintt,,und,2026-08-22T03:06:00+02:00,codex.r014.id-ID,,ttp.r014.unit.sec.multiplicative-order-properties,covers,ttp.concept.exponents_modulo_order,2850,"{""path"":""qa/review-candidates/boundary28-r2/TERMINOLOGY.md"",""sha256"":""3e3fe31baa8565bbc54cd6d789570cac18ed469f68cf683f08dd639ef92d9bd1""}",high
r014.backend.record,1.0.0,ttp.r014.relation.2851,relation,active,ttp.r014.yaintt,ttp.r014.yaintt,,und,2026-08-22T03:06:00+02:00,codex.r014.id-ID,,ttp.r014.unit.sec.multiplicative-order-properties,covers,ttp.concept.order_of_power,2851,"{""path"":""qa/review-candidates/boundary28-r2/TERMINOLOGY.md"",""sha256"":""3e3fe31baa8565bbc54cd6d789570cac18ed469f68cf683f08dd639ef92d9bd1""}",high
r014.backend.record,1.0.0,ttp.r014.relation.2852,relation,active,ttp.r014.yaintt,ttp.r014.yaintt,,und,2026-08-22T03:06:00+02:00,codex.r014.id-ID,,ttp.r014.unit.sec.multiplicative-order-properties.exercise.01,exercises,ttp.concept.exponents_modulo_order,2852,"{""end_line"":4750,""path"":""authority/downloads/yaintt.tex"",""start_line"":4747}",high
r014.backend.record,1.0.0,ttp.r014.relation.2853,relation,active,ttp.r014.yaintt,ttp.r014.yaintt,,und,2026-08-22T03:06:00+02:00,codex.r014.id-ID,,ttp.r014.unit.sec.multiplicative-order-properties.exercise.01,exercises,ttp.concept.order_of_power,2853,"{""end_line"":4750,""path"":""authority/downloads/yaintt.tex"",""start_line"":4747}",high
r014.backend.record,1.0.0,ttp.r014.relation.2854,relation,active,ttp.r014.yaintt,ttp.r014.yaintt,,und,2026-08-22T03:06:00+02:00,codex.r014.id-ID,,ttp.r014.unit.sec.multiplicative-order-properties.exercise.02,exercises,ttp.concept.exponents_modulo_order,2854,"{""end_line"":4756,""path"":""authority/downloads/yaintt.tex"",""start_line"":4752}",high
r014.backend.record,1.0.0,ttp.r014.relation.2855,relation,active,ttp.r014.yaintt,ttp.r014.yaintt,,und,2026-08-22T03:06:00+02:00,codex.r014.id-ID,,ttp.r014.unit.sec.multiplicative-order-properties.exercise.02,exercises,ttp.concept.order_of_power,2855,"{""end_line"":4756,""path"":""authority/downloads/yaintt.tex"",""start_line"":4752}",high
r014.backend.record,1.0.0,ttp.r014.relation.2856,relation,active,ttp.r014.yaintt,ttp.r014.yaintt,,und,2026-08-22T03:06:00+02:00,codex.r014.id-ID,,ttp.r014.unit.sec.multiplicative-order-properties.exercise.03,exercises,ttp.concept.exponents_modulo_order,2856,"{""end_line"":4764,""path"":""authority/downloads/yaintt.tex"",""start_line"":4758}",high
r014.backend.record,1.0.0,ttp.r014.relation.2857,relation,active,ttp.r014.yaintt,ttp.r014.yaintt,,und,2026-08-22T03:06:00+02:00,codex.r014.id-ID,,ttp.r014.unit.sec.multiplicative-order-properties.exercise.03,exercises,ttp.concept.order_of_power,2857,"{""end_line"":4764,""path"":""authority/downloads/yaintt.tex"",""start_line"":4758}",high
r014.backend.record,1.0.0,ttp.r014.relation.2858,relation,active,ttp.r014.yaintt,ttp.r014.yaintt,,und,2026-08-22T03:06:00+02:00,codex.r014.id-ID,,ttp.r014.unit.sec.multiplicative-order-properties.exercise.04,exercises,ttp.concept.exponents_modulo_order,2858,"{""end_line"":4779,""path"":""authority/downloads/yaintt.tex"",""start_line"":4766}",high
r014.backend.record,1.0.0,ttp.r014.relation.2859,relation,active,ttp.r014.yaintt,ttp.r014.yaintt,,und,2026-08-22T03:06:00+02:00,codex.r014.id-ID,,ttp.r014.unit.sec.multiplicative-order-properties.exercise.04,exercises,ttp.concept.order_of_power,2859,"{""end_line"":4779,""path"":""authority/downloads/yaintt.tex"",""start_line"":4766}",high
r014.backend.record,1.0.0,ttp.r014.relation.2860,relation,active,ttp.r014.yaintt,ttp.r014.yaintt,,und,2026-08-22T03:06:00+02:00,codex.r014.id-ID,,ttp.r014.unit.sec.gauss-totient-sum,covers,ttp.concept.gauss_totient_sum,2860,"{""path"":""qa/review-candidates/boundary28-r2/TERMINOLOGY.md"",""sha256"":""3e3fe31baa8565bbc54cd6d789570cac18ed469f68cf683f08dd639ef92d9bd1""}",high
r014.backend.record,1.0.0,ttp.r014.relation.2861,relation,active,ttp.r014.yaintt,ttp.r014.yaintt,,und,2026-08-22T03:06:00+02:00,codex.r014.id-ID,,ttp.r014.unit.sec.gauss-totient-sum,covers,ttp.concept.divisor_sum_function,2861,"{""path"":""qa/review-candidates/boundary28-r2/TERMINOLOGY.md"",""sha256"":""3e3fe31baa8565bbc54cd6d789570cac18ed469f68cf683f08dd639ef92d9bd1""}",high
r014.backend.record,1.0.0,ttp.r014.relation.2862,relation,active,ttp.r014.yaintt,ttp.r014.yaintt,,und,2026-08-22T03:06:00+02:00,codex.r014.id-ID,,ttp.r014.unit.sec.gauss-totient-sum.exercise.01,exercises,ttp.concept.gauss_totient_sum,2862,"{""end_line"":4895,""path"":""authority/downloads/yaintt.tex"",""start_line"":4892}",high
r014.backend.record,1.0.0,ttp.r014.relation.2863,relation,active,ttp.r014.yaintt,ttp.r014.yaintt,,und,2026-08-22T03:06:00+02:00,codex.r014.id-ID,,ttp.r014.unit.sec.gauss-totient-sum.exercise.01,exercises,ttp.concept.divisor_sum_function,2863,"{""end_line"":4895,""path"":""authority/downloads/yaintt.tex"",""start_line"":4892}",high
r014.backend.record,1.0.0,ttp.r014.relation.2864,relation,active,ttp.r014.yaintt,ttp.r014.yaintt,,und,2026-08-22T03:06:00+02:00,codex.r014.id-ID,,ttp.r014.unit.sec.primitive-roots,covers,ttp.concept.primitive_root,2864,"{""path"":""qa/review-candidates/boundary28-r2/TERMINOLOGY.md"",""sha256"":""3e3fe31baa8565bbc54cd6d789570cac18ed469f68cf683f08dd639ef92d9bd1""}",high
r014.backend.record,1.0.0,ttp.r014.relation.2865,relation,active,ttp.r014.yaintt,ttp.r014.yaintt,,und,2026-08-22T03:06:00+02:00,codex.r014.id-ID,,ttp.r014.unit.sec.primitive-roots,covers,ttp.concept.primitive_root_count,2865,"{""path"":""qa/review-candidates/boundary28-r2/TERMINOLOGY.md"",""sha256"":""3e3fe31baa8565bbc54cd6d789570cac18ed469f68cf683f08dd639ef92d9bd1""}",high
r014.backend.record,1.0.0,ttp.r014.relation.2866,relation,active,ttp.r014.yaintt,ttp.r014.yaintt,,und,2026-08-22T03:06:00+02:00,codex.r014.id-ID,,ttp.r014.unit.sec.primitive-roots,covers,ttp.concept.polynomial_mod_p,2866,"{""path"":""qa/review-candidates/boundary28-r2/TERMINOLOGY.md"",""sha256"":""3e3fe31baa8565bbc54cd6d789570cac18ed469f68cf683f08dd639ef92d9bd1""}",high
r014.backend.record,1.0.0,ttp.r014.relation.2867,relation,active,ttp.r014.yaintt,ttp.r014.yaintt,,und,2026-08-22T03:06:00+02:00,codex.r014.id-ID,,ttp.r014.unit.sec.primitive-roots,covers,ttp.concept.polynomial_root,2867,"{""path"":""qa/review-candidates/boundary28-r2/TERMINOLOGY.md"",""sha256"":""3e3fe31baa8565bbc54cd6d789570cac18ed469f68cf683f08dd639ef92d9bd1""}",high
r014.backend.record,1.0.0,ttp.r014.relation.2868,relation,active,ttp.r014.yaintt,ttp.r014.yaintt,,und,2026-08-22T03:06:00+02:00,codex.r014.id-ID,,ttp.r014.unit.sec.primitive-roots,covers,ttp.concept.zero_product_property,2868,"{""path"":""qa/review-candidates/boundary28-r2/TERMINOLOGY.md"",""sha256"":""3e3fe31baa8565bbc54cd6d789570cac18ed469f68cf683f08dd639ef92d9bd1""}",high
r014.backend.record,1.0.0,ttp.r014.relation.2869,relation,active,ttp.r014.yaintt,ttp.r014.yaintt,,und,2026-08-22T03:06:00+02:00,codex.r014.id-ID,,ttp.r014.unit.sec.primitive-roots,covers,ttp.concept.integral_domain,2869,"{""path"":""qa/review-candidates/boundary28-r2/TERMINOLOGY.md"",""sha256"":""3e3fe31baa8565bbc54cd6d789570cac18ed469f68cf683f08dd639ef92d9bd1""}",high
r014.backend.record,1.0.0,ttp.r014.relation.2870,relation,active,ttp.r014.yaintt,ttp.r014.yaintt,,und,2026-08-22T03:06:00+02:00,codex.r014.id-ID,,ttp.r014.unit.sec.primitive-roots,covers,ttp.concept.order_class_count,2870,"{""path"":""qa/review-candidates/boundary28-r2/TERMINOLOGY.md"",""sha256"":""3e3fe31baa8565bbc54cd6d789570cac18ed469f68cf683f08dd639ef92d9bd1""}",high
r014.backend.record,1.0.0,ttp.r014.relation.2871,relation,active,ttp.r014.yaintt,ttp.r014.yaintt,,und,2026-08-22T03:06:00+02:00,codex.r014.id-ID,,ttp.r014.unit.sec.primitive-roots.exercise.01,exercises,ttp.concept.primitive_root,2871,"{""end_line"":5237,""path"":""authority/downloads/yaintt.tex"",""start_line"":5235}",high
r014.backend.record,1.0.0,ttp.r014.relation.2872,relation,active,ttp.r014.yaintt,ttp.r014.yaintt,,und,2026-08-22T03:06:00+02:00,codex.r014.id-ID,,ttp.r014.unit.sec.primitive-roots.exercise.01,exercises,ttp.concept.primitive_root_count,2872,"{""end_line"":5237,""path"":""authority/downloads/yaintt.tex"",""start_line"":5235}",high
r014.backend.record,1.0.0,ttp.r014.relation.2873,relation,active,ttp.r014.yaintt,ttp.r014.yaintt,,und,2026-08-22T03:06:00+02:00,codex.r014.id-ID,,ttp.r014.unit.sec.primitive-roots.exercise.01,exercises,ttp.concept.polynomial_mod_p,2873,"{""end_line"":5237,""path"":""authority/downloads/yaintt.tex"",""start_line"":5235}",high
r014.backend.record,1.0.0,ttp.r014.relation.2874,relation,active,ttp.r014.yaintt,ttp.r014.yaintt,,und,2026-08-22T03:06:00+02:00,codex.r014.id-ID,,ttp.r014.unit.sec.primitive-roots.exercise.01,exercises,ttp.concept.polynomial_root,2874,"{""end_line"":5237,""path"":""authority/downloads/yaintt.tex"",""start_line"":5235}",high
r014.backend.record,1.0.0,ttp.r014.relation.2875,relation,active,ttp.r014.yaintt,ttp.r014.yaintt,,und,2026-08-22T03:06:00+02:00,codex.r014.id-ID,,ttp.r014.unit.sec.primitive-roots.exercise.01,exercises,ttp.concept.zero_product_property,2875,"{""end_line"":5237,""path"":""authority/downloads/yaintt.tex"",""start_line"":5235}",high
r014.backend.record,1.0.0,ttp.r014.relation.2876,relation,active,ttp.r014.yaintt,ttp.r014.yaintt,,und,2026-08-22T03:06:00+02:00,codex.r014.id-ID,,ttp.r014.unit.sec.primitive-roots.exercise.01,exercises,ttp.concept.integral_domain,2876,"{""end_line"":5237,""path"":""authority/downloads/yaintt.tex"",""start_line"":5235}",high
r014.backend.record,1.0.0,ttp.r014.relation.2877,relation,active,ttp.r014.yaintt,ttp.r014.yaintt,,und,2026-08-22T03:06:00+02:00,codex.r014.id-ID,,ttp.r014.unit.sec.primitive-roots.exercise.01,exercises,ttp.concept.order_class_count,2877,"{""end_line"":5237,""path"":""authority/downloads/yaintt.tex"",""start_line"":5235}",high
r014.backend.record,1.0.0,ttp.r014.relation.2878,relation,active,ttp.r014.yaintt,ttp.r014.yaintt,,und,2026-08-22T03:06:00+02:00,codex.r014.id-ID,,ttp.r014.unit.sec.primitive-roots.exercise.02,exercises,ttp.concept.primitive_root,2878,"{""end_line"":5242,""path"":""authority/downloads/yaintt.tex"",""start_line"":5239}",high
r014.backend.record,1.0.0,ttp.r014.relation.2879,relation,active,ttp.r014.yaintt,ttp.r014.yaintt,,und,2026-08-22T03:06:00+02:00,codex.r014.id-ID,,ttp.r014.unit.sec.primitive-roots.exercise.02,exercises,ttp.concept.primitive_root_count,2879,"{""end_line"":5242,""path"":""authority/downloads/yaintt.tex"",""start_line"":5239}",high
r014.backend.record,1.0.0,ttp.r014.relation.2880,relation,active,ttp.r014.yaintt,ttp.r014.yaintt,,und,2026-08-22T03:06:00+02:00,codex.r014.id-ID,,ttp.r014.unit.sec.primitive-roots.exercise.02,exercises,ttp.concept.polynomial_mod_p,2880,"{""end_line"":5242,""path"":""authority/downloads/yaintt.tex"",""start_line"":5239}",high
r014.backend.record,1.0.0,ttp.r014.relation.2881,relation,active,ttp.r014.yaintt,ttp.r014.yaintt,,und,2026-08-22T03:06:00+02:00,codex.r014.id-ID,,ttp.r014.unit.sec.primitive-roots.exercise.02,exercises,ttp.concept.polynomial_root,2881,"{""end_line"":5242,""path"":""authority/downloads/yaintt.tex"",""start_line"":5239}",high
r014.backend.record,1.0.0,ttp.r014.relation.2882,relation,active,ttp.r014.yaintt,ttp.r014.yaintt,,und,2026-08-22T03:06:00+02:00,codex.r014.id-ID,,ttp.r014.unit.sec.primitive-roots.exercise.02,exercises,ttp.concept.zero_product_property,2882,"{""end_line"":5242,""path"":""authority/downloads/yaintt.tex"",""start_line"":5239}",high
r014.backend.record,1.0.0,ttp.r014.relation.2883,relation,active,ttp.r014.yaintt,ttp.r014.yaintt,,und,2026-08-22T03:06:00+02:00,codex.r014.id-ID,,ttp.r014.unit.sec.primitive-roots.exercise.02,exercises,ttp.concept.integral_domain,2883,"{""end_line"":5242,""path"":""authority/downloads/yaintt.tex"",""start_line"":5239}",high
r014.backend.record,1.0.0,ttp.r014.relation.2884,relation,active,ttp.r014.yaintt,ttp.r014.yaintt,,und,2026-08-22T03:06:00+02:00,codex.r014.id-ID,,ttp.r014.unit.sec.primitive-roots.exercise.02,exercises,ttp.concept.order_class_count,2884,"{""end_line"":5242,""path"":""authority/downloads/yaintt.tex"",""start_line"":5239}",high
r014.backend.record,1.0.0,ttp.r014.relation.2885,relation,active,ttp.r014.yaintt,ttp.r014.yaintt,,und,2026-08-22T03:06:00+02:00,codex.r014.id-ID,,ttp.r014.unit.sec.primitive-roots.exercise.03,exercises,ttp.concept.primitive_root,2885,"{""end_line"":5246,""path"":""authority/downloads/yaintt.tex"",""start_line"":5244}",high
r014.backend.record,1.0.0,ttp.r014.relation.2886,relation,active,ttp.r014.yaintt,ttp.r014.yaintt,,und,2026-08-22T03:06:00+02:00,codex.r014.id-ID,,ttp.r014.unit.sec.primitive-roots.exercise.03,exercises,ttp.concept.primitive_root_count,2886,"{""end_line"":5246,""path"":""authority/downloads/yaintt.tex"",""start_line"":5244}",high
r014.backend.record,1.0.0,ttp.r014.relation.2887,relation,active,ttp.r014.yaintt,ttp.r014.yaintt,,und,2026-08-22T03:06:00+02:00,codex.r014.id-ID,,ttp.r014.unit.sec.primitive-roots.exercise.03,exercises,ttp.concept.polynomial_mod_p,2887,"{""end_line"":5246,""path"":""authority/downloads/yaintt.tex"",""start_line"":5244}",high
r014.backend.record,1.0.0,ttp.r014.relation.2888,relation,active,ttp.r014.yaintt,ttp.r014.yaintt,,und,2026-08-22T03:06:00+02:00,codex.r014.id-ID,,ttp.r014.unit.sec.primitive-roots.exercise.03,exercises,ttp.concept.polynomial_root,2888,"{""end_line"":5246,""path"":""authority/downloads/yaintt.tex"",""start_line"":5244}",high
r014.backend.record,1.0.0,ttp.r014.relation.2889,relation,active,ttp.r014.yaintt,ttp.r014.yaintt,,und,2026-08-22T03:06:00+02:00,codex.r014.id-ID,,ttp.r014.unit.sec.primitive-roots.exercise.03,exercises,ttp.concept.zero_product_property,2889,"{""end_line"":5246,""path"":""authority/downloads/yaintt.tex"",""start_line"":5244}",high
r014.backend.record,1.0.0,ttp.r014.relation.2890,relation,active,ttp.r014.yaintt,ttp.r014.yaintt,,und,2026-08-22T03:06:00+02:00,codex.r014.id-ID,,ttp.r014.unit.sec.primitive-roots.exercise.03,exercises,ttp.concept.integral_domain,2890,"{""end_line"":5246,""path"":""authority/downloads/yaintt.tex"",""start_line"":5244}",high
r014.backend.record,1.0.0,ttp.r014.relation.2891,relation,active,ttp.r014.yaintt,ttp.r014.yaintt,,und,2026-08-22T03:06:00+02:00,codex.r014.id-ID,,ttp.r014.unit.sec.primitive-roots.exercise.03,exercises,ttp.concept.order_class_count,2891,"{""end_line"":5246,""path"":""authority/downloads/yaintt.tex"",""start_line"":5244}",high
r014.backend.record,1.0.0,ttp.r014.relation.2892,relation,active,ttp.r014.yaintt,ttp.r014.yaintt,,und,2026-08-22T03:06:00+02:00,codex.r014.id-ID,,ttp.r014.unit.sec.primitive-roots.exercise.04,exercises,ttp.concept.primitive_root,2892,"{""end_line"":5252,""path"":""authority/downloads/yaintt.tex"",""start_line"":5248}",high
r014.backend.record,1.0.0,ttp.r014.relation.2893,relation,active,ttp.r014.yaintt,ttp.r014.yaintt,,und,2026-08-22T03:06:00+02:00,codex.r014.id-ID,,ttp.r014.unit.sec.primitive-roots.exercise.04,exercises,ttp.concept.primitive_root_count,2893,"{""end_line"":5252,""path"":""authority/downloads/yaintt.tex"",""start_line"":5248}",high
r014.backend.record,1.0.0,ttp.r014.relation.2894,relation,active,ttp.r014.yaintt,ttp.r014.yaintt,,und,2026-08-22T03:06:00+02:00,codex.r014.id-ID,,ttp.r014.unit.sec.primitive-roots.exercise.04,exercises,ttp.concept.polynomial_mod_p,2894,"{""end_line"":5252,""path"":""authority/downloads/yaintt.tex"",""start_line"":5248}",high
r014.backend.record,1.0.0,ttp.r014.relation.2895,relation,active,ttp.r014.yaintt,ttp.r014.yaintt,,und,2026-08-22T03:06:00+02:00,codex.r014.id-ID,,ttp.r014.unit.sec.primitive-roots.exercise.04,exercises,ttp.concept.polynomial_root,2895,"{""end_line"":5252,""path"":""authority/downloads/yaintt.tex"",""start_line"":5248}",high
r014.backend.record,1.0.0,ttp.r014.relation.2896,relation,active,ttp.r014.yaintt,ttp.r014.yaintt,,und,2026-08-22T03:06:00+02:00,codex.r014.id-ID,,ttp.r014.unit.sec.primitive-roots.exercise.04,exercises,ttp.concept.zero_product_property,2896,"{""end_line"":5252,""path"":""authority/downloads/yaintt.tex"",""start_line"":5248}",high
r014.backend.record,1.0.0,ttp.r014.relation.2897,relation,active,ttp.r014.yaintt,ttp.r014.yaintt,,und,2026-08-22T03:06:00+02:00,codex.r014.id-ID,,ttp.r014.unit.sec.primitive-roots.exercise.04,exercises,ttp.concept.integral_domain,2897,"{""end_line"":5252,""path"":""authority/downloads/yaintt.tex"",""start_line"":5248}",high
r014.backend.record,1.0.0,ttp.r014.relation.2898,relation,active,ttp.r014.yaintt,ttp.r014.yaintt,,und,2026-08-22T03:06:00+02:00,codex.r014.id-ID,,ttp.r014.unit.sec.primitive-roots.exercise.04,exercises,ttp.concept.order_class_count,2898,"{""end_line"":5252,""path"":""authority/downloads/yaintt.tex"",""start_line"":5248}",high
r014.backend.record,1.0.0,ttp.r014.relation.2899,relation,active,ttp.r014.yaintt,ttp.r014.yaintt,,und,2026-08-22T03:06:00+02:00,codex.r014.id-ID,,ttp.r014.unit.sec.primitive-roots.exercise.05,exercises,ttp.concept.primitive_root,2899,"{""end_line"":5258,""path"":""authority/downloads/yaintt.tex"",""start_line"":5254}",high
r014.backend.record,1.0.0,ttp.r014.relation.2900,relation,active,ttp.r014.yaintt,ttp.r014.yaintt,,und,2026-08-22T03:06:00+02:00,codex.r014.id-ID,,ttp.r014.unit.sec.primitive-roots.exercise.05,exercises,ttp.concept.primitive_root_count,2900,"{""end_line"":5258,""path"":""authority/downloads/yaintt.tex"",""start_line"":5254}",high
r014.backend.record,1.0.0,ttp.r014.relation.2901,relation,active,ttp.r014.yaintt,ttp.r014.yaintt,,und,2026-08-22T03:06:00+02:00,codex.r014.id-ID,,ttp.r014.unit.sec.primitive-roots.exercise.05,exercises,ttp.concept.polynomial_mod_p,2901,"{""end_line"":5258,""path"":""authority/downloads/yaintt.tex"",""start_line"":5254}",high
r014.backend.record,1.0.0,ttp.r014.relation.2902,relation,active,ttp.r014.yaintt,ttp.r014.yaintt,,und,2026-08-22T03:06:00+02:00,codex.r014.id-ID,,ttp.r014.unit.sec.primitive-roots.exercise.05,exercises,ttp.concept.polynomial_root,2902,"{""end_line"":5258,""path"":""authority/downloads/yaintt.tex"",""start_line"":5254}",high
r014.backend.record,1.0.0,ttp.r014.relation.2903,relation,active,ttp.r014.yaintt,ttp.r014.yaintt,,und,2026-08-22T03:06:00+02:00,codex.r014.id-ID,,ttp.r014.unit.sec.primitive-roots.exercise.05,exercises,ttp.concept.zero_product_property,2903,"{""end_line"":5258,""path"":""authority/downloads/yaintt.tex"",""start_line"":5254}",high
r014.backend.record,1.0.0,ttp.r014.relation.2904,relation,active,ttp.r014.yaintt,ttp.r014.yaintt,,und,2026-08-22T03:06:00+02:00,codex.r014.id-ID,,ttp.r014.unit.sec.primitive-roots.exercise.05,exercises,ttp.concept.integral_domain,2904,"{""end_line"":5258,""path"":""authority/downloads/yaintt.tex"",""start_line"":5254}",high
r014.backend.record,1.0.0,ttp.r014.relation.2905,relation,active,ttp.r014.yaintt,ttp.r014.yaintt,,und,2026-08-22T03:06:00+02:00,codex.r014.id-ID,,ttp.r014.unit.sec.primitive-roots.exercise.05,exercises,ttp.concept.order_class_count,2905,"{""end_line"":5258,""path"":""authority/downloads/yaintt.tex"",""start_line"":5254}",high
r014.backend.record,1.0.0,ttp.r014.relation.2906,relation,active,ttp.r014.yaintt,ttp.r014.yaintt,,und,2026-08-22T03:06:00+02:00,codex.r014.id-ID,,ttp.r014.unit.sec.primitive-roots.exercise.06,exercises,ttp.concept.primitive_root,2906,"{""end_line"":5262,""path"":""authority/downloads/yaintt.tex"",""start_line"":5260}",high
r014.backend.record,1.0.0,ttp.r014.relation.2907,relation,active,ttp.r014.yaintt,ttp.r014.yaintt,,und,2026-08-22T03:06:00+02:00,codex.r014.id-ID,,ttp.r014.unit.sec.primitive-roots.exercise.06,exercises,ttp.concept.primitive_root_count,2907,"{""end_line"":5262,""path"":""authority/downloads/yaintt.tex"",""start_line"":5260}",high
r014.backend.record,1.0.0,ttp.r014.relation.2908,relation,active,ttp.r014.yaintt,ttp.r014.yaintt,,und,2026-08-22T03:06:00+02:00,codex.r014.id-ID,,ttp.r014.unit.sec.primitive-roots.exercise.06,exercises,ttp.concept.polynomial_mod_p,2908,"{""end_line"":5262,""path"":""authority/downloads/yaintt.tex"",""start_line"":5260}",high
r014.backend.record,1.0.0,ttp.r014.relation.2909,relation,active,ttp.r014.yaintt,ttp.r014.yaintt,,und,2026-08-22T03:06:00+02:00,codex.r014.id-ID,,ttp.r014.unit.sec.primitive-roots.exercise.06,exercises,ttp.concept.polynomial_root,2909,"{""end_line"":5262,""path"":""authority/downloads/yaintt.tex"",""start_line"":5260}",high
r014.backend.record,1.0.0,ttp.r014.relation.2910,relation,active,ttp.r014.yaintt,ttp.r014.yaintt,,und,2026-08-22T03:06:00+02:00,codex.r014.id-ID,,ttp.r014.unit.sec.primitive-roots.exercise.06,exercises,ttp.concept.zero_product_property,2910,"{""end_line"":5262,""path"":""authority/downloads/yaintt.tex"",""start_line"":5260}",high
r014.backend.record,1.0.0,ttp.r014.relation.2911,relation,active,ttp.r014.yaintt,ttp.r014.yaintt,,und,2026-08-22T03:06:00+02:00,codex.r014.id-ID,,ttp.r014.unit.sec.primitive-roots.exercise.06,exercises,ttp.concept.integral_domain,2911,"{""end_line"":5262,""path"":""authority/downloads/yaintt.tex"",""start_line"":5260}",high
r014.backend.record,1.0.0,ttp.r014.relation.2912,relation,active,ttp.r014.yaintt,ttp.r014.yaintt,,und,2026-08-22T03:06:00+02:00,codex.r014.id-ID,,ttp.r014.unit.sec.primitive-roots.exercise.06,exercises,ttp.concept.order_class_count,2912,"{""end_line"":5262,""path"":""authority/downloads/yaintt.tex"",""start_line"":5260}",high
r014.backend.record,1.0.0,ttp.r014.relation.2913,relation,active,ttp.r014.yaintt,ttp.r014.yaintt,,und,2026-08-22T03:06:00+02:00,codex.r014.id-ID,,ttp.r014.unit.sec.primitive-roots.exercise.07,exercises,ttp.concept.primitive_root,2913,"{""end_line"":5268,""path"":""authority/downloads/yaintt.tex"",""start_line"":5264}",high
r014.backend.record,1.0.0,ttp.r014.relation.2914,relation,active,ttp.r014.yaintt,ttp.r014.yaintt,,und,2026-08-22T03:06:00+02:00,codex.r014.id-ID,,ttp.r014.unit.sec.primitive-roots.exercise.07,exercises,ttp.concept.primitive_root_count,2914,"{""end_line"":5268,""path"":""authority/downloads/yaintt.tex"",""start_line"":5264}",high
r014.backend.record,1.0.0,ttp.r014.relation.2915,relation,active,ttp.r014.yaintt,ttp.r014.yaintt,,und,2026-08-22T03:06:00+02:00,codex.r014.id-ID,,ttp.r014.unit.sec.primitive-roots.exercise.07,exercises,ttp.concept.polynomial_mod_p,2915,"{""end_line"":5268,""path"":""authority/downloads/yaintt.tex"",""start_line"":5264}",high
r014.backend.record,1.0.0,ttp.r014.relation.2916,relation,active,ttp.r014.yaintt,ttp.r014.yaintt,,und,2026-08-22T03:06:00+02:00,codex.r014.id-ID,,ttp.r014.unit.sec.primitive-roots.exercise.07,exercises,ttp.concept.polynomial_root,2916,"{""end_line"":5268,""path"":""authority/downloads/yaintt.tex"",""start_line"":5264}",high
r014.backend.record,1.0.0,ttp.r014.relation.2917,relation,active,ttp.r014.yaintt,ttp.r014.yaintt,,und,2026-08-22T03:06:00+02:00,codex.r014.id-ID,,ttp.r014.unit.sec.primitive-roots.exercise.07,exercises,ttp.concept.zero_product_property,2917,"{""end_line"":5268,""path"":""authority/downloads/yaintt.tex"",""start_line"":5264}",high
r014.backend.record,1.0.0,ttp.r014.relation.2918,relation,active,ttp.r014.yaintt,ttp.r014.yaintt,,und,2026-08-22T03:06:00+02:00,codex.r014.id-ID,,ttp.r014.unit.sec.primitive-roots.exercise.07,exercises,ttp.concept.integral_domain,2918,"{""end_line"":5268,""path"":""authority/downloads/yaintt.tex"",""start_line"":5264}",high
r014.backend.record,1.0.0,ttp.r014.relation.2919,relation,active,ttp.r014.yaintt,ttp.r014.yaintt,,und,2026-08-22T03:06:00+02:00,codex.r014.id-ID,,ttp.r014.unit.sec.primitive-roots.exercise.07,exercises,ttp.concept.order_class_count,2919,"{""end_line"":5268,""path"":""authority/downloads/yaintt.tex"",""start_line"":5264}",high
r014.backend.record,1.0.0,ttp.r014.relation.2920,relation,active,ttp.r014.yaintt,ttp.r014.yaintt,,und,2026-08-22T03:06:00+02:00,codex.r014.id-ID,,ttp.r014.unit.sec.indices,covers,ttp.concept.index_relative,2920,"{""path"":""qa/review-candidates/boundary28-r2/TERMINOLOGY.md"",""sha256"":""3e3fe31baa8565bbc54cd6d789570cac18ed469f68cf683f08dd639ef92d9bd1""}",high
r014.backend.record,1.0.0,ttp.r014.relation.2921,relation,active,ttp.r014.yaintt,ttp.r014.yaintt,,und,2026-08-22T03:06:00+02:00,codex.r014.id-ID,,ttp.r014.unit.sec.indices,covers,ttp.concept.discrete_logarithm_hardness,2921,"{""path"":""qa/review-candidates/boundary28-r2/TERMINOLOGY.md"",""sha256"":""3e3fe31baa8565bbc54cd6d789570cac18ed469f68cf683f08dd639ef92d9bd1""}",high
r014.backend.record,1.0.0,ttp.r014.relation.2922,relation,active,ttp.r014.yaintt,ttp.r014.yaintt,,und,2026-08-22T03:06:00+02:00,codex.r014.id-ID,,ttp.r014.unit.sec.indices,covers,ttp.concept.change_of_base_formula,2922,"{""path"":""qa/review-candidates/boundary28-r2/TERMINOLOGY.md"",""sha256"":""3e3fe31baa8565bbc54cd6d789570cac18ed469f68cf683f08dd639ef92d9bd1""}",high
r014.backend.record,1.0.0,ttp.r014.relation.2923,relation,active,ttp.r014.yaintt,ttp.r014.yaintt,,und,2026-08-22T03:06:00+02:00,codex.r014.id-ID,,ttp.r014.unit.sec.indices.exercise.01,exercises,ttp.concept.index_relative,2923,"{""end_line"":5502,""path"":""authority/downloads/yaintt.tex"",""start_line"":5498}",high
r014.backend.record,1.0.0,ttp.r014.relation.2924,relation,active,ttp.r014.yaintt,ttp.r014.yaintt,,und,2026-08-22T03:06:00+02:00,codex.r014.id-ID,,ttp.r014.unit.sec.indices.exercise.01,exercises,ttp.concept.discrete_logarithm_hardness,2924,"{""end_line"":5502,""path"":""authority/downloads/yaintt.tex"",""start_line"":5498}",high
r014.backend.record,1.0.0,ttp.r014.relation.2925,relation,active,ttp.r014.yaintt,ttp.r014.yaintt,,und,2026-08-22T03:06:00+02:00,codex.r014.id-ID,,ttp.r014.unit.sec.indices.exercise.01,exercises,ttp.concept.change_of_base_formula,2925,"{""end_line"":5502,""path"":""authority/downloads/yaintt.tex"",""start_line"":5498}",high
r014.backend.record,1.0.0,ttp.r014.relation.2926,relation,active,ttp.r014.yaintt,ttp.r014.yaintt,,und,2026-08-22T03:06:00+02:00,codex.r014.id-ID,,ttp.r014.unit.sec.indices.exercise.02,exercises,ttp.concept.index_relative,2926,"{""end_line"":5509,""path"":""authority/downloads/yaintt.tex"",""start_line"":5504}",high
r014.backend.record,1.0.0,ttp.r014.relation.2927,relation,active,ttp.r014.yaintt,ttp.r014.yaintt,,und,2026-08-22T03:06:00+02:00,codex.r014.id-ID,,ttp.r014.unit.sec.indices.exercise.02,exercises,ttp.concept.discrete_logarithm_hardness,2927,"{""end_line"":5509,""path"":""authority/downloads/yaintt.tex"",""start_line"":5504}",high
r014.backend.record,1.0.0,ttp.r014.relation.2928,relation,active,ttp.r014.yaintt,ttp.r014.yaintt,,und,2026-08-22T03:06:00+02:00,codex.r014.id-ID,,ttp.r014.unit.sec.indices.exercise.02,exercises,ttp.concept.change_of_base_formula,2928,"{""end_line"":5509,""path"":""authority/downloads/yaintt.tex"",""start_line"":5504}",high
r014.backend.record,1.0.0,ttp.r014.relation.2929,relation,active,ttp.r014.yaintt,ttp.r014.yaintt,,und,2026-08-22T03:06:00+02:00,codex.r014.id-ID,,ttp.r014.unit.sec.indices.exercise.03,exercises,ttp.concept.index_relative,2929,"{""end_line"":5520,""path"":""authority/downloads/yaintt.tex"",""start_line"":5511}",high
r014.backend.record,1.0.0,ttp.r014.relation.2930,relation,active,ttp.r014.yaintt,ttp.r014.yaintt,,und,2026-08-22T03:06:00+02:00,codex.r014.id-ID,,ttp.r014.unit.sec.indices.exercise.03,exercises,ttp.concept.discrete_logarithm_hardness,2930,"{""end_line"":5520,""path"":""authority/downloads/yaintt.tex"",""start_line"":5511}",high
r014.backend.record,1.0.0,ttp.r014.relation.2931,relation,active,ttp.r014.yaintt,ttp.r014.yaintt,,und,2026-08-22T03:06:00+02:00,codex.r014.id-ID,,ttp.r014.unit.sec.indices.exercise.03,exercises,ttp.concept.change_of_base_formula,2931,"{""end_line"":5520,""path"":""authority/downloads/yaintt.tex"",""start_line"":5511}",high
r014.backend.record,1.0.0,ttp.r014.relation.2932,relation,active,ttp.r014.yaintt,ttp.r014.yaintt,,und,2026-08-22T03:06:00+02:00,codex.r014.id-ID,,ttp.r014.unit.id-id.sec.dhke,covers,ttp.concept.diffie_hellman_key_exchange,2932,"{""path"":""qa/review-candidates/boundary28-r2/TERMINOLOGY.md"",""sha256"":""3e3fe31baa8565bbc54cd6d789570cac18ed469f68cf683f08dd639ef92d9bd1""}",high
r014.backend.record,1.0.0,ttp.r014.relation.2933,relation,active,ttp.r014.yaintt,ttp.r014.yaintt,,und,2026-08-22T03:06:00+02:00,codex.r014.id-ID,,ttp.r014.unit.id-id.sec.dhke,covers,ttp.concept.dh_secret_exponent,2933,"{""path"":""qa/review-candidates/boundary28-r2/TERMINOLOGY.md"",""sha256"":""3e3fe31baa8565bbc54cd6d789570cac18ed469f68cf683f08dd639ef92d9bd1""}",high
r014.backend.record,1.0.0,ttp.r014.relation.2934,relation,active,ttp.r014.yaintt,ttp.r014.yaintt,,und,2026-08-22T03:06:00+02:00,codex.r014.id-ID,,ttp.r014.unit.id-id.sec.dhke,covers,ttp.concept.shared_secret,2934,"{""path"":""qa/review-candidates/boundary28-r2/TERMINOLOGY.md"",""sha256"":""3e3fe31baa8565bbc54cd6d789570cac18ed469f68cf683f08dd639ef92d9bd1""}",high
r014.backend.record,1.0.0,ttp.r014.relation.2935,relation,active,ttp.r014.yaintt,ttp.r014.yaintt,,und,2026-08-22T03:06:00+02:00,codex.r014.id-ID,,ttp.r014.unit.id-id.sec.dhke,covers,ttp.concept.sophie_germain_prime,2935,"{""path"":""qa/review-candidates/boundary28-r2/TERMINOLOGY.md"",""sha256"":""3e3fe31baa8565bbc54cd6d789570cac18ed469f68cf683f08dd639ef92d9bd1""}",high
r014.backend.record,1.0.0,ttp.r014.relation.2936,relation,active,ttp.r014.yaintt,ttp.r014.yaintt,,und,2026-08-22T03:06:00+02:00,codex.r014.id-ID,,ttp.r014.unit.id-id.sec.dhke,covers,ttp.concept.diffie_hellman_problem,2936,"{""path"":""qa/review-candidates/boundary28-r2/TERMINOLOGY.md"",""sha256"":""3e3fe31baa8565bbc54cd6d789570cac18ed469f68cf683f08dd639ef92d9bd1""}",high
r014.backend.record,1.0.0,ttp.r014.relation.2937,relation,active,ttp.r014.yaintt,ttp.r014.yaintt,,und,2026-08-22T03:06:00+02:00,codex.r014.id-ID,,ttp.r014.unit.id-id.sec.dhke,covers,ttp.concept.dh_public_parameters,2937,"{""path"":""qa/review-candidates/boundary28-r2/TERMINOLOGY.md"",""sha256"":""3e3fe31baa8565bbc54cd6d789570cac18ed469f68cf683f08dd639ef92d9bd1""}",high
r014.backend.record,1.0.0,ttp.r014.relation.2938,relation,active,ttp.r014.yaintt,ttp.r014.yaintt,,und,2026-08-22T03:06:00+02:00,codex.r014.id-ID,,ttp.r014.unit.id-id.sec.dhke.exercise.01,exercises,ttp.concept.diffie_hellman_key_exchange,2938,"{""end_line"":5740,""path"":""authority/downloads/yaintt.tex"",""start_line"":5733}",high
r014.backend.record,1.0.0,ttp.r014.relation.2939,relation,active,ttp.r014.yaintt,ttp.r014.yaintt,,und,2026-08-22T03:06:00+02:00,codex.r014.id-ID,,ttp.r014.unit.id-id.sec.dhke.exercise.01,exercises,ttp.concept.dh_secret_exponent,2939,"{""end_line"":5740,""path"":""authority/downloads/yaintt.tex"",""start_line"":5733}",high
r014.backend.record,1.0.0,ttp.r014.relation.2940,relation,active,ttp.r014.yaintt,ttp.r014.yaintt,,und,2026-08-22T03:06:00+02:00,codex.r014.id-ID,,ttp.r014.unit.id-id.sec.dhke.exercise.01,exercises,ttp.concept.shared_secret,2940,"{""end_line"":5740,""path"":""authority/downloads/yaintt.tex"",""start_line"":5733}",high
r014.backend.record,1.0.0,ttp.r014.relation.2941,relation,active,ttp.r014.yaintt,ttp.r014.yaintt,,und,2026-08-22T03:06:00+02:00,codex.r014.id-ID,,ttp.r014.unit.id-id.sec.dhke.exercise.01,exercises,ttp.concept.sophie_germain_prime,2941,"{""end_line"":5740,""path"":""authority/downloads/yaintt.tex"",""start_line"":5733}",high
r014.backend.record,1.0.0,ttp.r014.relation.2942,relation,active,ttp.r014.yaintt,ttp.r014.yaintt,,und,2026-08-22T03:06:00+02:00,codex.r014.id-ID,,ttp.r014.unit.id-id.sec.dhke.exercise.01,exercises,ttp.concept.diffie_hellman_problem,2942,"{""end_line"":5740,""path"":""authority/downloads/yaintt.tex"",""start_line"":5733}",high
r014.backend.record,1.0.0,ttp.r014.relation.2943,relation,active,ttp.r014.yaintt,ttp.r014.yaintt,,und,2026-08-22T03:06:00+02:00,codex.r014.id-ID,,ttp.r014.unit.id-id.sec.dhke.exercise.01,exercises,ttp.concept.dh_public_parameters,2943,"{""end_line"":5740,""path"":""authority/downloads/yaintt.tex"",""start_line"":5733}",high
r014.backend.record,1.0.0,ttp.r014.relation.2944,relation,active,ttp.r014.yaintt,ttp.r014.yaintt,,und,2026-08-22T03:06:00+02:00,codex.r014.id-ID,,ttp.r014.unit.id-id.sec.dhke.exercise.02,exercises,ttp.concept.diffie_hellman_key_exchange,2944,"{""end_line"":5758,""path"":""authority/downloads/yaintt.tex"",""start_line"":5742}",high
r014.backend.record,1.0.0,ttp.r014.relation.2945,relation,active,ttp.r014.yaintt,ttp.r014.yaintt,,und,2026-08-22T03:06:00+02:00,codex.r014.id-ID,,ttp.r014.unit.id-id.sec.dhke.exercise.02,exercises,ttp.concept.dh_secret_exponent,2945,"{""end_line"":5758,""path"":""authority/downloads/yaintt.tex"",""start_line"":5742}",high
r014.backend.record,1.0.0,ttp.r014.relation.2946,relation,active,ttp.r014.yaintt,ttp.r014.yaintt,,und,2026-08-22T03:06:00+02:00,codex.r014.id-ID,,ttp.r014.unit.id-id.sec.dhke.exercise.02,exercises,ttp.concept.shared_secret,2946,"{""end_line"":5758,""path"":""authority/downloads/yaintt.tex"",""start_line"":5742}",high
r014.backend.record,1.0.0,ttp.r014.relation.2947,relation,active,ttp.r014.yaintt,ttp.r014.yaintt,,und,2026-08-22T03:06:00+02:00,codex.r014.id-ID,,ttp.r014.unit.id-id.sec.dhke.exercise.02,exercises,ttp.concept.sophie_germain_prime,2947,"{""end_line"":5758,""path"":""authority/downloads/yaintt.tex"",""start_line"":5742}",high
r014.backend.record,1.0.0,ttp.r014.relation.2948,relation,active,ttp.r014.yaintt,ttp.r014.yaintt,,und,2026-08-22T03:06:00+02:00,codex.r014.id-ID,,ttp.r014.unit.id-id.sec.dhke.exercise.02,exercises,ttp.concept.diffie_hellman_problem,2948,"{""end_line"":5758,""path"":""authority/downloads/yaintt.tex"",""start_line"":5742}",high
r014.backend.record,1.0.0,ttp.r014.relation.2949,relation,active,ttp.r014.yaintt,ttp.r014.yaintt,,und,2026-08-22T03:06:00+02:00,codex.r014.id-ID,,ttp.r014.unit.id-id.sec.dhke.exercise.02,exercises,ttp.concept.dh_public_parameters,2949,"{""end_line"":5758,""path"":""authority/downloads/yaintt.tex"",""start_line"":5742}",high
r014.backend.record,1.0.0,ttp.r014.relation.2950,relation,active,ttp.r014.yaintt,ttp.r014.yaintt,,und,2026-08-22T03:06:00+02:00,codex.r014.id-ID,,ttp.r014.unit.id-id.sec.dhke.exercise.03,exercises,ttp.concept.diffie_hellman_key_exchange,2950,"{""end_line"":5763,""path"":""authority/downloads/yaintt.tex"",""start_line"":5760}",high
r014.backend.record,1.0.0,ttp.r014.relation.2951,relation,active,ttp.r014.yaintt,ttp.r014.yaintt,,und,2026-08-22T03:06:00+02:00,codex.r014.id-ID,,ttp.r014.unit.id-id.sec.dhke.exercise.03,exercises,ttp.concept.dh_secret_exponent,2951,"{""end_line"":5763,""path"":""authority/downloads/yaintt.tex"",""start_line"":5760}",high
r014.backend.record,1.0.0,ttp.r014.relation.2952,relation,active,ttp.r014.yaintt,ttp.r014.yaintt,,und,2026-08-22T03:06:00+02:00,codex.r014.id-ID,,ttp.r014.unit.id-id.sec.dhke.exercise.03,exercises,ttp.concept.shared_secret,2952,"{""end_line"":5763,""path"":""authority/downloads/yaintt.tex"",""start_line"":5760}",high
r014.backend.record,1.0.0,ttp.r014.relation.2953,relation,active,ttp.r014.yaintt,ttp.r014.yaintt,,und,2026-08-22T03:06:00+02:00,codex.r014.id-ID,,ttp.r014.unit.id-id.sec.dhke.exercise.03,exercises,ttp.concept.sophie_germain_prime,2953,"{""end_line"":5763,""path"":""authority/downloads/yaintt.tex"",""start_line"":5760}",high
r014.backend.record,1.0.0,ttp.r014.relation.2954,relation,active,ttp.r014.yaintt,ttp.r014.yaintt,,und,2026-08-22T03:06:00+02:00,codex.r014.id-ID,,ttp.r014.unit.id-id.sec.dhke.exercise.03,exercises,ttp.concept.diffie_hellman_problem,2954,"{""end_line"":5763,""path"":""authority/downloads/yaintt.tex"",""start_line"":5760}",high
r014.backend.record,1.0.0,ttp.r014.relation.2955,relation,active,ttp.r014.yaintt,ttp.r014.yaintt,,und,2026-08-22T03:06:00+02:00,codex.r014.id-ID,,ttp.r014.unit.id-id.sec.dhke.exercise.03,exercises,ttp.concept.dh_public_parameters,2955,"{""end_line"":5763,""path"":""authority/downloads/yaintt.tex"",""start_line"":5760}",high
r014.backend.record,1.0.0,ttp.r014.relation.2956,relation,active,ttp.r014.yaintt,ttp.r014.yaintt,,und,2026-08-22T03:06:00+02:00,codex.r014.id-ID,,ttp.r014.unit.id-id.sec.tegc,covers,ttp.concept.elgamal_cryptosystem,2956,"{""path"":""qa/review-candidates/boundary28-r2/TERMINOLOGY.md"",""sha256"":""3e3fe31baa8565bbc54cd6d789570cac18ed469f68cf683f08dd639ef92d9bd1""}",high
r014.backend.record,1.0.0,ttp.r014.relation.2957,relation,active,ttp.r014.yaintt,ttp.r014.yaintt,,und,2026-08-22T03:06:00+02:00,codex.r014.id-ID,,ttp.r014.unit.id-id.sec.tegc,covers,ttp.concept.elgamal_public_key,2957,"{""path"":""qa/review-candidates/boundary28-r2/TERMINOLOGY.md"",""sha256"":""3e3fe31baa8565bbc54cd6d789570cac18ed469f68cf683f08dd639ef92d9bd1""}",high
r014.backend.record,1.0.0,ttp.r014.relation.2958,relation,active,ttp.r014.yaintt,ttp.r014.yaintt,,und,2026-08-22T03:06:00+02:00,codex.r014.id-ID,,ttp.r014.unit.id-id.sec.tegc,covers,ttp.concept.elgamal_private_key,2958,"{""path"":""qa/review-candidates/boundary28-r2/TERMINOLOGY.md"",""sha256"":""3e3fe31baa8565bbc54cd6d789570cac18ed469f68cf683f08dd639ef92d9bd1""}",high
r014.backend.record,1.0.0,ttp.r014.relation.2959,relation,active,ttp.r014.yaintt,ttp.r014.yaintt,,und,2026-08-22T03:06:00+02:00,codex.r014.id-ID,,ttp.r014.unit.id-id.sec.tegc,covers,ttp.concept.elgamal_ephemeral_exponent,2959,"{""path"":""qa/review-candidates/boundary28-r2/TERMINOLOGY.md"",""sha256"":""3e3fe31baa8565bbc54cd6d789570cac18ed469f68cf683f08dd639ef92d9bd1""}",high
r014.backend.record,1.0.0,ttp.r014.relation.2960,relation,active,ttp.r014.yaintt,ttp.r014.yaintt,,und,2026-08-22T03:06:00+02:00,codex.r014.id-ID,,ttp.r014.unit.id-id.sec.tegc,covers,ttp.concept.elgamal_ciphertext,2960,"{""path"":""qa/review-candidates/boundary28-r2/TERMINOLOGY.md"",""sha256"":""3e3fe31baa8565bbc54cd6d789570cac18ed469f68cf683f08dd639ef92d9bd1""}",high
r014.backend.record,1.0.0,ttp.r014.relation.2961,relation,active,ttp.r014.yaintt,ttp.r014.yaintt,,und,2026-08-22T03:06:00+02:00,codex.r014.id-ID,,ttp.r014.unit.id-id.sec.tegc,covers,ttp.concept.elgamal_signature,2961,"{""path"":""qa/review-candidates/boundary28-r2/TERMINOLOGY.md"",""sha256"":""3e3fe31baa8565bbc54cd6d789570cac18ed469f68cf683f08dd639ef92d9bd1""}",high
r014.backend.record,1.0.0,ttp.r014.relation.2962,relation,active,ttp.r014.yaintt,ttp.r014.yaintt,,und,2026-08-22T03:06:00+02:00,codex.r014.id-ID,,ttp.r014.unit.id-id.sec.tegc,covers,ttp.concept.elgamal_signature_nonce,2962,"{""path"":""qa/review-candidates/boundary28-r2/TERMINOLOGY.md"",""sha256"":""3e3fe31baa8565bbc54cd6d789570cac18ed469f68cf683f08dd639ef92d9bd1""}",high
r014.backend.record,1.0.0,ttp.r014.relation.2963,relation,active,ttp.r014.yaintt,ttp.r014.yaintt,,und,2026-08-22T03:06:00+02:00,codex.r014.id-ID,,ttp.r014.unit.id-id.sec.tegc,covers,ttp.concept.functional_correctness,2963,"{""path"":""qa/review-candidates/boundary28-r2/TERMINOLOGY.md"",""sha256"":""3e3fe31baa8565bbc54cd6d789570cac18ed469f68cf683f08dd639ef92d9bd1""}",high
r014.backend.record,1.0.0,ttp.r014.relation.2964,relation,active,ttp.r014.yaintt,ttp.r014.yaintt,,und,2026-08-22T03:06:00+02:00,codex.r014.id-ID,,ttp.r014.unit.id-id.sec.tegc,covers,ttp.concept.semantic_security,2964,"{""path"":""qa/review-candidates/boundary28-r2/TERMINOLOGY.md"",""sha256"":""3e3fe31baa8565bbc54cd6d789570cac18ed469f68cf683f08dd639ef92d9bd1""}",high
r014.backend.record,1.0.0,ttp.r014.relation.2965,relation,active,ttp.r014.yaintt,ttp.r014.yaintt,,und,2026-08-22T03:06:00+02:00,codex.r014.id-ID,,ttp.r014.unit.id-id.sec.tegc,covers,ttp.concept.fresh_randomness,2965,"{""path"":""qa/review-candidates/boundary28-r2/TERMINOLOGY.md"",""sha256"":""3e3fe31baa8565bbc54cd6d789570cac18ed469f68cf683f08dd639ef92d9bd1""}",high
r014.backend.record,1.0.0,ttp.r014.relation.2966,relation,active,ttp.r014.yaintt,ttp.r014.yaintt,,und,2026-08-22T03:06:00+02:00,codex.r014.id-ID,,ttp.r014.unit.id-id.sec.tegc.exercise.01,exercises,ttp.concept.elgamal_cryptosystem,2966,"{""end_line"":5971,""path"":""authority/downloads/yaintt.tex"",""start_line"":5961}",high
r014.backend.record,1.0.0,ttp.r014.relation.2967,relation,active,ttp.r014.yaintt,ttp.r014.yaintt,,und,2026-08-22T03:06:00+02:00,codex.r014.id-ID,,ttp.r014.unit.id-id.sec.tegc.exercise.01,exercises,ttp.concept.elgamal_public_key,2967,"{""end_line"":5971,""path"":""authority/downloads/yaintt.tex"",""start_line"":5961}",high
r014.backend.record,1.0.0,ttp.r014.relation.2968,relation,active,ttp.r014.yaintt,ttp.r014.yaintt,,und,2026-08-22T03:06:00+02:00,codex.r014.id-ID,,ttp.r014.unit.id-id.sec.tegc.exercise.01,exercises,ttp.concept.elgamal_private_key,2968,"{""end_line"":5971,""path"":""authority/downloads/yaintt.tex"",""start_line"":5961}",high
r014.backend.record,1.0.0,ttp.r014.relation.2969,relation,active,ttp.r014.yaintt,ttp.r014.yaintt,,und,2026-08-22T03:06:00+02:00,codex.r014.id-ID,,ttp.r014.unit.id-id.sec.tegc.exercise.01,exercises,ttp.concept.elgamal_ephemeral_exponent,2969,"{""end_line"":5971,""path"":""authority/downloads/yaintt.tex"",""start_line"":5961}",high
r014.backend.record,1.0.0,ttp.r014.relation.2970,relation,active,ttp.r014.yaintt,ttp.r014.yaintt,,und,2026-08-22T03:06:00+02:00,codex.r014.id-ID,,ttp.r014.unit.id-id.sec.tegc.exercise.01,exercises,ttp.concept.elgamal_ciphertext,2970,"{""end_line"":5971,""path"":""authority/downloads/yaintt.tex"",""start_line"":5961}",high
r014.backend.record,1.0.0,ttp.r014.relation.2971,relation,active,ttp.r014.yaintt,ttp.r014.yaintt,,und,2026-08-22T03:06:00+02:00,codex.r014.id-ID,,ttp.r014.unit.id-id.sec.tegc.exercise.01,exercises,ttp.concept.elgamal_signature,2971,"{""end_line"":5971,""path"":""authority/downloads/yaintt.tex"",""start_line"":5961}",high
r014.backend.record,1.0.0,ttp.r014.relation.2972,relation,active,ttp.r014.yaintt,ttp.r014.yaintt,,und,2026-08-22T03:06:00+02:00,codex.r014.id-ID,,ttp.r014.unit.id-id.sec.tegc.exercise.01,exercises,ttp.concept.elgamal_signature_nonce,2972,"{""end_line"":5971,""path"":""authority/downloads/yaintt.tex"",""start_line"":5961}",high
r014.backend.record,1.0.0,ttp.r014.relation.2973,relation,active,ttp.r014.yaintt,ttp.r014.yaintt,,und,2026-08-22T03:06:00+02:00,codex.r014.id-ID,,ttp.r014.unit.id-id.sec.tegc.exercise.01,exercises,ttp.concept.functional_correctness,2973,"{""end_line"":5971,""path"":""authority/downloads/yaintt.tex"",""start_line"":5961}",high
r014.backend.record,1.0.0,ttp.r014.relation.2974,relation,active,ttp.r014.yaintt,ttp.r014.yaintt,,und,2026-08-22T03:06:00+02:00,codex.r014.id-ID,,ttp.r014.unit.id-id.sec.tegc.exercise.01,exercises,ttp.concept.semantic_security,2974,"{""end_line"":5971,""path"":""authority/downloads/yaintt.tex"",""start_line"":5961}",high
r014.backend.record,1.0.0,ttp.r014.relation.2975,relation,active,ttp.r014.yaintt,ttp.r014.yaintt,,und,2026-08-22T03:06:00+02:00,codex.r014.id-ID,,ttp.r014.unit.id-id.sec.tegc.exercise.01,exercises,ttp.concept.fresh_randomness,2975,"{""end_line"":5971,""path"":""authority/downloads/yaintt.tex"",""start_line"":5961}",high
r014.backend.record,1.0.0,ttp.r014.relation.2976,relation,active,ttp.r014.yaintt,ttp.r014.yaintt,,und,2026-08-22T03:06:00+02:00,codex.r014.id-ID,,ttp.r014.unit.id-id.sec.tegc.exercise.02,exercises,ttp.concept.elgamal_cryptosystem,2976,"{""end_line"":5983,""path"":""authority/downloads/yaintt.tex"",""start_line"":5973}",high
r014.backend.record,1.0.0,ttp.r014.relation.2977,relation,active,ttp.r014.yaintt,ttp.r014.yaintt,,und,2026-08-22T03:06:00+02:00,codex.r014.id-ID,,ttp.r014.unit.id-id.sec.tegc.exercise.02,exercises,ttp.concept.elgamal_public_key,2977,"{""end_line"":5983,""path"":""authority/downloads/yaintt.tex"",""start_line"":5973}",high
r014.backend.record,1.0.0,ttp.r014.relation.2978,relation,active,ttp.r014.yaintt,ttp.r014.yaintt,,und,2026-08-22T03:06:00+02:00,codex.r014.id-ID,,ttp.r014.unit.id-id.sec.tegc.exercise.02,exercises,ttp.concept.elgamal_private_key,2978,"{""end_line"":5983,""path"":""authority/downloads/yaintt.tex"",""start_line"":5973}",high
r014.backend.record,1.0.0,ttp.r014.relation.2979,relation,active,ttp.r014.yaintt,ttp.r014.yaintt,,und,2026-08-22T03:06:00+02:00,codex.r014.id-ID,,ttp.r014.unit.id-id.sec.tegc.exercise.02,exercises,ttp.concept.elgamal_ephemeral_exponent,2979,"{""end_line"":5983,""path"":""authority/downloads/yaintt.tex"",""start_line"":5973}",high
r014.backend.record,1.0.0,ttp.r014.relation.2980,relation,active,ttp.r014.yaintt,ttp.r014.yaintt,,und,2026-08-22T03:06:00+02:00,codex.r014.id-ID,,ttp.r014.unit.id-id.sec.tegc.exercise.02,exercises,ttp.concept.elgamal_ciphertext,2980,"{""end_line"":5983,""path"":""authority/downloads/yaintt.tex"",""start_line"":5973}",high
r014.backend.record,1.0.0,ttp.r014.relation.2981,relation,active,ttp.r014.yaintt,ttp.r014.yaintt,,und,2026-08-22T03:06:00+02:00,codex.r014.id-ID,,ttp.r014.unit.id-id.sec.tegc.exercise.02,exercises,ttp.concept.elgamal_signature,2981,"{""end_line"":5983,""path"":""authority/downloads/yaintt.tex"",""start_line"":5973}",high
r014.backend.record,1.0.0,ttp.r014.relation.2982,relation,active,ttp.r014.yaintt,ttp.r014.yaintt,,und,2026-08-22T03:06:00+02:00,codex.r014.id-ID,,ttp.r014.unit.id-id.sec.tegc.exercise.02,exercises,ttp.concept.elgamal_signature_nonce,2982,"{""end_line"":5983,""path"":""authority/downloads/yaintt.tex"",""start_line"":5973}",high
r014.backend.record,1.0.0,ttp.r014.relation.2983,relation,active,ttp.r014.yaintt,ttp.r014.yaintt,,und,2026-08-22T03:06:00+02:00,codex.r014.id-ID,,ttp.r014.unit.id-id.sec.tegc.exercise.02,exercises,ttp.concept.functional_correctness,2983,"{""end_line"":5983,""path"":""authority/downloads/yaintt.tex"",""start_line"":5973}",high
r014.backend.record,1.0.0,ttp.r014.relation.2984,relation,active,ttp.r014.yaintt,ttp.r014.yaintt,,und,2026-08-22T03:06:00+02:00,codex.r014.id-ID,,ttp.r014.unit.id-id.sec.tegc.exercise.02,exercises,ttp.concept.semantic_security,2984,"{""end_line"":5983,""path"":""authority/downloads/yaintt.tex"",""start_line"":5973}",high
r014.backend.record,1.0.0,ttp.r014.relation.2985,relation,active,ttp.r014.yaintt,ttp.r014.yaintt,,und,2026-08-22T03:06:00+02:00,codex.r014.id-ID,,ttp.r014.unit.id-id.sec.tegc.exercise.02,exercises,ttp.concept.fresh_randomness,2985,"{""end_line"":5983,""path"":""authority/downloads/yaintt.tex"",""start_line"":5973}",high
r014.backend.record,1.0.0,ttp.r014.relation.2986,relation,active,ttp.r014.yaintt,ttp.r014.yaintt,,und,2026-08-22T03:06:00+02:00,codex.r014.id-ID,,ttp.r014.unit.id-id.sec.tegc.exercise.03,exercises,ttp.concept.elgamal_cryptosystem,2986,"{""end_line"":5992,""path"":""authority/downloads/yaintt.tex"",""start_line"":5985}",high
r014.backend.record,1.0.0,ttp.r014.relation.2987,relation,active,ttp.r014.yaintt,ttp.r014.yaintt,,und,2026-08-22T03:06:00+02:00,codex.r014.id-ID,,ttp.r014.unit.id-id.sec.tegc.exercise.03,exercises,ttp.concept.elgamal_public_key,2987,"{""end_line"":5992,""path"":""authority/downloads/yaintt.tex"",""start_line"":5985}",high
r014.backend.record,1.0.0,ttp.r014.relation.2988,relation,active,ttp.r014.yaintt,ttp.r014.yaintt,,und,2026-08-22T03:06:00+02:00,codex.r014.id-ID,,ttp.r014.unit.id-id.sec.tegc.exercise.03,exercises,ttp.concept.elgamal_private_key,2988,"{""end_line"":5992,""path"":""authority/downloads/yaintt.tex"",""start_line"":5985}",high
r014.backend.record,1.0.0,ttp.r014.relation.2989,relation,active,ttp.r014.yaintt,ttp.r014.yaintt,,und,2026-08-22T03:06:00+02:00,codex.r014.id-ID,,ttp.r014.unit.id-id.sec.tegc.exercise.03,exercises,ttp.concept.elgamal_ephemeral_exponent,2989,"{""end_line"":5992,""path"":""authority/downloads/yaintt.tex"",""start_line"":5985}",high
r014.backend.record,1.0.0,ttp.r014.relation.2990,relation,active,ttp.r014.yaintt,ttp.r014.yaintt,,und,2026-08-22T03:06:00+02:00,codex.r014.id-ID,,ttp.r014.unit.id-id.sec.tegc.exercise.03,exercises,ttp.concept.elgamal_ciphertext,2990,"{""end_line"":5992,""path"":""authority/downloads/yaintt.tex"",""start_line"":5985}",high
r014.backend.record,1.0.0,ttp.r014.relation.2991,relation,active,ttp.r014.yaintt,ttp.r014.yaintt,,und,2026-08-22T03:06:00+02:00,codex.r014.id-ID,,ttp.r014.unit.id-id.sec.tegc.exercise.03,exercises,ttp.concept.elgamal_signature,2991,"{""end_line"":5992,""path"":""authority/downloads/yaintt.tex"",""start_line"":5985}",high
r014.backend.record,1.0.0,ttp.r014.relation.2992,relation,active,ttp.r014.yaintt,ttp.r014.yaintt,,und,2026-08-22T03:06:00+02:00,codex.r014.id-ID,,ttp.r014.unit.id-id.sec.tegc.exercise.03,exercises,ttp.concept.elgamal_signature_nonce,2992,"{""end_line"":5992,""path"":""authority/downloads/yaintt.tex"",""start_line"":5985}",high
r014.backend.record,1.0.0,ttp.r014.relation.2993,relation,active,ttp.r014.yaintt,ttp.r014.yaintt,,und,2026-08-22T03:06:00+02:00,codex.r014.id-ID,,ttp.r014.unit.id-id.sec.tegc.exercise.03,exercises,ttp.concept.functional_correctness,2993,"{""end_line"":5992,""path"":""authority/downloads/yaintt.tex"",""start_line"":5985}",high
r014.backend.record,1.0.0,ttp.r014.relation.2994,relation,active,ttp.r014.yaintt,ttp.r014.yaintt,,und,2026-08-22T03:06:00+02:00,codex.r014.id-ID,,ttp.r014.unit.id-id.sec.tegc.exercise.03,exercises,ttp.concept.semantic_security,2994,"{""end_line"":5992,""path"":""authority/downloads/yaintt.tex"",""start_line"":5985}",high
r014.backend.record,1.0.0,ttp.r014.relation.2995,relation,active,ttp.r014.yaintt,ttp.r014.yaintt,,und,2026-08-22T03:06:00+02:00,codex.r014.id-ID,,ttp.r014.unit.id-id.sec.tegc.exercise.03,exercises,ttp.concept.fresh_randomness,2995,"{""end_line"":5992,""path"":""authority/downloads/yaintt.tex"",""start_line"":5985}",high
r014.backend.record,1.0.0,ttp.r014.relation.2996,relation,active,ttp.r014.yaintt,ttp.r014.yaintt,,und,2026-08-22T03:06:00+02:00,codex.r014.id-ID,,ttp.r014.unit.id-id.chap.ieqdl,covers,ttp.concept.discrete_logarithm,2996,"{""path"":""qa/review-candidates/boundary28-r2/TERMINOLOGY.md"",""sha256"":""3e3fe31baa8565bbc54cd6d789570cac18ed469f68cf683f08dd639ef92d9bd1""}",high
r014.backend.record,1.0.0,ttp.r014.relation.2997,relation,active,ttp.r014.yaintt,ttp.r014.yaintt,,und,2026-08-22T03:06:00+02:00,codex.r014.id-ID,,ttp.r014.unit.id-id.chap.ieqdl,covers,ttp.concept.index_modulo,2997,"{""path"":""qa/review-candidates/boundary28-r2/TERMINOLOGY.md"",""sha256"":""3e3fe31baa8565bbc54cd6d789570cac18ed469f68cf683f08dd639ef92d9bd1""}",high
r014.backend.record,1.0.0,ttp.r014.relation.2998,relation,active,ttp.r014.yaintt,ttp.r014.yaintt,,und,2026-08-22T03:06:00+02:00,codex.r014.id-ID,,ttp.r014.unit.id-id.chap.ieqdl,covers,ttp.concept.multiplicative_order,2998,"{""path"":""qa/review-candidates/boundary28-r2/TERMINOLOGY.md"",""sha256"":""3e3fe31baa8565bbc54cd6d789570cac18ed469f68cf683f08dd639ef92d9bd1""}",high
r014.backend.record,1.0.0,ttp.r014.relation.2999,relation,active,ttp.r014.yaintt,ttp.r014.yaintt,,und,2026-08-22T03:06:00+02:00,codex.r014.id-ID,,ttp.concept.prime,prerequisite_for,ttp.concept.composite,2999,"{""notes"":""A natural number greater than 1 that is not prime."",""path"":""qa/review-candidates/boundary28-r2/TERMINOLOGY.md"",""sha256"":""3e3fe31baa8565bbc54cd6d789570cac18ed469f68cf683f08dd639ef92d9bd1"",""terminology_id"":""nt.composite""}",high
r014.backend.record,1.0.0,ttp.r014.relation.3000,relation,active,ttp.r014.yaintt,ttp.r014.yaintt,,und,2026-08-22T03:06:00+02:00,codex.r014.id-ID,,ttp.concept.divisibility,prerequisite_for,ttp.concept.composite,3000,"{""notes"":""A natural number greater than 1 that is not prime."",""path"":""qa/review-candidates/boundary28-r2/TERMINOLOGY.md"",""sha256"":""3e3fe31baa8565bbc54cd6d789570cac18ed469f68cf683f08dd639ef92d9bd1"",""terminology_id"":""nt.composite""}",high
r014.backend.record,1.0.0,ttp.r014.relation.3001,relation,active,ttp.r014.yaintt,ttp.r014.yaintt,,und,2026-08-22T03:06:00+02:00,codex.r014.id-ID,,ttp.concept.prime,prerequisite_for,ttp.concept.prime_factorization,3001,"{""notes"":""Factorization into prime factors, unique up to order."",""path"":""qa/review-candidates/boundary28-r2/TERMINOLOGY.md"",""sha256"":""3e3fe31baa8565bbc54cd6d789570cac18ed469f68cf683f08dd639ef92d9bd1"",""terminology_id"":""nt.prime_factorization""}",high
r014.backend.record,1.0.0,ttp.r014.relation.3002,relation,active,ttp.r014.yaintt,ttp.r014.yaintt,,und,2026-08-22T03:06:00+02:00,codex.r014.id-ID,,ttp.concept.divisibility,prerequisite_for,ttp.concept.prime_factorization,3002,"{""notes"":""Factorization into prime factors, unique up to order."",""path"":""qa/review-candidates/boundary28-r2/TERMINOLOGY.md"",""sha256"":""3e3fe31baa8565bbc54cd6d789570cac18ed469f68cf683f08dd639ef92d9bd1"",""terminology_id"":""nt.prime_factorization""}",high
r014.backend.record,1.0.0,ttp.r014.relation.3003,relation,active,ttp.r014.yaintt,ttp.r014.yaintt,,und,2026-08-22T03:06:00+02:00,codex.r014.id-ID,,ttp.concept.prime_factorization,prerequisite_for,ttp.concept.fundamental_theorem_arithmetic,3003,"{""notes"":""Existence and uniqueness of prime factorization for `n\\ge2`."",""path"":""qa/review-candidates/boundary28-r2/TERMINOLOGY.md"",""sha256"":""3e3fe31baa8565bbc54cd6d789570cac18ed469f68cf683f08dd639ef92d9bd1"",""terminology_id"":""nt.fundamental_theorem_arithmetic""}",high
r014.backend.record,1.0.0,ttp.r014.relation.3004,relation,active,ttp.r014.yaintt,ttp.r014.yaintt,,und,2026-08-22T03:06:00+02:00,codex.r014.id-ID,,ttp.concept.well_ordering_principle,prerequisite_for,ttp.concept.fundamental_theorem_arithmetic,3004,"{""notes"":""Existence and uniqueness of prime factorization for `n\\ge2`."",""path"":""qa/review-candidates/boundary28-r2/TERMINOLOGY.md"",""sha256"":""3e3fe31baa8565bbc54cd6d789570cac18ed469f68cf683f08dd639ef92d9bd1"",""terminology_id"":""nt.fundamental_theorem_arithmetic""}",high
r014.backend.record,1.0.0,ttp.r014.relation.3005,relation,active,ttp.r014.yaintt,ttp.r014.yaintt,,und,2026-08-22T03:06:00+02:00,codex.r014.id-ID,,ttp.concept.prime_factorization,prerequisite_for,ttp.concept.square_free,3005,"{""notes"":""Include `1` via the empty product convention."",""path"":""qa/review-candidates/boundary28-r2/TERMINOLOGY.md"",""sha256"":""3e3fe31baa8565bbc54cd6d789570cac18ed469f68cf683f08dd639ef92d9bd1"",""terminology_id"":""nt.square_free""}",high
r014.backend.record,1.0.0,ttp.r014.relation.3006,relation,active,ttp.r014.yaintt,ttp.r014.yaintt,,und,2026-08-22T03:06:00+02:00,codex.r014.id-ID,,ttp.concept.divisibility,prerequisite_for,ttp.concept.proper_divisor,3006,"{""notes"":""Here, a positive divisor strictly between `1` and `n`."",""path"":""qa/review-candidates/boundary28-r2/TERMINOLOGY.md"",""sha256"":""3e3fe31baa8565bbc54cd6d789570cac18ed469f68cf683f08dd639ef92d9bd1"",""terminology_id"":""nt.proper_divisor""}",high
r014.backend.record,1.0.0,ttp.r014.relation.3007,relation,active,ttp.r014.yaintt,ttp.r014.yaintt,,und,2026-08-22T03:06:00+02:00,codex.r014.id-ID,,ttp.concept.prime,prerequisite_for,ttp.concept.wilsons_theorem,3007,"{""notes"":""Preserve the label `thm:wilsons`."",""path"":""qa/review-candidates/boundary28-r2/TERMINOLOGY.md"",""sha256"":""3e3fe31baa8565bbc54cd6d789570cac18ed469f68cf683f08dd639ef92d9bd1"",""terminology_id"":""nt.wilsons_theorem""}",high
r014.backend.record,1.0.0,ttp.r014.relation.3008,relation,active,ttp.r014.yaintt,ttp.r014.yaintt,,und,2026-08-22T03:06:00+02:00,codex.r014.id-ID,,ttp.concept.modular_inverse,prerequisite_for,ttp.concept.wilsons_theorem,3008,"{""notes"":""Preserve the label `thm:wilsons`."",""path"":""qa/review-candidates/boundary28-r2/TERMINOLOGY.md"",""sha256"":""3e3fe31baa8565bbc54cd6d789570cac18ed469f68cf683f08dd639ef92d9bd1"",""terminology_id"":""nt.wilsons_theorem""}",high
r014.backend.record,1.0.0,ttp.r014.relation.3009,relation,active,ttp.r014.yaintt,ttp.r014.yaintt,,und,2026-08-22T03:06:00+02:00,codex.r014.id-ID,,ttp.concept.modular_inverse,prerequisite_for,ttp.concept.self_inverse,3009,"{""notes"":""Use in the supporting lemma; do not imply ordinary real reciprocals."",""path"":""qa/review-candidates/boundary28-r2/TERMINOLOGY.md"",""sha256"":""3e3fe31baa8565bbc54cd6d789570cac18ed469f68cf683f08dd639ef92d9bd1"",""terminology_id"":""nt.self_inverse""}",high
r014.backend.record,1.0.0,ttp.r014.relation.3010,relation,active,ttp.r014.yaintt,ttp.r014.yaintt,,und,2026-08-22T03:06:00+02:00,codex.r014.id-ID,,ttp.concept.prime,prerequisite_for,ttp.concept.primality_test,3010,"{""notes"":""Wilson's criterion is correct but computationally impractical."",""path"":""qa/review-candidates/boundary28-r2/TERMINOLOGY.md"",""sha256"":""3e3fe31baa8565bbc54cd6d789570cac18ed469f68cf683f08dd639ef92d9bd1"",""terminology_id"":""nt.primality_test""}",high
r014.backend.record,1.0.0,ttp.r014.relation.3011,relation,active,ttp.r014.yaintt,ttp.r014.yaintt,,und,2026-08-22T03:06:00+02:00,codex.r014.id-ID,,ttp.concept.wilsons_theorem,prerequisite_for,ttp.concept.primality_test,3011,"{""notes"":""Wilson's criterion is correct but computationally impractical."",""path"":""qa/review-candidates/boundary28-r2/TERMINOLOGY.md"",""sha256"":""3e3fe31baa8565bbc54cd6d789570cac18ed469f68cf683f08dd639ef92d9bd1"",""terminology_id"":""nt.primality_test""}",high
r014.backend.record,1.0.0,ttp.r014.relation.3012,relation,active,ttp.r014.yaintt,ttp.r014.yaintt,,und,2026-08-22T03:06:00+02:00,codex.r014.id-ID,,ttp.concept.congruence,prerequisite_for,ttp.concept.multiplicative_order,3012,"{""notes"":""Written `\\ord_n(a)`; definition requires `n\\ge2` and `\\gcd(a,n)=1`."",""path"":""qa/review-candidates/boundary28-r2/TERMINOLOGY.md"",""sha256"":""3e3fe31baa8565bbc54cd6d789570cac18ed469f68cf683f08dd639ef92d9bd1"",""terminology_id"":""nt.multiplicative_order""}",high
r014.backend.record,1.0.0,ttp.r014.relation.3013,relation,active,ttp.r014.yaintt,ttp.r014.yaintt,,und,2026-08-22T03:06:00+02:00,codex.r014.id-ID,,ttp.concept.modular_inverse,prerequisite_for,ttp.concept.multiplicative_order,3013,"{""notes"":""Written `\\ord_n(a)`; definition requires `n\\ge2` and `\\gcd(a,n)=1`."",""path"":""qa/review-candidates/boundary28-r2/TERMINOLOGY.md"",""sha256"":""3e3fe31baa8565bbc54cd6d789570cac18ed469f68cf683f08dd639ef92d9bd1"",""terminology_id"":""nt.multiplicative_order""}",high
r014.backend.record,1.0.0,ttp.r014.relation.3014,relation,active,ttp.r014.yaintt,ttp.r014.yaintt,,und,2026-08-22T03:06:00+02:00,codex.r014.id-ID,,ttp.concept.unit_group,prerequisite_for,ttp.concept.lagranges_theorem,3014,"{""notes"":""Used here through the divisibility of a subgroup order."",""path"":""qa/review-candidates/boundary28-r2/TERMINOLOGY.md"",""sha256"":""3e3fe31baa8565bbc54cd6d789570cac18ed469f68cf683f08dd639ef92d9bd1"",""terminology_id"":""algebra.lagranges_theorem""}",high
r014.backend.record,1.0.0,ttp.r014.relation.3015,relation,active,ttp.r014.yaintt,ttp.r014.yaintt,,und,2026-08-22T03:06:00+02:00,codex.r014.id-ID,,ttp.concept.unit_group,prerequisite_for,ttp.concept.cyclic_subgroup,3015,"{""notes"":""Written `\\left<a\\right>` in the authority."",""path"":""qa/review-candidates/boundary28-r2/TERMINOLOGY.md"",""sha256"":""3e3fe31baa8565bbc54cd6d789570cac18ed469f68cf683f08dd639ef92d9bd1"",""terminology_id"":""algebra.cyclic_subgroup""}",high
r014.backend.record,1.0.0,ttp.r014.relation.3016,relation,active,ttp.r014.yaintt,ttp.r014.yaintt,,und,2026-08-22T03:06:00+02:00,codex.r014.id-ID,,ttp.concept.multiplicative_order,prerequisite_for,ttp.concept.cyclic_subgroup,3016,"{""notes"":""Written `\\left<a\\right>` in the authority."",""path"":""qa/review-candidates/boundary28-r2/TERMINOLOGY.md"",""sha256"":""3e3fe31baa8565bbc54cd6d789570cac18ed469f68cf683f08dd639ef92d9bd1"",""terminology_id"":""algebra.cyclic_subgroup""}",high
r014.backend.record,1.0.0,ttp.r014.relation.3017,relation,active,ttp.r014.yaintt,ttp.r014.yaintt,,und,2026-08-22T03:06:00+02:00,codex.r014.id-ID,,ttp.concept.cyclic_subgroup,prerequisite_for,ttp.concept.coset,3017,"{""notes"":""A translate `x\\left<a\\right>` of the cyclic subgroup."",""path"":""qa/review-candidates/boundary28-r2/TERMINOLOGY.md"",""sha256"":""3e3fe31baa8565bbc54cd6d789570cac18ed469f68cf683f08dd639ef92d9bd1"",""terminology_id"":""algebra.coset""}",high
r014.backend.record,1.0.0,ttp.r014.relation.3018,relation,active,ttp.r014.yaintt,ttp.r014.yaintt,,und,2026-08-22T03:06:00+02:00,codex.r014.id-ID,,ttp.concept.multiplicative_order,prerequisite_for,ttp.concept.eulers_theorem,3018,"{""notes"":""Preserve `a^{\\phi(n)}\\equiv1\\pmod n` under the coprimality hypothesis."",""path"":""qa/review-candidates/boundary28-r2/TERMINOLOGY.md"",""sha256"":""3e3fe31baa8565bbc54cd6d789570cac18ed469f68cf683f08dd639ef92d9bd1"",""terminology_id"":""nt.eulers_theorem""}",high
r014.backend.record,1.0.0,ttp.r014.relation.3019,relation,active,ttp.r014.yaintt,ttp.r014.yaintt,,und,2026-08-22T03:06:00+02:00,codex.r014.id-ID,,ttp.concept.euler_phi_function,prerequisite_for,ttp.concept.eulers_theorem,3019,"{""notes"":""Preserve `a^{\\phi(n)}\\equiv1\\pmod n` under the coprimality hypothesis."",""path"":""qa/review-candidates/boundary28-r2/TERMINOLOGY.md"",""sha256"":""3e3fe31baa8565bbc54cd6d789570cac18ed469f68cf683f08dd639ef92d9bd1"",""terminology_id"":""nt.eulers_theorem""}",high
r014.backend.record,1.0.0,ttp.r014.relation.3020,relation,active,ttp.r014.yaintt,ttp.r014.yaintt,,und,2026-08-22T03:06:00+02:00,codex.r014.id-ID,,ttp.concept.eulers_theorem,prerequisite_for,ttp.concept.fermats_little_theorem,3020,"{""notes"":""Use this established Indonesian word order consistently."",""path"":""qa/review-candidates/boundary28-r2/TERMINOLOGY.md"",""sha256"":""3e3fe31baa8565bbc54cd6d789570cac18ed469f68cf683f08dd639ef92d9bd1"",""terminology_id"":""nt.fermats_little_theorem""}",high
r014.backend.record,1.0.0,ttp.r014.relation.3021,relation,active,ttp.r014.yaintt,ttp.r014.yaintt,,und,2026-08-22T03:06:00+02:00,codex.r014.id-ID,,ttp.concept.prime,prerequisite_for,ttp.concept.fermats_little_theorem,3021,"{""notes"":""Use this established Indonesian word order consistently."",""path"":""qa/review-candidates/boundary28-r2/TERMINOLOGY.md"",""sha256"":""3e3fe31baa8565bbc54cd6d789570cac18ed469f68cf683f08dd639ef92d9bd1"",""terminology_id"":""nt.fermats_little_theorem""}",high
r014.backend.record,1.0.0,ttp.r014.relation.3022,relation,active,ttp.r014.yaintt,ttp.r014.yaintt,,und,2026-08-22T03:06:00+02:00,codex.r014.id-ID,,ttp.concept.congruence,prerequisite_for,ttp.concept.caesar_cipher,3022,"{""notes"":""A monoalphabetic shift cipher; system name `kriptosistem Caesar`."",""path"":""qa/review-candidates/boundary28-r2/TERMINOLOGY.md"",""sha256"":""3e3fe31baa8565bbc54cd6d789570cac18ed469f68cf683f08dd639ef92d9bd1"",""terminology_id"":""crypto.caesar_cipher""}",high
r014.backend.record,1.0.0,ttp.r014.relation.3023,relation,active,ttp.r014.yaintt,ttp.r014.yaintt,,und,2026-08-22T03:06:00+02:00,codex.r014.id-ID,,ttp.concept.caesar_cipher,prerequisite_for,ttp.concept.vigenere_cipher,3023,"{""notes"":""Preserve the name and key-vector notation; the source uses a LaTeX accent macro."",""path"":""qa/review-candidates/boundary28-r2/TERMINOLOGY.md"",""sha256"":""3e3fe31baa8565bbc54cd6d789570cac18ed469f68cf683f08dd639ef92d9bd1"",""terminology_id"":""crypto.vigenere_cipher""}",high
r014.backend.record,1.0.0,ttp.r014.relation.3024,relation,active,ttp.r014.yaintt,ttp.r014.yaintt,,und,2026-08-22T03:06:00+02:00,codex.r014.id-ID,,ttp.concept.vigenere_cipher,prerequisite_for,ttp.concept.one_time_pad,3024,"{""notes"":""Introduce the English term parenthetically once; use the Indonesian form thereafter."",""path"":""qa/review-candidates/boundary28-r2/TERMINOLOGY.md"",""sha256"":""3e3fe31baa8565bbc54cd6d789570cac18ed469f68cf683f08dd639ef92d9bd1"",""terminology_id"":""crypto.one_time_pad""}",high
r014.backend.record,1.0.0,ttp.r014.relation.3025,relation,active,ttp.r014.yaintt,ttp.r014.yaintt,,und,2026-08-22T03:06:00+02:00,codex.r014.id-ID,,ttp.concept.fresh_randomness,prerequisite_for,ttp.concept.one_time_pad,3025,"{""notes"":""Introduce the English term parenthetically once; use the Indonesian form thereafter."",""path"":""qa/review-candidates/boundary28-r2/TERMINOLOGY.md"",""sha256"":""3e3fe31baa8565bbc54cd6d789570cac18ed469f68cf683f08dd639ef92d9bd1"",""terminology_id"":""crypto.one_time_pad""}",high
r014.backend.record,1.0.0,ttp.r014.relation.3026,relation,active,ttp.r014.yaintt,ttp.r014.yaintt,,und,2026-08-22T03:06:00+02:00,codex.r014.id-ID,,ttp.concept.letter_frequency,prerequisite_for,ttp.concept.frequency_analysis,3026,"{""notes"":""Compare observed symbol frequencies with a reference-language distribution."",""path"":""qa/review-candidates/boundary28-r2/TERMINOLOGY.md"",""sha256"":""3e3fe31baa8565bbc54cd6d789570cac18ed469f68cf683f08dd639ef92d9bd1"",""terminology_id"":""crypto.frequency_analysis""}",high
r014.backend.record,1.0.0,ttp.r014.relation.3027,relation,active,ttp.r014.yaintt,ttp.r014.yaintt,,und,2026-08-22T03:06:00+02:00,codex.r014.id-ID,,ttp.concept.ciphertext,prerequisite_for,ttp.concept.frequency_analysis,3027,"{""notes"":""Compare observed symbol frequencies with a reference-language distribution."",""path"":""qa/review-candidates/boundary28-r2/TERMINOLOGY.md"",""sha256"":""3e3fe31baa8565bbc54cd6d789570cac18ed469f68cf683f08dd639ef92d9bd1"",""terminology_id"":""crypto.frequency_analysis""}",high
r014.backend.record,1.0.0,ttp.r014.relation.3028,relation,active,ttp.r014.yaintt,ttp.r014.yaintt,,und,2026-08-22T03:06:00+02:00,codex.r014.id-ID,,ttp.concept.caesar_cipher,prerequisite_for,ttp.concept.caesar_cracker,3028,"{""notes"":""Automatic selection of the shift minimizing square error."",""path"":""qa/review-candidates/boundary28-r2/TERMINOLOGY.md"",""sha256"":""3e3fe31baa8565bbc54cd6d789570cac18ed469f68cf683f08dd639ef92d9bd1"",""terminology_id"":""crypto.caesar_cracker""}",high
r014.backend.record,1.0.0,ttp.r014.relation.3029,relation,active,ttp.r014.yaintt,ttp.r014.yaintt,,und,2026-08-22T03:06:00+02:00,codex.r014.id-ID,,ttp.concept.total_square_error,prerequisite_for,ttp.concept.caesar_cracker,3029,"{""notes"":""Automatic selection of the shift minimizing square error."",""path"":""qa/review-candidates/boundary28-r2/TERMINOLOGY.md"",""sha256"":""3e3fe31baa8565bbc54cd6d789570cac18ed469f68cf683f08dd639ef92d9bd1"",""terminology_id"":""crypto.caesar_cracker""}",high
r014.backend.record,1.0.0,ttp.r014.relation.3030,relation,active,ttp.r014.yaintt,ttp.r014.yaintt,,und,2026-08-22T03:06:00+02:00,codex.r014.id-ID,,ttp.concept.asymmetric_cipher,prerequisite_for,ttp.concept.public_key_cryptosystem,3030,"{""notes"":"""",""path"":""qa/review-candidates/boundary28-r2/TERMINOLOGY.md"",""sha256"":""3e3fe31baa8565bbc54cd6d789570cac18ed469f68cf683f08dd639ef92d9bd1"",""terminology_id"":""crypto.public_key_cryptosystem""}",high
r014.backend.record,1.0.0,ttp.r014.relation.3031,relation,active,ttp.r014.yaintt,ttp.r014.yaintt,,und,2026-08-22T03:06:00+02:00,codex.r014.id-ID,,ttp.concept.key_generation_algorithm,prerequisite_for,ttp.concept.public_key_cryptosystem,3031,"{""notes"":"""",""path"":""qa/review-candidates/boundary28-r2/TERMINOLOGY.md"",""sha256"":""3e3fe31baa8565bbc54cd6d789570cac18ed469f68cf683f08dd639ef92d9bd1"",""terminology_id"":""crypto.public_key_cryptosystem""}",high
r014.backend.record,1.0.0,ttp.r014.relation.3032,relation,active,ttp.r014.yaintt,ttp.r014.yaintt,,und,2026-08-22T03:06:00+02:00,codex.r014.id-ID,,ttp.concept.prime_factorization,prerequisite_for,ttp.concept.rsa_modulus,3032,"{""notes"":""`n=pq` for distinct large primes `p,q`."",""path"":""qa/review-candidates/boundary28-r2/TERMINOLOGY.md"",""sha256"":""3e3fe31baa8565bbc54cd6d789570cac18ed469f68cf683f08dd639ef92d9bd1"",""terminology_id"":""crypto.rsa_modulus""}",high
r014.backend.record,1.0.0,ttp.r014.relation.3033,relation,active,ttp.r014.yaintt,ttp.r014.yaintt,,und,2026-08-22T03:06:00+02:00,codex.r014.id-ID,,ttp.concept.rsa_modulus,prerequisite_for,ttp.concept.rsa_semiprime,3033,"{""notes"":""Product of two large primes of comparable size; do not generalize factoring hardness to arbitrary composites."",""path"":""qa/review-candidates/boundary28-r2/TERMINOLOGY.md"",""sha256"":""3e3fe31baa8565bbc54cd6d789570cac18ed469f68cf683f08dd639ef92d9bd1"",""terminology_id"":""crypto.rsa_semiprime""}",high
r014.backend.record,1.0.0,ttp.r014.relation.3034,relation,active,ttp.r014.yaintt,ttp.r014.yaintt,,und,2026-08-22T03:06:00+02:00,codex.r014.id-ID,,ttp.concept.euler_phi_function,prerequisite_for,ttp.concept.rsa_exponent,3034,"{""notes"":""Public exponent `e` satisfying `\\gcd(e,\\phi(n))=1`."",""path"":""qa/review-candidates/boundary28-r2/TERMINOLOGY.md"",""sha256"":""3e3fe31baa8565bbc54cd6d789570cac18ed469f68cf683f08dd639ef92d9bd1"",""terminology_id"":""crypto.rsa_exponent""}",high
r014.backend.record,1.0.0,ttp.r014.relation.3035,relation,active,ttp.r014.yaintt,ttp.r014.yaintt,,und,2026-08-22T03:06:00+02:00,codex.r014.id-ID,,ttp.concept.modular_inverse,prerequisite_for,ttp.concept.rsa_exponent,3035,"{""notes"":""Public exponent `e` satisfying `\\gcd(e,\\phi(n))=1`."",""path"":""qa/review-candidates/boundary28-r2/TERMINOLOGY.md"",""sha256"":""3e3fe31baa8565bbc54cd6d789570cac18ed469f68cf683f08dd639ef92d9bd1"",""terminology_id"":""crypto.rsa_exponent""}",high
r014.backend.record,1.0.0,ttp.r014.relation.3036,relation,active,ttp.r014.yaintt,ttp.r014.yaintt,,und,2026-08-22T03:06:00+02:00,codex.r014.id-ID,,ttp.concept.rsa_modulus,prerequisite_for,ttp.concept.rsa_public_key,3036,"{""notes"":""Pair `(n,e)`."",""path"":""qa/review-candidates/boundary28-r2/TERMINOLOGY.md"",""sha256"":""3e3fe31baa8565bbc54cd6d789570cac18ed469f68cf683f08dd639ef92d9bd1"",""terminology_id"":""crypto.rsa_public_key""}",high
r014.backend.record,1.0.0,ttp.r014.relation.3037,relation,active,ttp.r014.yaintt,ttp.r014.yaintt,,und,2026-08-22T03:06:00+02:00,codex.r014.id-ID,,ttp.concept.rsa_exponent,prerequisite_for,ttp.concept.rsa_public_key,3037,"{""notes"":""Pair `(n,e)`."",""path"":""qa/review-candidates/boundary28-r2/TERMINOLOGY.md"",""sha256"":""3e3fe31baa8565bbc54cd6d789570cac18ed469f68cf683f08dd639ef92d9bd1"",""terminology_id"":""crypto.rsa_public_key""}",high
r014.backend.record,1.0.0,ttp.r014.relation.3038,relation,active,ttp.r014.yaintt,ttp.r014.yaintt,,und,2026-08-22T03:06:00+02:00,codex.r014.id-ID,,ttp.concept.rsa_public_key,prerequisite_for,ttp.concept.rsa_private_key,3038,"{""notes"":""Pair `(n,d)` with `d=e^{-1}\\pmod{\\phi(n)}`."",""path"":""qa/review-candidates/boundary28-r2/TERMINOLOGY.md"",""sha256"":""3e3fe31baa8565bbc54cd6d789570cac18ed469f68cf683f08dd639ef92d9bd1"",""terminology_id"":""crypto.rsa_private_key""}",high
r014.backend.record,1.0.0,ttp.r014.relation.3039,relation,active,ttp.r014.yaintt,ttp.r014.yaintt,,und,2026-08-22T03:06:00+02:00,codex.r014.id-ID,,ttp.concept.modular_inverse,prerequisite_for,ttp.concept.rsa_private_key,3039,"{""notes"":""Pair `(n,d)` with `d=e^{-1}\\pmod{\\phi(n)}`."",""path"":""qa/review-candidates/boundary28-r2/TERMINOLOGY.md"",""sha256"":""3e3fe31baa8565bbc54cd6d789570cac18ed469f68cf683f08dd639ef92d9bd1"",""terminology_id"":""crypto.rsa_private_key""}",high
r014.backend.record,1.0.0,ttp.r014.relation.3040,relation,active,ttp.r014.yaintt,ttp.r014.yaintt,,und,2026-08-22T03:06:00+02:00,codex.r014.id-ID,,ttp.concept.binary_representation,prerequisite_for,ttp.concept.fast_modular_exponentiation,3040,"{""notes"":""Implemented by repeated squaring and binary expansion."",""path"":""qa/review-candidates/boundary28-r2/TERMINOLOGY.md"",""sha256"":""3e3fe31baa8565bbc54cd6d789570cac18ed469f68cf683f08dd639ef92d9bd1"",""terminology_id"":""nt.fast_modular_exponentiation""}",high
r014.backend.record,1.0.0,ttp.r014.relation.3041,relation,active,ttp.r014.yaintt,ttp.r014.yaintt,,und,2026-08-22T03:06:00+02:00,codex.r014.id-ID,,ttp.concept.congruence,prerequisite_for,ttp.concept.fast_modular_exponentiation,3041,"{""notes"":""Implemented by repeated squaring and binary expansion."",""path"":""qa/review-candidates/boundary28-r2/TERMINOLOGY.md"",""sha256"":""3e3fe31baa8565bbc54cd6d789570cac18ed469f68cf683f08dd639ef92d9bd1"",""terminology_id"":""nt.fast_modular_exponentiation""}",high
r014.backend.record,1.0.0,ttp.r014.relation.3042,relation,active,ttp.r014.yaintt,ttp.r014.yaintt,,und,2026-08-22T03:06:00+02:00,codex.r014.id-ID,,ttp.concept.public_key_cryptosystem,prerequisite_for,ttp.concept.digital_signature,3042,"{""notes"":""Data attached to a document/message whose valid verification can support signer attribution only under the scheme's security assumptions, an uncompromised private key, and a trusted identity--key binding."",""path"":""qa/review-candidates/boundary28-r2/TERMINOLOGY.md"",""sha256"":""3e3fe31baa8565bbc54cd6d789570cac18ed469f68cf683f08dd639ef92d9bd1"",""terminology_id"":""crypto.digital_signature""}",high
r014.backend.record,1.0.0,ttp.r014.relation.3043,relation,active,ttp.r014.yaintt,ttp.r014.yaintt,,und,2026-08-22T03:06:00+02:00,codex.r014.id-ID,,ttp.concept.digital_signature,prerequisite_for,ttp.concept.signature_unforgeability,3043,"{""notes"":""Security property required before valid verification supports attributing a newly created signature to the private-key holder."",""path"":""qa/review-candidates/boundary28-r2/TERMINOLOGY.md"",""sha256"":""3e3fe31baa8565bbc54cd6d789570cac18ed469f68cf683f08dd639ef92d9bd1"",""terminology_id"":""crypto.signature_unforgeability""}",high
r014.backend.record,1.0.0,ttp.r014.relation.3044,relation,active,ttp.r014.yaintt,ttp.r014.yaintt,,und,2026-08-22T03:06:00+02:00,codex.r014.id-ID,,ttp.concept.digital_signature,prerequisite_for,ttp.concept.cryptographic_hash_function,3044,"{""notes"":""Maps arbitrary-length bit strings to fixed-length bit strings under three computational resistance requirements."",""path"":""qa/review-candidates/boundary28-r2/TERMINOLOGY.md"",""sha256"":""3e3fe31baa8565bbc54cd6d789570cac18ed469f68cf683f08dd639ef92d9bd1"",""terminology_id"":""crypto.cryptographic_hash_function""}",high
r014.backend.record,1.0.0,ttp.r014.relation.3045,relation,active,ttp.r014.yaintt,ttp.r014.yaintt,,und,2026-08-22T03:06:00+02:00,codex.r014.id-ID,,ttp.concept.digital_signature,prerequisite_for,ttp.concept.certificate_authority,3045,"{""notes"":""Trusted party that signs certificates under a stated verification policy."",""path"":""qa/review-candidates/boundary28-r2/TERMINOLOGY.md"",""sha256"":""3e3fe31baa8565bbc54cd6d789570cac18ed469f68cf683f08dd639ef92d9bd1"",""terminology_id"":""pki.certificate_authority""}",high
r014.backend.record,1.0.0,ttp.r014.relation.3046,relation,active,ttp.r014.yaintt,ttp.r014.yaintt,,und,2026-08-22T03:06:00+02:00,codex.r014.id-ID,,ttp.concept.identity_key_binding,prerequisite_for,ttp.concept.certificate_authority,3046,"{""notes"":""Trusted party that signs certificates under a stated verification policy."",""path"":""qa/review-candidates/boundary28-r2/TERMINOLOGY.md"",""sha256"":""3e3fe31baa8565bbc54cd6d789570cac18ed469f68cf683f08dd639ef92d9bd1"",""terminology_id"":""pki.certificate_authority""}",high
r014.backend.record,1.0.0,ttp.r014.relation.3047,relation,active,ttp.r014.yaintt,ttp.r014.yaintt,,und,2026-08-22T03:06:00+02:00,codex.r014.id-ID,,ttp.concept.certificate_authority,prerequisite_for,ttp.concept.digital_certificate,3047,"{""notes"":""Signed structured statement binding subject identity, public key, and necessary metadata."",""path"":""qa/review-candidates/boundary28-r2/TERMINOLOGY.md"",""sha256"":""3e3fe31baa8565bbc54cd6d789570cac18ed469f68cf683f08dd639ef92d9bd1"",""terminology_id"":""pki.digital_certificate""}",high
r014.backend.record,1.0.0,ttp.r014.relation.3048,relation,active,ttp.r014.yaintt,ttp.r014.yaintt,,und,2026-08-22T03:06:00+02:00,codex.r014.id-ID,,ttp.concept.public_key,prerequisite_for,ttp.concept.digital_certificate,3048,"{""notes"":""Signed structured statement binding subject identity, public key, and necessary metadata."",""path"":""qa/review-candidates/boundary28-r2/TERMINOLOGY.md"",""sha256"":""3e3fe31baa8565bbc54cd6d789570cac18ed469f68cf683f08dd639ef92d9bd1"",""terminology_id"":""pki.digital_certificate""}",high
r014.backend.record,1.0.0,ttp.r014.relation.3049,relation,active,ttp.r014.yaintt,ttp.r014.yaintt,,und,2026-08-22T03:06:00+02:00,codex.r014.id-ID,,ttp.concept.digital_certificate,prerequisite_for,ttp.concept.certification_path,3049,"{""notes"":""Validated certificate sequence ending at an independently trusted anchor."",""path"":""qa/review-candidates/boundary28-r2/TERMINOLOGY.md"",""sha256"":""3e3fe31baa8565bbc54cd6d789570cac18ed469f68cf683f08dd639ef92d9bd1"",""terminology_id"":""pki.certification_path""}",high
r014.backend.record,1.0.0,ttp.r014.relation.3050,relation,active,ttp.r014.yaintt,ttp.r014.yaintt,,und,2026-08-22T03:06:00+02:00,codex.r014.id-ID,,ttp.concept.trust_anchor,prerequisite_for,ttp.concept.certification_path,3050,"{""notes"":""Validated certificate sequence ending at an independently trusted anchor."",""path"":""qa/review-candidates/boundary28-r2/TERMINOLOGY.md"",""sha256"":""3e3fe31baa8565bbc54cd6d789570cac18ed469f68cf683f08dd639ef92d9bd1"",""terminology_id"":""pki.certification_path""}",high
r014.backend.record,1.0.0,ttp.r014.relation.3051,relation,active,ttp.r014.yaintt,ttp.r014.yaintt,,und,2026-08-22T03:06:00+02:00,codex.r014.id-ID,,ttp.concept.certification_path,prerequisite_for,ttp.concept.public_key_infrastructure,3051,"{""notes"":""Certificates, CAs, trust anchors, distribution, and validation machinery."",""path"":""qa/review-candidates/boundary28-r2/TERMINOLOGY.md"",""sha256"":""3e3fe31baa8565bbc54cd6d789570cac18ed469f68cf683f08dd639ef92d9bd1"",""terminology_id"":""pki.public_key_infrastructure""}",high
r014.backend.record,1.0.0,ttp.r014.relation.3052,relation,active,ttp.r014.yaintt,ttp.r014.yaintt,,und,2026-08-22T03:06:00+02:00,codex.r014.id-ID,,ttp.concept.multiplicative_order,prerequisite_for,ttp.concept.exponents_modulo_order,3052,"{""notes"":""`a^j\\equiv a^k\\pmod n` exactly when `j\\equiv k\\pmod{\\ord_n(a)}`."",""path"":""qa/review-candidates/boundary28-r2/TERMINOLOGY.md"",""sha256"":""3e3fe31baa8565bbc54cd6d789570cac18ed469f68cf683f08dd639ef92d9bd1"",""terminology_id"":""nt.exponents_modulo_order""}",high
r014.backend.record,1.0.0,ttp.r014.relation.3053,relation,active,ttp.r014.yaintt,ttp.r014.yaintt,,und,2026-08-22T03:06:00+02:00,codex.r014.id-ID,,ttp.concept.multiplicative_order,prerequisite_for,ttp.concept.order_of_power,3053,"{""notes"":""`\\ord_n(a^k)=\\ord_n(a)/\\gcd(\\ord_n(a),k)`."",""path"":""qa/review-candidates/boundary28-r2/TERMINOLOGY.md"",""sha256"":""3e3fe31baa8565bbc54cd6d789570cac18ed469f68cf683f08dd639ef92d9bd1"",""terminology_id"":""nt.order_of_power""}",high
r014.backend.record,1.0.0,ttp.r014.relation.3054,relation,active,ttp.r014.yaintt,ttp.r014.yaintt,,und,2026-08-22T03:06:00+02:00,codex.r014.id-ID,,ttp.concept.greatest_common_divisor,prerequisite_for,ttp.concept.order_of_power,3054,"{""notes"":""`\\ord_n(a^k)=\\ord_n(a)/\\gcd(\\ord_n(a),k)`."",""path"":""qa/review-candidates/boundary28-r2/TERMINOLOGY.md"",""sha256"":""3e3fe31baa8565bbc54cd6d789570cac18ed469f68cf683f08dd639ef92d9bd1"",""terminology_id"":""nt.order_of_power""}",high
r014.backend.record,1.0.0,ttp.r014.relation.3055,relation,active,ttp.r014.yaintt,ttp.r014.yaintt,,und,2026-08-22T03:06:00+02:00,codex.r014.id-ID,,ttp.concept.euler_phi_function,prerequisite_for,ttp.concept.gauss_totient_sum,3055,"{""notes"":""`\\sum_{d\\mid n}\\phi(d)=n`."",""path"":""qa/review-candidates/boundary28-r2/TERMINOLOGY.md"",""sha256"":""3e3fe31baa8565bbc54cd6d789570cac18ed469f68cf683f08dd639ef92d9bd1"",""terminology_id"":""nt.gauss_totient_sum""}",high
r014.backend.record,1.0.0,ttp.r014.relation.3056,relation,active,ttp.r014.yaintt,ttp.r014.yaintt,,und,2026-08-22T03:06:00+02:00,codex.r014.id-ID,,ttp.concept.divisibility,prerequisite_for,ttp.concept.gauss_totient_sum,3056,"{""notes"":""`\\sum_{d\\mid n}\\phi(d)=n`."",""path"":""qa/review-candidates/boundary28-r2/TERMINOLOGY.md"",""sha256"":""3e3fe31baa8565bbc54cd6d789570cac18ed469f68cf683f08dd639ef92d9bd1"",""terminology_id"":""nt.gauss_totient_sum""}",high
r014.backend.record,1.0.0,ttp.r014.relation.3057,relation,active,ttp.r014.yaintt,ttp.r014.yaintt,,und,2026-08-22T03:06:00+02:00,codex.r014.id-ID,,ttp.concept.primitive_root,prerequisite_for,ttp.concept.primitive_root_count,3057,"{""notes"":""If primitive roots modulo `n` exist, their count is `\\phi(\\phi(n))`; for prime `p`, it is `\\phi(p-1)`."",""path"":""qa/review-candidates/boundary28-r2/TERMINOLOGY.md"",""sha256"":""3e3fe31baa8565bbc54cd6d789570cac18ed469f68cf683f08dd639ef92d9bd1"",""terminology_id"":""nt.primitive_root_count""}",high
r014.backend.record,1.0.0,ttp.r014.relation.3058,relation,active,ttp.r014.yaintt,ttp.r014.yaintt,,und,2026-08-22T03:06:00+02:00,codex.r014.id-ID,,ttp.concept.euler_phi_function,prerequisite_for,ttp.concept.primitive_root_count,3058,"{""notes"":""If primitive roots modulo `n` exist, their count is `\\phi(\\phi(n))`; for prime `p`, it is `\\phi(p-1)`."",""path"":""qa/review-candidates/boundary28-r2/TERMINOLOGY.md"",""sha256"":""3e3fe31baa8565bbc54cd6d789570cac18ed469f68cf683f08dd639ef92d9bd1"",""terminology_id"":""nt.primitive_root_count""}",high
r014.backend.record,1.0.0,ttp.r014.relation.3059,relation,active,ttp.r014.yaintt,ttp.r014.yaintt,,und,2026-08-22T03:06:00+02:00,codex.r014.id-ID,,ttp.concept.congruence,prerequisite_for,ttp.concept.polynomial_mod_p,3059,"{""notes"":""Polynomial congruence over `\\ZZ/p\\ZZ`; a nonzero degree-`n` polynomial has at most `n` roots when `p` is prime."",""path"":""qa/review-candidates/boundary28-r2/TERMINOLOGY.md"",""sha256"":""3e3fe31baa8565bbc54cd6d789570cac18ed469f68cf683f08dd639ef92d9bd1"",""terminology_id"":""algebra.polynomial_mod_p""}",high
r014.backend.record,1.0.0,ttp.r014.relation.3060,relation,active,ttp.r014.yaintt,ttp.r014.yaintt,,und,2026-08-22T03:06:00+02:00,codex.r014.id-ID,,ttp.concept.prime,prerequisite_for,ttp.concept.polynomial_mod_p,3060,"{""notes"":""Polynomial congruence over `\\ZZ/p\\ZZ`; a nonzero degree-`n` polynomial has at most `n` roots when `p` is prime."",""path"":""qa/review-candidates/boundary28-r2/TERMINOLOGY.md"",""sha256"":""3e3fe31baa8565bbc54cd6d789570cac18ed469f68cf683f08dd639ef92d9bd1"",""terminology_id"":""algebra.polynomial_mod_p""}",high
r014.backend.record,1.0.0,ttp.r014.relation.3061,relation,active,ttp.r014.yaintt,ttp.r014.yaintt,,und,2026-08-22T03:06:00+02:00,codex.r014.id-ID,,ttp.concept.polynomial_mod_p,prerequisite_for,ttp.concept.polynomial_root,3061,"{""notes"":""Residue class making the polynomial congruent to zero."",""path"":""qa/review-candidates/boundary28-r2/TERMINOLOGY.md"",""sha256"":""3e3fe31baa8565bbc54cd6d789570cac18ed469f68cf683f08dd639ef92d9bd1"",""terminology_id"":""algebra.polynomial_root""}",high
r014.backend.record,1.0.0,ttp.r014.relation.3062,relation,active,ttp.r014.yaintt,ttp.r014.yaintt,,und,2026-08-22T03:06:00+02:00,codex.r014.id-ID,,ttp.concept.polynomial_mod_p,prerequisite_for,ttp.concept.zero_product_property,3062,"{""notes"":""In `\\ZZ/p\\ZZ` for prime `p`, a product is zero only if one factor is zero."",""path"":""qa/review-candidates/boundary28-r2/TERMINOLOGY.md"",""sha256"":""3e3fe31baa8565bbc54cd6d789570cac18ed469f68cf683f08dd639ef92d9bd1"",""terminology_id"":""algebra.zero_product_property""}",high
r014.backend.record,1.0.0,ttp.r014.relation.3063,relation,active,ttp.r014.yaintt,ttp.r014.yaintt,,und,2026-08-22T03:06:00+02:00,codex.r014.id-ID,,ttp.concept.zero_product_property,prerequisite_for,ttp.concept.integral_domain,3063,"{""notes"":""Ring with no nonzero zero divisors; the source uses the shorter word `domain`."",""path"":""qa/review-candidates/boundary28-r2/TERMINOLOGY.md"",""sha256"":""3e3fe31baa8565bbc54cd6d789570cac18ed469f68cf683f08dd639ef92d9bd1"",""terminology_id"":""algebra.integral_domain""}",high
r014.backend.record,1.0.0,ttp.r014.relation.3064,relation,active,ttp.r014.yaintt,ttp.r014.yaintt,,und,2026-08-22T03:06:00+02:00,codex.r014.id-ID,,ttp.concept.primitive_root,prerequisite_for,ttp.concept.order_class_count,3064,"{""notes"":""For prime `p` and positive `d\\mid p-1`, exactly `\\phi(d)` residue classes have order `d`."",""path"":""qa/review-candidates/boundary28-r2/TERMINOLOGY.md"",""sha256"":""3e3fe31baa8565bbc54cd6d789570cac18ed469f68cf683f08dd639ef92d9bd1"",""terminology_id"":""nt.order_class_count""}",high
r014.backend.record,1.0.0,ttp.r014.relation.3065,relation,active,ttp.r014.yaintt,ttp.r014.yaintt,,und,2026-08-22T03:06:00+02:00,codex.r014.id-ID,,ttp.concept.gauss_totient_sum,prerequisite_for,ttp.concept.order_class_count,3065,"{""notes"":""For prime `p` and positive `d\\mid p-1`, exactly `\\phi(d)` residue classes have order `d`."",""path"":""qa/review-candidates/boundary28-r2/TERMINOLOGY.md"",""sha256"":""3e3fe31baa8565bbc54cd6d789570cac18ed469f68cf683f08dd639ef92d9bd1"",""terminology_id"":""nt.order_class_count""}",high
r014.backend.record,1.0.0,ttp.r014.relation.3066,relation,active,ttp.r014.yaintt,ttp.r014.yaintt,,und,2026-08-22T03:06:00+02:00,codex.r014.id-ID,,ttp.concept.primitive_root,prerequisite_for,ttp.concept.index_relative,3066,"{""notes"":""Least positive `k` satisfying `b\\equiv a^k\\pmod n` when `a` is a primitive root modulo `n`."",""path"":""qa/review-candidates/boundary28-r2/TERMINOLOGY.md"",""sha256"":""3e3fe31baa8565bbc54cd6d789570cac18ed469f68cf683f08dd639ef92d9bd1"",""terminology_id"":""nt.index_relative""}",high
r014.backend.record,1.0.0,ttp.r014.relation.3067,relation,active,ttp.r014.yaintt,ttp.r014.yaintt,,und,2026-08-22T03:06:00+02:00,codex.r014.id-ID,,ttp.concept.discrete_logarithm,prerequisite_for,ttp.concept.index_relative,3067,"{""notes"":""Least positive `k` satisfying `b\\equiv a^k\\pmod n` when `a` is a primitive root modulo `n`."",""path"":""qa/review-candidates/boundary28-r2/TERMINOLOGY.md"",""sha256"":""3e3fe31baa8565bbc54cd6d789570cac18ed469f68cf683f08dd639ef92d9bd1"",""terminology_id"":""nt.index_relative""}",high
r014.backend.record,1.0.0,ttp.r014.relation.3068,relation,active,ttp.r014.yaintt,ttp.r014.yaintt,,und,2026-08-22T03:06:00+02:00,codex.r014.id-ID,,ttp.concept.discrete_logarithm,prerequisite_for,ttp.concept.discrete_logarithm_hardness,3068,"{""notes"":""Scope claims to suitably chosen large parameter families and feasible classical algorithms; do not imply hardness in every multiplicative group."",""path"":""qa/review-candidates/boundary28-r2/TERMINOLOGY.md"",""sha256"":""3e3fe31baa8565bbc54cd6d789570cac18ed469f68cf683f08dd639ef92d9bd1"",""terminology_id"":""complexity.discrete_logarithm_hardness""}",high
r014.backend.record,1.0.0,ttp.r014.relation.3069,relation,active,ttp.r014.yaintt,ttp.r014.yaintt,,und,2026-08-22T03:06:00+02:00,codex.r014.id-ID,,ttp.concept.input_length,prerequisite_for,ttp.concept.discrete_logarithm_hardness,3069,"{""notes"":""Scope claims to suitably chosen large parameter families and feasible classical algorithms; do not imply hardness in every multiplicative group."",""path"":""qa/review-candidates/boundary28-r2/TERMINOLOGY.md"",""sha256"":""3e3fe31baa8565bbc54cd6d789570cac18ed469f68cf683f08dd639ef92d9bd1"",""terminology_id"":""complexity.discrete_logarithm_hardness""}",high
r014.backend.record,1.0.0,ttp.r014.relation.3070,relation,active,ttp.r014.yaintt,ttp.r014.yaintt,,und,2026-08-22T03:06:00+02:00,codex.r014.id-ID,,ttp.concept.index_relative,prerequisite_for,ttp.concept.change_of_base_formula,3070,"{""notes"":""Exercise term for converting indices between two primitive-root bases."",""path"":""qa/review-candidates/boundary28-r2/TERMINOLOGY.md"",""sha256"":""3e3fe31baa8565bbc54cd6d789570cac18ed469f68cf683f08dd639ef92d9bd1"",""terminology_id"":""algebra.change_of_base_formula""}",high
r014.backend.record,1.0.0,ttp.r014.relation.3071,relation,active,ttp.r014.yaintt,ttp.r014.yaintt,,und,2026-08-22T03:06:00+02:00,codex.r014.id-ID,,ttp.concept.modular_inverse,prerequisite_for,ttp.concept.change_of_base_formula,3071,"{""notes"":""Exercise term for converting indices between two primitive-root bases."",""path"":""qa/review-candidates/boundary28-r2/TERMINOLOGY.md"",""sha256"":""3e3fe31baa8565bbc54cd6d789570cac18ed469f68cf683f08dd639ef92d9bd1"",""terminology_id"":""algebra.change_of_base_formula""}",high
r014.backend.record,1.0.0,ttp.r014.relation.3072,relation,active,ttp.r014.yaintt,ttp.r014.yaintt,,und,2026-08-22T03:06:00+02:00,codex.r014.id-ID,,ttp.concept.primitive_root,prerequisite_for,ttp.concept.diffie_hellman_key_exchange,3072,"{""notes"":""Protocol name; retain the conventional initialism and use a LaTeX en dash in the names."",""path"":""qa/review-candidates/boundary28-r2/TERMINOLOGY.md"",""sha256"":""3e3fe31baa8565bbc54cd6d789570cac18ed469f68cf683f08dd639ef92d9bd1"",""terminology_id"":""crypto.diffie_hellman_key_exchange""}",high
r014.backend.record,1.0.0,ttp.r014.relation.3073,relation,active,ttp.r014.yaintt,ttp.r014.yaintt,,und,2026-08-22T03:06:00+02:00,codex.r014.id-ID,,ttp.concept.discrete_logarithm_hardness,prerequisite_for,ttp.concept.diffie_hellman_key_exchange,3073,"{""notes"":""Protocol name; retain the conventional initialism and use a LaTeX en dash in the names."",""path"":""qa/review-candidates/boundary28-r2/TERMINOLOGY.md"",""sha256"":""3e3fe31baa8565bbc54cd6d789570cac18ed469f68cf683f08dd639ef92d9bd1"",""terminology_id"":""crypto.diffie_hellman_key_exchange""}",high
r014.backend.record,1.0.0,ttp.r014.relation.3074,relation,active,ttp.r014.yaintt,ttp.r014.yaintt,,und,2026-08-22T03:06:00+02:00,codex.r014.id-ID,,ttp.concept.diffie_hellman_key_exchange,prerequisite_for,ttp.concept.dh_secret_exponent,3074,"{""notes"":""In this full-group presentation, exclude the transparent endpoint choices `1` and `p-1`."",""path"":""qa/review-candidates/boundary28-r2/TERMINOLOGY.md"",""sha256"":""3e3fe31baa8565bbc54cd6d789570cac18ed469f68cf683f08dd639ef92d9bd1"",""terminology_id"":""crypto.dh_secret_exponent""}",high
r014.backend.record,1.0.0,ttp.r014.relation.3075,relation,active,ttp.r014.yaintt,ttp.r014.yaintt,,und,2026-08-22T03:06:00+02:00,codex.r014.id-ID,,ttp.concept.fresh_randomness,prerequisite_for,ttp.concept.dh_secret_exponent,3075,"{""notes"":""In this full-group presentation, exclude the transparent endpoint choices `1` and `p-1`."",""path"":""qa/review-candidates/boundary28-r2/TERMINOLOGY.md"",""sha256"":""3e3fe31baa8565bbc54cd6d789570cac18ed469f68cf683f08dd639ef92d9bd1"",""terminology_id"":""crypto.dh_secret_exponent""}",high
r014.backend.record,1.0.0,ttp.r014.relation.3076,relation,active,ttp.r014.yaintt,ttp.r014.yaintt,,und,2026-08-22T03:06:00+02:00,codex.r014.id-ID,,ttp.concept.diffie_hellman_key_exchange,prerequisite_for,ttp.concept.shared_secret,3076,"{""notes"":""Common value computed independently by the two participants; distinguish the mathematical secret from any scheme-specific key encoding."",""path"":""qa/review-candidates/boundary28-r2/TERMINOLOGY.md"",""sha256"":""3e3fe31baa8565bbc54cd6d789570cac18ed469f68cf683f08dd639ef92d9bd1"",""terminology_id"":""crypto.shared_secret""}",high
r014.backend.record,1.0.0,ttp.r014.relation.3077,relation,active,ttp.r014.yaintt,ttp.r014.yaintt,,und,2026-08-22T03:06:00+02:00,codex.r014.id-ID,,ttp.concept.diffie_hellman_key_exchange,prerequisite_for,ttp.concept.diffie_hellman_problem,3077,"{""notes"":""Given `r^x` and `r^y` in the stated group, compute `r^{xy}` without being given `x` or `y`."",""path"":""qa/review-candidates/boundary28-r2/TERMINOLOGY.md"",""sha256"":""3e3fe31baa8565bbc54cd6d789570cac18ed469f68cf683f08dd639ef92d9bd1"",""terminology_id"":""crypto.diffie_hellman_problem""}",high
r014.backend.record,1.0.0,ttp.r014.relation.3078,relation,active,ttp.r014.yaintt,ttp.r014.yaintt,,und,2026-08-22T03:06:00+02:00,codex.r014.id-ID,,ttp.concept.primitive_root,prerequisite_for,ttp.concept.elgamal_cryptosystem,3078,"{""notes"":""Textbook multiplicative public-key construction; preserve the proper name."",""path"":""qa/review-candidates/boundary28-r2/TERMINOLOGY.md"",""sha256"":""3e3fe31baa8565bbc54cd6d789570cac18ed469f68cf683f08dd639ef92d9bd1"",""terminology_id"":""crypto.elgamal_cryptosystem""}",high
r014.backend.record,1.0.0,ttp.r014.relation.3079,relation,active,ttp.r014.yaintt,ttp.r014.yaintt,,und,2026-08-22T03:06:00+02:00,codex.r014.id-ID,,ttp.concept.discrete_logarithm_hardness,prerequisite_for,ttp.concept.elgamal_cryptosystem,3079,"{""notes"":""Textbook multiplicative public-key construction; preserve the proper name."",""path"":""qa/review-candidates/boundary28-r2/TERMINOLOGY.md"",""sha256"":""3e3fe31baa8565bbc54cd6d789570cac18ed469f68cf683f08dd639ef92d9bd1"",""terminology_id"":""crypto.elgamal_cryptosystem""}",high
r014.backend.record,1.0.0,ttp.r014.relation.3080,relation,active,ttp.r014.yaintt,ttp.r014.yaintt,,und,2026-08-22T03:06:00+02:00,codex.r014.id-ID,,ttp.concept.public_key_cryptosystem,prerequisite_for,ttp.concept.elgamal_cryptosystem,3080,"{""notes"":""Textbook multiplicative public-key construction; preserve the proper name."",""path"":""qa/review-candidates/boundary28-r2/TERMINOLOGY.md"",""sha256"":""3e3fe31baa8565bbc54cd6d789570cac18ed469f68cf683f08dd639ef92d9bd1"",""terminology_id"":""crypto.elgamal_cryptosystem""}",high
r014.backend.record,1.0.0,ttp.r014.relation.3081,relation,active,ttp.r014.yaintt,ttp.r014.yaintt,,und,2026-08-22T03:06:00+02:00,codex.r014.id-ID,,ttp.concept.elgamal_cryptosystem,prerequisite_for,ttp.concept.elgamal_public_key,3081,"{""notes"":""Tuple `(p,r,a)` with `a=r^\\alpha\\pmod p`."",""path"":""qa/review-candidates/boundary28-r2/TERMINOLOGY.md"",""sha256"":""3e3fe31baa8565bbc54cd6d789570cac18ed469f68cf683f08dd639ef92d9bd1"",""terminology_id"":""crypto.elgamal_public_key""}",high
r014.backend.record,1.0.0,ttp.r014.relation.3082,relation,active,ttp.r014.yaintt,ttp.r014.yaintt,,und,2026-08-22T03:06:00+02:00,codex.r014.id-ID,,ttp.concept.elgamal_cryptosystem,prerequisite_for,ttp.concept.elgamal_private_key,3082,"{""notes"":""Tuple `(p,r,\\alpha)`; the secret exponent excludes the trivial endpoint `p-1`."",""path"":""qa/review-candidates/boundary28-r2/TERMINOLOGY.md"",""sha256"":""3e3fe31baa8565bbc54cd6d789570cac18ed469f68cf683f08dd639ef92d9bd1"",""terminology_id"":""crypto.elgamal_private_key""}",high
r014.backend.record,1.0.0,ttp.r014.relation.3083,relation,active,ttp.r014.yaintt,ttp.r014.yaintt,,und,2026-08-22T03:06:00+02:00,codex.r014.id-ID,,ttp.concept.elgamal_cryptosystem,prerequisite_for,ttp.concept.elgamal_ephemeral_exponent,3083,"{""notes"":""Fresh random `\\beta` used once for each encryption."",""path"":""qa/review-candidates/boundary28-r2/TERMINOLOGY.md"",""sha256"":""3e3fe31baa8565bbc54cd6d789570cac18ed469f68cf683f08dd639ef92d9bd1"",""terminology_id"":""crypto.elgamal_ephemeral_exponent""}",high
r014.backend.record,1.0.0,ttp.r014.relation.3084,relation,active,ttp.r014.yaintt,ttp.r014.yaintt,,und,2026-08-22T03:06:00+02:00,codex.r014.id-ID,,ttp.concept.fresh_randomness,prerequisite_for,ttp.concept.elgamal_ephemeral_exponent,3084,"{""notes"":""Fresh random `\\beta` used once for each encryption."",""path"":""qa/review-candidates/boundary28-r2/TERMINOLOGY.md"",""sha256"":""3e3fe31baa8565bbc54cd6d789570cac18ed469f68cf683f08dd639ef92d9bd1"",""terminology_id"":""crypto.elgamal_ephemeral_exponent""}",high
r014.backend.record,1.0.0,ttp.r014.relation.3085,relation,active,ttp.r014.yaintt,ttp.r014.yaintt,,und,2026-08-22T03:06:00+02:00,codex.r014.id-ID,,ttp.concept.elgamal_cryptosystem,prerequisite_for,ttp.concept.elgamal_ciphertext,3085,"{""notes"":""Ordered pair `(r^\\beta, m a^\\beta)` reduced modulo `p`."",""path"":""qa/review-candidates/boundary28-r2/TERMINOLOGY.md"",""sha256"":""3e3fe31baa8565bbc54cd6d789570cac18ed469f68cf683f08dd639ef92d9bd1"",""terminology_id"":""crypto.elgamal_ciphertext""}",high
r014.backend.record,1.0.0,ttp.r014.relation.3086,relation,active,ttp.r014.yaintt,ttp.r014.yaintt,,und,2026-08-22T03:06:00+02:00,codex.r014.id-ID,,ttp.concept.elgamal_cryptosystem,prerequisite_for,ttp.concept.elgamal_signature,3086,"{""notes"":""Pair `(x,y)` with `x=r^\\gamma\\pmod p` and `y=\\gamma^{-1}(m-\\alpha x)\\pmod{p-1}`."",""path"":""qa/review-candidates/boundary28-r2/TERMINOLOGY.md"",""sha256"":""3e3fe31baa8565bbc54cd6d789570cac18ed469f68cf683f08dd639ef92d9bd1"",""terminology_id"":""crypto.elgamal_signature""}",high
r014.backend.record,1.0.0,ttp.r014.relation.3087,relation,active,ttp.r014.yaintt,ttp.r014.yaintt,,und,2026-08-22T03:06:00+02:00,codex.r014.id-ID,,ttp.concept.digital_signature,prerequisite_for,ttp.concept.elgamal_signature,3087,"{""notes"":""Pair `(x,y)` with `x=r^\\gamma\\pmod p` and `y=\\gamma^{-1}(m-\\alpha x)\\pmod{p-1}`."",""path"":""qa/review-candidates/boundary28-r2/TERMINOLOGY.md"",""sha256"":""3e3fe31baa8565bbc54cd6d789570cac18ed469f68cf683f08dd639ef92d9bd1"",""terminology_id"":""crypto.elgamal_signature""}",high
r014.backend.record,1.0.0,ttp.r014.relation.3088,relation,active,ttp.r014.yaintt,ttp.r014.yaintt,,und,2026-08-22T03:06:00+02:00,codex.r014.id-ID,,ttp.concept.elgamal_signature,prerequisite_for,ttp.concept.elgamal_signature_nonce,3088,"{""notes"":""Fresh random invertible `\\gamma` modulo `p-1`; never substitute the unreduced `r^\\gamma` for signature component `x`."",""path"":""qa/review-candidates/boundary28-r2/TERMINOLOGY.md"",""sha256"":""3e3fe31baa8565bbc54cd6d789570cac18ed469f68cf683f08dd639ef92d9bd1"",""terminology_id"":""crypto.elgamal_signature_nonce""}",high
r014.backend.record,1.0.0,ttp.r014.relation.3089,relation,active,ttp.r014.yaintt,ttp.r014.yaintt,,und,2026-08-22T03:06:00+02:00,codex.r014.id-ID,,ttp.concept.fresh_randomness,prerequisite_for,ttp.concept.elgamal_signature_nonce,3089,"{""notes"":""Fresh random invertible `\\gamma` modulo `p-1`; never substitute the unreduced `r^\\gamma` for signature component `x`."",""path"":""qa/review-candidates/boundary28-r2/TERMINOLOGY.md"",""sha256"":""3e3fe31baa8565bbc54cd6d789570cac18ed469f68cf683f08dd639ef92d9bd1"",""terminology_id"":""crypto.elgamal_signature_nonce""}",high
r014.backend.record,1.0.0,ttp.r014.relation.3090,relation,active,ttp.r014.yaintt,ttp.r014.yaintt,,und,2026-08-22T03:06:00+02:00,codex.r014.id-ID,,ttp.concept.elgamal_cryptosystem,prerequisite_for,ttp.concept.semantic_security,3090,"{""notes"":""Stronger confidentiality property not established by the section's correctness proof."",""path"":""qa/review-candidates/boundary28-r2/TERMINOLOGY.md"",""sha256"":""3e3fe31baa8565bbc54cd6d789570cac18ed469f68cf683f08dd639ef92d9bd1"",""terminology_id"":""security.semantic_security""}",high
r014.backend.record,1.0.0,ttp.r014.relation.3091,relation,active,ttp.r014.yaintt,ttp.r014.yaintt,,und,2026-08-22T03:06:00+02:00,codex.r014.id-ID,,ttp.r014.correction.0046,corrects,ttp.r014.unit.sec.batfta,3091,"{""evidence_sha256"":""dd4de4ca603dc1bf67b635bce3199fcdbf6bcacbc3b8d3736350b5a825a00f57"",""ledger_id"":""R014-ADV-0046"",""path"":""qa/review-candidates/boundary28-r2/ADVERSE_LEDGER.md"",""target_path"":""qa/review-candidates/boundary28-r2/yaintt-id.tex"",""target_sha256"":""b1dd2926dc8bfdb84c6a3b4605490a8d96b14c44d89653867160d701fa0f17db""}",high
r014.backend.record,1.0.0,ttp.r014.relation.3092,relation,active,ttp.r014.yaintt,ttp.r014.yaintt,,und,2026-08-22T03:06:00+02:00,codex.r014.id-ID,,ttp.r014.correction.0047,corrects,ttp.r014.unit.sec.batfta,3092,"{""evidence_sha256"":""dd4de4ca603dc1bf67b635bce3199fcdbf6bcacbc3b8d3736350b5a825a00f57"",""ledger_id"":""R014-ADV-0047"",""path"":""qa/review-candidates/boundary28-r2/ADVERSE_LEDGER.md"",""target_path"":""qa/review-candidates/boundary28-r2/yaintt-id.tex"",""target_sha256"":""b1dd2926dc8bfdb84c6a3b4605490a8d96b14c44d89653867160d701fa0f17db""}",high
r014.backend.record,1.0.0,ttp.r014.relation.3093,relation,active,ttp.r014.yaintt,ttp.r014.yaintt,,und,2026-08-22T03:06:00+02:00,codex.r014.id-ID,,ttp.r014.correction.0048,corrects,ttp.r014.unit.sec.batfta,3093,"{""evidence_sha256"":""dd4de4ca603dc1bf67b635bce3199fcdbf6bcacbc3b8d3736350b5a825a00f57"",""ledger_id"":""R014-ADV-0048"",""path"":""qa/review-candidates/boundary28-r2/ADVERSE_LEDGER.md"",""target_path"":""qa/review-candidates/boundary28-r2/yaintt-id.tex"",""target_sha256"":""b1dd2926dc8bfdb84c6a3b4605490a8d96b14c44d89653867160d701fa0f17db""}",high
r014.backend.record,1.0.0,ttp.r014.relation.3094,relation,active,ttp.r014.yaintt,ttp.r014.yaintt,,und,2026-08-22T03:06:00+02:00,codex.r014.id-ID,,ttp.r014.correction.0049,corrects,ttp.r014.unit.sec.batfta,3094,"{""evidence_sha256"":""dd4de4ca603dc1bf67b635bce3199fcdbf6bcacbc3b8d3736350b5a825a00f57"",""ledger_id"":""R014-ADV-0049"",""path"":""qa/review-candidates/boundary28-r2/ADVERSE_LEDGER.md"",""target_path"":""qa/review-candidates/boundary28-r2/yaintt-id.tex"",""target_sha256"":""b1dd2926dc8bfdb84c6a3b4605490a8d96b14c44d89653867160d701fa0f17db""}",high
r014.backend.record,1.0.0,ttp.r014.relation.3095,relation,active,ttp.r014.yaintt,ttp.r014.yaintt,,und,2026-08-22T03:06:00+02:00,codex.r014.id-ID,,ttp.r014.correction.0050,corrects,ttp.r014.unit.sec.batfta,3095,"{""evidence_sha256"":""dd4de4ca603dc1bf67b635bce3199fcdbf6bcacbc3b8d3736350b5a825a00f57"",""ledger_id"":""R014-ADV-0050"",""path"":""qa/review-candidates/boundary28-r2/ADVERSE_LEDGER.md"",""target_path"":""qa/review-candidates/boundary28-r2/yaintt-id.tex"",""target_sha256"":""b1dd2926dc8bfdb84c6a3b4605490a8d96b14c44d89653867160d701fa0f17db""}",high
r014.backend.record,1.0.0,ttp.r014.relation.3096,relation,active,ttp.r014.yaintt,ttp.r014.yaintt,,und,2026-08-22T03:06:00+02:00,codex.r014.id-ID,,ttp.r014.correction.0051,corrects,ttp.r014.unit.sec.batfta,3096,"{""evidence_sha256"":""dd4de4ca603dc1bf67b635bce3199fcdbf6bcacbc3b8d3736350b5a825a00f57"",""ledger_id"":""R014-ADV-0051"",""path"":""qa/review-candidates/boundary28-r2/ADVERSE_LEDGER.md"",""target_path"":""qa/review-candidates/boundary28-r2/yaintt-id.tex"",""target_sha256"":""b1dd2926dc8bfdb84c6a3b4605490a8d96b14c44d89653867160d701fa0f17db""}",high
r014.backend.record,1.0.0,ttp.r014.relation.3097,relation,active,ttp.r014.yaintt,ttp.r014.yaintt,,und,2026-08-22T03:06:00+02:00,codex.r014.id-ID,,ttp.r014.correction.0052,corrects,ttp.r014.unit.sec.batfta,3097,"{""evidence_sha256"":""dd4de4ca603dc1bf67b635bce3199fcdbf6bcacbc3b8d3736350b5a825a00f57"",""ledger_id"":""R014-ADV-0052"",""path"":""qa/review-candidates/boundary28-r2/ADVERSE_LEDGER.md"",""target_path"":""qa/review-candidates/boundary28-r2/yaintt-id.tex"",""target_sha256"":""b1dd2926dc8bfdb84c6a3b4605490a8d96b14c44d89653867160d701fa0f17db""}",high
r014.backend.record,1.0.0,ttp.r014.relation.3098,relation,active,ttp.r014.yaintt,ttp.r014.yaintt,,und,2026-08-22T03:06:00+02:00,codex.r014.id-ID,,ttp.r014.correction.0053,corrects,ttp.r014.unit.sec.wt,3098,"{""evidence_sha256"":""dd4de4ca603dc1bf67b635bce3199fcdbf6bcacbc3b8d3736350b5a825a00f57"",""ledger_id"":""R014-ADV-0053"",""path"":""qa/review-candidates/boundary28-r2/ADVERSE_LEDGER.md"",""target_path"":""qa/review-candidates/boundary28-r2/yaintt-id.tex"",""target_sha256"":""b1dd2926dc8bfdb84c6a3b4605490a8d96b14c44d89653867160d701fa0f17db""}",high
r014.backend.record,1.0.0,ttp.r014.relation.3099,relation,active,ttp.r014.yaintt,ttp.r014.yaintt,,und,2026-08-22T03:06:00+02:00,codex.r014.id-ID,,ttp.r014.correction.0054,corrects,ttp.r014.unit.sec.wt,3099,"{""evidence_sha256"":""dd4de4ca603dc1bf67b635bce3199fcdbf6bcacbc3b8d3736350b5a825a00f57"",""ledger_id"":""R014-ADV-0054"",""path"":""qa/review-candidates/boundary28-r2/ADVERSE_LEDGER.md"",""target_path"":""qa/review-candidates/boundary28-r2/yaintt-id.tex"",""target_sha256"":""b1dd2926dc8bfdb84c6a3b4605490a8d96b14c44d89653867160d701fa0f17db""}",high
r014.backend.record,1.0.0,ttp.r014.relation.3100,relation,active,ttp.r014.yaintt,ttp.r014.yaintt,,und,2026-08-22T03:06:00+02:00,codex.r014.id-ID,,ttp.r014.correction.0055,corrects,ttp.r014.unit.sec.wt,3100,"{""evidence_sha256"":""dd4de4ca603dc1bf67b635bce3199fcdbf6bcacbc3b8d3736350b5a825a00f57"",""ledger_id"":""R014-ADV-0055"",""path"":""qa/review-candidates/boundary28-r2/ADVERSE_LEDGER.md"",""target_path"":""qa/review-candidates/boundary28-r2/yaintt-id.tex"",""target_sha256"":""b1dd2926dc8bfdb84c6a3b4605490a8d96b14c44d89653867160d701fa0f17db""}",high
r014.backend.record,1.0.0,ttp.r014.relation.3101,relation,active,ttp.r014.yaintt,ttp.r014.yaintt,,und,2026-08-22T03:06:00+02:00,codex.r014.id-ID,,ttp.r014.correction.0056,corrects,ttp.r014.unit.sec.moaa,3101,"{""evidence_sha256"":""dd4de4ca603dc1bf67b635bce3199fcdbf6bcacbc3b8d3736350b5a825a00f57"",""ledger_id"":""R014-ADV-0056"",""path"":""qa/review-candidates/boundary28-r2/ADVERSE_LEDGER.md"",""target_path"":""qa/review-candidates/boundary28-r2/yaintt-id.tex"",""target_sha256"":""b1dd2926dc8bfdb84c6a3b4605490a8d96b14c44d89653867160d701fa0f17db""}",high
r014.backend.record,1.0.0,ttp.r014.relation.3102,relation,active,ttp.r014.yaintt,ttp.r014.yaintt,,und,2026-08-22T03:06:00+02:00,codex.r014.id-ID,,ttp.r014.correction.0057,corrects,ttp.r014.unit.sec.moaa,3102,"{""evidence_sha256"":""dd4de4ca603dc1bf67b635bce3199fcdbf6bcacbc3b8d3736350b5a825a00f57"",""ledger_id"":""R014-ADV-0057"",""path"":""qa/review-candidates/boundary28-r2/ADVERSE_LEDGER.md"",""target_path"":""qa/review-candidates/boundary28-r2/yaintt-id.tex"",""target_sha256"":""b1dd2926dc8bfdb84c6a3b4605490a8d96b14c44d89653867160d701fa0f17db""}",high
r014.backend.record,1.0.0,ttp.r014.relation.3103,relation,active,ttp.r014.yaintt,ttp.r014.yaintt,,und,2026-08-22T03:06:00+02:00,codex.r014.id-ID,,ttp.r014.correction.0058,corrects,ttp.r014.unit.sec.moaa,3103,"{""evidence_sha256"":""dd4de4ca603dc1bf67b635bce3199fcdbf6bcacbc3b8d3736350b5a825a00f57"",""ledger_id"":""R014-ADV-0058"",""path"":""qa/review-candidates/boundary28-r2/ADVERSE_LEDGER.md"",""target_path"":""qa/review-candidates/boundary28-r2/yaintt-id.tex"",""target_sha256"":""b1dd2926dc8bfdb84c6a3b4605490a8d96b14c44d89653867160d701fa0f17db""}",high
r014.backend.record,1.0.0,ttp.r014.relation.3104,relation,active,ttp.r014.yaintt,ttp.r014.yaintt,,und,2026-08-22T03:06:00+02:00,codex.r014.id-ID,,ttp.r014.correction.0059,corrects,ttp.r014.unit.sec.moaa,3104,"{""evidence_sha256"":""dd4de4ca603dc1bf67b635bce3199fcdbf6bcacbc3b8d3736350b5a825a00f57"",""ledger_id"":""R014-ADV-0059"",""path"":""qa/review-candidates/boundary28-r2/ADVERSE_LEDGER.md"",""target_path"":""qa/review-candidates/boundary28-r2/yaintt-id.tex"",""target_sha256"":""b1dd2926dc8bfdb84c6a3b4605490a8d96b14c44d89653867160d701fa0f17db""}",high
r014.backend.record,1.0.0,ttp.r014.relation.3105,relation,active,ttp.r014.yaintt,ttp.r014.yaintt,,und,2026-08-22T03:06:00+02:00,codex.r014.id-ID,,ttp.r014.correction.0060,corrects,ttp.r014.unit.sec.moaa,3105,"{""evidence_sha256"":""dd4de4ca603dc1bf67b635bce3199fcdbf6bcacbc3b8d3736350b5a825a00f57"",""ledger_id"":""R014-ADV-0060"",""path"":""qa/review-candidates/boundary28-r2/ADVERSE_LEDGER.md"",""target_path"":""qa/review-candidates/boundary28-r2/yaintt-id.tex"",""target_sha256"":""b1dd2926dc8bfdb84c6a3b4605490a8d96b14c44d89653867160d701fa0f17db""}",high
r014.backend.record,1.0.0,ttp.r014.relation.3106,relation,active,ttp.r014.yaintt,ttp.r014.yaintt,,und,2026-08-22T03:06:00+02:00,codex.r014.id-ID,,ttp.r014.correction.0061,corrects,ttp.r014.unit.sec.aatflaet,3106,"{""evidence_sha256"":""dd4de4ca603dc1bf67b635bce3199fcdbf6bcacbc3b8d3736350b5a825a00f57"",""ledger_id"":""R014-ADV-0061"",""path"":""qa/review-candidates/boundary28-r2/ADVERSE_LEDGER.md"",""target_path"":""qa/review-candidates/boundary28-r2/yaintt-id.tex"",""target_sha256"":""b1dd2926dc8bfdb84c6a3b4605490a8d96b14c44d89653867160d701fa0f17db""}",high
r014.backend.record,1.0.0,ttp.r014.relation.3107,relation,active,ttp.r014.yaintt,ttp.r014.yaintt,,und,2026-08-22T03:06:00+02:00,codex.r014.id-ID,,ttp.r014.correction.0062,corrects,ttp.r014.unit.sec.aatflaet,3107,"{""evidence_sha256"":""dd4de4ca603dc1bf67b635bce3199fcdbf6bcacbc3b8d3736350b5a825a00f57"",""ledger_id"":""R014-ADV-0062"",""path"":""qa/review-candidates/boundary28-r2/ADVERSE_LEDGER.md"",""target_path"":""qa/review-candidates/boundary28-r2/yaintt-id.tex"",""target_sha256"":""b1dd2926dc8bfdb84c6a3b4605490a8d96b14c44d89653867160d701fa0f17db""}",high
r014.backend.record,1.0.0,ttp.r014.relation.3108,relation,active,ttp.r014.yaintt,ttp.r014.yaintt,,und,2026-08-22T03:06:00+02:00,codex.r014.id-ID,,ttp.r014.correction.0063,corrects,ttp.r014.unit.sec.aatflaet,3108,"{""evidence_sha256"":""dd4de4ca603dc1bf67b635bce3199fcdbf6bcacbc3b8d3736350b5a825a00f57"",""ledger_id"":""R014-ADV-0063"",""path"":""qa/review-candidates/boundary28-r2/ADVERSE_LEDGER.md"",""target_path"":""qa/review-candidates/boundary28-r2/yaintt-id.tex"",""target_sha256"":""b1dd2926dc8bfdb84c6a3b4605490a8d96b14c44d89653867160d701fa0f17db""}",high
r014.backend.record,1.0.0,ttp.r014.relation.3109,relation,active,ttp.r014.yaintt,ttp.r014.yaintt,,und,2026-08-22T03:06:00+02:00,codex.r014.id-ID,,ttp.r014.correction.0064,corrects,ttp.r014.unit.sec.aatflaet,3109,"{""evidence_sha256"":""dd4de4ca603dc1bf67b635bce3199fcdbf6bcacbc3b8d3736350b5a825a00f57"",""ledger_id"":""R014-ADV-0064"",""path"":""qa/review-candidates/boundary28-r2/ADVERSE_LEDGER.md"",""target_path"":""qa/review-candidates/boundary28-r2/yaintt-id.tex"",""target_sha256"":""b1dd2926dc8bfdb84c6a3b4605490a8d96b14c44d89653867160d701fa0f17db""}",high
r014.backend.record,1.0.0,ttp.r014.relation.3110,relation,active,ttp.r014.yaintt,ttp.r014.yaintt,,und,2026-08-22T03:06:00+02:00,codex.r014.id-ID,,ttp.r014.correction.0065,corrects,ttp.r014.unit.sec.ssh,3110,"{""evidence_sha256"":""dd4de4ca603dc1bf67b635bce3199fcdbf6bcacbc3b8d3736350b5a825a00f57"",""ledger_id"":""R014-ADV-0065"",""path"":""qa/review-candidates/boundary28-r2/ADVERSE_LEDGER.md"",""target_path"":""qa/review-candidates/boundary28-r2/yaintt-id.tex"",""target_sha256"":""b1dd2926dc8bfdb84c6a3b4605490a8d96b14c44d89653867160d701fa0f17db""}",high
r014.backend.record,1.0.0,ttp.r014.relation.3111,relation,active,ttp.r014.yaintt,ttp.r014.yaintt,,und,2026-08-22T03:06:00+02:00,codex.r014.id-ID,,ttp.r014.correction.0066,corrects,ttp.r014.unit.sec.ssh,3111,"{""evidence_sha256"":""dd4de4ca603dc1bf67b635bce3199fcdbf6bcacbc3b8d3736350b5a825a00f57"",""ledger_id"":""R014-ADV-0066"",""path"":""qa/review-candidates/boundary28-r2/ADVERSE_LEDGER.md"",""target_path"":""qa/review-candidates/boundary28-r2/yaintt-id.tex"",""target_sha256"":""b1dd2926dc8bfdb84c6a3b4605490a8d96b14c44d89653867160d701fa0f17db""}",high
r014.backend.record,1.0.0,ttp.r014.relation.3112,relation,active,ttp.r014.yaintt,ttp.r014.yaintt,,und,2026-08-22T03:06:00+02:00,codex.r014.id-ID,,ttp.r014.correction.0067,corrects,ttp.r014.unit.sec.ssh,3112,"{""evidence_sha256"":""dd4de4ca603dc1bf67b635bce3199fcdbf6bcacbc3b8d3736350b5a825a00f57"",""ledger_id"":""R014-ADV-0067"",""path"":""qa/review-candidates/boundary28-r2/ADVERSE_LEDGER.md"",""target_path"":""qa/review-candidates/boundary28-r2/yaintt-id.tex"",""target_sha256"":""b1dd2926dc8bfdb84c6a3b4605490a8d96b14c44d89653867160d701fa0f17db""}",high
r014.backend.record,1.0.0,ttp.r014.relation.3113,relation,active,ttp.r014.yaintt,ttp.r014.yaintt,,und,2026-08-22T03:06:00+02:00,codex.r014.id-ID,,ttp.r014.correction.0068,corrects,ttp.r014.unit.sec.ssh,3113,"{""evidence_sha256"":""dd4de4ca603dc1bf67b635bce3199fcdbf6bcacbc3b8d3736350b5a825a00f57"",""ledger_id"":""R014-ADV-0068"",""path"":""qa/review-candidates/boundary28-r2/ADVERSE_LEDGER.md"",""target_path"":""qa/review-candidates/boundary28-r2/yaintt-id.tex"",""target_sha256"":""b1dd2926dc8bfdb84c6a3b4605490a8d96b14c44d89653867160d701fa0f17db""}",high
r014.backend.record,1.0.0,ttp.r014.relation.3114,relation,active,ttp.r014.yaintt,ttp.r014.yaintt,,und,2026-08-22T03:06:00+02:00,codex.r014.id-ID,,ttp.r014.correction.0069,corrects,ttp.r014.unit.sec.ssh,3114,"{""evidence_sha256"":""dd4de4ca603dc1bf67b635bce3199fcdbf6bcacbc3b8d3736350b5a825a00f57"",""ledger_id"":""R014-ADV-0069"",""path"":""qa/review-candidates/boundary28-r2/ADVERSE_LEDGER.md"",""target_path"":""qa/review-candidates/boundary28-r2/yaintt-id.tex"",""target_sha256"":""b1dd2926dc8bfdb84c6a3b4605490a8d96b14c44d89653867160d701fa0f17db""}",high
r014.backend.record,1.0.0,ttp.r014.relation.3115,relation,active,ttp.r014.yaintt,ttp.r014.yaintt,,und,2026-08-22T03:06:00+02:00,codex.r014.id-ID,,ttp.r014.correction.0070,corrects,ttp.r014.unit.sec.ssh,3115,"{""evidence_sha256"":""dd4de4ca603dc1bf67b635bce3199fcdbf6bcacbc3b8d3736350b5a825a00f57"",""ledger_id"":""R014-ADV-0070"",""path"":""qa/review-candidates/boundary28-r2/ADVERSE_LEDGER.md"",""target_path"":""qa/review-candidates/boundary28-r2/yaintt-id.tex"",""target_sha256"":""b1dd2926dc8bfdb84c6a3b4605490a8d96b14c44d89653867160d701fa0f17db""}",high
r014.backend.record,1.0.0,ttp.r014.relation.3116,relation,active,ttp.r014.yaintt,ttp.r014.yaintt,,und,2026-08-22T03:06:00+02:00,codex.r014.id-ID,,ttp.r014.correction.0071,corrects,ttp.r014.unit.sec.ccaiv,3116,"{""evidence_sha256"":""dd4de4ca603dc1bf67b635bce3199fcdbf6bcacbc3b8d3736350b5a825a00f57"",""ledger_id"":""R014-ADV-0071"",""path"":""qa/review-candidates/boundary28-r2/ADVERSE_LEDGER.md"",""target_path"":""qa/review-candidates/boundary28-r2/yaintt-id.tex"",""target_sha256"":""b1dd2926dc8bfdb84c6a3b4605490a8d96b14c44d89653867160d701fa0f17db""}",high
r014.backend.record,1.0.0,ttp.r014.relation.3117,relation,active,ttp.r014.yaintt,ttp.r014.yaintt,,und,2026-08-22T03:06:00+02:00,codex.r014.id-ID,,ttp.r014.correction.0072,corrects,ttp.r014.unit.sec.ccaiv,3117,"{""evidence_sha256"":""dd4de4ca603dc1bf67b635bce3199fcdbf6bcacbc3b8d3736350b5a825a00f57"",""ledger_id"":""R014-ADV-0072"",""path"":""qa/review-candidates/boundary28-r2/ADVERSE_LEDGER.md"",""target_path"":""qa/review-candidates/boundary28-r2/yaintt-id.tex"",""target_sha256"":""b1dd2926dc8bfdb84c6a3b4605490a8d96b14c44d89653867160d701fa0f17db""}",high
r014.backend.record,1.0.0,ttp.r014.relation.3118,relation,active,ttp.r014.yaintt,ttp.r014.yaintt,,und,2026-08-22T03:06:00+02:00,codex.r014.id-ID,,ttp.r014.correction.0073,corrects,ttp.r014.unit.sec.ccaiv,3118,"{""evidence_sha256"":""dd4de4ca603dc1bf67b635bce3199fcdbf6bcacbc3b8d3736350b5a825a00f57"",""ledger_id"":""R014-ADV-0073"",""path"":""qa/review-candidates/boundary28-r2/ADVERSE_LEDGER.md"",""target_path"":""qa/review-candidates/boundary28-r2/yaintt-id.tex"",""target_sha256"":""b1dd2926dc8bfdb84c6a3b4605490a8d96b14c44d89653867160d701fa0f17db""}",high
r014.backend.record,1.0.0,ttp.r014.relation.3119,relation,active,ttp.r014.yaintt,ttp.r014.yaintt,,und,2026-08-22T03:06:00+02:00,codex.r014.id-ID,,ttp.r014.correction.0074,corrects,ttp.r014.unit.sec.ccaiv,3119,"{""evidence_sha256"":""dd4de4ca603dc1bf67b635bce3199fcdbf6bcacbc3b8d3736350b5a825a00f57"",""ledger_id"":""R014-ADV-0074"",""path"":""qa/review-candidates/boundary28-r2/ADVERSE_LEDGER.md"",""target_path"":""qa/review-candidates/boundary28-r2/yaintt-id.tex"",""target_sha256"":""b1dd2926dc8bfdb84c6a3b4605490a8d96b14c44d89653867160d701fa0f17db""}",high
r014.backend.record,1.0.0,ttp.r014.relation.3120,relation,active,ttp.r014.yaintt,ttp.r014.yaintt,,und,2026-08-22T03:06:00+02:00,codex.r014.id-ID,,ttp.r014.correction.0075,corrects,ttp.r014.unit.sec.ccaiv,3120,"{""evidence_sha256"":""dd4de4ca603dc1bf67b635bce3199fcdbf6bcacbc3b8d3736350b5a825a00f57"",""ledger_id"":""R014-ADV-0075"",""path"":""qa/review-candidates/boundary28-r2/ADVERSE_LEDGER.md"",""target_path"":""qa/review-candidates/boundary28-r2/yaintt-id.tex"",""target_sha256"":""b1dd2926dc8bfdb84c6a3b4605490a8d96b14c44d89653867160d701fa0f17db""}",high
r014.backend.record,1.0.0,ttp.r014.relation.3121,relation,active,ttp.r014.yaintt,ttp.r014.yaintt,,und,2026-08-22T03:06:00+02:00,codex.r014.id-ID,,ttp.r014.correction.0076,corrects,ttp.r014.unit.sec.ccaiv,3121,"{""evidence_sha256"":""dd4de4ca603dc1bf67b635bce3199fcdbf6bcacbc3b8d3736350b5a825a00f57"",""ledger_id"":""R014-ADV-0076"",""path"":""qa/review-candidates/boundary28-r2/ADVERSE_LEDGER.md"",""target_path"":""qa/review-candidates/boundary28-r2/yaintt-id.tex"",""target_sha256"":""b1dd2926dc8bfdb84c6a3b4605490a8d96b14c44d89653867160d701fa0f17db""}",high
r014.backend.record,1.0.0,ttp.r014.relation.3122,relation,active,ttp.r014.yaintt,ttp.r014.yaintt,,und,2026-08-22T03:06:00+02:00,codex.r014.id-ID,,ttp.r014.correction.0077,corrects,ttp.r014.unit.sec.ccaiv,3122,"{""evidence_sha256"":""dd4de4ca603dc1bf67b635bce3199fcdbf6bcacbc3b8d3736350b5a825a00f57"",""ledger_id"":""R014-ADV-0077"",""path"":""qa/review-candidates/boundary28-r2/ADVERSE_LEDGER.md"",""target_path"":""qa/review-candidates/boundary28-r2/yaintt-id.tex"",""target_sha256"":""b1dd2926dc8bfdb84c6a3b4605490a8d96b14c44d89653867160d701fa0f17db""}",high
r014.backend.record,1.0.0,ttp.r014.relation.3123,relation,active,ttp.r014.yaintt,ttp.r014.yaintt,,und,2026-08-22T03:06:00+02:00,codex.r014.id-ID,,ttp.r014.correction.0078,corrects,ttp.r014.unit.sec.ccaiv,3123,"{""evidence_sha256"":""dd4de4ca603dc1bf67b635bce3199fcdbf6bcacbc3b8d3736350b5a825a00f57"",""ledger_id"":""R014-ADV-0078"",""path"":""qa/review-candidates/boundary28-r2/ADVERSE_LEDGER.md"",""target_path"":""qa/review-candidates/boundary28-r2/yaintt-id.tex"",""target_sha256"":""b1dd2926dc8bfdb84c6a3b4605490a8d96b14c44d89653867160d701fa0f17db""}",high
r014.backend.record,1.0.0,ttp.r014.relation.3124,relation,active,ttp.r014.yaintt,ttp.r014.yaintt,,und,2026-08-22T03:06:00+02:00,codex.r014.id-ID,,ttp.r014.correction.0079,corrects,ttp.r014.unit.sec.ccaiv,3124,"{""evidence_sha256"":""dd4de4ca603dc1bf67b635bce3199fcdbf6bcacbc3b8d3736350b5a825a00f57"",""ledger_id"":""R014-ADV-0079"",""path"":""qa/review-candidates/boundary28-r2/ADVERSE_LEDGER.md"",""target_path"":""qa/review-candidates/boundary28-r2/yaintt-id.tex"",""target_sha256"":""b1dd2926dc8bfdb84c6a3b4605490a8d96b14c44d89653867160d701fa0f17db""}",high
r014.backend.record,1.0.0,ttp.r014.relation.3125,relation,active,ttp.r014.yaintt,ttp.r014.yaintt,,und,2026-08-22T03:06:00+02:00,codex.r014.id-ID,,ttp.r014.correction.0080,corrects,ttp.r014.unit.sec.ccaiv,3125,"{""evidence_sha256"":""dd4de4ca603dc1bf67b635bce3199fcdbf6bcacbc3b8d3736350b5a825a00f57"",""ledger_id"":""R014-ADV-0080"",""path"":""qa/review-candidates/boundary28-r2/ADVERSE_LEDGER.md"",""target_path"":""qa/review-candidates/boundary28-r2/yaintt-id.tex"",""target_sha256"":""b1dd2926dc8bfdb84c6a3b4605490a8d96b14c44d89653867160d701fa0f17db""}",high
r014.backend.record,1.0.0,ttp.r014.relation.3126,relation,active,ttp.r014.yaintt,ttp.r014.yaintt,,und,2026-08-22T03:06:00+02:00,codex.r014.id-ID,,ttp.r014.correction.0081,corrects,ttp.r014.unit.sec.ccaiv,3126,"{""evidence_sha256"":""dd4de4ca603dc1bf67b635bce3199fcdbf6bcacbc3b8d3736350b5a825a00f57"",""ledger_id"":""R014-ADV-0081"",""path"":""qa/review-candidates/boundary28-r2/ADVERSE_LEDGER.md"",""target_path"":""qa/review-candidates/boundary28-r2/yaintt-id.tex"",""target_sha256"":""b1dd2926dc8bfdb84c6a3b4605490a8d96b14c44d89653867160d701fa0f17db""}",high
r014.backend.record,1.0.0,ttp.r014.relation.3127,relation,active,ttp.r014.yaintt,ttp.r014.yaintt,,und,2026-08-22T03:06:00+02:00,codex.r014.id-ID,,ttp.r014.correction.0082,corrects,ttp.r014.unit.sec.ccaiv,3127,"{""evidence_sha256"":""dd4de4ca603dc1bf67b635bce3199fcdbf6bcacbc3b8d3736350b5a825a00f57"",""ledger_id"":""R014-ADV-0082"",""path"":""qa/review-candidates/boundary28-r2/ADVERSE_LEDGER.md"",""target_path"":""qa/review-candidates/boundary28-r2/yaintt-id.tex"",""target_sha256"":""b1dd2926dc8bfdb84c6a3b4605490a8d96b14c44d89653867160d701fa0f17db""}",high
r014.backend.record,1.0.0,ttp.r014.relation.3128,relation,active,ttp.r014.yaintt,ttp.r014.yaintt,,und,2026-08-22T03:06:00+02:00,codex.r014.id-ID,,ttp.r014.correction.0083,corrects,ttp.r014.unit.sec.frequency,3128,"{""evidence_sha256"":""dd4de4ca603dc1bf67b635bce3199fcdbf6bcacbc3b8d3736350b5a825a00f57"",""ledger_id"":""R014-ADV-0083"",""path"":""qa/review-candidates/boundary28-r2/ADVERSE_LEDGER.md"",""target_path"":""qa/review-candidates/boundary28-r2/yaintt-id.tex"",""target_sha256"":""b1dd2926dc8bfdb84c6a3b4605490a8d96b14c44d89653867160d701fa0f17db""}",high
r014.backend.record,1.0.0,ttp.r014.relation.3129,relation,active,ttp.r014.yaintt,ttp.r014.yaintt,,und,2026-08-22T03:06:00+02:00,codex.r014.id-ID,,ttp.r014.correction.0084,corrects,ttp.r014.unit.sec.frequency,3129,"{""evidence_sha256"":""dd4de4ca603dc1bf67b635bce3199fcdbf6bcacbc3b8d3736350b5a825a00f57"",""ledger_id"":""R014-ADV-0084"",""path"":""qa/review-candidates/boundary28-r2/ADVERSE_LEDGER.md"",""target_path"":""qa/review-candidates/boundary28-r2/yaintt-id.tex"",""target_sha256"":""b1dd2926dc8bfdb84c6a3b4605490a8d96b14c44d89653867160d701fa0f17db""}",high
r014.backend.record,1.0.0,ttp.r014.relation.3130,relation,active,ttp.r014.yaintt,ttp.r014.yaintt,,und,2026-08-22T03:06:00+02:00,codex.r014.id-ID,,ttp.r014.correction.0085,corrects,ttp.r014.unit.sec.rsa,3130,"{""evidence_sha256"":""dd4de4ca603dc1bf67b635bce3199fcdbf6bcacbc3b8d3736350b5a825a00f57"",""ledger_id"":""R014-ADV-0085"",""path"":""qa/review-candidates/boundary28-r2/ADVERSE_LEDGER.md"",""target_path"":""qa/review-candidates/boundary28-r2/yaintt-id.tex"",""target_sha256"":""b1dd2926dc8bfdb84c6a3b4605490a8d96b14c44d89653867160d701fa0f17db""}",high
r014.backend.record,1.0.0,ttp.r014.relation.3131,relation,active,ttp.r014.yaintt,ttp.r014.yaintt,,und,2026-08-22T03:06:00+02:00,codex.r014.id-ID,,ttp.r014.correction.0086,corrects,ttp.r014.unit.sec.rsa,3131,"{""evidence_sha256"":""dd4de4ca603dc1bf67b635bce3199fcdbf6bcacbc3b8d3736350b5a825a00f57"",""ledger_id"":""R014-ADV-0086"",""path"":""qa/review-candidates/boundary28-r2/ADVERSE_LEDGER.md"",""target_path"":""qa/review-candidates/boundary28-r2/yaintt-id.tex"",""target_sha256"":""b1dd2926dc8bfdb84c6a3b4605490a8d96b14c44d89653867160d701fa0f17db""}",high
r014.backend.record,1.0.0,ttp.r014.relation.3132,relation,active,ttp.r014.yaintt,ttp.r014.yaintt,,und,2026-08-22T03:06:00+02:00,codex.r014.id-ID,,ttp.r014.correction.0087,corrects,ttp.r014.unit.sec.rsa,3132,"{""evidence_sha256"":""dd4de4ca603dc1bf67b635bce3199fcdbf6bcacbc3b8d3736350b5a825a00f57"",""ledger_id"":""R014-ADV-0087"",""path"":""qa/review-candidates/boundary28-r2/ADVERSE_LEDGER.md"",""target_path"":""qa/review-candidates/boundary28-r2/yaintt-id.tex"",""target_sha256"":""b1dd2926dc8bfdb84c6a3b4605490a8d96b14c44d89653867160d701fa0f17db""}",high
r014.backend.record,1.0.0,ttp.r014.relation.3133,relation,active,ttp.r014.yaintt,ttp.r014.yaintt,,und,2026-08-22T03:06:00+02:00,codex.r014.id-ID,,ttp.r014.correction.0088,corrects,ttp.r014.unit.sec.rsa,3133,"{""evidence_sha256"":""dd4de4ca603dc1bf67b635bce3199fcdbf6bcacbc3b8d3736350b5a825a00f57"",""ledger_id"":""R014-ADV-0088"",""path"":""qa/review-candidates/boundary28-r2/ADVERSE_LEDGER.md"",""target_path"":""qa/review-candidates/boundary28-r2/yaintt-id.tex"",""target_sha256"":""b1dd2926dc8bfdb84c6a3b4605490a8d96b14c44d89653867160d701fa0f17db""}",high
r014.backend.record,1.0.0,ttp.r014.relation.3134,relation,active,ttp.r014.yaintt,ttp.r014.yaintt,,und,2026-08-22T03:06:00+02:00,codex.r014.id-ID,,ttp.r014.correction.0089,corrects,ttp.r014.unit.sec.rsa,3134,"{""evidence_sha256"":""dd4de4ca603dc1bf67b635bce3199fcdbf6bcacbc3b8d3736350b5a825a00f57"",""ledger_id"":""R014-ADV-0089"",""path"":""qa/review-candidates/boundary28-r2/ADVERSE_LEDGER.md"",""target_path"":""qa/review-candidates/boundary28-r2/yaintt-id.tex"",""target_sha256"":""b1dd2926dc8bfdb84c6a3b4605490a8d96b14c44d89653867160d701fa0f17db""}",high
r014.backend.record,1.0.0,ttp.r014.relation.3135,relation,active,ttp.r014.yaintt,ttp.r014.yaintt,,und,2026-08-22T03:06:00+02:00,codex.r014.id-ID,,ttp.r014.correction.0090,corrects,ttp.r014.unit.sec.rsa,3135,"{""evidence_sha256"":""dd4de4ca603dc1bf67b635bce3199fcdbf6bcacbc3b8d3736350b5a825a00f57"",""ledger_id"":""R014-ADV-0090"",""path"":""qa/review-candidates/boundary28-r2/ADVERSE_LEDGER.md"",""target_path"":""qa/review-candidates/boundary28-r2/yaintt-id.tex"",""target_sha256"":""b1dd2926dc8bfdb84c6a3b4605490a8d96b14c44d89653867160d701fa0f17db""}",high
r014.backend.record,1.0.0,ttp.r014.relation.3136,relation,active,ttp.r014.yaintt,ttp.r014.yaintt,,und,2026-08-22T03:06:00+02:00,codex.r014.id-ID,,ttp.r014.correction.0091,corrects,ttp.r014.unit.sec.rsa,3136,"{""evidence_sha256"":""dd4de4ca603dc1bf67b635bce3199fcdbf6bcacbc3b8d3736350b5a825a00f57"",""ledger_id"":""R014-ADV-0091"",""path"":""qa/review-candidates/boundary28-r2/ADVERSE_LEDGER.md"",""target_path"":""qa/review-candidates/boundary28-r2/yaintt-id.tex"",""target_sha256"":""b1dd2926dc8bfdb84c6a3b4605490a8d96b14c44d89653867160d701fa0f17db""}",high
r014.backend.record,1.0.0,ttp.r014.relation.3137,relation,active,ttp.r014.yaintt,ttp.r014.yaintt,,und,2026-08-22T03:06:00+02:00,codex.r014.id-ID,,ttp.r014.correction.0092,corrects,ttp.r014.unit.sec.rsa,3137,"{""evidence_sha256"":""dd4de4ca603dc1bf67b635bce3199fcdbf6bcacbc3b8d3736350b5a825a00f57"",""ledger_id"":""R014-ADV-0092"",""path"":""qa/review-candidates/boundary28-r2/ADVERSE_LEDGER.md"",""target_path"":""qa/review-candidates/boundary28-r2/yaintt-id.tex"",""target_sha256"":""b1dd2926dc8bfdb84c6a3b4605490a8d96b14c44d89653867160d701fa0f17db""}",high
r014.backend.record,1.0.0,ttp.r014.relation.3138,relation,active,ttp.r014.yaintt,ttp.r014.yaintt,,und,2026-08-22T03:06:00+02:00,codex.r014.id-ID,,ttp.r014.correction.0093,corrects,ttp.r014.unit.sec.rsa,3138,"{""evidence_sha256"":""dd4de4ca603dc1bf67b635bce3199fcdbf6bcacbc3b8d3736350b5a825a00f57"",""ledger_id"":""R014-ADV-0093"",""path"":""qa/review-candidates/boundary28-r2/ADVERSE_LEDGER.md"",""target_path"":""qa/review-candidates/boundary28-r2/yaintt-id.tex"",""target_sha256"":""b1dd2926dc8bfdb84c6a3b4605490a8d96b14c44d89653867160d701fa0f17db""}",high
r014.backend.record,1.0.0,ttp.r014.relation.3139,relation,active,ttp.r014.yaintt,ttp.r014.yaintt,,und,2026-08-22T03:06:00+02:00,codex.r014.id-ID,,ttp.r014.correction.0094,corrects,ttp.r014.unit.sec.rsa,3139,"{""evidence_sha256"":""dd4de4ca603dc1bf67b635bce3199fcdbf6bcacbc3b8d3736350b5a825a00f57"",""ledger_id"":""R014-ADV-0094"",""path"":""qa/review-candidates/boundary28-r2/ADVERSE_LEDGER.md"",""target_path"":""qa/review-candidates/boundary28-r2/yaintt-id.tex"",""target_sha256"":""b1dd2926dc8bfdb84c6a3b4605490a8d96b14c44d89653867160d701fa0f17db""}",high
r014.backend.record,1.0.0,ttp.r014.relation.3140,relation,active,ttp.r014.yaintt,ttp.r014.yaintt,,und,2026-08-22T03:06:00+02:00,codex.r014.id-ID,,ttp.r014.correction.0095,corrects,ttp.r014.unit.sec.rsa,3140,"{""evidence_sha256"":""dd4de4ca603dc1bf67b635bce3199fcdbf6bcacbc3b8d3736350b5a825a00f57"",""ledger_id"":""R014-ADV-0095"",""path"":""qa/review-candidates/boundary28-r2/ADVERSE_LEDGER.md"",""target_path"":""qa/review-candidates/boundary28-r2/yaintt-id.tex"",""target_sha256"":""b1dd2926dc8bfdb84c6a3b4605490a8d96b14c44d89653867160d701fa0f17db""}",high
r014.backend.record,1.0.0,ttp.r014.relation.3141,relation,active,ttp.r014.yaintt,ttp.r014.yaintt,,und,2026-08-22T03:06:00+02:00,codex.r014.id-ID,,ttp.r014.correction.0096,corrects,ttp.r014.unit.sec.rsa,3141,"{""evidence_sha256"":""dd4de4ca603dc1bf67b635bce3199fcdbf6bcacbc3b8d3736350b5a825a00f57"",""ledger_id"":""R014-ADV-0096"",""path"":""qa/review-candidates/boundary28-r2/ADVERSE_LEDGER.md"",""target_path"":""qa/review-candidates/boundary28-r2/yaintt-id.tex"",""target_sha256"":""b1dd2926dc8bfdb84c6a3b4605490a8d96b14c44d89653867160d701fa0f17db""}",high
r014.backend.record,1.0.0,ttp.r014.relation.3142,relation,active,ttp.r014.yaintt,ttp.r014.yaintt,,und,2026-08-22T03:06:00+02:00,codex.r014.id-ID,,ttp.r014.correction.0097,corrects,ttp.r014.unit.sec.rsa,3142,"{""evidence_sha256"":""dd4de4ca603dc1bf67b635bce3199fcdbf6bcacbc3b8d3736350b5a825a00f57"",""ledger_id"":""R014-ADV-0097"",""path"":""qa/review-candidates/boundary28-r2/ADVERSE_LEDGER.md"",""target_path"":""qa/review-candidates/boundary28-r2/yaintt-id.tex"",""target_sha256"":""b1dd2926dc8bfdb84c6a3b4605490a8d96b14c44d89653867160d701fa0f17db""}",high
r014.backend.record,1.0.0,ttp.r014.relation.3143,relation,active,ttp.r014.yaintt,ttp.r014.yaintt,,und,2026-08-22T03:06:00+02:00,codex.r014.id-ID,,ttp.r014.correction.0098,corrects,ttp.r014.unit.sec.rsa,3143,"{""evidence_sha256"":""dd4de4ca603dc1bf67b635bce3199fcdbf6bcacbc3b8d3736350b5a825a00f57"",""ledger_id"":""R014-ADV-0098"",""path"":""qa/review-candidates/boundary28-r2/ADVERSE_LEDGER.md"",""target_path"":""qa/review-candidates/boundary28-r2/yaintt-id.tex"",""target_sha256"":""b1dd2926dc8bfdb84c6a3b4605490a8d96b14c44d89653867160d701fa0f17db""}",high
r014.backend.record,1.0.0,ttp.r014.relation.3144,relation,active,ttp.r014.yaintt,ttp.r014.yaintt,,und,2026-08-22T03:06:00+02:00,codex.r014.id-ID,,ttp.r014.correction.0099,corrects,ttp.r014.unit.sec.rsa,3144,"{""evidence_sha256"":""dd4de4ca603dc1bf67b635bce3199fcdbf6bcacbc3b8d3736350b5a825a00f57"",""ledger_id"":""R014-ADV-0099"",""path"":""qa/review-candidates/boundary28-r2/ADVERSE_LEDGER.md"",""target_path"":""qa/review-candidates/boundary28-r2/yaintt-id.tex"",""target_sha256"":""b1dd2926dc8bfdb84c6a3b4605490a8d96b14c44d89653867160d701fa0f17db""}",high
r014.backend.record,1.0.0,ttp.r014.relation.3145,relation,active,ttp.r014.yaintt,ttp.r014.yaintt,,und,2026-08-22T03:06:00+02:00,codex.r014.id-ID,,ttp.r014.correction.0100,corrects,ttp.r014.unit.sec.rsa,3145,"{""evidence_sha256"":""dd4de4ca603dc1bf67b635bce3199fcdbf6bcacbc3b8d3736350b5a825a00f57"",""ledger_id"":""R014-ADV-0100"",""path"":""qa/review-candidates/boundary28-r2/ADVERSE_LEDGER.md"",""target_path"":""qa/review-candidates/boundary28-r2/yaintt-id.tex"",""target_sha256"":""b1dd2926dc8bfdb84c6a3b4605490a8d96b14c44d89653867160d701fa0f17db""}",high
r014.backend.record,1.0.0,ttp.r014.relation.3146,relation,active,ttp.r014.yaintt,ttp.r014.yaintt,,und,2026-08-22T03:06:00+02:00,codex.r014.id-ID,,ttp.r014.correction.0101,corrects,ttp.r014.unit.sec.digital-signatures,3146,"{""evidence_sha256"":""dd4de4ca603dc1bf67b635bce3199fcdbf6bcacbc3b8d3736350b5a825a00f57"",""ledger_id"":""R014-ADV-0101"",""path"":""qa/review-candidates/boundary28-r2/ADVERSE_LEDGER.md"",""target_path"":""qa/review-candidates/boundary28-r2/yaintt-id.tex"",""target_sha256"":""b1dd2926dc8bfdb84c6a3b4605490a8d96b14c44d89653867160d701fa0f17db""}",high
r014.backend.record,1.0.0,ttp.r014.relation.3147,relation,active,ttp.r014.yaintt,ttp.r014.yaintt,,und,2026-08-22T03:06:00+02:00,codex.r014.id-ID,,ttp.r014.correction.0102,corrects,ttp.r014.unit.sec.digital-signatures,3147,"{""evidence_sha256"":""dd4de4ca603dc1bf67b635bce3199fcdbf6bcacbc3b8d3736350b5a825a00f57"",""ledger_id"":""R014-ADV-0102"",""path"":""qa/review-candidates/boundary28-r2/ADVERSE_LEDGER.md"",""target_path"":""qa/review-candidates/boundary28-r2/yaintt-id.tex"",""target_sha256"":""b1dd2926dc8bfdb84c6a3b4605490a8d96b14c44d89653867160d701fa0f17db""}",high
r014.backend.record,1.0.0,ttp.r014.relation.3148,relation,active,ttp.r014.yaintt,ttp.r014.yaintt,,und,2026-08-22T03:06:00+02:00,codex.r014.id-ID,,ttp.r014.correction.0103,corrects,ttp.r014.unit.sec.digital-signatures,3148,"{""evidence_sha256"":""dd4de4ca603dc1bf67b635bce3199fcdbf6bcacbc3b8d3736350b5a825a00f57"",""ledger_id"":""R014-ADV-0103"",""path"":""qa/review-candidates/boundary28-r2/ADVERSE_LEDGER.md"",""target_path"":""qa/review-candidates/boundary28-r2/yaintt-id.tex"",""target_sha256"":""b1dd2926dc8bfdb84c6a3b4605490a8d96b14c44d89653867160d701fa0f17db""}",high
r014.backend.record,1.0.0,ttp.r014.relation.3149,relation,active,ttp.r014.yaintt,ttp.r014.yaintt,,und,2026-08-22T03:06:00+02:00,codex.r014.id-ID,,ttp.r014.correction.0104,corrects,ttp.r014.unit.sec.digital-signatures,3149,"{""evidence_sha256"":""dd4de4ca603dc1bf67b635bce3199fcdbf6bcacbc3b8d3736350b5a825a00f57"",""ledger_id"":""R014-ADV-0104"",""path"":""qa/review-candidates/boundary28-r2/ADVERSE_LEDGER.md"",""target_path"":""qa/review-candidates/boundary28-r2/yaintt-id.tex"",""target_sha256"":""b1dd2926dc8bfdb84c6a3b4605490a8d96b14c44d89653867160d701fa0f17db""}",high
r014.backend.record,1.0.0,ttp.r014.relation.3150,relation,active,ttp.r014.yaintt,ttp.r014.yaintt,,und,2026-08-22T03:06:00+02:00,codex.r014.id-ID,,ttp.r014.correction.0105,corrects,ttp.r014.unit.sec.digital-signatures,3150,"{""evidence_sha256"":""dd4de4ca603dc1bf67b635bce3199fcdbf6bcacbc3b8d3736350b5a825a00f57"",""ledger_id"":""R014-ADV-0105"",""path"":""qa/review-candidates/boundary28-r2/ADVERSE_LEDGER.md"",""target_path"":""qa/review-candidates/boundary28-r2/yaintt-id.tex"",""target_sha256"":""b1dd2926dc8bfdb84c6a3b4605490a8d96b14c44d89653867160d701fa0f17db""}",high
r014.backend.record,1.0.0,ttp.r014.relation.3151,relation,active,ttp.r014.yaintt,ttp.r014.yaintt,,und,2026-08-22T03:06:00+02:00,codex.r014.id-ID,,ttp.r014.correction.0106,corrects,ttp.r014.unit.sec.digital-signatures,3151,"{""evidence_sha256"":""dd4de4ca603dc1bf67b635bce3199fcdbf6bcacbc3b8d3736350b5a825a00f57"",""ledger_id"":""R014-ADV-0106"",""path"":""qa/review-candidates/boundary28-r2/ADVERSE_LEDGER.md"",""target_path"":""qa/review-candidates/boundary28-r2/yaintt-id.tex"",""target_sha256"":""b1dd2926dc8bfdb84c6a3b4605490a8d96b14c44d89653867160d701fa0f17db""}",high
r014.backend.record,1.0.0,ttp.r014.relation.3152,relation,active,ttp.r014.yaintt,ttp.r014.yaintt,,und,2026-08-22T03:06:00+02:00,codex.r014.id-ID,,ttp.r014.correction.0107,corrects,ttp.r014.unit.sec.digital-signatures,3152,"{""evidence_sha256"":""dd4de4ca603dc1bf67b635bce3199fcdbf6bcacbc3b8d3736350b5a825a00f57"",""ledger_id"":""R014-ADV-0107"",""path"":""qa/review-candidates/boundary28-r2/ADVERSE_LEDGER.md"",""target_path"":""qa/review-candidates/boundary28-r2/yaintt-id.tex"",""target_sha256"":""b1dd2926dc8bfdb84c6a3b4605490a8d96b14c44d89653867160d701fa0f17db""}",high
r014.backend.record,1.0.0,ttp.r014.relation.3153,relation,active,ttp.r014.yaintt,ttp.r014.yaintt,,und,2026-08-22T03:06:00+02:00,codex.r014.id-ID,,ttp.r014.correction.0108,corrects,ttp.r014.unit.sec.mitm-certificates-trust,3153,"{""evidence_sha256"":""dd4de4ca603dc1bf67b635bce3199fcdbf6bcacbc3b8d3736350b5a825a00f57"",""ledger_id"":""R014-ADV-0108"",""path"":""qa/review-candidates/boundary28-r2/ADVERSE_LEDGER.md"",""target_path"":""qa/review-candidates/boundary28-r2/yaintt-id.tex"",""target_sha256"":""b1dd2926dc8bfdb84c6a3b4605490a8d96b14c44d89653867160d701fa0f17db""}",high
r014.backend.record,1.0.0,ttp.r014.relation.3154,relation,active,ttp.r014.yaintt,ttp.r014.yaintt,,und,2026-08-22T03:06:00+02:00,codex.r014.id-ID,,ttp.r014.correction.0109,corrects,ttp.r014.unit.sec.mitm-certificates-trust,3154,"{""evidence_sha256"":""dd4de4ca603dc1bf67b635bce3199fcdbf6bcacbc3b8d3736350b5a825a00f57"",""ledger_id"":""R014-ADV-0109"",""path"":""qa/review-candidates/boundary28-r2/ADVERSE_LEDGER.md"",""target_path"":""qa/review-candidates/boundary28-r2/yaintt-id.tex"",""target_sha256"":""b1dd2926dc8bfdb84c6a3b4605490a8d96b14c44d89653867160d701fa0f17db""}",high
r014.backend.record,1.0.0,ttp.r014.relation.3155,relation,active,ttp.r014.yaintt,ttp.r014.yaintt,,und,2026-08-22T03:06:00+02:00,codex.r014.id-ID,,ttp.r014.correction.0110,corrects,ttp.r014.unit.sec.mitm-certificates-trust,3155,"{""evidence_sha256"":""dd4de4ca603dc1bf67b635bce3199fcdbf6bcacbc3b8d3736350b5a825a00f57"",""ledger_id"":""R014-ADV-0110"",""path"":""qa/review-candidates/boundary28-r2/ADVERSE_LEDGER.md"",""target_path"":""qa/review-candidates/boundary28-r2/yaintt-id.tex"",""target_sha256"":""b1dd2926dc8bfdb84c6a3b4605490a8d96b14c44d89653867160d701fa0f17db""}",high
r014.backend.record,1.0.0,ttp.r014.relation.3156,relation,active,ttp.r014.yaintt,ttp.r014.yaintt,,und,2026-08-22T03:06:00+02:00,codex.r014.id-ID,,ttp.r014.correction.0111,corrects,ttp.r014.unit.id-id.chap.ieqdl,3156,"{""evidence_sha256"":""dd4de4ca603dc1bf67b635bce3199fcdbf6bcacbc3b8d3736350b5a825a00f57"",""ledger_id"":""R014-ADV-0111"",""path"":""qa/review-candidates/boundary28-r2/ADVERSE_LEDGER.md"",""target_path"":""qa/review-candidates/boundary28-r2/yaintt-id.tex"",""target_sha256"":""b1dd2926dc8bfdb84c6a3b4605490a8d96b14c44d89653867160d701fa0f17db""}",high
r014.backend.record,1.0.0,ttp.r014.relation.3157,relation,active,ttp.r014.yaintt,ttp.r014.yaintt,,und,2026-08-22T03:06:00+02:00,codex.r014.id-ID,,ttp.r014.correction.0112,corrects,ttp.r014.unit.id-id.chap.ieqdl,3157,"{""evidence_sha256"":""dd4de4ca603dc1bf67b635bce3199fcdbf6bcacbc3b8d3736350b5a825a00f57"",""ledger_id"":""R014-ADV-0112"",""path"":""qa/review-candidates/boundary28-r2/ADVERSE_LEDGER.md"",""target_path"":""qa/review-candidates/boundary28-r2/yaintt-id.tex"",""target_sha256"":""b1dd2926dc8bfdb84c6a3b4605490a8d96b14c44d89653867160d701fa0f17db""}",high
r014.backend.record,1.0.0,ttp.r014.relation.3158,relation,active,ttp.r014.yaintt,ttp.r014.yaintt,,und,2026-08-22T03:06:00+02:00,codex.r014.id-ID,,ttp.r014.correction.0113,corrects,ttp.r014.unit.id-id.chap.ieqdl,3158,"{""evidence_sha256"":""dd4de4ca603dc1bf67b635bce3199fcdbf6bcacbc3b8d3736350b5a825a00f57"",""ledger_id"":""R014-ADV-0113"",""path"":""qa/review-candidates/boundary28-r2/ADVERSE_LEDGER.md"",""target_path"":""qa/review-candidates/boundary28-r2/yaintt-id.tex"",""target_sha256"":""b1dd2926dc8bfdb84c6a3b4605490a8d96b14c44d89653867160d701fa0f17db""}",high
r014.backend.record,1.0.0,ttp.r014.relation.3159,relation,active,ttp.r014.yaintt,ttp.r014.yaintt,,und,2026-08-22T03:06:00+02:00,codex.r014.id-ID,,ttp.r014.correction.0114,corrects,ttp.r014.unit.id-id.chap.ieqdl,3159,"{""evidence_sha256"":""dd4de4ca603dc1bf67b635bce3199fcdbf6bcacbc3b8d3736350b5a825a00f57"",""ledger_id"":""R014-ADV-0114"",""path"":""qa/review-candidates/boundary28-r2/ADVERSE_LEDGER.md"",""target_path"":""qa/review-candidates/boundary28-r2/yaintt-id.tex"",""target_sha256"":""b1dd2926dc8bfdb84c6a3b4605490a8d96b14c44d89653867160d701fa0f17db""}",high
r014.backend.record,1.0.0,ttp.r014.relation.3160,relation,active,ttp.r014.yaintt,ttp.r014.yaintt,,und,2026-08-22T03:06:00+02:00,codex.r014.id-ID,,ttp.r014.correction.0115,corrects,ttp.r014.unit.id-id.chap.ieqdl,3160,"{""evidence_sha256"":""dd4de4ca603dc1bf67b635bce3199fcdbf6bcacbc3b8d3736350b5a825a00f57"",""ledger_id"":""R014-ADV-0115"",""path"":""qa/review-candidates/boundary28-r2/ADVERSE_LEDGER.md"",""target_path"":""qa/review-candidates/boundary28-r2/yaintt-id.tex"",""target_sha256"":""b1dd2926dc8bfdb84c6a3b4605490a8d96b14c44d89653867160d701fa0f17db""}",high
r014.backend.record,1.0.0,ttp.r014.relation.3161,relation,active,ttp.r014.yaintt,ttp.r014.yaintt,,und,2026-08-22T03:06:00+02:00,codex.r014.id-ID,,ttp.r014.correction.0116,corrects,ttp.r014.unit.id-id.chap.ieqdl,3161,"{""evidence_sha256"":""dd4de4ca603dc1bf67b635bce3199fcdbf6bcacbc3b8d3736350b5a825a00f57"",""ledger_id"":""R014-ADV-0116"",""path"":""qa/review-candidates/boundary28-r2/ADVERSE_LEDGER.md"",""target_path"":""qa/review-candidates/boundary28-r2/yaintt-id.tex"",""target_sha256"":""b1dd2926dc8bfdb84c6a3b4605490a8d96b14c44d89653867160d701fa0f17db""}",high
r014.backend.record,1.0.0,ttp.r014.relation.3162,relation,active,ttp.r014.yaintt,ttp.r014.yaintt,,und,2026-08-22T03:06:00+02:00,codex.r014.id-ID,,ttp.r014.correction.0117,corrects,ttp.r014.unit.sec.multiplicative-order-properties,3162,"{""evidence_sha256"":""dd4de4ca603dc1bf67b635bce3199fcdbf6bcacbc3b8d3736350b5a825a00f57"",""ledger_id"":""R014-ADV-0117"",""path"":""qa/review-candidates/boundary28-r2/ADVERSE_LEDGER.md"",""target_path"":""qa/review-candidates/boundary28-r2/yaintt-id.tex"",""target_sha256"":""b1dd2926dc8bfdb84c6a3b4605490a8d96b14c44d89653867160d701fa0f17db""}",high
r014.backend.record,1.0.0,ttp.r014.relation.3163,relation,active,ttp.r014.yaintt,ttp.r014.yaintt,,und,2026-08-22T03:06:00+02:00,codex.r014.id-ID,,ttp.r014.correction.0118,corrects,ttp.r014.unit.sec.primitive-roots,3163,"{""evidence_sha256"":""dd4de4ca603dc1bf67b635bce3199fcdbf6bcacbc3b8d3736350b5a825a00f57"",""ledger_id"":""R014-ADV-0118"",""path"":""qa/review-candidates/boundary28-r2/ADVERSE_LEDGER.md"",""target_path"":""qa/review-candidates/boundary28-r2/yaintt-id.tex"",""target_sha256"":""b1dd2926dc8bfdb84c6a3b4605490a8d96b14c44d89653867160d701fa0f17db""}",high
r014.backend.record,1.0.0,ttp.r014.relation.3164,relation,active,ttp.r014.yaintt,ttp.r014.yaintt,,und,2026-08-22T03:06:00+02:00,codex.r014.id-ID,,ttp.r014.correction.0119,corrects,ttp.r014.unit.sec.primitive-roots,3164,"{""evidence_sha256"":""dd4de4ca603dc1bf67b635bce3199fcdbf6bcacbc3b8d3736350b5a825a00f57"",""ledger_id"":""R014-ADV-0119"",""path"":""qa/review-candidates/boundary28-r2/ADVERSE_LEDGER.md"",""target_path"":""qa/review-candidates/boundary28-r2/yaintt-id.tex"",""target_sha256"":""b1dd2926dc8bfdb84c6a3b4605490a8d96b14c44d89653867160d701fa0f17db""}",high
r014.backend.record,1.0.0,ttp.r014.relation.3165,relation,active,ttp.r014.yaintt,ttp.r014.yaintt,,und,2026-08-22T03:06:00+02:00,codex.r014.id-ID,,ttp.r014.correction.0120,corrects,ttp.r014.unit.sec.primitive-roots,3165,"{""evidence_sha256"":""dd4de4ca603dc1bf67b635bce3199fcdbf6bcacbc3b8d3736350b5a825a00f57"",""ledger_id"":""R014-ADV-0120"",""path"":""qa/review-candidates/boundary28-r2/ADVERSE_LEDGER.md"",""target_path"":""qa/review-candidates/boundary28-r2/yaintt-id.tex"",""target_sha256"":""b1dd2926dc8bfdb84c6a3b4605490a8d96b14c44d89653867160d701fa0f17db""}",high
r014.backend.record,1.0.0,ttp.r014.relation.3166,relation,active,ttp.r014.yaintt,ttp.r014.yaintt,,und,2026-08-22T03:06:00+02:00,codex.r014.id-ID,,ttp.r014.correction.0121,corrects,ttp.r014.unit.sec.primitive-roots,3166,"{""evidence_sha256"":""dd4de4ca603dc1bf67b635bce3199fcdbf6bcacbc3b8d3736350b5a825a00f57"",""ledger_id"":""R014-ADV-0121"",""path"":""qa/review-candidates/boundary28-r2/ADVERSE_LEDGER.md"",""target_path"":""qa/review-candidates/boundary28-r2/yaintt-id.tex"",""target_sha256"":""b1dd2926dc8bfdb84c6a3b4605490a8d96b14c44d89653867160d701fa0f17db""}",high
r014.backend.record,1.0.0,ttp.r014.relation.3167,relation,active,ttp.r014.yaintt,ttp.r014.yaintt,,und,2026-08-22T03:06:00+02:00,codex.r014.id-ID,,ttp.r014.correction.0122,corrects,ttp.r014.unit.sec.primitive-roots,3167,"{""evidence_sha256"":""dd4de4ca603dc1bf67b635bce3199fcdbf6bcacbc3b8d3736350b5a825a00f57"",""ledger_id"":""R014-ADV-0122"",""path"":""qa/review-candidates/boundary28-r2/ADVERSE_LEDGER.md"",""target_path"":""qa/review-candidates/boundary28-r2/yaintt-id.tex"",""target_sha256"":""b1dd2926dc8bfdb84c6a3b4605490a8d96b14c44d89653867160d701fa0f17db""}",high
r014.backend.record,1.0.0,ttp.r014.relation.3168,relation,active,ttp.r014.yaintt,ttp.r014.yaintt,,und,2026-08-22T03:06:00+02:00,codex.r014.id-ID,,ttp.r014.correction.0123,corrects,ttp.r014.unit.sec.primitive-roots,3168,"{""evidence_sha256"":""dd4de4ca603dc1bf67b635bce3199fcdbf6bcacbc3b8d3736350b5a825a00f57"",""ledger_id"":""R014-ADV-0123"",""path"":""qa/review-candidates/boundary28-r2/ADVERSE_LEDGER.md"",""target_path"":""qa/review-candidates/boundary28-r2/yaintt-id.tex"",""target_sha256"":""b1dd2926dc8bfdb84c6a3b4605490a8d96b14c44d89653867160d701fa0f17db""}",high
r014.backend.record,1.0.0,ttp.r014.relation.3169,relation,active,ttp.r014.yaintt,ttp.r014.yaintt,,und,2026-08-22T03:06:00+02:00,codex.r014.id-ID,,ttp.r014.correction.0124,corrects,ttp.r014.unit.sec.primitive-roots,3169,"{""evidence_sha256"":""dd4de4ca603dc1bf67b635bce3199fcdbf6bcacbc3b8d3736350b5a825a00f57"",""ledger_id"":""R014-ADV-0124"",""path"":""qa/review-candidates/boundary28-r2/ADVERSE_LEDGER.md"",""target_path"":""qa/review-candidates/boundary28-r2/yaintt-id.tex"",""target_sha256"":""b1dd2926dc8bfdb84c6a3b4605490a8d96b14c44d89653867160d701fa0f17db""}",high
r014.backend.record,1.0.0,ttp.r014.relation.3170,relation,active,ttp.r014.yaintt,ttp.r014.yaintt,,und,2026-08-22T03:06:00+02:00,codex.r014.id-ID,,ttp.r014.correction.0125,corrects,ttp.r014.unit.sec.primitive-roots,3170,"{""evidence_sha256"":""dd4de4ca603dc1bf67b635bce3199fcdbf6bcacbc3b8d3736350b5a825a00f57"",""ledger_id"":""R014-ADV-0125"",""path"":""qa/review-candidates/boundary28-r2/ADVERSE_LEDGER.md"",""target_path"":""qa/review-candidates/boundary28-r2/yaintt-id.tex"",""target_sha256"":""b1dd2926dc8bfdb84c6a3b4605490a8d96b14c44d89653867160d701fa0f17db""}",high
r014.backend.record,1.0.0,ttp.r014.relation.3171,relation,active,ttp.r014.yaintt,ttp.r014.yaintt,,und,2026-08-22T03:06:00+02:00,codex.r014.id-ID,,ttp.r014.correction.0126,corrects,ttp.r014.unit.sec.indices,3171,"{""evidence_sha256"":""dd4de4ca603dc1bf67b635bce3199fcdbf6bcacbc3b8d3736350b5a825a00f57"",""ledger_id"":""R014-ADV-0126"",""path"":""qa/review-candidates/boundary28-r2/ADVERSE_LEDGER.md"",""target_path"":""qa/review-candidates/boundary28-r2/yaintt-id.tex"",""target_sha256"":""b1dd2926dc8bfdb84c6a3b4605490a8d96b14c44d89653867160d701fa0f17db""}",high
r014.backend.record,1.0.0,ttp.r014.relation.3172,relation,active,ttp.r014.yaintt,ttp.r014.yaintt,,und,2026-08-22T03:06:00+02:00,codex.r014.id-ID,,ttp.r014.correction.0127,corrects,ttp.r014.unit.sec.indices,3172,"{""evidence_sha256"":""dd4de4ca603dc1bf67b635bce3199fcdbf6bcacbc3b8d3736350b5a825a00f57"",""ledger_id"":""R014-ADV-0127"",""path"":""qa/review-candidates/boundary28-r2/ADVERSE_LEDGER.md"",""target_path"":""qa/review-candidates/boundary28-r2/yaintt-id.tex"",""target_sha256"":""b1dd2926dc8bfdb84c6a3b4605490a8d96b14c44d89653867160d701fa0f17db""}",high
r014.backend.record,1.0.0,ttp.r014.relation.3173,relation,active,ttp.r014.yaintt,ttp.r014.yaintt,,und,2026-08-22T03:06:00+02:00,codex.r014.id-ID,,ttp.r014.correction.0128,corrects,ttp.r014.unit.sec.indices,3173,"{""evidence_sha256"":""dd4de4ca603dc1bf67b635bce3199fcdbf6bcacbc3b8d3736350b5a825a00f57"",""ledger_id"":""R014-ADV-0128"",""path"":""qa/review-candidates/boundary28-r2/ADVERSE_LEDGER.md"",""target_path"":""qa/review-candidates/boundary28-r2/yaintt-id.tex"",""target_sha256"":""b1dd2926dc8bfdb84c6a3b4605490a8d96b14c44d89653867160d701fa0f17db""}",high
r014.backend.record,1.0.0,ttp.r014.relation.3174,relation,active,ttp.r014.yaintt,ttp.r014.yaintt,,und,2026-08-22T03:06:00+02:00,codex.r014.id-ID,,ttp.r014.correction.0129,corrects,ttp.r014.unit.id-id.sec.dhke,3174,"{""evidence_sha256"":""dd4de4ca603dc1bf67b635bce3199fcdbf6bcacbc3b8d3736350b5a825a00f57"",""ledger_id"":""R014-ADV-0129"",""path"":""qa/review-candidates/boundary28-r2/ADVERSE_LEDGER.md"",""target_path"":""qa/review-candidates/boundary28-r2/yaintt-id.tex"",""target_sha256"":""b1dd2926dc8bfdb84c6a3b4605490a8d96b14c44d89653867160d701fa0f17db""}",high
r014.backend.record,1.0.0,ttp.r014.relation.3175,relation,active,ttp.r014.yaintt,ttp.r014.yaintt,,und,2026-08-22T03:06:00+02:00,codex.r014.id-ID,,ttp.r014.correction.0130,corrects,ttp.r014.unit.id-id.sec.dhke,3175,"{""evidence_sha256"":""dd4de4ca603dc1bf67b635bce3199fcdbf6bcacbc3b8d3736350b5a825a00f57"",""ledger_id"":""R014-ADV-0130"",""path"":""qa/review-candidates/boundary28-r2/ADVERSE_LEDGER.md"",""target_path"":""qa/review-candidates/boundary28-r2/yaintt-id.tex"",""target_sha256"":""b1dd2926dc8bfdb84c6a3b4605490a8d96b14c44d89653867160d701fa0f17db""}",high
r014.backend.record,1.0.0,ttp.r014.relation.3176,relation,active,ttp.r014.yaintt,ttp.r014.yaintt,,und,2026-08-22T03:06:00+02:00,codex.r014.id-ID,,ttp.r014.correction.0131,corrects,ttp.r014.unit.id-id.sec.dhke,3176,"{""evidence_sha256"":""dd4de4ca603dc1bf67b635bce3199fcdbf6bcacbc3b8d3736350b5a825a00f57"",""ledger_id"":""R014-ADV-0131"",""path"":""qa/review-candidates/boundary28-r2/ADVERSE_LEDGER.md"",""target_path"":""qa/review-candidates/boundary28-r2/yaintt-id.tex"",""target_sha256"":""b1dd2926dc8bfdb84c6a3b4605490a8d96b14c44d89653867160d701fa0f17db""}",high
r014.backend.record,1.0.0,ttp.r014.relation.3177,relation,active,ttp.r014.yaintt,ttp.r014.yaintt,,und,2026-08-22T03:06:00+02:00,codex.r014.id-ID,,ttp.r014.correction.0132,corrects,ttp.r014.unit.id-id.sec.dhke,3177,"{""evidence_sha256"":""dd4de4ca603dc1bf67b635bce3199fcdbf6bcacbc3b8d3736350b5a825a00f57"",""ledger_id"":""R014-ADV-0132"",""path"":""qa/review-candidates/boundary28-r2/ADVERSE_LEDGER.md"",""target_path"":""qa/review-candidates/boundary28-r2/yaintt-id.tex"",""target_sha256"":""b1dd2926dc8bfdb84c6a3b4605490a8d96b14c44d89653867160d701fa0f17db""}",high
r014.backend.record,1.0.0,ttp.r014.relation.3178,relation,active,ttp.r014.yaintt,ttp.r014.yaintt,,und,2026-08-22T03:06:00+02:00,codex.r014.id-ID,,ttp.r014.correction.0133,corrects,ttp.r014.unit.id-id.sec.dhke,3178,"{""evidence_sha256"":""dd4de4ca603dc1bf67b635bce3199fcdbf6bcacbc3b8d3736350b5a825a00f57"",""ledger_id"":""R014-ADV-0133"",""path"":""qa/review-candidates/boundary28-r2/ADVERSE_LEDGER.md"",""target_path"":""qa/review-candidates/boundary28-r2/yaintt-id.tex"",""target_sha256"":""b1dd2926dc8bfdb84c6a3b4605490a8d96b14c44d89653867160d701fa0f17db""}",high
r014.backend.record,1.0.0,ttp.r014.relation.3179,relation,active,ttp.r014.yaintt,ttp.r014.yaintt,,und,2026-08-22T03:06:00+02:00,codex.r014.id-ID,,ttp.r014.correction.0134,corrects,ttp.r014.unit.id-id.sec.tegc,3179,"{""evidence_sha256"":""dd4de4ca603dc1bf67b635bce3199fcdbf6bcacbc3b8d3736350b5a825a00f57"",""ledger_id"":""R014-ADV-0134"",""path"":""qa/review-candidates/boundary28-r2/ADVERSE_LEDGER.md"",""target_path"":""qa/review-candidates/boundary28-r2/yaintt-id.tex"",""target_sha256"":""b1dd2926dc8bfdb84c6a3b4605490a8d96b14c44d89653867160d701fa0f17db""}",high
r014.backend.record,1.0.0,ttp.r014.relation.3180,relation,active,ttp.r014.yaintt,ttp.r014.yaintt,,und,2026-08-22T03:06:00+02:00,codex.r014.id-ID,,ttp.r014.correction.0135,corrects,ttp.r014.unit.id-id.sec.tegc,3180,"{""evidence_sha256"":""dd4de4ca603dc1bf67b635bce3199fcdbf6bcacbc3b8d3736350b5a825a00f57"",""ledger_id"":""R014-ADV-0135"",""path"":""qa/review-candidates/boundary28-r2/ADVERSE_LEDGER.md"",""target_path"":""qa/review-candidates/boundary28-r2/yaintt-id.tex"",""target_sha256"":""b1dd2926dc8bfdb84c6a3b4605490a8d96b14c44d89653867160d701fa0f17db""}",high
r014.backend.record,1.0.0,ttp.r014.relation.3181,relation,active,ttp.r014.yaintt,ttp.r014.yaintt,,und,2026-08-22T03:06:00+02:00,codex.r014.id-ID,,ttp.r014.correction.0136,corrects,ttp.r014.unit.id-id.sec.tegc,3181,"{""evidence_sha256"":""dd4de4ca603dc1bf67b635bce3199fcdbf6bcacbc3b8d3736350b5a825a00f57"",""ledger_id"":""R014-ADV-0136"",""path"":""qa/review-candidates/boundary28-r2/ADVERSE_LEDGER.md"",""target_path"":""qa/review-candidates/boundary28-r2/yaintt-id.tex"",""target_sha256"":""b1dd2926dc8bfdb84c6a3b4605490a8d96b14c44d89653867160d701fa0f17db""}",high
r014.backend.record,1.0.0,ttp.r014.relation.3182,relation,active,ttp.r014.yaintt,ttp.r014.yaintt,,und,2026-08-22T03:06:00+02:00,codex.r014.id-ID,,ttp.r014.correction.0137,corrects,ttp.r014.unit.id-id.sec.tegc,3182,"{""evidence_sha256"":""dd4de4ca603dc1bf67b635bce3199fcdbf6bcacbc3b8d3736350b5a825a00f57"",""ledger_id"":""R014-ADV-0137"",""path"":""qa/review-candidates/boundary28-r2/ADVERSE_LEDGER.md"",""target_path"":""qa/review-candidates/boundary28-r2/yaintt-id.tex"",""target_sha256"":""b1dd2926dc8bfdb84c6a3b4605490a8d96b14c44d89653867160d701fa0f17db""}",high
r014.backend.record,1.0.0,ttp.r014.relation.3183,relation,active,ttp.r014.yaintt,ttp.r014.yaintt,,und,2026-08-22T03:06:00+02:00,codex.r014.id-ID,,ttp.r014.correction.0138,corrects,ttp.r014.unit.id-id.sec.tegc,3183,"{""evidence_sha256"":""dd4de4ca603dc1bf67b635bce3199fcdbf6bcacbc3b8d3736350b5a825a00f57"",""ledger_id"":""R014-ADV-0138"",""path"":""qa/review-candidates/boundary28-r2/ADVERSE_LEDGER.md"",""target_path"":""qa/review-candidates/boundary28-r2/yaintt-id.tex"",""target_sha256"":""b1dd2926dc8bfdb84c6a3b4605490a8d96b14c44d89653867160d701fa0f17db""}",high
r014.backend.record,1.0.0,ttp.r014.relation.3184,relation,active,ttp.r014.yaintt,ttp.r014.yaintt,,und,2026-08-22T03:06:00+02:00,codex.r014.id-ID,,ttp.r014.correction.0139,corrects,ttp.r014.unit.id-id.sec.tegc,3184,"{""evidence_sha256"":""dd4de4ca603dc1bf67b635bce3199fcdbf6bcacbc3b8d3736350b5a825a00f57"",""ledger_id"":""R014-ADV-0139"",""path"":""qa/review-candidates/boundary28-r2/ADVERSE_LEDGER.md"",""target_path"":""qa/review-candidates/boundary28-r2/yaintt-id.tex"",""target_sha256"":""b1dd2926dc8bfdb84c6a3b4605490a8d96b14c44d89653867160d701fa0f17db""}",high
r014.backend.record,1.0.0,ttp.r014.relation.3185,relation,active,ttp.r014.yaintt,ttp.r014.yaintt,,und,2026-08-22T03:06:00+02:00,codex.r014.id-ID,,ttp.r014.correction.0140,corrects,ttp.r014.unit.id-id.sec.tegc,3185,"{""evidence_sha256"":""dd4de4ca603dc1bf67b635bce3199fcdbf6bcacbc3b8d3736350b5a825a00f57"",""ledger_id"":""R014-ADV-0140"",""path"":""qa/review-candidates/boundary28-r2/ADVERSE_LEDGER.md"",""target_path"":""qa/review-candidates/boundary28-r2/yaintt-id.tex"",""target_sha256"":""b1dd2926dc8bfdb84c6a3b4605490a8d96b14c44d89653867160d701fa0f17db""}",high
r014.backend.record,1.0.0,ttp.r014.relation.3186,relation,active,ttp.r014.yaintt,ttp.r014.yaintt,,und,2026-08-22T03:06:00+02:00,codex.r014.id-ID,,ttp.r014.correction.0141,corrects,ttp.r014.unit.id-id.sec.tegc,3186,"{""evidence_sha256"":""dd4de4ca603dc1bf67b635bce3199fcdbf6bcacbc3b8d3736350b5a825a00f57"",""ledger_id"":""R014-ADV-0141"",""path"":""qa/review-candidates/boundary28-r2/ADVERSE_LEDGER.md"",""target_path"":""qa/review-candidates/boundary28-r2/yaintt-id.tex"",""target_sha256"":""b1dd2926dc8bfdb84c6a3b4605490a8d96b14c44d89653867160d701fa0f17db""}",high
r014.backend.record,1.0.0,ttp.r014.relation.3187,relation,active,ttp.r014.yaintt,ttp.r014.yaintt,,und,2026-08-22T03:06:00+02:00,codex.r014.id-ID,,ttp.r014.unit.sec.batfta.discussion.04,references,ttp.r014.unit.lem.euclids,3187,"{""end_line"":2273,""path"":""authority/downloads/yaintt.tex"",""start_line"":2270}",high
r014.backend.record,1.0.0,ttp.r014.relation.3188,relation,active,ttp.r014.yaintt,ttp.r014.yaintt,,und,2026-08-22T03:06:00+02:00,codex.r014.id-ID,,ttp.r014.unit.sec.batfta.proof.02,references,ttp.r014.unit.lem.euclids,3188,"{""end_line"":2286,""path"":""authority/downloads/yaintt.tex"",""start_line"":2280}",high
r014.backend.record,1.0.0,ttp.r014.relation.3189,relation,active,ttp.r014.yaintt,ttp.r014.yaintt,,und,2026-08-22T03:06:00+02:00,codex.r014.id-ID,,ttp.r014.unit.sec.batfta.proof.04,references,ttp.r014.unit.sec.batfta.corollary.01,3189,"{""end_line"":2347,""path"":""authority/downloads/yaintt.tex"",""start_line"":2311}",high
r014.backend.record,1.0.0,ttp.r014.relation.3190,relation,active,ttp.r014.yaintt,ttp.r014.yaintt,,und,2026-08-22T03:06:00+02:00,codex.r014.id-ID,,ttp.r014.unit.sec.batfta.exercise.01,references,ttp.r014.unit.sec.batfta.corollary.01,3190,"{""end_line"":2359,""path"":""authority/downloads/yaintt.tex"",""start_line"":2357}",high
r014.backend.record,1.0.0,ttp.r014.relation.3191,relation,active,ttp.r014.yaintt,ttp.r014.yaintt,,und,2026-08-22T03:06:00+02:00,codex.r014.id-ID,,ttp.r014.unit.sec.wt.proof.01,references,ttp.r014.unit.sec.batfta.proposition.01,3191,"{""end_line"":2396,""path"":""authority/downloads/yaintt.tex"",""start_line"":2387}",high
r014.backend.record,1.0.0,ttp.r014.relation.3192,relation,active,ttp.r014.yaintt,ttp.r014.yaintt,,und,2026-08-22T03:06:00+02:00,codex.r014.id-ID,,ttp.r014.unit.sec.wt.proof.01,references,ttp.r014.unit.thm.basiccongprops,3192,"{""end_line"":2396,""path"":""authority/downloads/yaintt.tex"",""start_line"":2387}",high
r014.backend.record,1.0.0,ttp.r014.relation.3193,relation,active,ttp.r014.yaintt,ttp.r014.yaintt,,und,2026-08-22T03:06:00+02:00,codex.r014.id-ID,,ttp.r014.unit.sec.wt.proof.02,references,ttp.r014.unit.cor.modinv,3193,"{""end_line"":2428,""path"":""authority/downloads/yaintt.tex"",""start_line"":2405}",high
r014.backend.record,1.0.0,ttp.r014.relation.3194,relation,active,ttp.r014.yaintt,ttp.r014.yaintt,,und,2026-08-22T03:06:00+02:00,codex.r014.id-ID,,ttp.r014.unit.sec.wt.proof.02,references,ttp.r014.unit.sec.wt.lemma.01,3194,"{""end_line"":2428,""path"":""authority/downloads/yaintt.tex"",""start_line"":2405}",high
r014.backend.record,1.0.0,ttp.r014.relation.3195,relation,active,ttp.r014.yaintt,ttp.r014.yaintt,,und,2026-08-22T03:06:00+02:00,codex.r014.id-ID,,ttp.r014.unit.sec.wt.proof.02,references,ttp.r014.unit.thm.divisibilitylincombs,3195,"{""end_line"":2428,""path"":""authority/downloads/yaintt.tex"",""start_line"":2405}",high
r014.backend.record,1.0.0,ttp.r014.relation.3196,relation,active,ttp.r014.yaintt,ttp.r014.yaintt,,und,2026-08-22T03:06:00+02:00,codex.r014.id-ID,,ttp.r014.unit.sec.moaa.proof.01,references,ttp.r014.unit.thm.pigeonhole,3196,"{""end_line"":2513,""path"":""authority/downloads/yaintt.tex"",""start_line"":2486}",high
r014.backend.record,1.0.0,ttp.r014.relation.3197,relation,active,ttp.r014.yaintt,ttp.r014.yaintt,,und,2026-08-22T03:06:00+02:00,codex.r014.id-ID,,ttp.r014.unit.sec.moaa.proof.01,references,ttp.r014.unit.cor.modinv,3197,"{""end_line"":2513,""path"":""authority/downloads/yaintt.tex"",""start_line"":2486}",high
r014.backend.record,1.0.0,ttp.r014.relation.3198,relation,active,ttp.r014.yaintt,ttp.r014.yaintt,,und,2026-08-22T03:06:00+02:00,codex.r014.id-ID,,ttp.r014.unit.sec.moaa.proof.03,references,ttp.r014.unit.sec.moaa.theorem.01,3198,"{""end_line"":2596,""path"":""authority/downloads/yaintt.tex"",""start_line"":2588}",high
r014.backend.record,1.0.0,ttp.r014.relation.3199,relation,active,ttp.r014.yaintt,ttp.r014.yaintt,,und,2026-08-22T03:06:00+02:00,codex.r014.id-ID,,ttp.r014.unit.sec.aatflaet.proof.01,references,ttp.r014.unit.sec.batfta.proposition.01,3199,"{""end_line"":2717,""path"":""authority/downloads/yaintt.tex"",""start_line"":2680}",high
r014.backend.record,1.0.0,ttp.r014.relation.3200,relation,active,ttp.r014.yaintt,ttp.r014.yaintt,,und,2026-08-22T03:06:00+02:00,codex.r014.id-ID,,ttp.r014.unit.sec.aatflaet.proof.02,references,ttp.r014.unit.lem.euclids,3200,"{""end_line"":2773,""path"":""authority/downloads/yaintt.tex"",""start_line"":2730}",high
r014.backend.record,1.0.0,ttp.r014.relation.3201,relation,active,ttp.r014.yaintt,ttp.r014.yaintt,,und,2026-08-22T03:06:00+02:00,codex.r014.id-ID,,ttp.r014.unit.sec.ccaiv.discussion.02,references,ttp.r014.unit.sec.frequency,3201,"{""end_line"":3115,""path"":""authority/downloads/yaintt.tex"",""start_line"":3086}",high
r014.backend.record,1.0.0,ttp.r014.relation.3202,relation,active,ttp.r014.yaintt,ttp.r014.yaintt,,und,2026-08-22T03:06:00+02:00,codex.r014.id-ID,,ttp.r014.unit.sec.frequency.discussion.04,references,ttp.r014.unit.sec.frequency.figure.02,3202,"{""end_line"":3588,""path"":""authority/downloads/yaintt.tex"",""start_line"":3458}",high
r014.backend.record,1.0.0,ttp.r014.relation.3203,relation,active,ttp.r014.yaintt,ttp.r014.yaintt,,und,2026-08-22T03:06:00+02:00,codex.r014.id-ID,,ttp.r014.unit.sec.frequency.discussion.04,references,ttp.r014.unit.sec.frequency.figure.01,3203,"{""end_line"":3588,""path"":""authority/downloads/yaintt.tex"",""start_line"":3458}",high
r014.backend.record,1.0.0,ttp.r014.relation.3204,relation,active,ttp.r014.yaintt,ttp.r014.yaintt,,und,2026-08-22T03:06:00+02:00,codex.r014.id-ID,,ttp.r014.unit.sec.frequency.discussion.04,references,ttp.r014.unit.sec.frequency.figure.03,3204,"{""end_line"":3588,""path"":""authority/downloads/yaintt.tex"",""start_line"":3458}",high
r014.backend.record,1.0.0,ttp.r014.relation.3205,relation,active,ttp.r014.yaintt,ttp.r014.yaintt,,und,2026-08-22T03:06:00+02:00,codex.r014.id-ID,,ttp.r014.unit.sec.frequency.exercise.02,references,ttp.r014.unit.sec.frequency.exercise.01,3205,"{""end_line"":3608,""path"":""authority/downloads/yaintt.tex"",""start_line"":3604}",high
r014.backend.record,1.0.0,ttp.r014.relation.3206,relation,active,ttp.r014.yaintt,ttp.r014.yaintt,,und,2026-08-22T03:06:00+02:00,codex.r014.id-ID,,ttp.r014.unit.sec.rsa.proof.01,references,ttp.r014.unit.sec.moaa.theorem.02,3206,"{""end_line"":3908,""path"":""authority/downloads/yaintt.tex"",""start_line"":3890}",high
r014.backend.record,1.0.0,ttp.r014.relation.3207,relation,active,ttp.r014.yaintt,ttp.r014.yaintt,,und,2026-08-22T03:06:00+02:00,codex.r014.id-ID,,ttp.r014.unit.sec.rsa.proof.01,references,ttp.r014.unit.sec.rsa.exercise.01,3207,"{""end_line"":3908,""path"":""authority/downloads/yaintt.tex"",""start_line"":3890}",high
r014.backend.record,1.0.0,ttp.r014.relation.3208,relation,active,ttp.r014.yaintt,ttp.r014.yaintt,,und,2026-08-22T03:06:00+02:00,codex.r014.id-ID,,ttp.r014.unit.sec.rsa.discussion.12,references,ttp.r014.unit.thm.phiismultiplicative,3208,"{""end_line"":4005,""path"":""authority/downloads/yaintt.tex"",""start_line"":3934}",high
r014.backend.record,1.0.0,ttp.r014.relation.3209,relation,active,ttp.r014.yaintt,ttp.r014.yaintt,,und,2026-08-22T03:06:00+02:00,codex.r014.id-ID,,ttp.r014.unit.sec.rsa.discussion.12,references,ttp.r014.unit.sec.rsa.exercise.03,3209,"{""end_line"":4005,""path"":""authority/downloads/yaintt.tex"",""start_line"":3934}",high
r014.backend.record,1.0.0,ttp.r014.relation.3210,relation,active,ttp.r014.yaintt,ttp.r014.yaintt,,und,2026-08-22T03:06:00+02:00,codex.r014.id-ID,,ttp.r014.unit.sec.rsa.discussion.12,references,ttp.r014.unit.thm.euclideanalg,3210,"{""end_line"":4005,""path"":""authority/downloads/yaintt.tex"",""start_line"":3934}",high
r014.backend.record,1.0.0,ttp.r014.relation.3211,relation,active,ttp.r014.yaintt,ttp.r014.yaintt,,und,2026-08-22T03:06:00+02:00,codex.r014.id-ID,,ttp.r014.unit.sec.rsa.exercise.01,references,ttp.r014.unit.sec.rsa.proposition.01,3211,"{""end_line"":4032,""path"":""authority/downloads/yaintt.tex"",""start_line"":4016}",high
r014.backend.record,1.0.0,ttp.r014.relation.3212,relation,active,ttp.r014.yaintt,ttp.r014.yaintt,,und,2026-08-22T03:06:00+02:00,codex.r014.id-ID,,ttp.r014.unit.sec.rsa.exercise.03,references,ttp.r014.unit.thm.euclideanalg,3212,"{""end_line"":4093,""path"":""authority/downloads/yaintt.tex"",""start_line"":4066}",high
r014.backend.record,1.0.0,ttp.r014.relation.3213,relation,active,ttp.r014.yaintt,ttp.r014.yaintt,,und,2026-08-22T03:06:00+02:00,codex.r014.id-ID,,ttp.r014.unit.sec.digital-signatures.definition.02,references,ttp.r014.unit.sec.rsa.definition.05,3213,"{""end_line"":4295,""path"":""authority/downloads/yaintt.tex"",""start_line"":4276}",high
r014.backend.record,1.0.0,ttp.r014.relation.3214,relation,active,ttp.r014.yaintt,ttp.r014.yaintt,,und,2026-08-22T03:06:00+02:00,codex.r014.id-ID,,ttp.r014.unit.sec.digital-signatures.exercise.01,references,ttp.r014.unit.thm.pigeonhole,3214,"{""end_line"":4310,""path"":""authority/downloads/yaintt.tex"",""start_line"":4305}",high
r014.backend.record,1.0.0,ttp.r014.relation.3215,relation,active,ttp.r014.yaintt,ttp.r014.yaintt,,und,2026-08-22T03:06:00+02:00,codex.r014.id-ID,,ttp.r014.unit.sec.mitm-certificates-trust.discussion.02,references,ttp.r014.unit.sec.digital-signatures,3215,"{""end_line"":4420,""path"":""authority/downloads/yaintt.tex"",""start_line"":4397}",high
r014.backend.record,1.0.0,ttp.r014.relation.3216,relation,active,ttp.r014.yaintt,ttp.r014.yaintt,,und,2026-08-22T03:06:00+02:00,codex.r014.id-ID,,ttp.r014.unit.id-id.chap.ieqdl.discussion.01,references,ttp.r014.unit.sec.moaa.theorem.01,3216,"{""end_line"":4489,""path"":""authority/downloads/yaintt.tex"",""start_line"":4481}",high
r014.backend.record,1.0.0,ttp.r014.relation.3217,relation,active,ttp.r014.yaintt,ttp.r014.yaintt,,und,2026-08-22T03:06:00+02:00,codex.r014.id-ID,,ttp.r014.unit.id-id.chap.ieqdl.discussion.01,references,ttp.r014.unit.sec.moaa.theorem.02,3217,"{""end_line"":4489,""path"":""authority/downloads/yaintt.tex"",""start_line"":4481}",high
r014.backend.record,1.0.0,ttp.r014.relation.3218,relation,active,ttp.r014.yaintt,ttp.r014.yaintt,,und,2026-08-22T03:06:00+02:00,codex.r014.id-ID,,ttp.r014.unit.id-id.chap.ieqdl.discussion.02,references,ttp.r014.unit.sec.moaa.theorem.02,3218,"{""end_line"":4554,""path"":""authority/downloads/yaintt.tex"",""start_line"":4527}",high
r014.backend.record,1.0.0,ttp.r014.relation.3219,relation,active,ttp.r014.yaintt,ttp.r014.yaintt,,und,2026-08-22T03:06:00+02:00,codex.r014.id-ID,,ttp.r014.unit.sec.multiplicative-order-properties.proof.02,references,ttp.r014.unit.sec.multiplicative-order-properties.theorem.01,3219,"{""end_line"":4659,""path"":""authority/downloads/yaintt.tex"",""start_line"":4645}",high
r014.backend.record,1.0.0,ttp.r014.relation.3220,relation,active,ttp.r014.yaintt,ttp.r014.yaintt,,und,2026-08-22T03:06:00+02:00,codex.r014.id-ID,,ttp.r014.unit.sec.multiplicative-order-properties.example.01,references,ttp.r014.unit.id-id.chap.ieqdl.table.01,3220,"{""end_line"":4683,""path"":""authority/downloads/yaintt.tex"",""start_line"":4661}",high
r014.backend.record,1.0.0,ttp.r014.relation.3221,relation,active,ttp.r014.yaintt,ttp.r014.yaintt,,und,2026-08-22T03:06:00+02:00,codex.r014.id-ID,,ttp.r014.unit.sec.multiplicative-order-properties.example.01,references,ttp.r014.unit.sec.multiplicative-order-properties.theorem.01,3221,"{""end_line"":4683,""path"":""authority/downloads/yaintt.tex"",""start_line"":4661}",high
r014.backend.record,1.0.0,ttp.r014.relation.3222,relation,active,ttp.r014.yaintt,ttp.r014.yaintt,,und,2026-08-22T03:06:00+02:00,codex.r014.id-ID,,ttp.r014.unit.sec.multiplicative-order-properties.example.01,references,ttp.r014.unit.sec.multiplicative-order-properties.theorem.02,3222,"{""end_line"":4683,""path"":""authority/downloads/yaintt.tex"",""start_line"":4661}",high
r014.backend.record,1.0.0,ttp.r014.relation.3223,relation,active,ttp.r014.yaintt,ttp.r014.yaintt,,und,2026-08-22T03:06:00+02:00,codex.r014.id-ID,,ttp.r014.unit.sec.multiplicative-order-properties.proof.03,references,ttp.r014.unit.sec.multiplicative-order-properties.theorem.01,3223,"{""end_line"":4737,""path"":""authority/downloads/yaintt.tex"",""start_line"":4697}",high
r014.backend.record,1.0.0,ttp.r014.relation.3224,relation,active,ttp.r014.yaintt,ttp.r014.yaintt,,und,2026-08-22T03:06:00+02:00,codex.r014.id-ID,,ttp.r014.unit.sec.multiplicative-order-properties.proof.03,references,ttp.r014.unit.thm.dividebygcd,3224,"{""end_line"":4737,""path"":""authority/downloads/yaintt.tex"",""start_line"":4697}",high
r014.backend.record,1.0.0,ttp.r014.relation.3225,relation,active,ttp.r014.yaintt,ttp.r014.yaintt,,und,2026-08-22T03:06:00+02:00,codex.r014.id-ID,,ttp.r014.unit.sec.multiplicative-order-properties.proof.03,references,ttp.r014.unit.lem.euclids,3225,"{""end_line"":4737,""path"":""authority/downloads/yaintt.tex"",""start_line"":4697}",high
r014.backend.record,1.0.0,ttp.r014.relation.3226,relation,active,ttp.r014.yaintt,ttp.r014.yaintt,,und,2026-08-22T03:06:00+02:00,codex.r014.id-ID,,ttp.r014.unit.sec.multiplicative-order-properties.exercise.02,references,ttp.r014.unit.sec.wt.lemma.01,3226,"{""end_line"":4756,""path"":""authority/downloads/yaintt.tex"",""start_line"":4752}",high
r014.backend.record,1.0.0,ttp.r014.relation.3227,relation,active,ttp.r014.yaintt,ttp.r014.yaintt,,und,2026-08-22T03:06:00+02:00,codex.r014.id-ID,,ttp.r014.unit.sec.gauss-totient-sum.proof.01,references,ttp.r014.unit.thm.dividebygcd,3227,"{""end_line"":4835,""path"":""authority/downloads/yaintt.tex"",""start_line"":4797}",high
r014.backend.record,1.0.0,ttp.r014.relation.3228,relation,active,ttp.r014.yaintt,ttp.r014.yaintt,,und,2026-08-22T03:06:00+02:00,codex.r014.id-ID,,ttp.r014.unit.sec.gauss-totient-sum.proof.02,references,ttp.r014.unit.thm.phiismultiplicative,3228,"{""end_line"":4881,""path"":""authority/downloads/yaintt.tex"",""start_line"":4836}",high
r014.backend.record,1.0.0,ttp.r014.relation.3229,relation,active,ttp.r014.yaintt,ttp.r014.yaintt,,und,2026-08-22T03:06:00+02:00,codex.r014.id-ID,,ttp.r014.unit.sec.gauss-totient-sum.exercise.01,references,ttp.r014.unit.sec.gauss-totient-sum.theorem.01,3229,"{""end_line"":4895,""path"":""authority/downloads/yaintt.tex"",""start_line"":4892}",high
r014.backend.record,1.0.0,ttp.r014.relation.3230,relation,active,ttp.r014.yaintt,ttp.r014.yaintt,,und,2026-08-22T03:06:00+02:00,codex.r014.id-ID,,ttp.r014.unit.sec.primitive-roots.proof.01,references,ttp.r014.unit.sec.multiplicative-order-properties.theorem.03,3230,"{""end_line"":4985,""path"":""authority/downloads/yaintt.tex"",""start_line"":4964}",high
r014.backend.record,1.0.0,ttp.r014.relation.3231,relation,active,ttp.r014.yaintt,ttp.r014.yaintt,,und,2026-08-22T03:06:00+02:00,codex.r014.id-ID,,ttp.r014.unit.sec.primitive-roots.proof.02,references,ttp.r014.unit.thm.basiclincongs,3231,"{""end_line"":5068,""path"":""authority/downloads/yaintt.tex"",""start_line"":5007}",high
r014.backend.record,1.0.0,ttp.r014.relation.3232,relation,active,ttp.r014.yaintt,ttp.r014.yaintt,,und,2026-08-22T03:06:00+02:00,codex.r014.id-ID,,ttp.r014.unit.sec.primitive-roots.proof.02,references,ttp.r014.unit.rem.uniqsolnlincong,3232,"{""end_line"":5068,""path"":""authority/downloads/yaintt.tex"",""start_line"":5007}",high
r014.backend.record,1.0.0,ttp.r014.relation.3233,relation,active,ttp.r014.yaintt,ttp.r014.yaintt,,und,2026-08-22T03:06:00+02:00,codex.r014.id-ID,,ttp.r014.unit.sec.primitive-roots.proof.02,references,ttp.r014.unit.sec.batfta.proposition.01,3233,"{""end_line"":5068,""path"":""authority/downloads/yaintt.tex"",""start_line"":5007}",high
r014.backend.record,1.0.0,ttp.r014.relation.3234,relation,active,ttp.r014.yaintt,ttp.r014.yaintt,,und,2026-08-22T03:06:00+02:00,codex.r014.id-ID,,ttp.r014.unit.sec.primitive-roots.proof.03,references,ttp.r014.unit.sec.primitive-roots.theorem.02,3234,"{""end_line"":5100,""path"":""authority/downloads/yaintt.tex"",""start_line"":5081}",high
r014.backend.record,1.0.0,ttp.r014.relation.3235,relation,active,ttp.r014.yaintt,ttp.r014.yaintt,,und,2026-08-22T03:06:00+02:00,codex.r014.id-ID,,ttp.r014.unit.sec.primitive-roots.proof.04,references,ttp.r014.unit.sec.moaa.theorem.01,3235,"{""end_line"":5163,""path"":""authority/downloads/yaintt.tex"",""start_line"":5110}",high
r014.backend.record,1.0.0,ttp.r014.relation.3236,relation,active,ttp.r014.yaintt,ttp.r014.yaintt,,und,2026-08-22T03:06:00+02:00,codex.r014.id-ID,,ttp.r014.unit.sec.primitive-roots.proof.04,references,ttp.r014.unit.sec.gauss-totient-sum.theorem.01,3236,"{""end_line"":5163,""path"":""authority/downloads/yaintt.tex"",""start_line"":5110}",high
r014.backend.record,1.0.0,ttp.r014.relation.3237,relation,active,ttp.r014.yaintt,ttp.r014.yaintt,,und,2026-08-22T03:06:00+02:00,codex.r014.id-ID,,ttp.r014.unit.sec.primitive-roots.proof.04,references,ttp.r014.unit.sec.primitive-roots.theorem.03,3237,"{""end_line"":5163,""path"":""authority/downloads/yaintt.tex"",""start_line"":5110}",high
r014.backend.record,1.0.0,ttp.r014.relation.3238,relation,active,ttp.r014.yaintt,ttp.r014.yaintt,,und,2026-08-22T03:06:00+02:00,codex.r014.id-ID,,ttp.r014.unit.sec.primitive-roots.proof.04,references,ttp.r014.unit.sec.multiplicative-order-properties.theorem.03,3238,"{""end_line"":5163,""path"":""authority/downloads/yaintt.tex"",""start_line"":5110}",high
r014.backend.record,1.0.0,ttp.r014.relation.3239,relation,active,ttp.r014.yaintt,ttp.r014.yaintt,,und,2026-08-22T03:06:00+02:00,codex.r014.id-ID,,ttp.r014.unit.sec.primitive-roots.exercise.04,references,ttp.r014.unit.sec.primitive-roots.corollary.01,3239,"{""end_line"":5252,""path"":""authority/downloads/yaintt.tex"",""start_line"":5248}",high
r014.backend.record,1.0.0,ttp.r014.relation.3240,relation,active,ttp.r014.yaintt,ttp.r014.yaintt,,und,2026-08-22T03:06:00+02:00,codex.r014.id-ID,,ttp.r014.unit.sec.indices.example.01,references,ttp.r014.unit.id-id.chap.ieqdl.table.01,3240,"{""end_line"":5393,""path"":""authority/downloads/yaintt.tex"",""start_line"":5291}",high
r014.backend.record,1.0.0,ttp.r014.relation.3241,relation,active,ttp.r014.yaintt,ttp.r014.yaintt,,und,2026-08-22T03:06:00+02:00,codex.r014.id-ID,,ttp.r014.unit.sec.indices.example.01,references,ttp.r014.unit.id-id.chap.ieqdl.table.02,3241,"{""end_line"":5393,""path"":""authority/downloads/yaintt.tex"",""start_line"":5291}",high
r014.backend.record,1.0.0,ttp.r014.relation.3242,relation,active,ttp.r014.yaintt,ttp.r014.yaintt,,und,2026-08-22T03:06:00+02:00,codex.r014.id-ID,,ttp.r014.unit.sec.indices.example.01,references,ttp.r014.unit.sec.primitive-roots.table.01,3242,"{""end_line"":5393,""path"":""authority/downloads/yaintt.tex"",""start_line"":5291}",high
r014.backend.record,1.0.0,ttp.r014.relation.3243,relation,active,ttp.r014.yaintt,ttp.r014.yaintt,,und,2026-08-22T03:06:00+02:00,codex.r014.id-ID,,ttp.r014.unit.sec.indices.discussion.03,references,ttp.r014.unit.sec.indices.theorem.01,3243,"{""end_line"":5438,""path"":""authority/downloads/yaintt.tex"",""start_line"":5430}",high
r014.backend.record,1.0.0,ttp.r014.relation.3244,relation,active,ttp.r014.yaintt,ttp.r014.yaintt,,und,2026-08-22T03:06:00+02:00,codex.r014.id-ID,,ttp.r014.unit.sec.indices.example.02,references,ttp.r014.unit.sec.indices.theorem.01,3244,"{""end_line"":5475,""path"":""authority/downloads/yaintt.tex"",""start_line"":5439}",high
r014.backend.record,1.0.0,ttp.r014.relation.3245,relation,active,ttp.r014.yaintt,ttp.r014.yaintt,,und,2026-08-22T03:06:00+02:00,codex.r014.id-ID,,ttp.r014.unit.sec.indices.example.02,references,ttp.r014.unit.sec.indices.table.01,3245,"{""end_line"":5475,""path"":""authority/downloads/yaintt.tex"",""start_line"":5439}",high
r014.backend.record,1.0.0,ttp.r014.relation.3246,relation,active,ttp.r014.yaintt,ttp.r014.yaintt,,und,2026-08-22T03:06:00+02:00,codex.r014.id-ID,,ttp.r014.unit.sec.indices.exercise.02,references,ttp.r014.unit.sec.indices.theorem.01,3246,"{""end_line"":5509,""path"":""authority/downloads/yaintt.tex"",""start_line"":5504}",high
r014.backend.record,1.0.0,ttp.r014.relation.3247,relation,active,ttp.r014.yaintt,ttp.r014.yaintt,,und,2026-08-22T03:06:00+02:00,codex.r014.id-ID,,ttp.r014.unit.id-id.sec.dhke.discussion.03,references,ttp.r014.unit.sec.rsa,3247,"{""end_line"":5644,""path"":""authority/downloads/yaintt.tex"",""start_line"":5627}",high
r014.backend.record,1.0.0,ttp.r014.relation.3248,relation,active,ttp.r014.yaintt,ttp.r014.yaintt,,und,2026-08-22T03:06:00+02:00,codex.r014.id-ID,,ttp.r014.unit.id-id.sec.dhke.discussion.03,references,ttp.r014.unit.id-id.sec.dhke.definition.01,3248,"{""end_line"":5644,""path"":""authority/downloads/yaintt.tex"",""start_line"":5627}",high
r014.backend.record,1.0.0,ttp.r014.relation.3249,relation,active,ttp.r014.yaintt,ttp.r014.yaintt,,und,2026-08-22T03:06:00+02:00,codex.r014.id-ID,,ttp.r014.unit.id-id.sec.dhke.discussion.05,references,ttp.r014.unit.sec.indices,3249,"{""end_line"":5693,""path"":""authority/downloads/yaintt.tex"",""start_line"":5673}",high
r014.backend.record,1.0.0,ttp.r014.relation.3250,relation,active,ttp.r014.yaintt,ttp.r014.yaintt,,und,2026-08-22T03:06:00+02:00,codex.r014.id-ID,,ttp.r014.unit.id-id.sec.tegc.proposition.01,references,ttp.r014.unit.id-id.sec.tegc.definition.01,3250,"{""end_line"":5833,""path"":""authority/downloads/yaintt.tex"",""start_line"":5828}",high
r014.backend.record,1.0.0,ttp.r014.relation.3251,relation,active,ttp.r014.yaintt,ttp.r014.yaintt,,und,2026-08-22T03:06:00+02:00,codex.r014.id-ID,,ttp.r014.unit.id-id.sec.tegc.proof.01,references,ttp.r014.unit.sec.multiplicative-order-properties.theorem.02,3251,"{""end_line"":5848,""path"":""authority/downloads/yaintt.tex"",""start_line"":5834}",high
r014.backend.record,1.0.0,ttp.r014.relation.3252,relation,active,ttp.r014.yaintt,ttp.r014.yaintt,,und,2026-08-22T03:06:00+02:00,codex.r014.id-ID,,ttp.r014.unit.id-id.sec.tegc.exercise.01,references,ttp.r014.unit.id-id.sec.dhke.exercise.02,3252,"{""end_line"":5971,""path"":""authority/downloads/yaintt.tex"",""start_line"":5961}",high
r014.backend.record,1.0.0,ttp.r014.relation.3253,relation,active,ttp.r014.yaintt,ttp.r014.yaintt,,und,2026-08-22T03:06:00+02:00,codex.r014.id-ID,,ttp.r014.unit.id-id.sec.tegc.exercise.02,references,ttp.r014.unit.id-id.sec.tegc.exercise.01,3253,"{""end_line"":5983,""path"":""authority/downloads/yaintt.tex"",""start_line"":5973}",high
r014.backend.record,1.0.0,ttp.r014.relation.canonical.0001,relation,active,ttp.r014.yaintt,ttp.r014.yaintt,ttp.r014.edition.id-id.boundary28-final,und,2026-08-22T03:56:00+02:00,codex.r014.id-ID,,ttp.r014.edition.id-id.boundary28-final,supersedes,ttp.r014.edition.id-id.boundary28-r2,1,"{""path"":""qa/frozen-boundaries/boundary28-final/yaintt-id.tex"",""sha256"":""b1dd2926dc8bfdb84c6a3b4605490a8d96b14c44d89653867160d701fa0f17db""}",verified
r014.backend.record,1.0.0,ttp.r014.relation.canonical.0002,relation,active,ttp.r014.yaintt,ttp.r014.yaintt,ttp.r014.edition.id-id.boundary28-final,und,2026-08-22T03:56:00+02:00,codex.r014.id-ID,,ttp.r014.edition.id-id.boundary28-final,translates,ttp.r014.edition.source.2014-05-07,2,"{""path"":""qa/frozen-boundaries/boundary28-final/yaintt-id.tex"",""sha256"":""b1dd2926dc8bfdb84c6a3b4605490a8d96b14c44d89653867160d701fa0f17db""}",verified
r014.backend.record,1.0.0,ttp.r014.relation.canonical.0003,relation,active,ttp.r014.yaintt,ttp.r014.yaintt,ttp.r014.edition.id-id.boundary28-final,und,2026-08-22T03:56:00+02:00,codex.r014.id-ID,,ttp.r014.edition.id-id.boundary28-final,adapts,ttp.r014.edition.source.2014-05-07,3,"{""path"":""qa/FINAL_BUILD.json"",""sha256"":""d112b48de7032c2eda809419eadaaafdec089c8b6c5886db8501ab226c8123e2""}",verified
r014.backend.record,1.0.0,ttp.r014.relation.canonical.0004,relation,active,ttp.r014.yaintt,ttp.r014.yaintt,ttp.r014.edition.id-id.boundary28-final,und,2026-08-22T03:56:00+02:00,codex.r014.id-ID,,ttp.r014.edition.id-id.boundary28-final,contains,ttp.r014.artifact.target-source.boundary28-final,4,"{""path"":""qa/FINAL_BUILD.json"",""sha256"":""d112b48de7032c2eda809419eadaaafdec089c8b6c5886db8501ab226c8123e2""}",verified
r014.backend.record,1.0.0,ttp.r014.relation.canonical.0005,relation,active,ttp.r014.yaintt,ttp.r014.yaintt,ttp.r014.edition.id-id.boundary28-final,und,2026-08-22T03:56:00+02:00,codex.r014.id-ID,,ttp.r014.edition.id-id.boundary28-final,contains,ttp.r014.artifact.boundary20-pdf-canonical,5,"{""path"":""qa/FINAL_BUILD.json"",""sha256"":""d112b48de7032c2eda809419eadaaafdec089c8b6c5886db8501ab226c8123e2""}",verified
r014.backend.record,1.0.0,ttp.r014.relation.canonical.0006,relation,active,ttp.r014.yaintt,ttp.r014.yaintt,ttp.r014.edition.id-id.boundary28-final,und,2026-08-22T03:56:00+02:00,codex.r014.id-ID,,ttp.r014.edition.id-id.boundary28-final,contains,ttp.r014.artifact.boundary20-build-receipt-canonical,6,"{""path"":""qa/FINAL_BUILD.json"",""sha256"":""d112b48de7032c2eda809419eadaaafdec089c8b6c5886db8501ab226c8123e2""}",verified
r014.backend.record,1.0.0,ttp.r014.relation.canonical.0007,relation,active,ttp.r014.yaintt,ttp.r014.yaintt,ttp.r014.edition.id-id.boundary28-final,und,2026-08-22T03:56:00+02:00,codex.r014.id-ID,,ttp.r014.edition.id-id.boundary28-final,contains,ttp.r014.artifact.boundary20-visual-receipt-canonical,7,"{""path"":""qa/FINAL_BUILD.json"",""sha256"":""d112b48de7032c2eda809419eadaaafdec089c8b6c5886db8501ab226c8123e2""}",verified
r014.backend.record,1.0.0,ttp.r014.relation.canonical.0008,relation,active,ttp.r014.yaintt,ttp.r014.yaintt,ttp.r014.edition.id-id.boundary28-final,und,2026-08-22T03:56:00+02:00,codex.r014.id-ID,,ttp.r014.edition.id-id.boundary28-final,contains,ttp.r014.artifact.boundary21-pdf-canonical,8,"{""path"":""qa/FINAL_BUILD.json"",""sha256"":""d112b48de7032c2eda809419eadaaafdec089c8b6c5886db8501ab226c8123e2""}",verified
r014.backend.record,1.0.0,ttp.r014.relation.canonical.0009,relation,active,ttp.r014.yaintt,ttp.r014.yaintt,ttp.r014.edition.id-id.boundary28-final,und,2026-08-22T03:56:00+02:00,codex.r014.id-ID,,ttp.r014.edition.id-id.boundary28-final,contains,ttp.r014.artifact.boundary21-build-receipt-canonical,9,"{""path"":""qa/FINAL_BUILD.json"",""sha256"":""d112b48de7032c2eda809419eadaaafdec089c8b6c5886db8501ab226c8123e2""}",verified
r014.backend.record,1.0.0,ttp.r014.relation.canonical.0010,relation,active,ttp.r014.yaintt,ttp.r014.yaintt,ttp.r014.edition.id-id.boundary28-final,und,2026-08-22T03:56:00+02:00,codex.r014.id-ID,,ttp.r014.edition.id-id.boundary28-final,contains,ttp.r014.artifact.boundary21-visual-receipt-canonical,10,"{""path"":""qa/FINAL_BUILD.json"",""sha256"":""d112b48de7032c2eda809419eadaaafdec089c8b6c5886db8501ab226c8123e2""}",verified
r014.backend.record,1.0.0,ttp.r014.relation.canonical.0011,relation,active,ttp.r014.yaintt,ttp.r014.yaintt,ttp.r014.edition.id-id.boundary28-final,und,2026-08-22T03:56:00+02:00,codex.r014.id-ID,,ttp.r014.edition.id-id.boundary28-final,contains,ttp.r014.artifact.boundary22-pdf-canonical,11,"{""path"":""qa/FINAL_BUILD.json"",""sha256"":""d112b48de7032c2eda809419eadaaafdec089c8b6c5886db8501ab226c8123e2""}",verified
r014.backend.record,1.0.0,ttp.r014.relation.canonical.0012,relation,active,ttp.r014.yaintt,ttp.r014.yaintt,ttp.r014.edition.id-id.boundary28-final,und,2026-08-22T03:56:00+02:00,codex.r014.id-ID,,ttp.r014.edition.id-id.boundary28-final,contains,ttp.r014.artifact.boundary22-build-receipt-canonical,12,"{""path"":""qa/FINAL_BUILD.json"",""sha256"":""d112b48de7032c2eda809419eadaaafdec089c8b6c5886db8501ab226c8123e2""}",verified
r014.backend.record,1.0.0,ttp.r014.relation.canonical.0013,relation,active,ttp.r014.yaintt,ttp.r014.yaintt,ttp.r014.edition.id-id.boundary28-final,und,2026-08-22T03:56:00+02:00,codex.r014.id-ID,,ttp.r014.edition.id-id.boundary28-final,contains,ttp.r014.artifact.boundary22-visual-receipt-canonical,13,"{""path"":""qa/FINAL_BUILD.json"",""sha256"":""d112b48de7032c2eda809419eadaaafdec089c8b6c5886db8501ab226c8123e2""}",verified
r014.backend.record,1.0.0,ttp.r014.relation.canonical.0014,relation,active,ttp.r014.yaintt,ttp.r014.yaintt,ttp.r014.edition.id-id.boundary28-final,und,2026-08-22T03:56:00+02:00,codex.r014.id-ID,,ttp.r014.edition.id-id.boundary28-final,contains,ttp.r014.artifact.boundary23-pdf-canonical,14,"{""path"":""qa/FINAL_BUILD.json"",""sha256"":""d112b48de7032c2eda809419eadaaafdec089c8b6c5886db8501ab226c8123e2""}",verified
r014.backend.record,1.0.0,ttp.r014.relation.canonical.0015,relation,active,ttp.r014.yaintt,ttp.r014.yaintt,ttp.r014.edition.id-id.boundary28-final,und,2026-08-22T03:56:00+02:00,codex.r014.id-ID,,ttp.r014.edition.id-id.boundary28-final,contains,ttp.r014.artifact.boundary23-build-receipt-canonical,15,"{""path"":""qa/FINAL_BUILD.json"",""sha256"":""d112b48de7032c2eda809419eadaaafdec089c8b6c5886db8501ab226c8123e2""}",verified
r014.backend.record,1.0.0,ttp.r014.relation.canonical.0016,relation,active,ttp.r014.yaintt,ttp.r014.yaintt,ttp.r014.edition.id-id.boundary28-final,und,2026-08-22T03:56:00+02:00,codex.r014.id-ID,,ttp.r014.edition.id-id.boundary28-final,contains,ttp.r014.artifact.boundary23-visual-receipt-canonical,16,"{""path"":""qa/FINAL_BUILD.json"",""sha256"":""d112b48de7032c2eda809419eadaaafdec089c8b6c5886db8501ab226c8123e2""}",verified
r014.backend.record,1.0.0,ttp.r014.relation.canonical.0017,relation,active,ttp.r014.yaintt,ttp.r014.yaintt,ttp.r014.edition.id-id.boundary28-final,und,2026-08-22T03:56:00+02:00,codex.r014.id-ID,,ttp.r014.edition.id-id.boundary28-final,contains,ttp.r014.artifact.boundary24-pdf-canonical,17,"{""path"":""qa/FINAL_BUILD.json"",""sha256"":""d112b48de7032c2eda809419eadaaafdec089c8b6c5886db8501ab226c8123e2""}",verified
r014.backend.record,1.0.0,ttp.r014.relation.canonical.0018,relation,active,ttp.r014.yaintt,ttp.r014.yaintt,ttp.r014.edition.id-id.boundary28-final,und,2026-08-22T03:56:00+02:00,codex.r014.id-ID,,ttp.r014.edition.id-id.boundary28-final,contains,ttp.r014.artifact.boundary24-build-receipt-canonical,18,"{""path"":""qa/FINAL_BUILD.json"",""sha256"":""d112b48de7032c2eda809419eadaaafdec089c8b6c5886db8501ab226c8123e2""}",verified
r014.backend.record,1.0.0,ttp.r014.relation.canonical.0019,relation,active,ttp.r014.yaintt,ttp.r014.yaintt,ttp.r014.edition.id-id.boundary28-final,und,2026-08-22T03:56:00+02:00,codex.r014.id-ID,,ttp.r014.edition.id-id.boundary28-final,contains,ttp.r014.artifact.boundary24-visual-receipt-canonical,19,"{""path"":""qa/FINAL_BUILD.json"",""sha256"":""d112b48de7032c2eda809419eadaaafdec089c8b6c5886db8501ab226c8123e2""}",verified
r014.backend.record,1.0.0,ttp.r014.relation.canonical.0020,relation,active,ttp.r014.yaintt,ttp.r014.yaintt,ttp.r014.edition.id-id.boundary28-final,und,2026-08-22T03:56:00+02:00,codex.r014.id-ID,,ttp.r014.edition.id-id.boundary28-final,contains,ttp.r014.artifact.boundary25-pdf-canonical,20,"{""path"":""qa/FINAL_BUILD.json"",""sha256"":""d112b48de7032c2eda809419eadaaafdec089c8b6c5886db8501ab226c8123e2""}",verified
r014.backend.record,1.0.0,ttp.r014.relation.canonical.0021,relation,active,ttp.r014.yaintt,ttp.r014.yaintt,ttp.r014.edition.id-id.boundary28-final,und,2026-08-22T03:56:00+02:00,codex.r014.id-ID,,ttp.r014.edition.id-id.boundary28-final,contains,ttp.r014.artifact.boundary25-build-receipt-canonical,21,"{""path"":""qa/FINAL_BUILD.json"",""sha256"":""d112b48de7032c2eda809419eadaaafdec089c8b6c5886db8501ab226c8123e2""}",verified
r014.backend.record,1.0.0,ttp.r014.relation.canonical.0022,relation,active,ttp.r014.yaintt,ttp.r014.yaintt,ttp.r014.edition.id-id.boundary28-final,und,2026-08-22T03:56:00+02:00,codex.r014.id-ID,,ttp.r014.edition.id-id.boundary28-final,contains,ttp.r014.artifact.boundary25-visual-receipt-canonical,22,"{""path"":""qa/FINAL_BUILD.json"",""sha256"":""d112b48de7032c2eda809419eadaaafdec089c8b6c5886db8501ab226c8123e2""}",verified
r014.backend.record,1.0.0,ttp.r014.relation.canonical.0023,relation,active,ttp.r014.yaintt,ttp.r014.yaintt,ttp.r014.edition.id-id.boundary28-final,und,2026-08-22T03:56:00+02:00,codex.r014.id-ID,,ttp.r014.edition.id-id.boundary28-final,contains,ttp.r014.artifact.boundary26-pdf-canonical,23,"{""path"":""qa/FINAL_BUILD.json"",""sha256"":""d112b48de7032c2eda809419eadaaafdec089c8b6c5886db8501ab226c8123e2""}",verified
r014.backend.record,1.0.0,ttp.r014.relation.canonical.0024,relation,active,ttp.r014.yaintt,ttp.r014.yaintt,ttp.r014.edition.id-id.boundary28-final,und,2026-08-22T03:56:00+02:00,codex.r014.id-ID,,ttp.r014.edition.id-id.boundary28-final,contains,ttp.r014.artifact.boundary26-build-receipt-canonical,24,"{""path"":""qa/FINAL_BUILD.json"",""sha256"":""d112b48de7032c2eda809419eadaaafdec089c8b6c5886db8501ab226c8123e2""}",verified
r014.backend.record,1.0.0,ttp.r014.relation.canonical.0025,relation,active,ttp.r014.yaintt,ttp.r014.yaintt,ttp.r014.edition.id-id.boundary28-final,und,2026-08-22T03:56:00+02:00,codex.r014.id-ID,,ttp.r014.edition.id-id.boundary28-final,contains,ttp.r014.artifact.boundary26-visual-receipt-canonical,25,"{""path"":""qa/FINAL_BUILD.json"",""sha256"":""d112b48de7032c2eda809419eadaaafdec089c8b6c5886db8501ab226c8123e2""}",verified
r014.backend.record,1.0.0,ttp.r014.relation.canonical.0026,relation,active,ttp.r014.yaintt,ttp.r014.yaintt,ttp.r014.edition.id-id.boundary28-final,und,2026-08-22T03:56:00+02:00,codex.r014.id-ID,,ttp.r014.edition.id-id.boundary28-final,contains,ttp.r014.artifact.boundary27-pdf-canonical,26,"{""path"":""qa/FINAL_BUILD.json"",""sha256"":""d112b48de7032c2eda809419eadaaafdec089c8b6c5886db8501ab226c8123e2""}",verified
r014.backend.record,1.0.0,ttp.r014.relation.canonical.0027,relation,active,ttp.r014.yaintt,ttp.r014.yaintt,ttp.r014.edition.id-id.boundary28-final,und,2026-08-22T03:56:00+02:00,codex.r014.id-ID,,ttp.r014.edition.id-id.boundary28-final,contains,ttp.r014.artifact.boundary27-build-receipt-canonical,27,"{""path"":""qa/FINAL_BUILD.json"",""sha256"":""d112b48de7032c2eda809419eadaaafdec089c8b6c5886db8501ab226c8123e2""}",verified
r014.backend.record,1.0.0,ttp.r014.relation.canonical.0028,relation,active,ttp.r014.yaintt,ttp.r014.yaintt,ttp.r014.edition.id-id.boundary28-final,und,2026-08-22T03:56:00+02:00,codex.r014.id-ID,,ttp.r014.edition.id-id.boundary28-final,contains,ttp.r014.artifact.boundary27-visual-receipt-canonical,28,"{""path"":""qa/FINAL_BUILD.json"",""sha256"":""d112b48de7032c2eda809419eadaaafdec089c8b6c5886db8501ab226c8123e2""}",verified
r014.backend.record,1.0.0,ttp.r014.relation.canonical.0029,relation,active,ttp.r014.yaintt,ttp.r014.yaintt,ttp.r014.edition.id-id.boundary28-final,und,2026-08-22T03:56:00+02:00,codex.r014.id-ID,,ttp.r014.edition.id-id.boundary28-final,contains,ttp.r014.artifact.boundary28-pdf-canonical,29,"{""path"":""qa/FINAL_BUILD.json"",""sha256"":""d112b48de7032c2eda809419eadaaafdec089c8b6c5886db8501ab226c8123e2""}",verified
r014.backend.record,1.0.0,ttp.r014.relation.canonical.0030,relation,active,ttp.r014.yaintt,ttp.r014.yaintt,ttp.r014.edition.id-id.boundary28-final,und,2026-08-22T03:56:00+02:00,codex.r014.id-ID,,ttp.r014.edition.id-id.boundary28-final,contains,ttp.r014.artifact.boundary28-build-receipt-canonical,30,"{""path"":""qa/FINAL_BUILD.json"",""sha256"":""d112b48de7032c2eda809419eadaaafdec089c8b6c5886db8501ab226c8123e2""}",verified
r014.backend.record,1.0.0,ttp.r014.relation.canonical.0031,relation,active,ttp.r014.yaintt,ttp.r014.yaintt,ttp.r014.edition.id-id.boundary28-final,und,2026-08-22T03:56:00+02:00,codex.r014.id-ID,,ttp.r014.edition.id-id.boundary28-final,contains,ttp.r014.artifact.boundary28-visual-receipt-canonical,31,"{""path"":""qa/FINAL_BUILD.json"",""sha256"":""d112b48de7032c2eda809419eadaaafdec089c8b6c5886db8501ab226c8123e2""}",verified
r014.backend.record,1.0.0,ttp.r014.relation.canonical.0032,relation,active,ttp.r014.yaintt,ttp.r014.yaintt,ttp.r014.edition.id-id.boundary28-final,und,2026-08-22T03:56:00+02:00,codex.r014.id-ID,,ttp.r014.edition.id-id.boundary28-final,depends_on,ttp.r014.asset.authority.cover_art_eps,32,"{""path"":""authority/downloads/cover_art.eps"",""sha256"":""076b45fffb0031e9cf35883c4123de72c9d302dc963975a88c64a81f7c8c78d1""}",verified
r014.backend.record,1.0.0,ttp.r014.relation.canonical.0033,relation,active,ttp.r014.yaintt,ttp.r014.yaintt,ttp.r014.edition.id-id.boundary28-final,und,2026-08-22T03:56:00+02:00,codex.r014.id-ID,,ttp.r014.edition.id-id.boundary28-final,depends_on,ttp.r014.asset.authority.dbend_eps,33,"{""path"":""authority/downloads/dbend.eps"",""sha256"":""bddd8601f3e402ed262b19332b77cb45442a82c4895e80c1c368686e05f6c2a4""}",verified
r014.backend.record,1.0.0,ttp.r014.relation.canonical.0034,relation,active,ttp.r014.yaintt,ttp.r014.yaintt,ttp.r014.edition.id-id.boundary28-final,und,2026-08-22T03:56:00+02:00,codex.r014.id-ID,,ttp.r014.edition.id-id.boundary28-final,depends_on,ttp.r014.asset.authority.eng_freq_hist_eps,34,"{""path"":""authority/downloads/eng_freq_hist.eps"",""sha256"":""d06715934780939e1631f5743f35dfeb6b9c327d056c7f79f77c26c22b9b9199""}",verified
r014.backend.record,1.0.0,ttp.r014.relation.canonical.0035,relation,active,ttp.r014.yaintt,ttp.r014.yaintt,ttp.r014.edition.id-id.boundary28-final,und,2026-08-22T03:56:00+02:00,codex.r014.id-ID,,ttp.r014.edition.id-id.boundary28-final,depends_on,ttp.r014.asset.authority.hamhip_freqs_eps,35,"{""path"":""authority/downloads/hamhip_freqs.eps"",""sha256"":""dce37ecc01cd9d445b24ccd7e464063e59a2b3bc270ba1385e821968207d9c01""}",verified
r014.backend.record,1.0.0,ttp.r014.relation.canonical.0036,relation,active,ttp.r014.yaintt,ttp.r014.yaintt,ttp.r014.edition.id-id.boundary28-final,und,2026-08-22T03:56:00+02:00,codex.r014.id-ID,,ttp.r014.edition.id-id.boundary28-final,depends_on,ttp.r014.asset.authority.index_html,36,"{""path"":""authority/downloads/index.html"",""sha256"":""0a80bd3f3b835a04a4bad8639b0ac83678faa91e669d3d7dc7acc53cd02e73aa""}",verified
r014.backend.record,1.0.0,ttp.r014.relation.canonical.0037,relation,active,ttp.r014.yaintt,ttp.r014.yaintt,ttp.r014.edition.id-id.boundary28-final,und,2026-08-22T03:56:00+02:00,codex.r014.id-ID,,ttp.r014.edition.id-id.boundary28-final,depends_on,ttp.r014.asset.authority.refs_bib,37,"{""path"":""authority/downloads/refs.bib"",""sha256"":""115c8a3b51dec2ce3dd1595953127beeed02dd30698fa1f91c8d4fa580ec1d8a""}",verified
r014.backend.record,1.0.0,ttp.r014.relation.canonical.0038,relation,active,ttp.r014.yaintt,ttp.r014.yaintt,ttp.r014.edition.id-id.boundary28-final,und,2026-08-22T03:56:00+02:00,codex.r014.id-ID,,ttp.r014.edition.id-id.boundary28-final,depends_on,ttp.r014.asset.authority.samp_cct_hist_eps,38,"{""path"":""authority/downloads/samp_Cct_hist.eps"",""sha256"":""2960ad2f0d3ee99be8e10352821ad5b72c9e5fa6ee976571a33df9f1d4e9c5d7""}",verified
r014.backend.record,1.0.0,ttp.r014.relation.canonical.0039,relation,active,ttp.r014.yaintt,ttp.r014.yaintt,ttp.r014.edition.id-id.boundary28-final,und,2026-08-22T03:56:00+02:00,codex.r014.id-ID,,ttp.r014.edition.id-id.boundary28-final,depends_on,ttp.r014.asset.authority.scytale_eps,39,"{""path"":""authority/downloads/Scytale.eps"",""sha256"":""e34c6fae11957f5ffde765fe73546c84e71fc81c8c3a0db6b39d4b681c3af780""}",verified
r014.backend.record,1.0.0,ttp.r014.relation.canonical.0040,relation,active,ttp.r014.yaintt,ttp.r014.yaintt,ttp.r014.edition.id-id.boundary28-final,und,2026-08-22T03:56:00+02:00,codex.r014.id-ID,,ttp.r014.edition.id-id.boundary28-final,depends_on,ttp.r014.asset.authority.seadk_cct_eps,40,"{""path"":""authority/downloads/seadk_Cct.eps"",""sha256"":""5819fa5143ba305eb2f7f9c41964739061ae762cbb6e2c5b092361053eddea7e""}",verified
r014.backend.record,1.0.0,ttp.r014.relation.canonical.0041,relation,active,ttp.r014.yaintt,ttp.r014.yaintt,ttp.r014.edition.id-id.boundary28-final,und,2026-08-22T03:56:00+02:00,codex.r014.id-ID,,ttp.r014.edition.id-id.boundary28-final,depends_on,ttp.r014.asset.authority.seadk_hamhip_eps,41,"{""path"":""authority/downloads/seadk_hamhip.eps"",""sha256"":""e8e958d437d431451095d24eebbdd97f1b1f84579792678bdedb6588eeab1f82""}",verified
r014.backend.record,1.0.0,ttp.r014.relation.canonical.0042,relation,active,ttp.r014.yaintt,ttp.r014.yaintt,ttp.r014.edition.id-id.boundary28-final,und,2026-08-22T03:56:00+02:00,codex.r014.id-ID,,ttp.r014.edition.id-id.boundary28-final,depends_on,ttp.r014.asset.authority.seadk_rkkrt_eps,42,"{""path"":""authority/downloads/seadk_rkkrt.eps"",""sha256"":""1bc7e601b694bb1d736cbd3275434005e1654d2639e0e36d0ea858a9bd7c7d1e""}",verified
r014.backend.record,1.0.0,ttp.r014.relation.canonical.0043,relation,active,ttp.r014.yaintt,ttp.r014.yaintt,ttp.r014.edition.id-id.boundary28-final,und,2026-08-22T03:56:00+02:00,codex.r014.id-ID,,ttp.r014.edition.id-id.boundary28-final,depends_on,ttp.r014.asset.authority.yaintt_pdf,43,"{""path"":""authority/downloads/yaintt.pdf"",""sha256"":""44ae6b2b3dd3c44ee4a6c59c57b623861cabae2a33d1d057df99a1e5c6dcb09f""}",verified
r014.backend.record,1.0.0,ttp.r014.relation.canonical.0044,relation,active,ttp.r014.yaintt,ttp.r014.yaintt,ttp.r014.edition.id-id.boundary28-final,und,2026-08-22T03:56:00+02:00,codex.r014.id-ID,,ttp.r014.edition.id-id.boundary28-final,depends_on,ttp.r014.asset.authority.yaintt_tex,44,"{""path"":""authority/downloads/yaintt.tex"",""sha256"":""d2967870a0d43de60c590a2bb40cee6915e7b6d68a0dd3ad574f64c7b6430829""}",verified
