schema,schema_version,record_id,entity_class,status,work_id,resource_id,edition_id,locale,created_at,responsible_workflow,supersedes,order,concept_id,source_term,target_term,variants,rejected_forms,scope,register,evidence,examples
r014.backend.record,1.0.0,ttp.r014.term.001,term,active,ttp.r014.yaintt,ttp.r014.yaintt,,id-ID,2026-08-21T13:53:00+02:00,codex.r014.id-ID,,1,ttp.concept.well_ordering_principle,well-ordering principle,prinsip keterurutan baik,[],"[""pengurutan baik"",""prinsip terurut baik""]",R014 mathematical prose,formal textbook,"{""path"":""00_control/TERMINOLOGY.md"",""target_sha256"":""695c071582bdee94a297987c820195b31fe808c16dbb1c0f07559e2b2ed73666""}","[{""evidence_path"":""00_control/TERMINOLOGY.md"",""source_text"":""well-ordering principle"",""target_text"":""prinsip keterurutan baik"",""usage"":""canonical R014 term mapping""}]"
r014.backend.record,1.0.0,ttp.r014.term.002,term,active,ttp.r014.yaintt,ttp.r014.yaintt,,id-ID,2026-08-21T13:53:00+02:00,codex.r014.id-ID,,2,ttp.concept.least_element,least element,elemen terkecil,[],[],R014 mathematical prose,formal textbook,"{""path"":""00_control/TERMINOLOGY.md"",""target_sha256"":""695c071582bdee94a297987c820195b31fe808c16dbb1c0f07559e2b2ed73666""}","[{""evidence_path"":""00_control/TERMINOLOGY.md"",""source_text"":""least element"",""target_text"":""elemen terkecil"",""usage"":""canonical R014 term mapping""}]"
r014.backend.record,1.0.0,ttp.r014.term.003,term,active,ttp.r014.yaintt,ttp.r014.yaintt,,id-ID,2026-08-21T13:53:00+02:00,codex.r014.id-ID,,3,ttp.concept.pigeonhole_principle,pigeonhole principle,prinsip sarang merpati,[],"[""rumah merpati""]",R014 mathematical prose,formal textbook,"{""path"":""00_control/TERMINOLOGY.md"",""target_sha256"":""695c071582bdee94a297987c820195b31fe808c16dbb1c0f07559e2b2ed73666""}","[{""evidence_path"":""00_control/TERMINOLOGY.md"",""source_text"":""pigeonhole principle"",""target_text"":""prinsip sarang merpati"",""usage"":""canonical R014 term mapping""}]"
r014.backend.record,1.0.0,ttp.r014.term.004,term,active,ttp.r014.yaintt,ttp.r014.yaintt,,id-ID,2026-08-21T13:53:00+02:00,codex.r014.id-ID,,4,ttp.concept.mathematical_induction,mathematical induction,induksi matematika,[],[],R014 mathematical prose,formal textbook,"{""path"":""00_control/TERMINOLOGY.md"",""target_sha256"":""695c071582bdee94a297987c820195b31fe808c16dbb1c0f07559e2b2ed73666""}","[{""evidence_path"":""00_control/TERMINOLOGY.md"",""source_text"":""mathematical induction"",""target_text"":""induksi matematika"",""usage"":""canonical R014 term mapping""}]"
r014.backend.record,1.0.0,ttp.r014.term.005,term,active,ttp.r014.yaintt,ttp.r014.yaintt,,id-ID,2026-08-21T13:53:00+02:00,codex.r014.id-ID,,5,ttp.concept.strong_induction,second principle of mathematical induction,prinsip kedua induksi matematika,"[""induksi kuat""]",[],R014 mathematical prose,formal textbook,"{""path"":""00_control/TERMINOLOGY.md"",""target_sha256"":""695c071582bdee94a297987c820195b31fe808c16dbb1c0f07559e2b2ed73666""}","[{""evidence_path"":""00_control/TERMINOLOGY.md"",""source_text"":""second principle of mathematical induction"",""target_text"":""prinsip kedua induksi matematika"",""usage"":""canonical R014 term mapping""}]"
r014.backend.record,1.0.0,ttp.r014.term.006,term,active,ttp.r014.yaintt,ttp.r014.yaintt,,id-ID,2026-08-21T13:53:00+02:00,codex.r014.id-ID,,6,ttp.concept.natural_number,natural number,bilangan asli,[],[],R014 mathematical prose,formal textbook,"{""path"":""00_control/TERMINOLOGY.md"",""target_sha256"":""695c071582bdee94a297987c820195b31fe808c16dbb1c0f07559e2b2ed73666""}","[{""evidence_path"":""00_control/TERMINOLOGY.md"",""source_text"":""natural number"",""target_text"":""bilangan asli"",""usage"":""canonical R014 term mapping""}]"
r014.backend.record,1.0.0,ttp.r014.term.007,term,active,ttp.r014.yaintt,ttp.r014.yaintt,,id-ID,2026-08-21T13:53:00+02:00,codex.r014.id-ID,,7,ttp.concept.integer,integer,bilangan bulat,[],[],R014 mathematical prose,formal textbook,"{""path"":""00_control/TERMINOLOGY.md"",""target_sha256"":""695c071582bdee94a297987c820195b31fe808c16dbb1c0f07559e2b2ed73666""}","[{""evidence_path"":""00_control/TERMINOLOGY.md"",""source_text"":""integer"",""target_text"":""bilangan bulat"",""usage"":""canonical R014 term mapping""}]"
r014.backend.record,1.0.0,ttp.r014.term.008,term,active,ttp.r014.yaintt,ttp.r014.yaintt,,id-ID,2026-08-21T13:53:00+02:00,codex.r014.id-ID,,8,ttp.concept.cryptology,cryptology,kriptologi,[],"[""kriptografi""]",R014 mathematical prose,formal textbook,"{""path"":""00_control/TERMINOLOGY.md"",""target_sha256"":""695c071582bdee94a297987c820195b31fe808c16dbb1c0f07559e2b2ed73666""}","[{""evidence_path"":""00_control/TERMINOLOGY.md"",""source_text"":""cryptology"",""target_text"":""kriptologi"",""usage"":""canonical R014 term mapping""}]"
r014.backend.record,1.0.0,ttp.r014.term.009,term,active,ttp.r014.yaintt,ttp.r014.yaintt,,id-ID,2026-08-21T13:53:00+02:00,codex.r014.id-ID,,9,ttp.concept.cryptography,cryptography,kriptografi,[],[],R014 mathematical prose,formal textbook,"{""path"":""00_control/TERMINOLOGY.md"",""target_sha256"":""695c071582bdee94a297987c820195b31fe808c16dbb1c0f07559e2b2ed73666""}","[{""evidence_path"":""00_control/TERMINOLOGY.md"",""source_text"":""cryptography"",""target_text"":""kriptografi"",""usage"":""canonical R014 term mapping""}]"
r014.backend.record,1.0.0,ttp.r014.term.010,term,active,ttp.r014.yaintt,ttp.r014.yaintt,,id-ID,2026-08-21T13:53:00+02:00,codex.r014.id-ID,,10,ttp.concept.cryptanalysis,cryptanalysis,kriptanalisis,[],[],R014 mathematical prose,formal textbook,"{""path"":""00_control/TERMINOLOGY.md"",""target_sha256"":""695c071582bdee94a297987c820195b31fe808c16dbb1c0f07559e2b2ed73666""}","[{""evidence_path"":""00_control/TERMINOLOGY.md"",""source_text"":""cryptanalysis"",""target_text"":""kriptanalisis"",""usage"":""canonical R014 term mapping""}]"
r014.backend.record,1.0.0,ttp.r014.term.011,term,active,ttp.r014.yaintt,ttp.r014.yaintt,,id-ID,2026-08-21T13:53:00+02:00,codex.r014.id-ID,,11,ttp.concept.cryptosystem,cryptosystem,kriptosistem,[],[],R014 mathematical prose,formal textbook,"{""path"":""00_control/TERMINOLOGY.md"",""target_sha256"":""695c071582bdee94a297987c820195b31fe808c16dbb1c0f07559e2b2ed73666""}","[{""evidence_path"":""00_control/TERMINOLOGY.md"",""source_text"":""cryptosystem"",""target_text"":""kriptosistem"",""usage"":""canonical R014 term mapping""}]"
r014.backend.record,1.0.0,ttp.r014.term.012,term,active,ttp.r014.yaintt,ttp.r014.yaintt,,id-ID,2026-08-21T13:53:00+02:00,codex.r014.id-ID,,12,ttp.concept.key_exchange,key exchange,pertukaran kunci,[],[],R014 mathematical prose,formal textbook,"{""path"":""00_control/TERMINOLOGY.md"",""target_sha256"":""695c071582bdee94a297987c820195b31fe808c16dbb1c0f07559e2b2ed73666""}","[{""evidence_path"":""00_control/TERMINOLOGY.md"",""source_text"":""key exchange"",""target_text"":""pertukaran kunci"",""usage"":""canonical R014 term mapping""}]"
r014.backend.record,1.0.0,ttp.r014.term.013,term,active,ttp.r014.yaintt,ttp.r014.yaintt,,id-ID,2026-08-21T13:53:00+02:00,codex.r014.id-ID,,13,ttp.concept.rsa,RSA cryptosystem,kriptosistem RSA,[],[],R014 mathematical prose,formal textbook,"{""path"":""00_control/TERMINOLOGY.md"",""target_sha256"":""695c071582bdee94a297987c820195b31fe808c16dbb1c0f07559e2b2ed73666""}","[{""evidence_path"":""00_control/TERMINOLOGY.md"",""source_text"":""RSA cryptosystem"",""target_text"":""kriptosistem RSA"",""usage"":""canonical R014 term mapping""}]"
r014.backend.record,1.0.0,ttp.r014.term.014,term,active,ttp.r014.yaintt,ttp.r014.yaintt,,id-ID,2026-08-21T13:53:00+02:00,codex.r014.id-ID,,14,ttp.concept.diffie_hellman,Diffie-Hellman key exchange,pertukaran kunci Diffie-Hellman,[],[],R014 mathematical prose,formal textbook,"{""path"":""00_control/TERMINOLOGY.md"",""target_sha256"":""695c071582bdee94a297987c820195b31fe808c16dbb1c0f07559e2b2ed73666""}","[{""evidence_path"":""00_control/TERMINOLOGY.md"",""source_text"":""Diffie-Hellman key exchange"",""target_text"":""pertukaran kunci Diffie-Hellman"",""usage"":""canonical R014 term mapping""}]"
r014.backend.record,1.0.0,ttp.r014.term.015,term,active,ttp.r014.yaintt,ttp.r014.yaintt,,id-ID,2026-08-21T13:53:00+02:00,codex.r014.id-ID,,15,ttp.concept.elgamal,ElGamal cryptosystem,kriptosistem ElGamal,[],[],R014 mathematical prose,formal textbook,"{""path"":""00_control/TERMINOLOGY.md"",""target_sha256"":""695c071582bdee94a297987c820195b31fe808c16dbb1c0f07559e2b2ed73666""}","[{""evidence_path"":""00_control/TERMINOLOGY.md"",""source_text"":""ElGamal cryptosystem"",""target_text"":""kriptosistem ElGamal"",""usage"":""canonical R014 term mapping""}]"
r014.backend.record,1.0.0,ttp.r014.term.016,term,active,ttp.r014.yaintt,ttp.r014.yaintt,,id-ID,2026-08-21T13:53:00+02:00,codex.r014.id-ID,,16,ttp.concept.euler_theorem,Euler's theorem,Teorema Euler,[],[],R014 mathematical prose,formal textbook,"{""path"":""00_control/TERMINOLOGY.md"",""target_sha256"":""695c071582bdee94a297987c820195b31fe808c16dbb1c0f07559e2b2ed73666""}","[{""evidence_path"":""00_control/TERMINOLOGY.md"",""source_text"":""Euler's theorem"",""target_text"":""Teorema Euler"",""usage"":""canonical R014 term mapping""}]"
r014.backend.record,1.0.0,ttp.r014.term.017,term,active,ttp.r014.yaintt,ttp.r014.yaintt,,id-ID,2026-08-21T13:53:00+02:00,codex.r014.id-ID,,17,ttp.concept.primitive_root,primitive root,akar primitif,[],[],R014 mathematical prose,formal textbook,"{""path"":""00_control/TERMINOLOGY.md"",""target_sha256"":""695c071582bdee94a297987c820195b31fe808c16dbb1c0f07559e2b2ed73666""}","[{""evidence_path"":""00_control/TERMINOLOGY.md"",""source_text"":""primitive root"",""target_text"":""akar primitif"",""usage"":""canonical R014 term mapping""}]"
r014.backend.record,1.0.0,ttp.r014.term.018,term,active,ttp.r014.yaintt,ttp.r014.yaintt,,id-ID,2026-08-21T13:53:00+02:00,codex.r014.id-ID,,18,ttp.concept.index_discrete_log,number-theoretic index,indeks,"[""logaritma diskret""]",[],R014 mathematical prose,formal textbook,"{""path"":""00_control/TERMINOLOGY.md"",""target_sha256"":""695c071582bdee94a297987c820195b31fe808c16dbb1c0f07559e2b2ed73666""}","[{""evidence_path"":""00_control/TERMINOLOGY.md"",""source_text"":""number-theoretic index"",""target_text"":""indeks"",""usage"":""canonical R014 term mapping""}]"
r014.backend.record,1.0.0,ttp.r014.term.019,term,active,ttp.r014.yaintt,ttp.r014.yaintt,,id-ID,2026-08-21T13:53:00+02:00,codex.r014.id-ID,,19,,Theorem,Teorema,[],[],generated reader label,interface and structural label,"{""path"":""qa/frozen-boundaries/boundary3/yaintt-id.tex"",""target_sha256"":""695c071582bdee94a297987c820195b31fe808c16dbb1c0f07559e2b2ed73666""}","[{""evidence_path"":""qa/frozen-boundaries/boundary3/yaintt-id.tex"",""source_text"":""Theorem"",""target_text"":""Teorema"",""usage"":""generated structural label""}]"
r014.backend.record,1.0.0,ttp.r014.term.020,term,active,ttp.r014.yaintt,ttp.r014.yaintt,,id-ID,2026-08-21T13:53:00+02:00,codex.r014.id-ID,,20,,Corollary,Akibat,[],[],generated reader label,interface and structural label,"{""path"":""qa/frozen-boundaries/boundary3/yaintt-id.tex"",""target_sha256"":""695c071582bdee94a297987c820195b31fe808c16dbb1c0f07559e2b2ed73666""}","[{""evidence_path"":""qa/frozen-boundaries/boundary3/yaintt-id.tex"",""source_text"":""Corollary"",""target_text"":""Akibat"",""usage"":""generated structural label""}]"
r014.backend.record,1.0.0,ttp.r014.term.021,term,active,ttp.r014.yaintt,ttp.r014.yaintt,,id-ID,2026-08-21T13:53:00+02:00,codex.r014.id-ID,,21,,Lemma,Lema,[],[],generated reader label,interface and structural label,"{""path"":""qa/frozen-boundaries/boundary3/yaintt-id.tex"",""target_sha256"":""695c071582bdee94a297987c820195b31fe808c16dbb1c0f07559e2b2ed73666""}","[{""evidence_path"":""qa/frozen-boundaries/boundary3/yaintt-id.tex"",""source_text"":""Lemma"",""target_text"":""Lema"",""usage"":""generated structural label""}]"
r014.backend.record,1.0.0,ttp.r014.term.022,term,active,ttp.r014.yaintt,ttp.r014.yaintt,,id-ID,2026-08-21T13:53:00+02:00,codex.r014.id-ID,,22,,Proposition,Proposisi,[],[],generated reader label,interface and structural label,"{""path"":""qa/frozen-boundaries/boundary3/yaintt-id.tex"",""target_sha256"":""695c071582bdee94a297987c820195b31fe808c16dbb1c0f07559e2b2ed73666""}","[{""evidence_path"":""qa/frozen-boundaries/boundary3/yaintt-id.tex"",""source_text"":""Proposition"",""target_text"":""Proposisi"",""usage"":""generated structural label""}]"
r014.backend.record,1.0.0,ttp.r014.term.023,term,active,ttp.r014.yaintt,ttp.r014.yaintt,,id-ID,2026-08-21T13:53:00+02:00,codex.r014.id-ID,,23,,Examples,Contoh-contoh,[],[],generated reader label,interface and structural label,"{""path"":""qa/frozen-boundaries/boundary3/yaintt-id.tex"",""target_sha256"":""695c071582bdee94a297987c820195b31fe808c16dbb1c0f07559e2b2ed73666""}","[{""evidence_path"":""qa/frozen-boundaries/boundary3/yaintt-id.tex"",""source_text"":""Examples"",""target_text"":""Contoh-contoh"",""usage"":""generated structural label""}]"
r014.backend.record,1.0.0,ttp.r014.term.024,term,active,ttp.r014.yaintt,ttp.r014.yaintt,,id-ID,2026-08-21T13:53:00+02:00,codex.r014.id-ID,,24,,Definition,Definisi,[],[],generated reader label,interface and structural label,"{""path"":""qa/frozen-boundaries/boundary3/yaintt-id.tex"",""target_sha256"":""695c071582bdee94a297987c820195b31fe808c16dbb1c0f07559e2b2ed73666""}","[{""evidence_path"":""qa/frozen-boundaries/boundary3/yaintt-id.tex"",""source_text"":""Definition"",""target_text"":""Definisi"",""usage"":""generated structural label""}]"
r014.backend.record,1.0.0,ttp.r014.term.025,term,active,ttp.r014.yaintt,ttp.r014.yaintt,,id-ID,2026-08-21T13:53:00+02:00,codex.r014.id-ID,,25,,Exercise,Latihan,[],[],generated reader label,interface and structural label,"{""path"":""qa/frozen-boundaries/boundary3/yaintt-id.tex"",""target_sha256"":""695c071582bdee94a297987c820195b31fe808c16dbb1c0f07559e2b2ed73666""}","[{""evidence_path"":""qa/frozen-boundaries/boundary3/yaintt-id.tex"",""source_text"":""Exercise"",""target_text"":""Latihan"",""usage"":""generated structural label""}]"
r014.backend.record,1.0.0,ttp.r014.term.026,term,active,ttp.r014.yaintt,ttp.r014.yaintt,,id-ID,2026-08-21T13:53:00+02:00,codex.r014.id-ID,,26,,Remark,Catatan,[],[],generated reader label,interface and structural label,"{""path"":""qa/frozen-boundaries/boundary3/yaintt-id.tex"",""target_sha256"":""695c071582bdee94a297987c820195b31fe808c16dbb1c0f07559e2b2ed73666""}","[{""evidence_path"":""qa/frozen-boundaries/boundary3/yaintt-id.tex"",""source_text"":""Remark"",""target_text"":""Catatan"",""usage"":""generated structural label""}]"
r014.backend.record,1.0.0,ttp.r014.term.027,term,active,ttp.r014.yaintt,ttp.r014.yaintt,,id-ID,2026-08-21T13:53:00+02:00,codex.r014.id-ID,,27,,Example,Contoh,[],[],generated reader label,interface and structural label,"{""path"":""qa/frozen-boundaries/boundary3/yaintt-id.tex"",""target_sha256"":""695c071582bdee94a297987c820195b31fe808c16dbb1c0f07559e2b2ed73666""}","[{""evidence_path"":""qa/frozen-boundaries/boundary3/yaintt-id.tex"",""source_text"":""Example"",""target_text"":""Contoh"",""usage"":""generated structural label""}]"
r014.backend.record,1.0.0,ttp.r014.term.028,term,active,ttp.r014.yaintt,ttp.r014.yaintt,,id-ID,2026-08-21T13:53:00+02:00,codex.r014.id-ID,,28,,Proof,Bukti,[],[],generated reader label,interface and structural label,"{""path"":""qa/frozen-boundaries/boundary3/yaintt-id.tex"",""target_sha256"":""695c071582bdee94a297987c820195b31fe808c16dbb1c0f07559e2b2ed73666""}","[{""evidence_path"":""qa/frozen-boundaries/boundary3/yaintt-id.tex"",""source_text"":""Proof"",""target_text"":""Bukti"",""usage"":""generated structural label""}]"
r014.backend.record,1.0.0,ttp.r014.term.029,term,active,ttp.r014.yaintt,ttp.r014.yaintt,,id-ID,2026-08-21T13:53:00+02:00,codex.r014.id-ID,,29,,Chapter,Bab,[],[],generated reader label,interface and structural label,"{""path"":""qa/frozen-boundaries/boundary3/yaintt-id.tex"",""target_sha256"":""695c071582bdee94a297987c820195b31fe808c16dbb1c0f07559e2b2ed73666""}","[{""evidence_path"":""qa/frozen-boundaries/boundary3/yaintt-id.tex"",""source_text"":""Chapter"",""target_text"":""Bab"",""usage"":""generated structural label""}]"
r014.backend.record,1.0.0,ttp.r014.term.030,term,active,ttp.r014.yaintt,ttp.r014.yaintt,,id-ID,2026-08-21T13:53:00+02:00,codex.r014.id-ID,,30,,Contents,Daftar Isi,[],[],generated reader label,interface and structural label,"{""path"":""qa/frozen-boundaries/boundary3/yaintt-id.tex"",""target_sha256"":""695c071582bdee94a297987c820195b31fe808c16dbb1c0f07559e2b2ed73666""}","[{""evidence_path"":""qa/frozen-boundaries/boundary3/yaintt-id.tex"",""source_text"":""Contents"",""target_text"":""Daftar Isi"",""usage"":""generated structural label""}]"
r014.backend.record,1.0.0,ttp.r014.term.031,term,active,ttp.r014.yaintt,ttp.r014.yaintt,,id-ID,2026-08-21T13:53:00+02:00,codex.r014.id-ID,,31,,Bibliography,Daftar Pustaka,[],[],generated reader label,interface and structural label,"{""path"":""qa/frozen-boundaries/boundary3/yaintt-id.tex"",""target_sha256"":""695c071582bdee94a297987c820195b31fe808c16dbb1c0f07559e2b2ed73666""}","[{""evidence_path"":""qa/frozen-boundaries/boundary3/yaintt-id.tex"",""source_text"":""Bibliography"",""target_text"":""Daftar Pustaka"",""usage"":""generated structural label""}]"
r014.backend.record,1.0.0,ttp.r014.term.032,term,active,ttp.r014.yaintt,ttp.r014.yaintt,,id-ID,2026-08-21T13:53:00+02:00,codex.r014.id-ID,,32,,Index,Indeks,[],[],generated reader label,interface and structural label,"{""path"":""qa/frozen-boundaries/boundary3/yaintt-id.tex"",""target_sha256"":""695c071582bdee94a297987c820195b31fe808c16dbb1c0f07559e2b2ed73666""}","[{""evidence_path"":""qa/frozen-boundaries/boundary3/yaintt-id.tex"",""source_text"":""Index"",""target_text"":""Indeks"",""usage"":""generated structural label""}]"
r014.backend.record,1.0.0,ttp.r014.term.033,term,active,ttp.r014.yaintt,ttp.r014.yaintt,,id-ID,2026-08-21T13:53:00+02:00,codex.r014.id-ID,,33,,Figure,Gambar,[],[],generated reader label,interface and structural label,"{""path"":""qa/frozen-boundaries/boundary3/yaintt-id.tex"",""target_sha256"":""695c071582bdee94a297987c820195b31fe808c16dbb1c0f07559e2b2ed73666""}","[{""evidence_path"":""qa/frozen-boundaries/boundary3/yaintt-id.tex"",""source_text"":""Figure"",""target_text"":""Gambar"",""usage"":""generated structural label""}]"
r014.backend.record,1.0.0,ttp.r014.term.034,term,active,ttp.r014.yaintt,ttp.r014.yaintt,,id-ID,2026-08-21T13:53:00+02:00,codex.r014.id-ID,,34,,Table,Tabel,[],[],generated reader label,interface and structural label,"{""path"":""qa/frozen-boundaries/boundary3/yaintt-id.tex"",""target_sha256"":""695c071582bdee94a297987c820195b31fe808c16dbb1c0f07559e2b2ed73666""}","[{""evidence_path"":""qa/frozen-boundaries/boundary3/yaintt-id.tex"",""source_text"":""Table"",""target_text"":""Tabel"",""usage"":""generated structural label""}]"
r014.backend.record,1.0.0,ttp.r014.term.035,term,active,ttp.r014.yaintt,ttp.r014.yaintt,,id-ID,2026-08-21T13:53:00+02:00,codex.r014.id-ID,,35,ttp.concept.binary_operation,binary operation,operasi biner,[],[],R014 Section 1.2 mathematical prose,formal textbook,"{""path"":""00_control/TERMINOLOGY.md"",""target_sha256"":""695c071582bdee94a297987c820195b31fe808c16dbb1c0f07559e2b2ed73666""}","[{""evidence_path"":""00_control/TERMINOLOGY.md"",""source_text"":""binary operation"",""target_text"":""operasi biner"",""usage"":""canonical Section 1.2 term mapping""}]"
r014.backend.record,1.0.0,ttp.r014.term.036,term,active,ttp.r014.yaintt,ttp.r014.yaintt,,id-ID,2026-08-21T13:53:00+02:00,codex.r014.id-ID,,36,ttp.concept.addition,addition,penjumlahan,[],[],R014 Section 1.2 mathematical prose,formal textbook,"{""path"":""00_control/TERMINOLOGY.md"",""target_sha256"":""695c071582bdee94a297987c820195b31fe808c16dbb1c0f07559e2b2ed73666""}","[{""evidence_path"":""00_control/TERMINOLOGY.md"",""source_text"":""addition"",""target_text"":""penjumlahan"",""usage"":""canonical Section 1.2 term mapping""}]"
r014.backend.record,1.0.0,ttp.r014.term.037,term,active,ttp.r014.yaintt,ttp.r014.yaintt,,id-ID,2026-08-21T13:53:00+02:00,codex.r014.id-ID,,37,ttp.concept.multiplication,multiplication,perkalian,[],[],R014 Section 1.2 mathematical prose,formal textbook,"{""path"":""00_control/TERMINOLOGY.md"",""target_sha256"":""695c071582bdee94a297987c820195b31fe808c16dbb1c0f07559e2b2ed73666""}","[{""evidence_path"":""00_control/TERMINOLOGY.md"",""source_text"":""multiplication"",""target_text"":""perkalian"",""usage"":""canonical Section 1.2 term mapping""}]"
r014.backend.record,1.0.0,ttp.r014.term.038,term,active,ttp.r014.yaintt,ttp.r014.yaintt,,id-ID,2026-08-21T13:53:00+02:00,codex.r014.id-ID,,38,ttp.concept.commutativity,commutativity of addition and multiplication,komutativitas penjumlahan dan perkalian,[],[],R014 Section 1.2 mathematical prose,formal textbook,"{""path"":""00_control/TERMINOLOGY.md"",""target_sha256"":""695c071582bdee94a297987c820195b31fe808c16dbb1c0f07559e2b2ed73666""}","[{""evidence_path"":""00_control/TERMINOLOGY.md"",""source_text"":""commutativity of addition and multiplication"",""target_text"":""komutativitas penjumlahan dan perkalian"",""usage"":""canonical Section 1.2 term mapping""}]"
r014.backend.record,1.0.0,ttp.r014.term.039,term,active,ttp.r014.yaintt,ttp.r014.yaintt,,id-ID,2026-08-21T13:53:00+02:00,codex.r014.id-ID,,39,ttp.concept.associativity,associativity of addition and multiplication,asosiativitas penjumlahan dan perkalian,[],[],R014 Section 1.2 mathematical prose,formal textbook,"{""path"":""00_control/TERMINOLOGY.md"",""target_sha256"":""695c071582bdee94a297987c820195b31fe808c16dbb1c0f07559e2b2ed73666""}","[{""evidence_path"":""00_control/TERMINOLOGY.md"",""source_text"":""associativity of addition and multiplication"",""target_text"":""asosiativitas penjumlahan dan perkalian"",""usage"":""canonical Section 1.2 term mapping""}]"
r014.backend.record,1.0.0,ttp.r014.term.040,term,active,ttp.r014.yaintt,ttp.r014.yaintt,,id-ID,2026-08-21T13:53:00+02:00,codex.r014.id-ID,,40,ttp.concept.distributivity,distributivity of multiplication over addition,distributivitas perkalian terhadap penjumlahan,[],[],R014 Section 1.2 mathematical prose,formal textbook,"{""path"":""00_control/TERMINOLOGY.md"",""target_sha256"":""695c071582bdee94a297987c820195b31fe808c16dbb1c0f07559e2b2ed73666""}","[{""evidence_path"":""00_control/TERMINOLOGY.md"",""source_text"":""distributivity of multiplication over addition"",""target_text"":""distributivitas perkalian terhadap penjumlahan"",""usage"":""canonical Section 1.2 term mapping""}]"
r014.backend.record,1.0.0,ttp.r014.term.041,term,active,ttp.r014.yaintt,ttp.r014.yaintt,,id-ID,2026-08-21T13:53:00+02:00,codex.r014.id-ID,,41,ttp.concept.identity_element,identity element,elemen identitas,[],[],R014 Section 1.2 mathematical prose,formal textbook,"{""path"":""00_control/TERMINOLOGY.md"",""target_sha256"":""695c071582bdee94a297987c820195b31fe808c16dbb1c0f07559e2b2ed73666""}","[{""evidence_path"":""00_control/TERMINOLOGY.md"",""source_text"":""identity element"",""target_text"":""elemen identitas"",""usage"":""canonical Section 1.2 term mapping""}]"
r014.backend.record,1.0.0,ttp.r014.term.042,term,active,ttp.r014.yaintt,ttp.r014.yaintt,,id-ID,2026-08-21T13:53:00+02:00,codex.r014.id-ID,,42,ttp.concept.additive_inverse,additive inverse,invers aditif,[],[],R014 Section 1.2 mathematical prose,formal textbook,"{""path"":""00_control/TERMINOLOGY.md"",""target_sha256"":""695c071582bdee94a297987c820195b31fe808c16dbb1c0f07559e2b2ed73666""}","[{""evidence_path"":""00_control/TERMINOLOGY.md"",""source_text"":""additive inverse"",""target_text"":""invers aditif"",""usage"":""canonical Section 1.2 term mapping""}]"
r014.backend.record,1.0.0,ttp.r014.term.043,term,active,ttp.r014.yaintt,ttp.r014.yaintt,,id-ID,2026-08-21T13:53:00+02:00,codex.r014.id-ID,,43,ttp.concept.multiplicative_inverse,multiplicative inverse,invers multiplikatif,[],[],R014 Section 1.2 mathematical prose,formal textbook,"{""path"":""00_control/TERMINOLOGY.md"",""target_sha256"":""695c071582bdee94a297987c820195b31fe808c16dbb1c0f07559e2b2ed73666""}","[{""evidence_path"":""00_control/TERMINOLOGY.md"",""source_text"":""multiplicative inverse"",""target_text"":""invers multiplikatif"",""usage"":""canonical Section 1.2 term mapping""}]"
r014.backend.record,1.0.0,ttp.r014.term.044,term,active,ttp.r014.yaintt,ttp.r014.yaintt,,id-ID,2026-08-21T13:53:00+02:00,codex.r014.id-ID,,44,ttp.concept.subtraction,subtraction,pengurangan,[],[],R014 Section 1.2 mathematical prose,formal textbook,"{""path"":""00_control/TERMINOLOGY.md"",""target_sha256"":""695c071582bdee94a297987c820195b31fe808c16dbb1c0f07559e2b2ed73666""}","[{""evidence_path"":""00_control/TERMINOLOGY.md"",""source_text"":""subtraction"",""target_text"":""pengurangan"",""usage"":""canonical Section 1.2 term mapping""}]"
r014.backend.record,1.0.0,ttp.r014.term.045,term,active,ttp.r014.yaintt,ttp.r014.yaintt,,id-ID,2026-08-21T13:53:00+02:00,codex.r014.id-ID,,45,ttp.concept.division,division,pembagian,[],[],R014 Section 1.2 mathematical prose,formal textbook,"{""path"":""00_control/TERMINOLOGY.md"",""target_sha256"":""695c071582bdee94a297987c820195b31fe808c16dbb1c0f07559e2b2ed73666""}","[{""evidence_path"":""00_control/TERMINOLOGY.md"",""source_text"":""division"",""target_text"":""pembagian"",""usage"":""canonical Section 1.2 term mapping""}]"
r014.backend.record,1.0.0,ttp.r014.term.046,term,active,ttp.r014.yaintt,ttp.r014.yaintt,,id-ID,2026-08-21T13:53:00+02:00,codex.r014.id-ID,,46,ttp.concept.divisibility,divisibility,keterbagian,[],[],R014 Section 1.3 mathematical prose,formal textbook,"{""path"":""00_control/TERMINOLOGY.md"",""target_sha256"":""695c071582bdee94a297987c820195b31fe808c16dbb1c0f07559e2b2ed73666""}","[{""evidence_path"":""00_control/TERMINOLOGY.md"",""source_text"":""divisibility"",""target_text"":""keterbagian"",""usage"":""canonical Section 1.3 term mapping""}]"
r014.backend.record,1.0.0,ttp.r014.term.047,term,active,ttp.r014.yaintt,ttp.r014.yaintt,,id-ID,2026-08-21T13:53:00+02:00,codex.r014.id-ID,,47,ttp.concept.factor,factor,faktor,[],[],R014 Section 1.3 mathematical prose,formal textbook,"{""path"":""00_control/TERMINOLOGY.md"",""target_sha256"":""695c071582bdee94a297987c820195b31fe808c16dbb1c0f07559e2b2ed73666""}","[{""evidence_path"":""00_control/TERMINOLOGY.md"",""source_text"":""factor"",""target_text"":""faktor"",""usage"":""canonical Section 1.3 term mapping""}]"
r014.backend.record,1.0.0,ttp.r014.term.048,term,active,ttp.r014.yaintt,ttp.r014.yaintt,,id-ID,2026-08-21T13:53:00+02:00,codex.r014.id-ID,,48,ttp.concept.divisor,divisor,pembagi,[],[],R014 Section 1.3 mathematical prose,formal textbook,"{""path"":""00_control/TERMINOLOGY.md"",""target_sha256"":""695c071582bdee94a297987c820195b31fe808c16dbb1c0f07559e2b2ed73666""}","[{""evidence_path"":""00_control/TERMINOLOGY.md"",""source_text"":""divisor"",""target_text"":""pembagi"",""usage"":""canonical Section 1.3 term mapping""}]"
r014.backend.record,1.0.0,ttp.r014.term.049,term,active,ttp.r014.yaintt,ttp.r014.yaintt,,id-ID,2026-08-21T13:53:00+02:00,codex.r014.id-ID,,49,ttp.concept.multiple,multiple,kelipatan,[],[],R014 Section 1.3 mathematical prose,formal textbook,"{""path"":""00_control/TERMINOLOGY.md"",""target_sha256"":""695c071582bdee94a297987c820195b31fe808c16dbb1c0f07559e2b2ed73666""}","[{""evidence_path"":""00_control/TERMINOLOGY.md"",""source_text"":""multiple"",""target_text"":""kelipatan"",""usage"":""canonical Section 1.3 term mapping""}]"
r014.backend.record,1.0.0,ttp.r014.term.050,term,active,ttp.r014.yaintt,ttp.r014.yaintt,,id-ID,2026-08-21T13:53:00+02:00,codex.r014.id-ID,,50,ttp.concept.parity,even / odd,genap / ganjil,[],[],R014 Section 1.3 mathematical prose,formal textbook,"{""path"":""00_control/TERMINOLOGY.md"",""target_sha256"":""695c071582bdee94a297987c820195b31fe808c16dbb1c0f07559e2b2ed73666""}","[{""evidence_path"":""00_control/TERMINOLOGY.md"",""source_text"":""even / odd"",""target_text"":""genap / ganjil"",""usage"":""canonical Section 1.3 term mapping""}]"
r014.backend.record,1.0.0,ttp.r014.term.051,term,active,ttp.r014.yaintt,ttp.r014.yaintt,,id-ID,2026-08-21T13:53:00+02:00,codex.r014.id-ID,,51,ttp.concept.linear_combination,linear combination,kombinasi linear,[],[],R014 Section 1.3 mathematical prose,formal textbook,"{""path"":""00_control/TERMINOLOGY.md"",""target_sha256"":""695c071582bdee94a297987c820195b31fe808c16dbb1c0f07559e2b2ed73666""}","[{""evidence_path"":""00_control/TERMINOLOGY.md"",""source_text"":""linear combination"",""target_text"":""kombinasi linear"",""usage"":""canonical Section 1.3 term mapping""}]"
r014.backend.record,1.0.0,ttp.r014.term.052,term,active,ttp.r014.yaintt,ttp.r014.yaintt,,id-ID,2026-08-21T13:53:00+02:00,codex.r014.id-ID,,52,ttp.concept.division_algorithm,Division Algorithm,Algoritma Pembagian,[],[],R014 Section 1.3 mathematical prose,formal textbook,"{""path"":""00_control/TERMINOLOGY.md"",""target_sha256"":""695c071582bdee94a297987c820195b31fe808c16dbb1c0f07559e2b2ed73666""}","[{""evidence_path"":""00_control/TERMINOLOGY.md"",""source_text"":""Division Algorithm"",""target_text"":""Algoritma Pembagian"",""usage"":""canonical Section 1.3 term mapping""}]"
r014.backend.record,1.0.0,ttp.r014.term.053,term,active,ttp.r014.yaintt,ttp.r014.yaintt,,id-ID,2026-08-21T13:53:00+02:00,codex.r014.id-ID,,53,ttp.concept.quotient,quotient,hasil bagi,[],[],R014 Section 1.3 mathematical prose,formal textbook,"{""path"":""00_control/TERMINOLOGY.md"",""target_sha256"":""695c071582bdee94a297987c820195b31fe808c16dbb1c0f07559e2b2ed73666""}","[{""evidence_path"":""00_control/TERMINOLOGY.md"",""source_text"":""quotient"",""target_text"":""hasil bagi"",""usage"":""canonical Section 1.3 term mapping""}]"
r014.backend.record,1.0.0,ttp.r014.term.054,term,active,ttp.r014.yaintt,ttp.r014.yaintt,,id-ID,2026-08-21T13:53:00+02:00,codex.r014.id-ID,,54,ttp.concept.remainder,remainder,sisa pembagian,[],[],R014 Section 1.3 mathematical prose,formal textbook,"{""path"":""00_control/TERMINOLOGY.md"",""target_sha256"":""695c071582bdee94a297987c820195b31fe808c16dbb1c0f07559e2b2ed73666""}","[{""evidence_path"":""00_control/TERMINOLOGY.md"",""source_text"":""remainder"",""target_text"":""sisa pembagian"",""usage"":""canonical Section 1.3 term mapping""}]"
r014.backend.record,1.0.0,ttp.r014.term.055,term,active,ttp.r014.yaintt,ttp.r014.yaintt,,id-ID,2026-08-21T13:53:00+02:00,codex.r014.id-ID,,55,ttp.concept.base,base,basis,[],[],R014 Section 1.4 mathematical prose,formal textbook,"{""path"":""qa/frozen-boundaries/boundary4/TERMINOLOGY.md"",""target_sha256"":""6579069bd8ca959042eaeba5b743d5eb4a3ed3e58828e55a827a30f0b0066859""}","[{""evidence_path"":""qa/frozen-boundaries/boundary4/TERMINOLOGY.md"",""source_text"":""base"",""target_text"":""basis"",""usage"":""canonical Section 1.4 term mapping""}]"
r014.backend.record,1.0.0,ttp.r014.term.056,term,active,ttp.r014.yaintt,ttp.r014.yaintt,,id-ID,2026-08-21T13:53:00+02:00,codex.r014.id-ID,,56,ttp.concept.base_representation,base-b representation,representasi basis b,[],[],R014 Section 1.4 mathematical prose,formal textbook,"{""path"":""qa/frozen-boundaries/boundary4/TERMINOLOGY.md"",""target_sha256"":""6579069bd8ca959042eaeba5b743d5eb4a3ed3e58828e55a827a30f0b0066859""}","[{""evidence_path"":""qa/frozen-boundaries/boundary4/TERMINOLOGY.md"",""source_text"":""base-b representation"",""target_text"":""representasi basis b"",""usage"":""canonical Section 1.4 term mapping""}]"
r014.backend.record,1.0.0,ttp.r014.term.057,term,active,ttp.r014.yaintt,ttp.r014.yaintt,,id-ID,2026-08-21T13:53:00+02:00,codex.r014.id-ID,,57,ttp.concept.digit,digit,digit,[],[],R014 Section 1.4 mathematical prose,formal textbook,"{""path"":""qa/frozen-boundaries/boundary4/TERMINOLOGY.md"",""target_sha256"":""6579069bd8ca959042eaeba5b743d5eb4a3ed3e58828e55a827a30f0b0066859""}","[{""evidence_path"":""qa/frozen-boundaries/boundary4/TERMINOLOGY.md"",""source_text"":""digit"",""target_text"":""digit"",""usage"":""canonical Section 1.4 term mapping""}]"
r014.backend.record,1.0.0,ttp.r014.term.058,term,active,ttp.r014.yaintt,ttp.r014.yaintt,,id-ID,2026-08-21T13:53:00+02:00,codex.r014.id-ID,,58,ttp.concept.binary_representation,binary representation,representasi biner,[],[],R014 Section 1.4 mathematical prose,formal textbook,"{""path"":""qa/frozen-boundaries/boundary4/TERMINOLOGY.md"",""target_sha256"":""6579069bd8ca959042eaeba5b743d5eb4a3ed3e58828e55a827a30f0b0066859""}","[{""evidence_path"":""qa/frozen-boundaries/boundary4/TERMINOLOGY.md"",""source_text"":""binary representation"",""target_text"":""representasi biner"",""usage"":""canonical Section 1.4 term mapping""}]"
r014.backend.record,1.0.0,ttp.r014.term.059,term,active,ttp.r014.yaintt,ttp.r014.yaintt,,id-ID,2026-08-21T13:53:00+02:00,codex.r014.id-ID,,59,ttp.concept.decimal,decimal,desimal,[],[],R014 Section 1.4 mathematical prose,formal textbook,"{""path"":""qa/frozen-boundaries/boundary4/TERMINOLOGY.md"",""target_sha256"":""6579069bd8ca959042eaeba5b743d5eb4a3ed3e58828e55a827a30f0b0066859""}","[{""evidence_path"":""qa/frozen-boundaries/boundary4/TERMINOLOGY.md"",""source_text"":""decimal"",""target_text"":""desimal"",""usage"":""canonical Section 1.4 term mapping""}]"
r014.backend.record,1.0.0,ttp.r014.term.060,term,active,ttp.r014.yaintt,ttp.r014.yaintt,,id-ID,2026-08-21T13:53:00+02:00,codex.r014.id-ID,,60,ttp.concept.octal,octal,oktal,[],[],R014 Section 1.4 mathematical prose,formal textbook,"{""path"":""qa/frozen-boundaries/boundary4/TERMINOLOGY.md"",""target_sha256"":""6579069bd8ca959042eaeba5b743d5eb4a3ed3e58828e55a827a30f0b0066859""}","[{""evidence_path"":""qa/frozen-boundaries/boundary4/TERMINOLOGY.md"",""source_text"":""octal"",""target_text"":""oktal"",""usage"":""canonical Section 1.4 term mapping""}]"
r014.backend.record,1.0.0,ttp.r014.term.061,term,active,ttp.r014.yaintt,ttp.r014.yaintt,,id-ID,2026-08-21T13:53:00+02:00,codex.r014.id-ID,,61,ttp.concept.hexadecimal,hexadecimal,heksadesimal,[],[],R014 Section 1.4 mathematical prose,formal textbook,"{""path"":""qa/frozen-boundaries/boundary4/TERMINOLOGY.md"",""target_sha256"":""6579069bd8ca959042eaeba5b743d5eb4a3ed3e58828e55a827a30f0b0066859""}","[{""evidence_path"":""qa/frozen-boundaries/boundary4/TERMINOLOGY.md"",""source_text"":""hexadecimal"",""target_text"":""heksadesimal"",""usage"":""canonical Section 1.4 term mapping""}]"
r014.backend.record,1.0.0,ttp.r014.term.062,term,active,ttp.r014.yaintt,ttp.r014.yaintt,,id-ID,2026-08-21T13:53:00+02:00,codex.r014.id-ID,,62,ttp.concept.hex,hex,heks,[],[],R014 Section 1.4 mathematical prose,formal textbook,"{""path"":""qa/frozen-boundaries/boundary4/TERMINOLOGY.md"",""target_sha256"":""6579069bd8ca959042eaeba5b743d5eb4a3ed3e58828e55a827a30f0b0066859""}","[{""evidence_path"":""qa/frozen-boundaries/boundary4/TERMINOLOGY.md"",""source_text"":""hex"",""target_text"":""heks"",""usage"":""canonical Section 1.4 term mapping""}]"
r014.backend.record,1.0.0,ttp.r014.term.063,term,active,ttp.r014.yaintt,ttp.r014.yaintt,,id-ID,2026-08-21T13:53:00+02:00,codex.r014.id-ID,,63,ttp.concept.sexagesimal,sexagesimal,seksagesimal,[],[],R014 Section 1.4 mathematical prose,formal textbook,"{""path"":""qa/frozen-boundaries/boundary4/TERMINOLOGY.md"",""target_sha256"":""6579069bd8ca959042eaeba5b743d5eb4a3ed3e58828e55a827a30f0b0066859""}","[{""evidence_path"":""qa/frozen-boundaries/boundary4/TERMINOLOGY.md"",""source_text"":""sexagesimal"",""target_text"":""seksagesimal"",""usage"":""canonical Section 1.4 term mapping""}]"
r014.backend.record,1.0.0,ttp.r014.term.064,term,active,ttp.r014.yaintt,ttp.r014.yaintt,,id-ID,2026-08-21T13:53:00+02:00,codex.r014.id-ID,,64,ttp.concept.bit,bit / binary digit,bit / digit biner,[],[],R014 Section 1.4 mathematical prose,formal textbook,"{""path"":""qa/frozen-boundaries/boundary4/TERMINOLOGY.md"",""target_sha256"":""6579069bd8ca959042eaeba5b743d5eb4a3ed3e58828e55a827a30f0b0066859""}","[{""evidence_path"":""qa/frozen-boundaries/boundary4/TERMINOLOGY.md"",""source_text"":""bit / binary digit"",""target_text"":""bit / digit biner"",""usage"":""canonical Section 1.4 term mapping""}]"
r014.backend.record,1.0.0,ttp.r014.term.065,term,active,ttp.r014.yaintt,ttp.r014.yaintt,,id-ID,2026-08-21T13:53:00+02:00,codex.r014.id-ID,,65,ttp.concept.greatest_common_divisor,greatest common divisor (gcd),faktor persekutuan terbesar (FPB),[],[],R014 Section 1.5 mathematical prose,formal textbook,"{""evidence_sha256"":""c8b46c2a6e9fd96feae1ee03e4646f8dd18c387d07da3549c7ccf09b9de284ea"",""path"":""qa/frozen-boundaries/boundary5/TERMINOLOGY.md"",""target_sha256"":""a1e4f897c579852ae201e59f20538883cff4c07575a128ddfc24b6b19e2334d1""}","[{""evidence_path"":""qa/frozen-boundaries/boundary5/TERMINOLOGY.md"",""source_text"":""greatest common divisor (gcd)"",""target_text"":""faktor persekutuan terbesar (FPB)"",""usage"":""canonical Section 1.5 term mapping""}]"
r014.backend.record,1.0.0,ttp.r014.term.066,term,active,ttp.r014.yaintt,ttp.r014.yaintt,,id-ID,2026-08-21T13:53:00+02:00,codex.r014.id-ID,,66,ttp.concept.common_divisor,common divisor,pembagi bersama,[],[],R014 Section 1.5 mathematical prose,formal textbook,"{""evidence_sha256"":""c8b46c2a6e9fd96feae1ee03e4646f8dd18c387d07da3549c7ccf09b9de284ea"",""path"":""qa/frozen-boundaries/boundary5/TERMINOLOGY.md"",""target_sha256"":""a1e4f897c579852ae201e59f20538883cff4c07575a128ddfc24b6b19e2334d1""}","[{""evidence_path"":""qa/frozen-boundaries/boundary5/TERMINOLOGY.md"",""source_text"":""common divisor"",""target_text"":""pembagi bersama"",""usage"":""canonical Section 1.5 term mapping""}]"
r014.backend.record,1.0.0,ttp.r014.term.067,term,active,ttp.r014.yaintt,ttp.r014.yaintt,,id-ID,2026-08-21T13:53:00+02:00,codex.r014.id-ID,,67,ttp.concept.relatively_prime,relatively prime,relatif prima,[],[],R014 Section 1.5 mathematical prose,formal textbook,"{""evidence_sha256"":""c8b46c2a6e9fd96feae1ee03e4646f8dd18c387d07da3549c7ccf09b9de284ea"",""path"":""qa/frozen-boundaries/boundary5/TERMINOLOGY.md"",""target_sha256"":""a1e4f897c579852ae201e59f20538883cff4c07575a128ddfc24b6b19e2334d1""}","[{""evidence_path"":""qa/frozen-boundaries/boundary5/TERMINOLOGY.md"",""source_text"":""relatively prime"",""target_text"":""relatif prima"",""usage"":""canonical Section 1.5 term mapping""}]"
r014.backend.record,1.0.0,ttp.r014.term.068,term,active,ttp.r014.yaintt,ttp.r014.yaintt,,id-ID,2026-08-21T13:53:00+02:00,codex.r014.id-ID,,68,ttp.concept.mutually_relatively_prime,mutually relatively prime,relatif prima secara bersama-sama,[],[],R014 Section 1.5 mathematical prose,formal textbook,"{""evidence_sha256"":""c8b46c2a6e9fd96feae1ee03e4646f8dd18c387d07da3549c7ccf09b9de284ea"",""path"":""qa/frozen-boundaries/boundary5/TERMINOLOGY.md"",""target_sha256"":""a1e4f897c579852ae201e59f20538883cff4c07575a128ddfc24b6b19e2334d1""}","[{""evidence_path"":""qa/frozen-boundaries/boundary5/TERMINOLOGY.md"",""source_text"":""mutually relatively prime"",""target_text"":""relatif prima secara bersama-sama"",""usage"":""canonical Section 1.5 term mapping""}]"
r014.backend.record,1.0.0,ttp.r014.term.069,term,active,ttp.r014.yaintt,ttp.r014.yaintt,,id-ID,2026-08-21T13:53:00+02:00,codex.r014.id-ID,,69,ttp.concept.pairwise_relatively_prime,pairwise relatively prime,relatif prima berpasangan,[],[],R014 Section 1.5 mathematical prose,formal textbook,"{""evidence_sha256"":""c8b46c2a6e9fd96feae1ee03e4646f8dd18c387d07da3549c7ccf09b9de284ea"",""path"":""qa/frozen-boundaries/boundary5/TERMINOLOGY.md"",""target_sha256"":""a1e4f897c579852ae201e59f20538883cff4c07575a128ddfc24b6b19e2334d1""}","[{""evidence_path"":""qa/frozen-boundaries/boundary5/TERMINOLOGY.md"",""source_text"":""pairwise relatively prime"",""target_text"":""relatif prima berpasangan"",""usage"":""canonical Section 1.5 term mapping""}]"
r014.backend.record,1.0.0,ttp.r014.term.070,term,active,ttp.r014.yaintt,ttp.r014.yaintt,,id-ID,2026-08-21T13:53:00+02:00,codex.r014.id-ID,,70,ttp.concept.euclidean_algorithm,Euclidean Algorithm,Algoritma Euklides,[],[],R014 Section 1.6 mathematical prose,formal textbook,"{""evidence_sha256"":""28262ecaee6f0153929e106b3659c7e73303b8280c6c4ff9f2fef0573fdfba18"",""path"":""qa/frozen-boundaries/boundary6/TERMINOLOGY.md"",""target_sha256"":""4f9ca62a4fd7a3e4c7c2629ce62ee33bda8e35202bd35850df339f211464116d""}","[{""evidence_path"":""qa/frozen-boundaries/boundary6/TERMINOLOGY.md"",""source_text"":""Euclidean Algorithm"",""target_text"":""Algoritma Euklides"",""usage"":""canonical Section 1.6 term mapping""}]"
r014.backend.record,1.0.0,ttp.r014.term.071,term,active,ttp.r014.yaintt,ttp.r014.yaintt,,id-ID,2026-08-21T13:53:00+02:00,codex.r014.id-ID,,71,ttp.concept.extended_euclidean_algorithm,extended Euclidean Algorithm,Algoritma Euklides diperluas,[],[],R014 Section 1.6 mathematical prose,formal textbook,"{""evidence_sha256"":""28262ecaee6f0153929e106b3659c7e73303b8280c6c4ff9f2fef0573fdfba18"",""path"":""qa/frozen-boundaries/boundary6/TERMINOLOGY.md"",""target_sha256"":""4f9ca62a4fd7a3e4c7c2629ce62ee33bda8e35202bd35850df339f211464116d""}","[{""evidence_path"":""qa/frozen-boundaries/boundary6/TERMINOLOGY.md"",""source_text"":""extended Euclidean Algorithm"",""target_text"":""Algoritma Euklides diperluas"",""usage"":""canonical Section 1.6 term mapping""}]"
r014.backend.record,1.0.0,ttp.r014.term.072,term,active,ttp.r014.yaintt,ttp.r014.yaintt,,id-ID,2026-08-21T13:53:00+02:00,codex.r014.id-ID,,72,ttp.concept.congruence,congruence / congruent,kongruensi / kongruen,[],[],R014 Chapter 2 introduction and Section 2.1 mathematical prose,formal textbook,"{""evidence_sha256"":""6107138281cbb3996e3b923688cf5007f30b0768cbda896e535a7b70443c15d6"",""path"":""qa/frozen-boundaries/boundary7/TERMINOLOGY.md"",""target_sha256"":""8557e99ec0cc12ece98cb3a28706676d21d8c0526f526034a3178742acee5a79""}","[{""evidence_path"":""qa/frozen-boundaries/boundary7/TERMINOLOGY.md"",""source_text"":""congruence / congruent"",""target_text"":""kongruensi / kongruen"",""usage"":""canonical Chapter 2 introduction and Section 2.1 term mapping""}]"
r014.backend.record,1.0.0,ttp.r014.term.073,term,active,ttp.r014.yaintt,ttp.r014.yaintt,,id-ID,2026-08-21T13:53:00+02:00,codex.r014.id-ID,,73,ttp.concept.modulo,modulo,modulo,[],[],R014 Chapter 2 introduction and Section 2.1 mathematical prose,formal textbook,"{""evidence_sha256"":""6107138281cbb3996e3b923688cf5007f30b0768cbda896e535a7b70443c15d6"",""path"":""qa/frozen-boundaries/boundary7/TERMINOLOGY.md"",""target_sha256"":""8557e99ec0cc12ece98cb3a28706676d21d8c0526f526034a3178742acee5a79""}","[{""evidence_path"":""qa/frozen-boundaries/boundary7/TERMINOLOGY.md"",""source_text"":""modulo"",""target_text"":""modulo"",""usage"":""canonical Chapter 2 introduction and Section 2.1 term mapping""}]"
r014.backend.record,1.0.0,ttp.r014.term.074,term,active,ttp.r014.yaintt,ttp.r014.yaintt,,id-ID,2026-08-21T13:53:00+02:00,codex.r014.id-ID,,74,ttp.concept.congruence_class,congruence class,kelas kongruensi,[],[],R014 Chapter 2 introduction and Section 2.1 mathematical prose,formal textbook,"{""evidence_sha256"":""6107138281cbb3996e3b923688cf5007f30b0768cbda896e535a7b70443c15d6"",""path"":""qa/frozen-boundaries/boundary7/TERMINOLOGY.md"",""target_sha256"":""8557e99ec0cc12ece98cb3a28706676d21d8c0526f526034a3178742acee5a79""}","[{""evidence_path"":""qa/frozen-boundaries/boundary7/TERMINOLOGY.md"",""source_text"":""congruence class"",""target_text"":""kelas kongruensi"",""usage"":""canonical Chapter 2 introduction and Section 2.1 term mapping""}]"
r014.backend.record,1.0.0,ttp.r014.term.075,term,active,ttp.r014.yaintt,ttp.r014.yaintt,,id-ID,2026-08-21T13:53:00+02:00,codex.r014.id-ID,,75,ttp.concept.chinese_remainder_theorem,Chinese Remainder Theorem,Teorema Sisa Cina,[],[],R014 Chapter 2 introduction and Section 2.1 mathematical prose,formal textbook,"{""evidence_sha256"":""6107138281cbb3996e3b923688cf5007f30b0768cbda896e535a7b70443c15d6"",""path"":""qa/frozen-boundaries/boundary7/TERMINOLOGY.md"",""target_sha256"":""8557e99ec0cc12ece98cb3a28706676d21d8c0526f526034a3178742acee5a79""}","[{""evidence_path"":""qa/frozen-boundaries/boundary7/TERMINOLOGY.md"",""source_text"":""Chinese Remainder Theorem"",""target_text"":""Teorema Sisa Cina"",""usage"":""canonical Chapter 2 introduction and Section 2.1 term mapping""}]"
r014.backend.record,1.0.0,ttp.r014.term.076,term,active,ttp.r014.yaintt,ttp.r014.yaintt,,id-ID,2026-08-21T13:53:00+02:00,codex.r014.id-ID,,76,ttp.concept.euclids_lemma,Euclid's Lemma,Lemma Euklides,[],[],R014 Chapter 2 introduction and Section 2.1 mathematical prose,formal textbook,"{""evidence_sha256"":""6107138281cbb3996e3b923688cf5007f30b0768cbda896e535a7b70443c15d6"",""path"":""qa/frozen-boundaries/boundary7/TERMINOLOGY.md"",""target_sha256"":""8557e99ec0cc12ece98cb3a28706676d21d8c0526f526034a3178742acee5a79""}","[{""evidence_path"":""qa/frozen-boundaries/boundary7/TERMINOLOGY.md"",""source_text"":""Euclid's Lemma"",""target_text"":""Lemma Euklides"",""usage"":""canonical Chapter 2 introduction and Section 2.1 term mapping""}]"
r014.backend.record,1.0.0,ttp.r014.term.077,term,active,ttp.r014.yaintt,ttp.r014.yaintt,,id-ID,2026-08-21T13:53:00+02:00,codex.r014.id-ID,,77,ttp.concept.linear_congruence,linear congruence,kongruensi linear,[],[],R014 Section 2.2 mathematical prose,formal textbook,"{""evidence_sha256"":""b24d7de653ee20a099dfd511d50f46641329589accf774bb0ce5ff5e74ba93d0"",""path"":""qa/frozen-boundaries/boundary8/TERMINOLOGY.md"",""target_sha256"":""f4e17c49e2dc2e871fc6595e11daa97c8ad55e1a4eba2005488e9e841e68e749""}","[{""evidence_path"":""qa/frozen-boundaries/boundary8/TERMINOLOGY.md"",""source_text"":""linear congruence"",""target_text"":""kongruensi linear"",""usage"":""canonical Section 2.2 term mapping""}]"
r014.backend.record,1.0.0,ttp.r014.term.078,term,active,ttp.r014.yaintt,ttp.r014.yaintt,,id-ID,2026-08-21T13:53:00+02:00,codex.r014.id-ID,,78,ttp.concept.diophantine_equation,Diophantine equation,persamaan Diofantin,[],[],R014 Section 2.2 mathematical prose,formal textbook,"{""evidence_sha256"":""b24d7de653ee20a099dfd511d50f46641329589accf774bb0ce5ff5e74ba93d0"",""path"":""qa/frozen-boundaries/boundary8/TERMINOLOGY.md"",""target_sha256"":""f4e17c49e2dc2e871fc6595e11daa97c8ad55e1a4eba2005488e9e841e68e749""}","[{""evidence_path"":""qa/frozen-boundaries/boundary8/TERMINOLOGY.md"",""source_text"":""Diophantine equation"",""target_text"":""persamaan Diofantin"",""usage"":""canonical Section 2.2 term mapping""}]"
r014.backend.record,1.0.0,ttp.r014.term.079,term,active,ttp.r014.yaintt,ttp.r014.yaintt,,id-ID,2026-08-21T13:53:00+02:00,codex.r014.id-ID,,79,ttp.concept.modular_inverse,modular inverse,invers modular,[],[],R014 Section 2.2 mathematical prose,formal textbook,"{""evidence_sha256"":""b24d7de653ee20a099dfd511d50f46641329589accf774bb0ce5ff5e74ba93d0"",""path"":""qa/frozen-boundaries/boundary8/TERMINOLOGY.md"",""target_sha256"":""f4e17c49e2dc2e871fc6595e11daa97c8ad55e1a4eba2005488e9e841e68e749""}","[{""evidence_path"":""qa/frozen-boundaries/boundary8/TERMINOLOGY.md"",""source_text"":""modular inverse"",""target_text"":""invers modular"",""usage"":""canonical Section 2.2 term mapping""}]"
r014.backend.record,1.0.0,ttp.r014.term.080,term,active,ttp.r014.yaintt,ttp.r014.yaintt,,id-ID,2026-08-21T13:53:00+02:00,codex.r014.id-ID,,80,ttp.concept.system_of_congruences,system of congruences,sistem kongruensi,[],[],R014 Section 2.3 mathematical prose,formal textbook,"{""evidence_sha256"":""d0ca90abaad183751936a72245a9c666caeb5055c6f6b06499bebefb48711992"",""path"":""qa/frozen-boundaries/boundary9/TERMINOLOGY.md"",""target_sha256"":""643a63186e4d6e1f2589aec775f9f70b58875aee6d61ec297cd55029b44cb1f9""}","[{""evidence_path"":""qa/frozen-boundaries/boundary9/TERMINOLOGY.md"",""source_text"":""system of congruences"",""target_text"":""sistem kongruensi"",""usage"":""canonical Section 2.3 term mapping""}]"
r014.backend.record,1.0.0,ttp.r014.term.081,term,active,ttp.r014.yaintt,ttp.r014.yaintt,,id-ID,2026-08-21T13:53:00+02:00,codex.r014.id-ID,,81,ttp.concept.equivalence_relation,equivalence relation,relasi ekuivalensi,[],[],R014 Section 2.4 mathematical prose,formal textbook,"{""evidence_sha256"":""837852f95b66fcad08e32b07cb205b22483d8b7cd1b67f7da6cbd343c3744ab3"",""path"":""qa/frozen-boundaries/boundary10/TERMINOLOGY.md"",""target_sha256"":""e2eb275565a11f04e44c4009a3dae2df7af1f8a7ea05b24ef7e30037ee2dc2a8""}","[{""evidence_path"":""qa/frozen-boundaries/boundary10/TERMINOLOGY.md"",""source_text"":""equivalence relation"",""target_text"":""relasi ekuivalensi"",""usage"":""canonical Section 2.4 term mapping""}]"
r014.backend.record,1.0.0,ttp.r014.term.082,term,active,ttp.r014.yaintt,ttp.r014.yaintt,,id-ID,2026-08-21T13:53:00+02:00,codex.r014.id-ID,,82,ttp.concept.reflexivity,reflexivity,refleksivitas,[],[],R014 Section 2.4 mathematical prose,formal textbook,"{""evidence_sha256"":""837852f95b66fcad08e32b07cb205b22483d8b7cd1b67f7da6cbd343c3744ab3"",""path"":""qa/frozen-boundaries/boundary10/TERMINOLOGY.md"",""target_sha256"":""e2eb275565a11f04e44c4009a3dae2df7af1f8a7ea05b24ef7e30037ee2dc2a8""}","[{""evidence_path"":""qa/frozen-boundaries/boundary10/TERMINOLOGY.md"",""source_text"":""reflexivity"",""target_text"":""refleksivitas"",""usage"":""canonical Section 2.4 term mapping""}]"
r014.backend.record,1.0.0,ttp.r014.term.083,term,active,ttp.r014.yaintt,ttp.r014.yaintt,,id-ID,2026-08-21T13:53:00+02:00,codex.r014.id-ID,,83,ttp.concept.symmetry,symmetry,simetri,[],[],R014 Section 2.4 mathematical prose,formal textbook,"{""evidence_sha256"":""837852f95b66fcad08e32b07cb205b22483d8b7cd1b67f7da6cbd343c3744ab3"",""path"":""qa/frozen-boundaries/boundary10/TERMINOLOGY.md"",""target_sha256"":""e2eb275565a11f04e44c4009a3dae2df7af1f8a7ea05b24ef7e30037ee2dc2a8""}","[{""evidence_path"":""qa/frozen-boundaries/boundary10/TERMINOLOGY.md"",""source_text"":""symmetry"",""target_text"":""simetri"",""usage"":""canonical Section 2.4 term mapping""}]"
r014.backend.record,1.0.0,ttp.r014.term.084,term,active,ttp.r014.yaintt,ttp.r014.yaintt,,id-ID,2026-08-21T13:53:00+02:00,codex.r014.id-ID,,84,ttp.concept.transitivity,transitivity,transitivitas,[],[],R014 Section 2.4 mathematical prose,formal textbook,"{""evidence_sha256"":""837852f95b66fcad08e32b07cb205b22483d8b7cd1b67f7da6cbd343c3744ab3"",""path"":""qa/frozen-boundaries/boundary10/TERMINOLOGY.md"",""target_sha256"":""e2eb275565a11f04e44c4009a3dae2df7af1f8a7ea05b24ef7e30037ee2dc2a8""}","[{""evidence_path"":""qa/frozen-boundaries/boundary10/TERMINOLOGY.md"",""source_text"":""transitivity"",""target_text"":""transitivitas"",""usage"":""canonical Section 2.4 term mapping""}]"
r014.backend.record,1.0.0,ttp.r014.term.085,term,active,ttp.r014.yaintt,ttp.r014.yaintt,,id-ID,2026-08-21T13:53:00+02:00,codex.r014.id-ID,,85,ttp.concept.equivalence_class,equivalence class,kelas ekuivalensi,[],[],R014 Section 2.4 mathematical prose,formal textbook,"{""evidence_sha256"":""837852f95b66fcad08e32b07cb205b22483d8b7cd1b67f7da6cbd343c3744ab3"",""path"":""qa/frozen-boundaries/boundary10/TERMINOLOGY.md"",""target_sha256"":""e2eb275565a11f04e44c4009a3dae2df7af1f8a7ea05b24ef7e30037ee2dc2a8""}","[{""evidence_path"":""qa/frozen-boundaries/boundary10/TERMINOLOGY.md"",""source_text"":""equivalence class"",""target_text"":""kelas ekuivalensi"",""usage"":""canonical Section 2.4 term mapping""}]"
r014.backend.record,1.0.0,ttp.r014.term.086,term,active,ttp.r014.yaintt,ttp.r014.yaintt,,id-ID,2026-08-21T13:53:00+02:00,codex.r014.id-ID,,86,ttp.concept.class_representative,class representative,wakil kelas ekuivalensi,[],[],R014 Section 2.4 mathematical prose,formal textbook,"{""evidence_sha256"":""837852f95b66fcad08e32b07cb205b22483d8b7cd1b67f7da6cbd343c3744ab3"",""path"":""qa/frozen-boundaries/boundary10/TERMINOLOGY.md"",""target_sha256"":""e2eb275565a11f04e44c4009a3dae2df7af1f8a7ea05b24ef7e30037ee2dc2a8""}","[{""evidence_path"":""qa/frozen-boundaries/boundary10/TERMINOLOGY.md"",""source_text"":""class representative"",""target_text"":""wakil kelas ekuivalensi"",""usage"":""canonical Section 2.4 term mapping""}]"
r014.backend.record,1.0.0,ttp.r014.term.087,term,active,ttp.r014.yaintt,ttp.r014.yaintt,,id-ID,2026-08-21T13:53:00+02:00,codex.r014.id-ID,,87,ttp.concept.integers_mod_n,integers mod n,bilangan bulat modulo n,[],[],R014 Section 2.4 mathematical prose,formal textbook,"{""evidence_sha256"":""837852f95b66fcad08e32b07cb205b22483d8b7cd1b67f7da6cbd343c3744ab3"",""path"":""qa/frozen-boundaries/boundary10/TERMINOLOGY.md"",""target_sha256"":""e2eb275565a11f04e44c4009a3dae2df7af1f8a7ea05b24ef7e30037ee2dc2a8""}","[{""evidence_path"":""qa/frozen-boundaries/boundary10/TERMINOLOGY.md"",""source_text"":""integers mod n"",""target_text"":""bilangan bulat modulo n"",""usage"":""canonical Section 2.4 term mapping""}]"
r014.backend.record,1.0.0,ttp.r014.term.088,term,active,ttp.r014.yaintt,ttp.r014.yaintt,,id-ID,2026-08-21T13:53:00+02:00,codex.r014.id-ID,,88,ttp.concept.well_defined,well-defined,terdefinisi dengan baik,[],[],R014 Section 2.4 mathematical prose,formal textbook,"{""evidence_sha256"":""837852f95b66fcad08e32b07cb205b22483d8b7cd1b67f7da6cbd343c3744ab3"",""path"":""qa/frozen-boundaries/boundary10/TERMINOLOGY.md"",""target_sha256"":""e2eb275565a11f04e44c4009a3dae2df7af1f8a7ea05b24ef7e30037ee2dc2a8""}","[{""evidence_path"":""qa/frozen-boundaries/boundary10/TERMINOLOGY.md"",""source_text"":""well-defined"",""target_text"":""terdefinisi dengan baik"",""usage"":""canonical Section 2.4 term mapping""}]"
r014.backend.record,1.0.0,ttp.r014.term.089,term,active,ttp.r014.yaintt,ttp.r014.yaintt,,id-ID,2026-08-21T13:53:00+02:00,codex.r014.id-ID,,89,ttp.concept.euler_phi_function,Euler's phi function,fungsi phi Euler,[],[],R014 Section 2.5 mathematical prose,formal textbook,"{""evidence_sha256"":""edf8d277be21f2e663407a26ffbfa9fb0fdd585535e49695f07768bdc19f9a7f"",""path"":""qa/frozen-boundaries/boundary11/TERMINOLOGY.md"",""target_sha256"":""cccf9bac270237c36545b61973c49e02afc3d19a5828c7a9dfb1fed524ec9a53""}","[{""evidence_path"":""qa/frozen-boundaries/boundary11/TERMINOLOGY.md"",""source_text"":""Euler's phi function"",""target_text"":""fungsi phi Euler"",""usage"":""canonical Section 2.5 term mapping""}]"
r014.backend.record,1.0.0,ttp.r014.term.090,term,active,ttp.r014.yaintt,ttp.r014.yaintt,,id-ID,2026-08-21T13:53:00+02:00,codex.r014.id-ID,,90,ttp.concept.euler_totient_function,Euler's totient function,fungsi totient Euler,[],[],R014 Section 2.5 mathematical prose,formal textbook,"{""evidence_sha256"":""edf8d277be21f2e663407a26ffbfa9fb0fdd585535e49695f07768bdc19f9a7f"",""path"":""qa/frozen-boundaries/boundary11/TERMINOLOGY.md"",""target_sha256"":""cccf9bac270237c36545b61973c49e02afc3d19a5828c7a9dfb1fed524ec9a53""}","[{""evidence_path"":""qa/frozen-boundaries/boundary11/TERMINOLOGY.md"",""source_text"":""Euler's totient function"",""target_text"":""fungsi totient Euler"",""usage"":""canonical Section 2.5 term mapping""}]"
r014.backend.record,1.0.0,ttp.r014.term.091,term,active,ttp.r014.yaintt,ttp.r014.yaintt,,id-ID,2026-08-21T13:53:00+02:00,codex.r014.id-ID,,91,ttp.concept.cardinality,cardinality / number of elements,kardinalitas / banyaknya elemen,[],[],R014 Section 2.5 mathematical prose,formal textbook,"{""evidence_sha256"":""edf8d277be21f2e663407a26ffbfa9fb0fdd585535e49695f07768bdc19f9a7f"",""path"":""qa/frozen-boundaries/boundary11/TERMINOLOGY.md"",""target_sha256"":""cccf9bac270237c36545b61973c49e02afc3d19a5828c7a9dfb1fed524ec9a53""}","[{""evidence_path"":""qa/frozen-boundaries/boundary11/TERMINOLOGY.md"",""source_text"":""cardinality / number of elements"",""target_text"":""kardinalitas / banyaknya elemen"",""usage"":""canonical Section 2.5 term mapping""}]"
r014.backend.record,1.0.0,ttp.r014.term.092,term,active,ttp.r014.yaintt,ttp.r014.yaintt,,id-ID,2026-08-21T13:53:00+02:00,codex.r014.id-ID,,92,ttp.concept.cartesian_product,Cartesian product,hasil kali Kartesius,[],[],R014 Section 2.5 mathematical prose,formal textbook,"{""evidence_sha256"":""edf8d277be21f2e663407a26ffbfa9fb0fdd585535e49695f07768bdc19f9a7f"",""path"":""qa/frozen-boundaries/boundary11/TERMINOLOGY.md"",""target_sha256"":""cccf9bac270237c36545b61973c49e02afc3d19a5828c7a9dfb1fed524ec9a53""}","[{""evidence_path"":""qa/frozen-boundaries/boundary11/TERMINOLOGY.md"",""source_text"":""Cartesian product"",""target_text"":""hasil kali Kartesius"",""usage"":""canonical Section 2.5 term mapping""}]"
r014.backend.record,1.0.0,ttp.r014.term.093,term,active,ttp.r014.yaintt,ttp.r014.yaintt,,id-ID,2026-08-21T13:53:00+02:00,codex.r014.id-ID,,93,ttp.concept.injective,one-to-one / injective,injektif,[],[],R014 Section 2.5 mathematical prose,formal textbook,"{""evidence_sha256"":""edf8d277be21f2e663407a26ffbfa9fb0fdd585535e49695f07768bdc19f9a7f"",""path"":""qa/frozen-boundaries/boundary11/TERMINOLOGY.md"",""target_sha256"":""cccf9bac270237c36545b61973c49e02afc3d19a5828c7a9dfb1fed524ec9a53""}","[{""evidence_path"":""qa/frozen-boundaries/boundary11/TERMINOLOGY.md"",""source_text"":""one-to-one / injective"",""target_text"":""injektif"",""usage"":""canonical Section 2.5 term mapping""}]"
r014.backend.record,1.0.0,ttp.r014.term.094,term,active,ttp.r014.yaintt,ttp.r014.yaintt,,id-ID,2026-08-21T13:53:00+02:00,codex.r014.id-ID,,94,ttp.concept.surjective,onto / surjective,surjektif,[],[],R014 Section 2.5 mathematical prose,formal textbook,"{""evidence_sha256"":""edf8d277be21f2e663407a26ffbfa9fb0fdd585535e49695f07768bdc19f9a7f"",""path"":""qa/frozen-boundaries/boundary11/TERMINOLOGY.md"",""target_sha256"":""cccf9bac270237c36545b61973c49e02afc3d19a5828c7a9dfb1fed524ec9a53""}","[{""evidence_path"":""qa/frozen-boundaries/boundary11/TERMINOLOGY.md"",""source_text"":""onto / surjective"",""target_text"":""surjektif"",""usage"":""canonical Section 2.5 term mapping""}]"
r014.backend.record,1.0.0,ttp.r014.term.095,term,active,ttp.r014.yaintt,ttp.r014.yaintt,,id-ID,2026-08-21T13:53:00+02:00,codex.r014.id-ID,,95,ttp.concept.bijective,bijective,bijektif,[],[],R014 Section 2.5 mathematical prose,formal textbook,"{""evidence_sha256"":""edf8d277be21f2e663407a26ffbfa9fb0fdd585535e49695f07768bdc19f9a7f"",""path"":""qa/frozen-boundaries/boundary11/TERMINOLOGY.md"",""target_sha256"":""cccf9bac270237c36545b61973c49e02afc3d19a5828c7a9dfb1fed524ec9a53""}","[{""evidence_path"":""qa/frozen-boundaries/boundary11/TERMINOLOGY.md"",""source_text"":""bijective"",""target_text"":""bijektif"",""usage"":""canonical Section 2.5 term mapping""}]"
r014.backend.record,1.0.0,ttp.r014.term.096,term,active,ttp.r014.yaintt,ttp.r014.yaintt,,id-ID,2026-08-21T13:53:00+02:00,codex.r014.id-ID,,96,ttp.concept.unit_group,group of multiplicatively invertible classes,grup unit,[],[],R014 Section 2.5 mathematical prose,formal textbook,"{""evidence_sha256"":""edf8d277be21f2e663407a26ffbfa9fb0fdd585535e49695f07768bdc19f9a7f"",""path"":""qa/frozen-boundaries/boundary11/TERMINOLOGY.md"",""target_sha256"":""cccf9bac270237c36545b61973c49e02afc3d19a5828c7a9dfb1fed524ec9a53""}","[{""evidence_path"":""qa/frozen-boundaries/boundary11/TERMINOLOGY.md"",""source_text"":""group of multiplicatively invertible classes"",""target_text"":""grup unit"",""usage"":""canonical Section 2.5 term mapping""}]"
r014.backend.record,1.0.0,ttp.r014.term.097,term,active,ttp.r014.yaintt,ttp.r014.yaintt,,id-ID,2026-08-21T13:53:00+02:00,codex.r014.id-ID,,97,ttp.concept.multiplicative_function,multiplicative function,fungsi multiplikatif,[],[],R014 Section 2.5 mathematical prose,formal textbook,"{""evidence_sha256"":""edf8d277be21f2e663407a26ffbfa9fb0fdd585535e49695f07768bdc19f9a7f"",""path"":""qa/frozen-boundaries/boundary11/TERMINOLOGY.md"",""target_sha256"":""cccf9bac270237c36545b61973c49e02afc3d19a5828c7a9dfb1fed524ec9a53""}","[{""evidence_path"":""qa/frozen-boundaries/boundary11/TERMINOLOGY.md"",""source_text"":""multiplicative function"",""target_text"":""fungsi multiplikatif"",""usage"":""canonical Section 2.5 term mapping""}]"
r014.backend.record,1.0.0,ttp.r014.term.098,term,active,ttp.r014.yaintt,ttp.r014.yaintt,,id-ID,2026-08-22T03:06:00+02:00,codex.r014.id-ID,,98,ttp.concept.class_representative,representative of an equivalence class,wakil kelas ekuivalensi,[],[],R014 complete reviewed id-ID edition,formal textbook,"{""evidence_sha256"":""3e3fe31baa8565bbc54cd6d789570cac18ed469f68cf683f08dd639ef92d9bd1"",""notes"":""The representative is an element of the underlying set."",""path"":""qa/review-candidates/boundary28-r2/TERMINOLOGY.md"",""target_sha256"":""b1dd2926dc8bfdb84c6a3b4605490a8d96b14c44d89653867160d701fa0f17db"",""terminology_id"":""set.class_representative""}","[{""evidence_path"":""qa/review-candidates/boundary28-r2/TERMINOLOGY.md"",""source_text"":""representative of an equivalence class"",""target_text"":""wakil kelas ekuivalensi"",""usage"":""authoritative complete-edition term mapping""}]"
r014.backend.record,1.0.0,ttp.r014.term.099,term,active,ttp.r014.yaintt,ttp.r014.yaintt,,id-ID,2026-08-22T03:06:00+02:00,codex.r014.id-ID,,99,ttp.concept.prime,prime number,bilangan prima,[],[],R014 complete reviewed id-ID edition,formal textbook,"{""evidence_sha256"":""3e3fe31baa8565bbc54cd6d789570cac18ed469f68cf683f08dd639ef92d9bd1"",""notes"":""A natural number greater than 1 with only 1 and itself as natural divisors."",""path"":""qa/review-candidates/boundary28-r2/TERMINOLOGY.md"",""target_sha256"":""b1dd2926dc8bfdb84c6a3b4605490a8d96b14c44d89653867160d701fa0f17db"",""terminology_id"":""nt.prime""}","[{""evidence_path"":""qa/review-candidates/boundary28-r2/TERMINOLOGY.md"",""source_text"":""prime number"",""target_text"":""bilangan prima"",""usage"":""authoritative complete-edition term mapping""}]"
r014.backend.record,1.0.0,ttp.r014.term.100,term,active,ttp.r014.yaintt,ttp.r014.yaintt,,id-ID,2026-08-22T03:06:00+02:00,codex.r014.id-ID,,100,ttp.concept.composite,composite number,bilangan komposit,[],[],R014 complete reviewed id-ID edition,formal textbook,"{""evidence_sha256"":""3e3fe31baa8565bbc54cd6d789570cac18ed469f68cf683f08dd639ef92d9bd1"",""notes"":""A natural number greater than 1 that is not prime."",""path"":""qa/review-candidates/boundary28-r2/TERMINOLOGY.md"",""target_sha256"":""b1dd2926dc8bfdb84c6a3b4605490a8d96b14c44d89653867160d701fa0f17db"",""terminology_id"":""nt.composite""}","[{""evidence_path"":""qa/review-candidates/boundary28-r2/TERMINOLOGY.md"",""source_text"":""composite number"",""target_text"":""bilangan komposit"",""usage"":""authoritative complete-edition term mapping""}]"
r014.backend.record,1.0.0,ttp.r014.term.101,term,active,ttp.r014.yaintt,ttp.r014.yaintt,,id-ID,2026-08-22T03:06:00+02:00,codex.r014.id-ID,,101,ttp.concept.prime_factorization,prime factorization,faktorisasi prima,[],[],R014 complete reviewed id-ID edition,formal textbook,"{""evidence_sha256"":""3e3fe31baa8565bbc54cd6d789570cac18ed469f68cf683f08dd639ef92d9bd1"",""notes"":""Factorization into prime factors, unique up to order."",""path"":""qa/review-candidates/boundary28-r2/TERMINOLOGY.md"",""target_sha256"":""b1dd2926dc8bfdb84c6a3b4605490a8d96b14c44d89653867160d701fa0f17db"",""terminology_id"":""nt.prime_factorization""}","[{""evidence_path"":""qa/review-candidates/boundary28-r2/TERMINOLOGY.md"",""source_text"":""prime factorization"",""target_text"":""faktorisasi prima"",""usage"":""authoritative complete-edition term mapping""}]"
r014.backend.record,1.0.0,ttp.r014.term.102,term,active,ttp.r014.yaintt,ttp.r014.yaintt,,id-ID,2026-08-22T03:06:00+02:00,codex.r014.id-ID,,102,ttp.concept.fundamental_theorem_arithmetic,Fundamental Theorem of Arithmetic,Teorema Dasar Aritmetika,[],[],R014 complete reviewed id-ID edition,formal textbook,"{""evidence_sha256"":""3e3fe31baa8565bbc54cd6d789570cac18ed469f68cf683f08dd639ef92d9bd1"",""notes"":""Existence and uniqueness of prime factorization for `n\\ge2`."",""path"":""qa/review-candidates/boundary28-r2/TERMINOLOGY.md"",""target_sha256"":""b1dd2926dc8bfdb84c6a3b4605490a8d96b14c44d89653867160d701fa0f17db"",""terminology_id"":""nt.fundamental_theorem_arithmetic""}","[{""evidence_path"":""qa/review-candidates/boundary28-r2/TERMINOLOGY.md"",""source_text"":""Fundamental Theorem of Arithmetic"",""target_text"":""Teorema Dasar Aritmetika"",""usage"":""authoritative complete-edition term mapping""}]"
r014.backend.record,1.0.0,ttp.r014.term.103,term,active,ttp.r014.yaintt,ttp.r014.yaintt,,id-ID,2026-08-22T03:06:00+02:00,codex.r014.id-ID,,103,ttp.concept.square_free,square-free,bebas kuadrat,[],[],R014 complete reviewed id-ID edition,formal textbook,"{""evidence_sha256"":""3e3fe31baa8565bbc54cd6d789570cac18ed469f68cf683f08dd639ef92d9bd1"",""notes"":""Include `1` via the empty product convention."",""path"":""qa/review-candidates/boundary28-r2/TERMINOLOGY.md"",""target_sha256"":""b1dd2926dc8bfdb84c6a3b4605490a8d96b14c44d89653867160d701fa0f17db"",""terminology_id"":""nt.square_free""}","[{""evidence_path"":""qa/review-candidates/boundary28-r2/TERMINOLOGY.md"",""source_text"":""square-free"",""target_text"":""bebas kuadrat"",""usage"":""authoritative complete-edition term mapping""}]"
r014.backend.record,1.0.0,ttp.r014.term.104,term,active,ttp.r014.yaintt,ttp.r014.yaintt,,id-ID,2026-08-22T03:06:00+02:00,codex.r014.id-ID,,104,ttp.concept.proper_divisor,proper divisor,pembagi sejati,[],[],R014 complete reviewed id-ID edition,formal textbook,"{""evidence_sha256"":""3e3fe31baa8565bbc54cd6d789570cac18ed469f68cf683f08dd639ef92d9bd1"",""notes"":""Here, a positive divisor strictly between `1` and `n`."",""path"":""qa/review-candidates/boundary28-r2/TERMINOLOGY.md"",""target_sha256"":""b1dd2926dc8bfdb84c6a3b4605490a8d96b14c44d89653867160d701fa0f17db"",""terminology_id"":""nt.proper_divisor""}","[{""evidence_path"":""qa/review-candidates/boundary28-r2/TERMINOLOGY.md"",""source_text"":""proper divisor"",""target_text"":""pembagi sejati"",""usage"":""authoritative complete-edition term mapping""}]"
r014.backend.record,1.0.0,ttp.r014.term.105,term,active,ttp.r014.yaintt,ttp.r014.yaintt,,id-ID,2026-08-22T03:06:00+02:00,codex.r014.id-ID,,105,ttp.concept.wilsons_theorem,Wilson's Theorem,Teorema Wilson,[],[],R014 complete reviewed id-ID edition,formal textbook,"{""evidence_sha256"":""3e3fe31baa8565bbc54cd6d789570cac18ed469f68cf683f08dd639ef92d9bd1"",""notes"":""Preserve the label `thm:wilsons`."",""path"":""qa/review-candidates/boundary28-r2/TERMINOLOGY.md"",""target_sha256"":""b1dd2926dc8bfdb84c6a3b4605490a8d96b14c44d89653867160d701fa0f17db"",""terminology_id"":""nt.wilsons_theorem""}","[{""evidence_path"":""qa/review-candidates/boundary28-r2/TERMINOLOGY.md"",""source_text"":""Wilson's Theorem"",""target_text"":""Teorema Wilson"",""usage"":""authoritative complete-edition term mapping""}]"
r014.backend.record,1.0.0,ttp.r014.term.106,term,active,ttp.r014.yaintt,ttp.r014.yaintt,,id-ID,2026-08-22T03:06:00+02:00,codex.r014.id-ID,,106,ttp.concept.self_inverse,self-inverse modulo p,merupakan invers bagi dirinya sendiri modulo p,[],[],R014 complete reviewed id-ID edition,formal textbook,"{""evidence_sha256"":""3e3fe31baa8565bbc54cd6d789570cac18ed469f68cf683f08dd639ef92d9bd1"",""notes"":""Use in the supporting lemma; do not imply ordinary real reciprocals."",""path"":""qa/review-candidates/boundary28-r2/TERMINOLOGY.md"",""target_sha256"":""b1dd2926dc8bfdb84c6a3b4605490a8d96b14c44d89653867160d701fa0f17db"",""terminology_id"":""nt.self_inverse""}","[{""evidence_path"":""qa/review-candidates/boundary28-r2/TERMINOLOGY.md"",""source_text"":""self-inverse modulo p"",""target_text"":""merupakan invers bagi dirinya sendiri modulo p"",""usage"":""authoritative complete-edition term mapping""}]"
r014.backend.record,1.0.0,ttp.r014.term.107,term,active,ttp.r014.yaintt,ttp.r014.yaintt,,id-ID,2026-08-22T03:06:00+02:00,codex.r014.id-ID,,107,ttp.concept.factorial,factorial,faktorial,[],[],R014 complete reviewed id-ID edition,formal textbook,"{""evidence_sha256"":""3e3fe31baa8565bbc54cd6d789570cac18ed469f68cf683f08dd639ef92d9bd1"",""notes"":""Preserve the notation `n!`."",""path"":""qa/review-candidates/boundary28-r2/TERMINOLOGY.md"",""target_sha256"":""b1dd2926dc8bfdb84c6a3b4605490a8d96b14c44d89653867160d701fa0f17db"",""terminology_id"":""nt.factorial""}","[{""evidence_path"":""qa/review-candidates/boundary28-r2/TERMINOLOGY.md"",""source_text"":""factorial"",""target_text"":""faktorial"",""usage"":""authoritative complete-edition term mapping""}]"
r014.backend.record,1.0.0,ttp.r014.term.108,term,active,ttp.r014.yaintt,ttp.r014.yaintt,,id-ID,2026-08-22T03:06:00+02:00,codex.r014.id-ID,,108,ttp.concept.primality_test,primality test,uji keprimaan,[],[],R014 complete reviewed id-ID edition,formal textbook,"{""evidence_sha256"":""3e3fe31baa8565bbc54cd6d789570cac18ed469f68cf683f08dd639ef92d9bd1"",""notes"":""Wilson's criterion is correct but computationally impractical."",""path"":""qa/review-candidates/boundary28-r2/TERMINOLOGY.md"",""target_sha256"":""b1dd2926dc8bfdb84c6a3b4605490a8d96b14c44d89653867160d701fa0f17db"",""terminology_id"":""nt.primality_test""}","[{""evidence_path"":""qa/review-candidates/boundary28-r2/TERMINOLOGY.md"",""source_text"":""primality test"",""target_text"":""uji keprimaan"",""usage"":""authoritative complete-edition term mapping""}]"
r014.backend.record,1.0.0,ttp.r014.term.109,term,active,ttp.r014.yaintt,ttp.r014.yaintt,,id-ID,2026-08-22T03:06:00+02:00,codex.r014.id-ID,,109,ttp.concept.multiplicative_order,multiplicative order modulo n,orde multiplikatif modulo n,[],[],R014 complete reviewed id-ID edition,formal textbook,"{""evidence_sha256"":""3e3fe31baa8565bbc54cd6d789570cac18ed469f68cf683f08dd639ef92d9bd1"",""notes"":""Written `\\ord_n(a)`; definition requires `n\\ge2` and `\\gcd(a,n)=1`."",""path"":""qa/review-candidates/boundary28-r2/TERMINOLOGY.md"",""target_sha256"":""b1dd2926dc8bfdb84c6a3b4605490a8d96b14c44d89653867160d701fa0f17db"",""terminology_id"":""nt.multiplicative_order""}","[{""evidence_path"":""qa/review-candidates/boundary28-r2/TERMINOLOGY.md"",""source_text"":""multiplicative order modulo n"",""target_text"":""orde multiplikatif modulo n"",""usage"":""authoritative complete-edition term mapping""}]"
r014.backend.record,1.0.0,ttp.r014.term.110,term,active,ttp.r014.yaintt,ttp.r014.yaintt,,id-ID,2026-08-22T03:06:00+02:00,codex.r014.id-ID,,110,ttp.concept.lagranges_theorem,Lagrange's Theorem,Teorema Lagrange,[],[],R014 complete reviewed id-ID edition,formal textbook,"{""evidence_sha256"":""3e3fe31baa8565bbc54cd6d789570cac18ed469f68cf683f08dd639ef92d9bd1"",""notes"":""Used here through the divisibility of a subgroup order."",""path"":""qa/review-candidates/boundary28-r2/TERMINOLOGY.md"",""target_sha256"":""b1dd2926dc8bfdb84c6a3b4605490a8d96b14c44d89653867160d701fa0f17db"",""terminology_id"":""algebra.lagranges_theorem""}","[{""evidence_path"":""qa/review-candidates/boundary28-r2/TERMINOLOGY.md"",""source_text"":""Lagrange's Theorem"",""target_text"":""Teorema Lagrange"",""usage"":""authoritative complete-edition term mapping""}]"
r014.backend.record,1.0.0,ttp.r014.term.111,term,active,ttp.r014.yaintt,ttp.r014.yaintt,,id-ID,2026-08-22T03:06:00+02:00,codex.r014.id-ID,,111,ttp.concept.cyclic_subgroup,cyclic subgroup generated by a,subgrup siklik yang dibangkitkan oleh a,[],[],R014 complete reviewed id-ID edition,formal textbook,"{""evidence_sha256"":""3e3fe31baa8565bbc54cd6d789570cac18ed469f68cf683f08dd639ef92d9bd1"",""notes"":""Written `\\left<a\\right>` in the authority."",""path"":""qa/review-candidates/boundary28-r2/TERMINOLOGY.md"",""target_sha256"":""b1dd2926dc8bfdb84c6a3b4605490a8d96b14c44d89653867160d701fa0f17db"",""terminology_id"":""algebra.cyclic_subgroup""}","[{""evidence_path"":""qa/review-candidates/boundary28-r2/TERMINOLOGY.md"",""source_text"":""cyclic subgroup generated by a"",""target_text"":""subgrup siklik yang dibangkitkan oleh a"",""usage"":""authoritative complete-edition term mapping""}]"
r014.backend.record,1.0.0,ttp.r014.term.112,term,active,ttp.r014.yaintt,ttp.r014.yaintt,,id-ID,2026-08-22T03:06:00+02:00,codex.r014.id-ID,,112,ttp.concept.coset,coset,koset,[],[],R014 complete reviewed id-ID edition,formal textbook,"{""evidence_sha256"":""3e3fe31baa8565bbc54cd6d789570cac18ed469f68cf683f08dd639ef92d9bd1"",""notes"":""A translate `x\\left<a\\right>` of the cyclic subgroup."",""path"":""qa/review-candidates/boundary28-r2/TERMINOLOGY.md"",""target_sha256"":""b1dd2926dc8bfdb84c6a3b4605490a8d96b14c44d89653867160d701fa0f17db"",""terminology_id"":""algebra.coset""}","[{""evidence_path"":""qa/review-candidates/boundary28-r2/TERMINOLOGY.md"",""source_text"":""coset"",""target_text"":""koset"",""usage"":""authoritative complete-edition term mapping""}]"
r014.backend.record,1.0.0,ttp.r014.term.113,term,active,ttp.r014.yaintt,ttp.r014.yaintt,,id-ID,2026-08-22T03:06:00+02:00,codex.r014.id-ID,,113,ttp.concept.eulers_theorem,Euler's Theorem,Teorema Euler,[],[],R014 complete reviewed id-ID edition,formal textbook,"{""evidence_sha256"":""3e3fe31baa8565bbc54cd6d789570cac18ed469f68cf683f08dd639ef92d9bd1"",""notes"":""Preserve `a^{\\phi(n)}\\equiv1\\pmod n` under the coprimality hypothesis."",""path"":""qa/review-candidates/boundary28-r2/TERMINOLOGY.md"",""target_sha256"":""b1dd2926dc8bfdb84c6a3b4605490a8d96b14c44d89653867160d701fa0f17db"",""terminology_id"":""nt.eulers_theorem""}","[{""evidence_path"":""qa/review-candidates/boundary28-r2/TERMINOLOGY.md"",""source_text"":""Euler's Theorem"",""target_text"":""Teorema Euler"",""usage"":""authoritative complete-edition term mapping""}]"
r014.backend.record,1.0.0,ttp.r014.term.114,term,active,ttp.r014.yaintt,ttp.r014.yaintt,,id-ID,2026-08-22T03:06:00+02:00,codex.r014.id-ID,,114,ttp.concept.fermats_little_theorem,Fermat's Little Theorem,Teorema Kecil Fermat,[],[],R014 complete reviewed id-ID edition,formal textbook,"{""evidence_sha256"":""3e3fe31baa8565bbc54cd6d789570cac18ed469f68cf683f08dd639ef92d9bd1"",""notes"":""Use this established Indonesian word order consistently."",""path"":""qa/review-candidates/boundary28-r2/TERMINOLOGY.md"",""target_sha256"":""b1dd2926dc8bfdb84c6a3b4605490a8d96b14c44d89653867160d701fa0f17db"",""terminology_id"":""nt.fermats_little_theorem""}","[{""evidence_path"":""qa/review-candidates/boundary28-r2/TERMINOLOGY.md"",""source_text"":""Fermat's Little Theorem"",""target_text"":""Teorema Kecil Fermat"",""usage"":""authoritative complete-edition term mapping""}]"
r014.backend.record,1.0.0,ttp.r014.term.115,term,active,ttp.r014.yaintt,ttp.r014.yaintt,,id-ID,2026-08-22T03:06:00+02:00,codex.r014.id-ID,,115,ttp.concept.fermats_last_theorem,Fermat's Last Theorem,Teorema Terakhir Fermat,[],[],R014 complete reviewed id-ID edition,formal textbook,"{""evidence_sha256"":""3e3fe31baa8565bbc54cd6d789570cac18ed469f68cf683f08dd639ef92d9bd1"",""notes"":""Historical aside only; retain the authority's quotation marks around “theorem.”"",""path"":""qa/review-candidates/boundary28-r2/TERMINOLOGY.md"",""target_sha256"":""b1dd2926dc8bfdb84c6a3b4605490a8d96b14c44d89653867160d701fa0f17db"",""terminology_id"":""nt.fermats_last_theorem""}","[{""evidence_path"":""qa/review-candidates/boundary28-r2/TERMINOLOGY.md"",""source_text"":""Fermat's Last Theorem"",""target_text"":""Teorema Terakhir Fermat"",""usage"":""authoritative complete-edition term mapping""}]"
r014.backend.record,1.0.0,ttp.r014.term.116,term,active,ttp.r014.yaintt,ttp.r014.yaintt,,id-ID,2026-08-22T03:06:00+02:00,codex.r014.id-ID,,116,ttp.concept.information_security,information security,keamanan informasi,[],[],R014 complete reviewed id-ID edition,formal textbook,"{""evidence_sha256"":""3e3fe31baa8565bbc54cd6d789570cac18ed469f68cf683f08dd639ef92d9bd1"",""notes"":""Umbrella term for confidentiality, integrity, authentication, and non-repudiation in this chapter."",""path"":""qa/review-candidates/boundary28-r2/TERMINOLOGY.md"",""target_sha256"":""b1dd2926dc8bfdb84c6a3b4605490a8d96b14c44d89653867160d701fa0f17db"",""terminology_id"":""security.information_security""}","[{""evidence_path"":""qa/review-candidates/boundary28-r2/TERMINOLOGY.md"",""source_text"":""information security"",""target_text"":""keamanan informasi"",""usage"":""authoritative complete-edition term mapping""}]"
r014.backend.record,1.0.0,ttp.r014.term.117,term,active,ttp.r014.yaintt,ttp.r014.yaintt,,id-ID,2026-08-22T03:06:00+02:00,codex.r014.id-ID,,117,ttp.concept.confidentiality,confidentiality,kerahasiaan,[],[],R014 complete reviewed id-ID edition,formal textbook,"{""evidence_sha256"":""3e3fe31baa8565bbc54cd6d789570cac18ed469f68cf683f08dd639ef92d9bd1"",""notes"":""Only the intended recipient can obtain the message content."",""path"":""qa/review-candidates/boundary28-r2/TERMINOLOGY.md"",""target_sha256"":""b1dd2926dc8bfdb84c6a3b4605490a8d96b14c44d89653867160d701fa0f17db"",""terminology_id"":""security.confidentiality""}","[{""evidence_path"":""qa/review-candidates/boundary28-r2/TERMINOLOGY.md"",""source_text"":""confidentiality"",""target_text"":""kerahasiaan"",""usage"":""authoritative complete-edition term mapping""}]"
r014.backend.record,1.0.0,ttp.r014.term.118,term,active,ttp.r014.yaintt,ttp.r014.yaintt,,id-ID,2026-08-22T03:06:00+02:00,codex.r014.id-ID,,118,ttp.concept.integrity,integrity,integritas,[],[],R014 complete reviewed id-ID edition,formal textbook,"{""evidence_sha256"":""3e3fe31baa8565bbc54cd6d789570cac18ed469f68cf683f08dd639ef92d9bd1"",""notes"":""The recipient can verify that the message was not altered."",""path"":""qa/review-candidates/boundary28-r2/TERMINOLOGY.md"",""target_sha256"":""b1dd2926dc8bfdb84c6a3b4605490a8d96b14c44d89653867160d701fa0f17db"",""terminology_id"":""security.integrity""}","[{""evidence_path"":""qa/review-candidates/boundary28-r2/TERMINOLOGY.md"",""source_text"":""integrity"",""target_text"":""integritas"",""usage"":""authoritative complete-edition term mapping""}]"
r014.backend.record,1.0.0,ttp.r014.term.119,term,active,ttp.r014.yaintt,ttp.r014.yaintt,,id-ID,2026-08-22T03:06:00+02:00,codex.r014.id-ID,,119,ttp.concept.authentication,authentication,autentikasi,[],[],R014 complete reviewed id-ID edition,formal textbook,"{""evidence_sha256"":""3e3fe31baa8565bbc54cd6d789570cac18ed469f68cf683f08dd639ef92d9bd1"",""notes"":""Here, verification of the sender's identity."",""path"":""qa/review-candidates/boundary28-r2/TERMINOLOGY.md"",""target_sha256"":""b1dd2926dc8bfdb84c6a3b4605490a8d96b14c44d89653867160d701fa0f17db"",""terminology_id"":""security.authentication""}","[{""evidence_path"":""qa/review-candidates/boundary28-r2/TERMINOLOGY.md"",""source_text"":""authentication"",""target_text"":""autentikasi"",""usage"":""authoritative complete-edition term mapping""}]"
r014.backend.record,1.0.0,ttp.r014.term.120,term,active,ttp.r014.yaintt,ttp.r014.yaintt,,id-ID,2026-08-22T03:06:00+02:00,codex.r014.id-ID,,120,ttp.concept.non_repudiation,non-repudiation,nirpenyangkalan,[],[],R014 complete reviewed id-ID edition,formal textbook,"{""evidence_sha256"":""3e3fe31baa8565bbc54cd6d789570cac18ed469f68cf683f08dd639ef92d9bd1"",""notes"":""Preferred compact Indonesian legal/technical term; retain the source's sender scope."",""path"":""qa/review-candidates/boundary28-r2/TERMINOLOGY.md"",""target_sha256"":""b1dd2926dc8bfdb84c6a3b4605490a8d96b14c44d89653867160d701fa0f17db"",""terminology_id"":""security.non_repudiation""}","[{""evidence_path"":""qa/review-candidates/boundary28-r2/TERMINOLOGY.md"",""source_text"":""non-repudiation"",""target_text"":""nirpenyangkalan"",""usage"":""authoritative complete-edition term mapping""}]"
r014.backend.record,1.0.0,ttp.r014.term.121,term,active,ttp.r014.yaintt,ttp.r014.yaintt,,id-ID,2026-08-22T03:06:00+02:00,codex.r014.id-ID,,121,ttp.concept.plaintext,plaintext / cleartext,plainteks / teks terang,"[""teks terang""]",[],R014 complete reviewed id-ID edition,formal textbook,"{""evidence_sha256"":""3e3fe31baa8565bbc54cd6d789570cac18ed469f68cf683f08dd639ef92d9bd1"",""notes"":""Introduce both attested forms together; `plainteks` is the compact running-text form."",""path"":""qa/review-candidates/boundary28-r2/TERMINOLOGY.md"",""target_sha256"":""b1dd2926dc8bfdb84c6a3b4605490a8d96b14c44d89653867160d701fa0f17db"",""terminology_id"":""crypto.plaintext""}","[{""evidence_path"":""qa/review-candidates/boundary28-r2/TERMINOLOGY.md"",""source_text"":""plaintext / cleartext"",""target_text"":""plainteks / teks terang"",""usage"":""authoritative complete-edition term mapping""}]"
r014.backend.record,1.0.0,ttp.r014.term.122,term,active,ttp.r014.yaintt,ttp.r014.yaintt,,id-ID,2026-08-22T03:06:00+02:00,codex.r014.id-ID,,122,ttp.concept.cipher,cipher,cipher / algoritme sandi,"[""algoritme sandi""]",[],R014 complete reviewed id-ID edition,formal textbook,"{""evidence_sha256"":""3e3fe31baa8565bbc54cd6d789570cac18ed469f68cf683f08dd639ef92d9bd1"",""notes"":""Retain `cipher` as the technical headword and gloss it on first use."",""path"":""qa/review-candidates/boundary28-r2/TERMINOLOGY.md"",""target_sha256"":""b1dd2926dc8bfdb84c6a3b4605490a8d96b14c44d89653867160d701fa0f17db"",""terminology_id"":""crypto.cipher""}","[{""evidence_path"":""qa/review-candidates/boundary28-r2/TERMINOLOGY.md"",""source_text"":""cipher"",""target_text"":""cipher / algoritme sandi"",""usage"":""authoritative complete-edition term mapping""}]"
r014.backend.record,1.0.0,ttp.r014.term.123,term,active,ttp.r014.yaintt,ttp.r014.yaintt,,id-ID,2026-08-22T03:06:00+02:00,codex.r014.id-ID,,123,ttp.concept.ciphertext,ciphertext,cipherteks / teks sandi,"[""teks sandi""]",[],R014 complete reviewed id-ID edition,formal textbook,"{""evidence_sha256"":""3e3fe31baa8565bbc54cd6d789570cac18ed469f68cf683f08dd639ef92d9bd1"",""notes"":""Introduce both attested forms together; `cipherteks` is the compact running-text form."",""path"":""qa/review-candidates/boundary28-r2/TERMINOLOGY.md"",""target_sha256"":""b1dd2926dc8bfdb84c6a3b4605490a8d96b14c44d89653867160d701fa0f17db"",""terminology_id"":""crypto.ciphertext""}","[{""evidence_path"":""qa/review-candidates/boundary28-r2/TERMINOLOGY.md"",""source_text"":""ciphertext"",""target_text"":""cipherteks / teks sandi"",""usage"":""authoritative complete-edition term mapping""}]"
r014.backend.record,1.0.0,ttp.r014.term.124,term,active,ttp.r014.yaintt,ttp.r014.yaintt,,id-ID,2026-08-22T03:06:00+02:00,codex.r014.id-ID,,124,ttp.concept.encryption,encryption,enkripsi,[],[],R014 complete reviewed id-ID edition,formal textbook,"{""evidence_sha256"":""3e3fe31baa8565bbc54cd6d789570cac18ed469f68cf683f08dd639ef92d9bd1"",""notes"":""Verb: `mengenkripsi`."",""path"":""qa/review-candidates/boundary28-r2/TERMINOLOGY.md"",""target_sha256"":""b1dd2926dc8bfdb84c6a3b4605490a8d96b14c44d89653867160d701fa0f17db"",""terminology_id"":""crypto.encryption""}","[{""evidence_path"":""qa/review-candidates/boundary28-r2/TERMINOLOGY.md"",""source_text"":""encryption"",""target_text"":""enkripsi"",""usage"":""authoritative complete-edition term mapping""}]"
r014.backend.record,1.0.0,ttp.r014.term.125,term,active,ttp.r014.yaintt,ttp.r014.yaintt,,id-ID,2026-08-22T03:06:00+02:00,codex.r014.id-ID,,125,ttp.concept.decryption,decryption,dekripsi,[],[],R014 complete reviewed id-ID edition,formal textbook,"{""evidence_sha256"":""3e3fe31baa8565bbc54cd6d789570cac18ed469f68cf683f08dd639ef92d9bd1"",""notes"":""Verb: `mendekripsi`."",""path"":""qa/review-candidates/boundary28-r2/TERMINOLOGY.md"",""target_sha256"":""b1dd2926dc8bfdb84c6a3b4605490a8d96b14c44d89653867160d701fa0f17db"",""terminology_id"":""crypto.decryption""}","[{""evidence_path"":""qa/review-candidates/boundary28-r2/TERMINOLOGY.md"",""source_text"":""decryption"",""target_text"":""dekripsi"",""usage"":""authoritative complete-edition term mapping""}]"
r014.backend.record,1.0.0,ttp.r014.term.126,term,active,ttp.r014.yaintt,ttp.r014.yaintt,,id-ID,2026-08-22T03:06:00+02:00,codex.r014.id-ID,,126,ttp.concept.key,key,kunci,[],[],R014 complete reviewed id-ID edition,formal textbook,"{""evidence_sha256"":""3e3fe31baa8565bbc54cd6d789570cac18ed469f68cf683f08dd639ef92d9bd1"",""notes"":""Additional information required for successful decryption."",""path"":""qa/review-candidates/boundary28-r2/TERMINOLOGY.md"",""target_sha256"":""b1dd2926dc8bfdb84c6a3b4605490a8d96b14c44d89653867160d701fa0f17db"",""terminology_id"":""crypto.key""}","[{""evidence_path"":""qa/review-candidates/boundary28-r2/TERMINOLOGY.md"",""source_text"":""key"",""target_text"":""kunci"",""usage"":""authoritative complete-edition term mapping""}]"
r014.backend.record,1.0.0,ttp.r014.term.127,term,active,ttp.r014.yaintt,ttp.r014.yaintt,,id-ID,2026-08-22T03:06:00+02:00,codex.r014.id-ID,,127,ttp.concept.scytale,scytale,scytale,[],[],R014 complete reviewed id-ID edition,formal textbook,"{""evidence_sha256"":""3e3fe31baa8565bbc54cd6d789570cac18ed469f68cf683f08dd639ef92d9bd1"",""notes"":""Preserve the historical Greek device name; explain construction and pronunciation in prose."",""path"":""qa/review-candidates/boundary28-r2/TERMINOLOGY.md"",""target_sha256"":""b1dd2926dc8bfdb84c6a3b4605490a8d96b14c44d89653867160d701fa0f17db"",""terminology_id"":""crypto.scytale""}","[{""evidence_path"":""qa/review-candidates/boundary28-r2/TERMINOLOGY.md"",""source_text"":""scytale"",""target_text"":""scytale"",""usage"":""authoritative complete-edition term mapping""}]"
r014.backend.record,1.0.0,ttp.r014.term.128,term,active,ttp.r014.yaintt,ttp.r014.yaintt,,id-ID,2026-08-22T03:06:00+02:00,codex.r014.id-ID,,128,ttp.concept.kerckhoffs_principle,Kerckhoffs's Principle,Prinsip Kerckhoffs,[],[],R014 complete reviewed id-ID edition,formal textbook,"{""evidence_sha256"":""3e3fe31baa8565bbc54cd6d789570cac18ed469f68cf683f08dd639ef92d9bd1"",""notes"":""Use the correct spelling `Kerckhoffs`, not the authority's `Kerckhoff's`."",""path"":""qa/review-candidates/boundary28-r2/TERMINOLOGY.md"",""target_sha256"":""b1dd2926dc8bfdb84c6a3b4605490a8d96b14c44d89653867160d701fa0f17db"",""terminology_id"":""crypto.kerckhoffs_principle""}","[{""evidence_path"":""qa/review-candidates/boundary28-r2/TERMINOLOGY.md"",""source_text"":""Kerckhoffs's Principle"",""target_text"":""Prinsip Kerckhoffs"",""usage"":""authoritative complete-edition term mapping""}]"
r014.backend.record,1.0.0,ttp.r014.term.129,term,active,ttp.r014.yaintt,ttp.r014.yaintt,,id-ID,2026-08-22T03:06:00+02:00,codex.r014.id-ID,,129,ttp.concept.security_through_obscurity,security through obscurity,keamanan melalui ketertutupan,[],[],R014 complete reviewed id-ID edition,formal textbook,"{""evidence_sha256"":""3e3fe31baa8565bbc54cd6d789570cac18ed469f68cf683f08dd639ef92d9bd1"",""notes"":""Retain the English phrase parenthetically at first use."",""path"":""qa/review-candidates/boundary28-r2/TERMINOLOGY.md"",""target_sha256"":""b1dd2926dc8bfdb84c6a3b4605490a8d96b14c44d89653867160d701fa0f17db"",""terminology_id"":""crypto.security_through_obscurity""}","[{""evidence_path"":""qa/review-candidates/boundary28-r2/TERMINOLOGY.md"",""source_text"":""security through obscurity"",""target_text"":""keamanan melalui ketertutupan"",""usage"":""authoritative complete-edition term mapping""}]"
r014.backend.record,1.0.0,ttp.r014.term.130,term,active,ttp.r014.yaintt,ttp.r014.yaintt,,id-ID,2026-08-22T03:06:00+02:00,codex.r014.id-ID,,130,ttp.concept.caesar_cipher,Caesar cipher,cipher Caesar,[],[],R014 complete reviewed id-ID edition,formal textbook,"{""evidence_sha256"":""3e3fe31baa8565bbc54cd6d789570cac18ed469f68cf683f08dd639ef92d9bd1"",""notes"":""A monoalphabetic shift cipher; system name `kriptosistem Caesar`."",""path"":""qa/review-candidates/boundary28-r2/TERMINOLOGY.md"",""target_sha256"":""b1dd2926dc8bfdb84c6a3b4605490a8d96b14c44d89653867160d701fa0f17db"",""terminology_id"":""crypto.caesar_cipher""}","[{""evidence_path"":""qa/review-candidates/boundary28-r2/TERMINOLOGY.md"",""source_text"":""Caesar cipher"",""target_text"":""cipher Caesar"",""usage"":""authoritative complete-edition term mapping""}]"
r014.backend.record,1.0.0,ttp.r014.term.131,term,active,ttp.r014.yaintt,ttp.r014.yaintt,,id-ID,2026-08-22T03:06:00+02:00,codex.r014.id-ID,,131,ttp.concept.rot13,ROT13,ROT13,[],[],R014 complete reviewed id-ID edition,formal textbook,"{""evidence_sha256"":""3e3fe31baa8565bbc54cd6d789570cac18ed469f68cf683f08dd639ef92d9bd1"",""notes"":""Preserve the conventional all-caps name and its 13-position shift."",""path"":""qa/review-candidates/boundary28-r2/TERMINOLOGY.md"",""target_sha256"":""b1dd2926dc8bfdb84c6a3b4605490a8d96b14c44d89653867160d701fa0f17db"",""terminology_id"":""crypto.rot13""}","[{""evidence_path"":""qa/review-candidates/boundary28-r2/TERMINOLOGY.md"",""source_text"":""ROT13"",""target_text"":""ROT13"",""usage"":""authoritative complete-edition term mapping""}]"
r014.backend.record,1.0.0,ttp.r014.term.132,term,active,ttp.r014.yaintt,ttp.r014.yaintt,,id-ID,2026-08-22T03:06:00+02:00,codex.r014.id-ID,,132,ttp.concept.vigenere_cipher,Vigenère cipher,cipher Vigenère,[],[],R014 complete reviewed id-ID edition,formal textbook,"{""evidence_sha256"":""3e3fe31baa8565bbc54cd6d789570cac18ed469f68cf683f08dd639ef92d9bd1"",""notes"":""Preserve the name and key-vector notation; the source uses a LaTeX accent macro."",""path"":""qa/review-candidates/boundary28-r2/TERMINOLOGY.md"",""target_sha256"":""b1dd2926dc8bfdb84c6a3b4605490a8d96b14c44d89653867160d701fa0f17db"",""terminology_id"":""crypto.vigenere_cipher""}","[{""evidence_path"":""qa/review-candidates/boundary28-r2/TERMINOLOGY.md"",""source_text"":""Vigenère cipher"",""target_text"":""cipher Vigenère"",""usage"":""authoritative complete-edition term mapping""}]"
r014.backend.record,1.0.0,ttp.r014.term.133,term,active,ttp.r014.yaintt,ttp.r014.yaintt,,id-ID,2026-08-22T03:06:00+02:00,codex.r014.id-ID,,133,ttp.concept.one_time_pad,one-time pad,pad sekali pakai,[],[],R014 complete reviewed id-ID edition,formal textbook,"{""evidence_sha256"":""3e3fe31baa8565bbc54cd6d789570cac18ed469f68cf683f08dd639ef92d9bd1"",""notes"":""Introduce the English term parenthetically once; use the Indonesian form thereafter."",""path"":""qa/review-candidates/boundary28-r2/TERMINOLOGY.md"",""target_sha256"":""b1dd2926dc8bfdb84c6a3b4605490a8d96b14c44d89653867160d701fa0f17db"",""terminology_id"":""crypto.one_time_pad""}","[{""evidence_path"":""qa/review-candidates/boundary28-r2/TERMINOLOGY.md"",""source_text"":""one-time pad"",""target_text"":""pad sekali pakai"",""usage"":""authoritative complete-edition term mapping""}]"
r014.backend.record,1.0.0,ttp.r014.term.134,term,active,ttp.r014.yaintt,ttp.r014.yaintt,,id-ID,2026-08-22T03:06:00+02:00,codex.r014.id-ID,,134,ttp.concept.vernam_cipher,Vernam Cipher,Cipher Vernam,[],[],R014 complete reviewed id-ID edition,formal textbook,"{""evidence_sha256"":""3e3fe31baa8565bbc54cd6d789570cac18ed469f68cf683f08dd639ef92d9bd1"",""notes"":""Preserve the historical name while retaining the authority's qualification about attribution."",""path"":""qa/review-candidates/boundary28-r2/TERMINOLOGY.md"",""target_sha256"":""b1dd2926dc8bfdb84c6a3b4605490a8d96b14c44d89653867160d701fa0f17db"",""terminology_id"":""crypto.vernam_cipher""}","[{""evidence_path"":""qa/review-candidates/boundary28-r2/TERMINOLOGY.md"",""source_text"":""Vernam Cipher"",""target_text"":""Cipher Vernam"",""usage"":""authoritative complete-edition term mapping""}]"
r014.backend.record,1.0.0,ttp.r014.term.135,term,active,ttp.r014.yaintt,ttp.r014.yaintt,,id-ID,2026-08-22T03:06:00+02:00,codex.r014.id-ID,,135,ttp.concept.information_theoretic_security,information-theoretically secure,aman secara teori informasi,[],[],R014 complete reviewed id-ID edition,formal textbook,"{""evidence_sha256"":""3e3fe31baa8565bbc54cd6d789570cac18ed469f68cf683f08dd639ef92d9bd1"",""notes"":""Security proof does not assume bounded attacker computation."",""path"":""qa/review-candidates/boundary28-r2/TERMINOLOGY.md"",""target_sha256"":""b1dd2926dc8bfdb84c6a3b4605490a8d96b14c44d89653867160d701fa0f17db"",""terminology_id"":""crypto.information_theoretic_security""}","[{""evidence_path"":""qa/review-candidates/boundary28-r2/TERMINOLOGY.md"",""source_text"":""information-theoretically secure"",""target_text"":""aman secara teori informasi"",""usage"":""authoritative complete-edition term mapping""}]"
r014.backend.record,1.0.0,ttp.r014.term.136,term,active,ttp.r014.yaintt,ttp.r014.yaintt,,id-ID,2026-08-22T03:06:00+02:00,codex.r014.id-ID,,136,ttp.concept.probabilistic_polynomial_time_turing_machine,probabilistic polynomial-time Turing machine,mesin Turing waktu-polinomial probabilistik,[],[],R014 complete reviewed id-ID edition,formal textbook,"{""evidence_sha256"":""3e3fe31baa8565bbc54cd6d789570cac18ed469f68cf683f08dd639ef92d9bd1"",""notes"":""Preserve the complexity-theoretic assumption exactly."",""path"":""qa/review-candidates/boundary28-r2/TERMINOLOGY.md"",""target_sha256"":""b1dd2926dc8bfdb84c6a3b4605490a8d96b14c44d89653867160d701fa0f17db"",""terminology_id"":""complexity.probabilistic_polynomial_time_turing_machine""}","[{""evidence_path"":""qa/review-candidates/boundary28-r2/TERMINOLOGY.md"",""source_text"":""probabilistic polynomial-time Turing machine"",""target_text"":""mesin Turing waktu-polinomial probabilistik"",""usage"":""authoritative complete-edition term mapping""}]"
r014.backend.record,1.0.0,ttp.r014.term.137,term,active,ttp.r014.yaintt,ttp.r014.yaintt,,id-ID,2026-08-22T03:06:00+02:00,codex.r014.id-ID,,137,ttp.concept.computational_complexity,computational complexity,kompleksitas komputasi,[],[],R014 complete reviewed id-ID edition,formal textbook,"{""evidence_sha256"":""3e3fe31baa8565bbc54cd6d789570cac18ed469f68cf683f08dd639ef92d9bd1"",""notes"":""Standard field name."",""path"":""qa/review-candidates/boundary28-r2/TERMINOLOGY.md"",""target_sha256"":""b1dd2926dc8bfdb84c6a3b4605490a8d96b14c44d89653867160d701fa0f17db"",""terminology_id"":""cs.computational_complexity""}","[{""evidence_path"":""qa/review-candidates/boundary28-r2/TERMINOLOGY.md"",""source_text"":""computational complexity"",""target_text"":""kompleksitas komputasi"",""usage"":""authoritative complete-edition term mapping""}]"
r014.backend.record,1.0.0,ttp.r014.term.138,term,active,ttp.r014.yaintt,ttp.r014.yaintt,,id-ID,2026-08-22T03:06:00+02:00,codex.r014.id-ID,,138,ttp.concept.key_distribution,key distribution,distribusi kunci,[],[],R014 complete reviewed id-ID edition,formal textbook,"{""evidence_sha256"":""3e3fe31baa8565bbc54cd6d789570cac18ed469f68cf683f08dd639ef92d9bd1"",""notes"":""Central practical limitation of one-time pads."",""path"":""qa/review-candidates/boundary28-r2/TERMINOLOGY.md"",""target_sha256"":""b1dd2926dc8bfdb84c6a3b4605490a8d96b14c44d89653867160d701fa0f17db"",""terminology_id"":""crypto.key_distribution""}","[{""evidence_path"":""qa/review-candidates/boundary28-r2/TERMINOLOGY.md"",""source_text"":""key distribution"",""target_text"":""distribusi kunci"",""usage"":""authoritative complete-edition term mapping""}]"
r014.backend.record,1.0.0,ttp.r014.term.139,term,active,ttp.r014.yaintt,ttp.r014.yaintt,,id-ID,2026-08-22T03:06:00+02:00,codex.r014.id-ID,,139,ttp.concept.pseudorandom,pseudorandom,acak semu,[],[],R014 complete reviewed id-ID edition,formal textbook,"{""evidence_sha256"":""3e3fe31baa8565bbc54cd6d789570cac18ed469f68cf683f08dd639ef92d9bd1"",""notes"":""Deterministic from a shared seed but computationally appears random to attackers."",""path"":""qa/review-candidates/boundary28-r2/TERMINOLOGY.md"",""target_sha256"":""b1dd2926dc8bfdb84c6a3b4605490a8d96b14c44d89653867160d701fa0f17db"",""terminology_id"":""randomness.pseudorandom""}","[{""evidence_path"":""qa/review-candidates/boundary28-r2/TERMINOLOGY.md"",""source_text"":""pseudorandom"",""target_text"":""acak semu"",""usage"":""authoritative complete-edition term mapping""}]"
r014.backend.record,1.0.0,ttp.r014.term.140,term,active,ttp.r014.yaintt,ttp.r014.yaintt,,id-ID,2026-08-22T03:06:00+02:00,codex.r014.id-ID,,140,ttp.concept.keyspace,keyspace,ruang kunci,[],[],R014 complete reviewed id-ID edition,formal textbook,"{""evidence_sha256"":""3e3fe31baa8565bbc54cd6d789570cac18ed469f68cf683f08dd639ef92d9bd1"",""notes"":""Set of every valid key for the cryptosystem."",""path"":""qa/review-candidates/boundary28-r2/TERMINOLOGY.md"",""target_sha256"":""b1dd2926dc8bfdb84c6a3b4605490a8d96b14c44d89653867160d701fa0f17db"",""terminology_id"":""crypto.keyspace""}","[{""evidence_path"":""qa/review-candidates/boundary28-r2/TERMINOLOGY.md"",""source_text"":""keyspace"",""target_text"":""ruang kunci"",""usage"":""authoritative complete-edition term mapping""}]"
r014.backend.record,1.0.0,ttp.r014.term.141,term,active,ttp.r014.yaintt,ttp.r014.yaintt,,id-ID,2026-08-22T03:06:00+02:00,codex.r014.id-ID,,141,ttp.concept.brute_force_attack,brute-force attack,serangan brute force,[],[],R014 complete reviewed id-ID edition,formal textbook,"{""evidence_sha256"":""3e3fe31baa8565bbc54cd6d789570cac18ed469f68cf683f08dd639ef92d9bd1"",""notes"":""Trying every possible key; retain the common loan phrase without an internal hyphen."",""path"":""qa/review-candidates/boundary28-r2/TERMINOLOGY.md"",""target_sha256"":""b1dd2926dc8bfdb84c6a3b4605490a8d96b14c44d89653867160d701fa0f17db"",""terminology_id"":""crypto.brute_force_attack""}","[{""evidence_path"":""qa/review-candidates/boundary28-r2/TERMINOLOGY.md"",""source_text"":""brute-force attack"",""target_text"":""serangan brute force"",""usage"":""authoritative complete-edition term mapping""}]"
r014.backend.record,1.0.0,ttp.r014.term.142,term,active,ttp.r014.yaintt,ttp.r014.yaintt,,id-ID,2026-08-22T03:06:00+02:00,codex.r014.id-ID,,142,ttp.concept.exhaustive_search,exhaustive search,pencarian menyeluruh,[],[],R014 complete reviewed id-ID edition,formal textbook,"{""evidence_sha256"":""3e3fe31baa8565bbc54cd6d789570cac18ed469f68cf683f08dd639ef92d9bd1"",""notes"":""Introduced as the equivalent name for a brute-force attack."",""path"":""qa/review-candidates/boundary28-r2/TERMINOLOGY.md"",""target_sha256"":""b1dd2926dc8bfdb84c6a3b4605490a8d96b14c44d89653867160d701fa0f17db"",""terminology_id"":""search.exhaustive_search""}","[{""evidence_path"":""qa/review-candidates/boundary28-r2/TERMINOLOGY.md"",""source_text"":""exhaustive search"",""target_text"":""pencarian menyeluruh"",""usage"":""authoritative complete-edition term mapping""}]"
r014.backend.record,1.0.0,ttp.r014.term.143,term,active,ttp.r014.yaintt,ttp.r014.yaintt,,id-ID,2026-08-22T03:06:00+02:00,codex.r014.id-ID,,143,ttp.concept.message_space,message space,ruang pesan,[],[],R014 complete reviewed id-ID edition,formal textbook,"{""evidence_sha256"":""3e3fe31baa8565bbc54cd6d789570cac18ed469f68cf683f08dd639ef92d9bd1"",""notes"":""Set of possible messages for the encrypted communication."",""path"":""qa/review-candidates/boundary28-r2/TERMINOLOGY.md"",""target_sha256"":""b1dd2926dc8bfdb84c6a3b4605490a8d96b14c44d89653867160d701fa0f17db"",""terminology_id"":""crypto.message_space""}","[{""evidence_path"":""qa/review-candidates/boundary28-r2/TERMINOLOGY.md"",""source_text"":""message space"",""target_text"":""ruang pesan"",""usage"":""authoritative complete-edition term mapping""}]"
r014.backend.record,1.0.0,ttp.r014.term.144,term,active,ttp.r014.yaintt,ttp.r014.yaintt,,id-ID,2026-08-22T03:06:00+02:00,codex.r014.id-ID,,144,ttp.concept.frequency_analysis,frequency analysis,analisis frekuensi,[],[],R014 complete reviewed id-ID edition,formal textbook,"{""evidence_sha256"":""3e3fe31baa8565bbc54cd6d789570cac18ed469f68cf683f08dd639ef92d9bd1"",""notes"":""Compare observed symbol frequencies with a reference-language distribution."",""path"":""qa/review-candidates/boundary28-r2/TERMINOLOGY.md"",""target_sha256"":""b1dd2926dc8bfdb84c6a3b4605490a8d96b14c44d89653867160d701fa0f17db"",""terminology_id"":""crypto.frequency_analysis""}","[{""evidence_path"":""qa/review-candidates/boundary28-r2/TERMINOLOGY.md"",""source_text"":""frequency analysis"",""target_text"":""analisis frekuensi"",""usage"":""authoritative complete-edition term mapping""}]"
r014.backend.record,1.0.0,ttp.r014.term.145,term,active,ttp.r014.yaintt,ttp.r014.yaintt,,id-ID,2026-08-22T03:06:00+02:00,codex.r014.id-ID,,145,ttp.concept.letter_frequency,letter frequency,frekuensi huruf,[],[],R014 complete reviewed id-ID edition,formal textbook,"{""evidence_sha256"":""3e3fe31baa8565bbc54cd6d789570cac18ed469f68cf683f08dd639ef92d9bd1"",""notes"":""Localize figure captions and index entries consistently."",""path"":""qa/review-candidates/boundary28-r2/TERMINOLOGY.md"",""target_sha256"":""b1dd2926dc8bfdb84c6a3b4605490a8d96b14c44d89653867160d701fa0f17db"",""terminology_id"":""crypto.letter_frequency""}","[{""evidence_path"":""qa/review-candidates/boundary28-r2/TERMINOLOGY.md"",""source_text"":""letter frequency"",""target_text"":""frekuensi huruf"",""usage"":""authoritative complete-edition term mapping""}]"
r014.backend.record,1.0.0,ttp.r014.term.146,term,active,ttp.r014.yaintt,ttp.r014.yaintt,,id-ID,2026-08-22T03:06:00+02:00,codex.r014.id-ID,,146,ttp.concept.total_square_error,total square error,galat kuadrat total,[],[],R014 complete reviewed id-ID edition,formal textbook,"{""evidence_sha256"":""3e3fe31baa8565bbc54cd6d789570cac18ed469f68cf683f08dd639ef92d9bd1"",""notes"":""Preserve `d(f,g)=\\sum_{j=0}^{25}(f(j)-g(j))^2`."",""path"":""qa/review-candidates/boundary28-r2/TERMINOLOGY.md"",""target_sha256"":""b1dd2926dc8bfdb84c6a3b4605490a8d96b14c44d89653867160d701fa0f17db"",""terminology_id"":""stats.total_square_error""}","[{""evidence_path"":""qa/review-candidates/boundary28-r2/TERMINOLOGY.md"",""source_text"":""total square error"",""target_text"":""galat kuadrat total"",""usage"":""authoritative complete-edition term mapping""}]"
r014.backend.record,1.0.0,ttp.r014.term.147,term,active,ttp.r014.yaintt,ttp.r014.yaintt,,id-ID,2026-08-22T03:06:00+02:00,codex.r014.id-ID,,147,ttp.concept.least_squares,least squares,kuadrat terkecil,[],[],R014 complete reviewed id-ID edition,formal textbook,"{""evidence_sha256"":""3e3fe31baa8565bbc54cd6d789570cac18ed469f68cf683f08dd639ef92d9bd1"",""notes"":""Statistical/linear-algebra equivalence stated by the source."",""path"":""qa/review-candidates/boundary28-r2/TERMINOLOGY.md"",""target_sha256"":""b1dd2926dc8bfdb84c6a3b4605490a8d96b14c44d89653867160d701fa0f17db"",""terminology_id"":""stats.least_squares""}","[{""evidence_path"":""qa/review-candidates/boundary28-r2/TERMINOLOGY.md"",""source_text"":""least squares"",""target_text"":""kuadrat terkecil"",""usage"":""authoritative complete-edition term mapping""}]"
r014.backend.record,1.0.0,ttp.r014.term.148,term,active,ttp.r014.yaintt,ttp.r014.yaintt,,id-ID,2026-08-22T03:06:00+02:00,codex.r014.id-ID,,148,ttp.concept.caesar_cracker,Caesar cracker,pemecah Caesar,[],[],R014 complete reviewed id-ID edition,formal textbook,"{""evidence_sha256"":""3e3fe31baa8565bbc54cd6d789570cac18ed469f68cf683f08dd639ef92d9bd1"",""notes"":""Automatic selection of the shift minimizing square error."",""path"":""qa/review-candidates/boundary28-r2/TERMINOLOGY.md"",""target_sha256"":""b1dd2926dc8bfdb84c6a3b4605490a8d96b14c44d89653867160d701fa0f17db"",""terminology_id"":""crypto.caesar_cracker""}","[{""evidence_path"":""qa/review-candidates/boundary28-r2/TERMINOLOGY.md"",""source_text"":""Caesar cracker"",""target_text"":""pemecah Caesar"",""usage"":""authoritative complete-edition term mapping""}]"
r014.backend.record,1.0.0,ttp.r014.term.149,term,active,ttp.r014.yaintt,ttp.r014.yaintt,,id-ID,2026-08-22T03:06:00+02:00,codex.r014.id-ID,,149,ttp.concept.key_length,key length,panjang kunci,[],[],R014 complete reviewed id-ID edition,formal textbook,"{""evidence_sha256"":""3e3fe31baa8565bbc54cd6d789570cac18ed469f68cf683f08dd639ef92d9bd1"",""notes"":""For Vigenère, the number of repeated shift components."",""path"":""qa/review-candidates/boundary28-r2/TERMINOLOGY.md"",""target_sha256"":""b1dd2926dc8bfdb84c6a3b4605490a8d96b14c44d89653867160d701fa0f17db"",""terminology_id"":""crypto.key_length""}","[{""evidence_path"":""qa/review-candidates/boundary28-r2/TERMINOLOGY.md"",""source_text"":""key length"",""target_text"":""panjang kunci"",""usage"":""authoritative complete-edition term mapping""}]"
r014.backend.record,1.0.0,ttp.r014.term.150,term,active,ttp.r014.yaintt,ttp.r014.yaintt,,id-ID,2026-08-22T03:06:00+02:00,codex.r014.id-ID,,150,ttp.concept.key_position,key position,posisi kunci,[],[],R014 complete reviewed id-ID edition,formal textbook,"{""evidence_sha256"":""3e3fe31baa8565bbc54cd6d789570cac18ed469f68cf683f08dd639ef92d9bd1"",""notes"":""One coordinate/substream in a repeated Vigenère key, not an alphabet letter."",""path"":""qa/review-candidates/boundary28-r2/TERMINOLOGY.md"",""target_sha256"":""b1dd2926dc8bfdb84c6a3b4605490a8d96b14c44d89653867160d701fa0f17db"",""terminology_id"":""crypto.key_position""}","[{""evidence_path"":""qa/review-candidates/boundary28-r2/TERMINOLOGY.md"",""source_text"":""key position"",""target_text"":""posisi kunci"",""usage"":""authoritative complete-edition term mapping""}]"
r014.backend.record,1.0.0,ttp.r014.term.151,term,active,ttp.r014.yaintt,ttp.r014.yaintt,,id-ID,2026-08-22T03:06:00+02:00,codex.r014.id-ID,,151,ttp.concept.weighted_mixture,weighted mixture,campuran berbobot,[],[],R014 complete reviewed id-ID edition,formal textbook,"{""evidence_sha256"":""3e3fe31baa8565bbc54cd6d789570cac18ed469f68cf683f08dd639ef92d9bd1"",""notes"":""A mixture whose component shifts contribute according to their unequal multiplicities."",""path"":""qa/review-candidates/boundary28-r2/TERMINOLOGY.md"",""target_sha256"":""b1dd2926dc8bfdb84c6a3b4605490a8d96b14c44d89653867160d701fa0f17db"",""terminology_id"":""stats.weighted_mixture""}","[{""evidence_path"":""qa/review-candidates/boundary28-r2/TERMINOLOGY.md"",""source_text"":""weighted mixture"",""target_text"":""campuran berbobot"",""usage"":""authoritative complete-edition term mapping""}]"
r014.backend.record,1.0.0,ttp.r014.term.152,term,active,ttp.r014.yaintt,ttp.r014.yaintt,,id-ID,2026-08-22T03:06:00+02:00,codex.r014.id-ID,,152,ttp.concept.symmetric_cipher,symmetric cipher / cryptosystem / encryption,cipher / kriptosistem / enkripsi simetris,"[""kriptosistem"",""enkripsi simetris""]",[],R014 complete reviewed id-ID edition,formal textbook,"{""evidence_sha256"":""3e3fe31baa8565bbc54cd6d789570cac18ed469f68cf683f08dd639ef92d9bd1"",""notes"":""The same shared secret key is used for encryption and decryption."",""path"":""qa/review-candidates/boundary28-r2/TERMINOLOGY.md"",""target_sha256"":""b1dd2926dc8bfdb84c6a3b4605490a8d96b14c44d89653867160d701fa0f17db"",""terminology_id"":""crypto.symmetric_cipher""}","[{""evidence_path"":""qa/review-candidates/boundary28-r2/TERMINOLOGY.md"",""source_text"":""symmetric cipher / cryptosystem / encryption"",""target_text"":""cipher / kriptosistem / enkripsi simetris"",""usage"":""authoritative complete-edition term mapping""}]"
r014.backend.record,1.0.0,ttp.r014.term.153,term,active,ttp.r014.yaintt,ttp.r014.yaintt,,id-ID,2026-08-22T03:06:00+02:00,codex.r014.id-ID,,153,ttp.concept.private_key_cryptosystem,private-key cryptosystem,kriptosistem kunci privat,[],[],R014 complete reviewed id-ID edition,formal textbook,"{""evidence_sha256"":""3e3fe31baa8565bbc54cd6d789570cac18ed469f68cf683f08dd639ef92d9bd1"",""notes"":""Name used here for the symmetric-key construction."",""path"":""qa/review-candidates/boundary28-r2/TERMINOLOGY.md"",""target_sha256"":""b1dd2926dc8bfdb84c6a3b4605490a8d96b14c44d89653867160d701fa0f17db"",""terminology_id"":""crypto.private_key_cryptosystem""}","[{""evidence_path"":""qa/review-candidates/boundary28-r2/TERMINOLOGY.md"",""source_text"":""private-key cryptosystem"",""target_text"":""kriptosistem kunci privat"",""usage"":""authoritative complete-edition term mapping""}]"
r014.backend.record,1.0.0,ttp.r014.term.154,term,active,ttp.r014.yaintt,ttp.r014.yaintt,,id-ID,2026-08-22T03:06:00+02:00,codex.r014.id-ID,,154,ttp.concept.asymmetric_cipher,asymmetric cipher / cryptosystem / encryption,cipher / kriptosistem / enkripsi asimetris,"[""kriptosistem"",""enkripsi asimetris""]",[],R014 complete reviewed id-ID edition,formal textbook,"{""evidence_sha256"":""3e3fe31baa8565bbc54cd6d789570cac18ed469f68cf683f08dd639ef92d9bd1"",""notes"":""Separate associated encryption and decryption keyspaces."",""path"":""qa/review-candidates/boundary28-r2/TERMINOLOGY.md"",""target_sha256"":""b1dd2926dc8bfdb84c6a3b4605490a8d96b14c44d89653867160d701fa0f17db"",""terminology_id"":""crypto.asymmetric_cipher""}","[{""evidence_path"":""qa/review-candidates/boundary28-r2/TERMINOLOGY.md"",""source_text"":""asymmetric cipher / cryptosystem / encryption"",""target_text"":""cipher / kriptosistem / enkripsi asimetris"",""usage"":""authoritative complete-edition term mapping""}]"
r014.backend.record,1.0.0,ttp.r014.term.155,term,active,ttp.r014.yaintt,ttp.r014.yaintt,,id-ID,2026-08-22T03:06:00+02:00,codex.r014.id-ID,,155,ttp.concept.key_generation_algorithm,key-generation algorithm,algoritme pembangkitan kunci,[],[],R014 complete reviewed id-ID edition,formal textbook,"{""evidence_sha256"":""3e3fe31baa8565bbc54cd6d789570cac18ed469f68cf683f08dd639ef92d9bd1"",""notes"":""Efficiently emits an associated public/private key pair; written `\\mathsf{Gen}`."",""path"":""qa/review-candidates/boundary28-r2/TERMINOLOGY.md"",""target_sha256"":""b1dd2926dc8bfdb84c6a3b4605490a8d96b14c44d89653867160d701fa0f17db"",""terminology_id"":""crypto.key_generation_algorithm""}","[{""evidence_path"":""qa/review-candidates/boundary28-r2/TERMINOLOGY.md"",""source_text"":""key-generation algorithm"",""target_text"":""algoritme pembangkitan kunci"",""usage"":""authoritative complete-edition term mapping""}]"
r014.backend.record,1.0.0,ttp.r014.term.156,term,active,ttp.r014.yaintt,ttp.r014.yaintt,,id-ID,2026-08-22T03:06:00+02:00,codex.r014.id-ID,,156,ttp.concept.encryption_keyspace,encryption keyspace,ruang kunci enkripsi,[],[],R014 complete reviewed id-ID edition,formal textbook,"{""evidence_sha256"":""3e3fe31baa8565bbc54cd6d789570cac18ed469f68cf683f08dd639ef92d9bd1"",""notes"":""Written `\\Kk_e`."",""path"":""qa/review-candidates/boundary28-r2/TERMINOLOGY.md"",""target_sha256"":""b1dd2926dc8bfdb84c6a3b4605490a8d96b14c44d89653867160d701fa0f17db"",""terminology_id"":""crypto.encryption_keyspace""}","[{""evidence_path"":""qa/review-candidates/boundary28-r2/TERMINOLOGY.md"",""source_text"":""encryption keyspace"",""target_text"":""ruang kunci enkripsi"",""usage"":""authoritative complete-edition term mapping""}]"
r014.backend.record,1.0.0,ttp.r014.term.157,term,active,ttp.r014.yaintt,ttp.r014.yaintt,,id-ID,2026-08-22T03:06:00+02:00,codex.r014.id-ID,,157,ttp.concept.decryption_keyspace,decryption keyspace,ruang kunci dekripsi,[],[],R014 complete reviewed id-ID edition,formal textbook,"{""evidence_sha256"":""3e3fe31baa8565bbc54cd6d789570cac18ed469f68cf683f08dd639ef92d9bd1"",""notes"":""Written `\\Kk_d`."",""path"":""qa/review-candidates/boundary28-r2/TERMINOLOGY.md"",""target_sha256"":""b1dd2926dc8bfdb84c6a3b4605490a8d96b14c44d89653867160d701fa0f17db"",""terminology_id"":""crypto.decryption_keyspace""}","[{""evidence_path"":""qa/review-candidates/boundary28-r2/TERMINOLOGY.md"",""source_text"":""decryption keyspace"",""target_text"":""ruang kunci dekripsi"",""usage"":""authoritative complete-edition term mapping""}]"
r014.backend.record,1.0.0,ttp.r014.term.158,term,active,ttp.r014.yaintt,ttp.r014.yaintt,,id-ID,2026-08-22T03:06:00+02:00,codex.r014.id-ID,,158,ttp.concept.public_key,public key,kunci publik,[],[],R014 complete reviewed id-ID edition,formal textbook,"{""evidence_sha256"":""3e3fe31baa8565bbc54cd6d789570cac18ed469f68cf683f08dd639ef92d9bd1"",""notes"":""Publicly distributed encryption key."",""path"":""qa/review-candidates/boundary28-r2/TERMINOLOGY.md"",""target_sha256"":""b1dd2926dc8bfdb84c6a3b4605490a8d96b14c44d89653867160d701fa0f17db"",""terminology_id"":""crypto.public_key""}","[{""evidence_path"":""qa/review-candidates/boundary28-r2/TERMINOLOGY.md"",""source_text"":""public key"",""target_text"":""kunci publik"",""usage"":""authoritative complete-edition term mapping""}]"
r014.backend.record,1.0.0,ttp.r014.term.159,term,active,ttp.r014.yaintt,ttp.r014.yaintt,,id-ID,2026-08-22T03:06:00+02:00,codex.r014.id-ID,,159,ttp.concept.private_key,private key,kunci privat,[],[],R014 complete reviewed id-ID edition,formal textbook,"{""evidence_sha256"":""3e3fe31baa8565bbc54cd6d789570cac18ed469f68cf683f08dd639ef92d9bd1"",""notes"":""Secret decryption key; do not translate as `kunci pribadi`."",""path"":""qa/review-candidates/boundary28-r2/TERMINOLOGY.md"",""target_sha256"":""b1dd2926dc8bfdb84c6a3b4605490a8d96b14c44d89653867160d701fa0f17db"",""terminology_id"":""crypto.private_key""}","[{""evidence_path"":""qa/review-candidates/boundary28-r2/TERMINOLOGY.md"",""source_text"":""private key"",""target_text"":""kunci privat"",""usage"":""authoritative complete-edition term mapping""}]"
r014.backend.record,1.0.0,ttp.r014.term.160,term,active,ttp.r014.yaintt,ttp.r014.yaintt,,id-ID,2026-08-22T03:06:00+02:00,codex.r014.id-ID,,160,ttp.concept.public_key_cryptosystem,public-key cryptosystem,kriptosistem kunci publik,[],[],R014 complete reviewed id-ID edition,formal textbook,"{""evidence_sha256"":""3e3fe31baa8565bbc54cd6d789570cac18ed469f68cf683f08dd639ef92d9bd1"",""notes"":"""",""path"":""qa/review-candidates/boundary28-r2/TERMINOLOGY.md"",""target_sha256"":""b1dd2926dc8bfdb84c6a3b4605490a8d96b14c44d89653867160d701fa0f17db"",""terminology_id"":""crypto.public_key_cryptosystem""}","[{""evidence_path"":""qa/review-candidates/boundary28-r2/TERMINOLOGY.md"",""source_text"":""public-key cryptosystem"",""target_text"":""kriptosistem kunci publik"",""usage"":""authoritative complete-edition term mapping""}]"
r014.backend.record,1.0.0,ttp.r014.term.161,term,active,ttp.r014.yaintt,ttp.r014.yaintt,,id-ID,2026-08-22T03:06:00+02:00,codex.r014.id-ID,,161,ttp.concept.cryptographic_salt,cryptographic salt,salt kriptografis,[],[],R014 complete reviewed id-ID edition,formal textbook,"{""evidence_sha256"":""3e3fe31baa8565bbc54cd6d789570cac18ed469f68cf683f08dd639ef92d9bd1"",""notes"":""Retain the established technical loan `salt` and explain its random-data role."",""path"":""qa/review-candidates/boundary28-r2/TERMINOLOGY.md"",""target_sha256"":""b1dd2926dc8bfdb84c6a3b4605490a8d96b14c44d89653867160d701fa0f17db"",""terminology_id"":""crypto.cryptographic_salt""}","[{""evidence_path"":""qa/review-candidates/boundary28-r2/TERMINOLOGY.md"",""source_text"":""cryptographic salt"",""target_text"":""salt kriptografis"",""usage"":""authoritative complete-edition term mapping""}]"
r014.backend.record,1.0.0,ttp.r014.term.162,term,active,ttp.r014.yaintt,ttp.r014.yaintt,,id-ID,2026-08-22T03:06:00+02:00,codex.r014.id-ID,,162,ttp.concept.traffic_analysis,traffic analysis,analisis lalu lintas,[],[],R014 complete reviewed id-ID edition,formal textbook,"{""evidence_sha256"":""3e3fe31baa8565bbc54cd6d789570cac18ed469f68cf683f08dd639ef92d9bd1"",""notes"":""Here, correlation of repeated ciphertexts with observable actions."",""path"":""qa/review-candidates/boundary28-r2/TERMINOLOGY.md"",""target_sha256"":""b1dd2926dc8bfdb84c6a3b4605490a8d96b14c44d89653867160d701fa0f17db"",""terminology_id"":""crypto.traffic_analysis""}","[{""evidence_path"":""qa/review-candidates/boundary28-r2/TERMINOLOGY.md"",""source_text"":""traffic analysis"",""target_text"":""analisis lalu lintas"",""usage"":""authoritative complete-edition term mapping""}]"
r014.backend.record,1.0.0,ttp.r014.term.163,term,active,ttp.r014.yaintt,ttp.r014.yaintt,,id-ID,2026-08-22T03:06:00+02:00,codex.r014.id-ID,,163,ttp.concept.one_way_function,one-way function,fungsi satu arah,[],[],R014 complete reviewed id-ID edition,formal textbook,"{""evidence_sha256"":""3e3fe31baa8565bbc54cd6d789570cac18ed469f68cf683f08dd639ef92d9bd1"",""notes"":""Efficient forward evaluation with infeasible inversion on the relevant image."",""path"":""qa/review-candidates/boundary28-r2/TERMINOLOGY.md"",""target_sha256"":""b1dd2926dc8bfdb84c6a3b4605490a8d96b14c44d89653867160d701fa0f17db"",""terminology_id"":""crypto.one_way_function""}","[{""evidence_path"":""qa/review-candidates/boundary28-r2/TERMINOLOGY.md"",""source_text"":""one-way function"",""target_text"":""fungsi satu arah"",""usage"":""authoritative complete-edition term mapping""}]"
r014.backend.record,1.0.0,ttp.r014.term.164,term,active,ttp.r014.yaintt,ttp.r014.yaintt,,id-ID,2026-08-22T03:06:00+02:00,codex.r014.id-ID,,164,ttp.concept.quantum_computer,quantum computer,komputer kuantum,[],[],R014 complete reviewed id-ID edition,formal textbook,"{""evidence_sha256"":""3e3fe31baa8565bbc54cd6d789570cac18ed469f68cf683f08dd639ef92d9bd1"",""notes"":""Contrast with `komputer klasik`."",""path"":""qa/review-candidates/boundary28-r2/TERMINOLOGY.md"",""target_sha256"":""b1dd2926dc8bfdb84c6a3b4605490a8d96b14c44d89653867160d701fa0f17db"",""terminology_id"":""computing.quantum_computer""}","[{""evidence_path"":""qa/review-candidates/boundary28-r2/TERMINOLOGY.md"",""source_text"":""quantum computer"",""target_text"":""komputer kuantum"",""usage"":""authoritative complete-edition term mapping""}]"
r014.backend.record,1.0.0,ttp.r014.term.165,term,active,ttp.r014.yaintt,ttp.r014.yaintt,,id-ID,2026-08-22T03:06:00+02:00,codex.r014.id-ID,,165,ttp.concept.rsa_modulus,RSA modulus,modulus RSA,[],[],R014 complete reviewed id-ID edition,formal textbook,"{""evidence_sha256"":""3e3fe31baa8565bbc54cd6d789570cac18ed469f68cf683f08dd639ef92d9bd1"",""notes"":""`n=pq` for distinct large primes `p,q`."",""path"":""qa/review-candidates/boundary28-r2/TERMINOLOGY.md"",""target_sha256"":""b1dd2926dc8bfdb84c6a3b4605490a8d96b14c44d89653867160d701fa0f17db"",""terminology_id"":""crypto.rsa_modulus""}","[{""evidence_path"":""qa/review-candidates/boundary28-r2/TERMINOLOGY.md"",""source_text"":""RSA modulus"",""target_text"":""modulus RSA"",""usage"":""authoritative complete-edition term mapping""}]"
r014.backend.record,1.0.0,ttp.r014.term.166,term,active,ttp.r014.yaintt,ttp.r014.yaintt,,id-ID,2026-08-22T03:06:00+02:00,codex.r014.id-ID,,166,ttp.concept.rsa_semiprime,RSA semiprime,semiprima RSA,[],[],R014 complete reviewed id-ID edition,formal textbook,"{""evidence_sha256"":""3e3fe31baa8565bbc54cd6d789570cac18ed469f68cf683f08dd639ef92d9bd1"",""notes"":""Product of two large primes of comparable size; do not generalize factoring hardness to arbitrary composites."",""path"":""qa/review-candidates/boundary28-r2/TERMINOLOGY.md"",""target_sha256"":""b1dd2926dc8bfdb84c6a3b4605490a8d96b14c44d89653867160d701fa0f17db"",""terminology_id"":""crypto.rsa_semiprime""}","[{""evidence_path"":""qa/review-candidates/boundary28-r2/TERMINOLOGY.md"",""source_text"":""RSA semiprime"",""target_text"":""semiprima RSA"",""usage"":""authoritative complete-edition term mapping""}]"
r014.backend.record,1.0.0,ttp.r014.term.167,term,active,ttp.r014.yaintt,ttp.r014.yaintt,,id-ID,2026-08-22T03:06:00+02:00,codex.r014.id-ID,,167,ttp.concept.rsa_exponent,RSA exponent,eksponen RSA,[],[],R014 complete reviewed id-ID edition,formal textbook,"{""evidence_sha256"":""3e3fe31baa8565bbc54cd6d789570cac18ed469f68cf683f08dd639ef92d9bd1"",""notes"":""Public exponent `e` satisfying `\\gcd(e,\\phi(n))=1`."",""path"":""qa/review-candidates/boundary28-r2/TERMINOLOGY.md"",""target_sha256"":""b1dd2926dc8bfdb84c6a3b4605490a8d96b14c44d89653867160d701fa0f17db"",""terminology_id"":""crypto.rsa_exponent""}","[{""evidence_path"":""qa/review-candidates/boundary28-r2/TERMINOLOGY.md"",""source_text"":""RSA exponent"",""target_text"":""eksponen RSA"",""usage"":""authoritative complete-edition term mapping""}]"
r014.backend.record,1.0.0,ttp.r014.term.168,term,active,ttp.r014.yaintt,ttp.r014.yaintt,,id-ID,2026-08-22T03:06:00+02:00,codex.r014.id-ID,,168,ttp.concept.rsa_public_key,RSA public encryption key,kunci publik RSA,[],[],R014 complete reviewed id-ID edition,formal textbook,"{""evidence_sha256"":""3e3fe31baa8565bbc54cd6d789570cac18ed469f68cf683f08dd639ef92d9bd1"",""notes"":""Pair `(n,e)`."",""path"":""qa/review-candidates/boundary28-r2/TERMINOLOGY.md"",""target_sha256"":""b1dd2926dc8bfdb84c6a3b4605490a8d96b14c44d89653867160d701fa0f17db"",""terminology_id"":""crypto.rsa_public_key""}","[{""evidence_path"":""qa/review-candidates/boundary28-r2/TERMINOLOGY.md"",""source_text"":""RSA public encryption key"",""target_text"":""kunci publik RSA"",""usage"":""authoritative complete-edition term mapping""}]"
r014.backend.record,1.0.0,ttp.r014.term.169,term,active,ttp.r014.yaintt,ttp.r014.yaintt,,id-ID,2026-08-22T03:06:00+02:00,codex.r014.id-ID,,169,ttp.concept.rsa_private_key,RSA private decryption key,kunci privat RSA,[],[],R014 complete reviewed id-ID edition,formal textbook,"{""evidence_sha256"":""3e3fe31baa8565bbc54cd6d789570cac18ed469f68cf683f08dd639ef92d9bd1"",""notes"":""Pair `(n,d)` with `d=e^{-1}\\pmod{\\phi(n)}`."",""path"":""qa/review-candidates/boundary28-r2/TERMINOLOGY.md"",""target_sha256"":""b1dd2926dc8bfdb84c6a3b4605490a8d96b14c44d89653867160d701fa0f17db"",""terminology_id"":""crypto.rsa_private_key""}","[{""evidence_path"":""qa/review-candidates/boundary28-r2/TERMINOLOGY.md"",""source_text"":""RSA private decryption key"",""target_text"":""kunci privat RSA"",""usage"":""authoritative complete-edition term mapping""}]"
r014.backend.record,1.0.0,ttp.r014.term.170,term,active,ttp.r014.yaintt,ttp.r014.yaintt,,id-ID,2026-08-22T03:06:00+02:00,codex.r014.id-ID,,170,ttp.concept.feasible_computation,feasible computation,komputasi layak,[],[],R014 complete reviewed id-ID edition,formal textbook,"{""evidence_sha256"":""3e3fe31baa8565bbc54cd6d789570cac18ed469f68cf683f08dd639ef92d9bd1"",""notes"":""Runtime bounded polynomially in the logarithms/input length."",""path"":""qa/review-candidates/boundary28-r2/TERMINOLOGY.md"",""target_sha256"":""b1dd2926dc8bfdb84c6a3b4605490a8d96b14c44d89653867160d701fa0f17db"",""terminology_id"":""complexity.feasible_computation""}","[{""evidence_path"":""qa/review-candidates/boundary28-r2/TERMINOLOGY.md"",""source_text"":""feasible computation"",""target_text"":""komputasi layak"",""usage"":""authoritative complete-edition term mapping""}]"
r014.backend.record,1.0.0,ttp.r014.term.171,term,active,ttp.r014.yaintt,ttp.r014.yaintt,,id-ID,2026-08-22T03:06:00+02:00,codex.r014.id-ID,,171,ttp.concept.prime_number_theorem,Prime Number Theorem,Teorema Bilangan Prima,[],[],R014 complete reviewed id-ID edition,formal textbook,"{""evidence_sha256"":""3e3fe31baa8565bbc54cd6d789570cac18ed469f68cf683f08dd639ef92d9bd1"",""notes"":""Preserve the limit involving `\\pi(x)` and `x/\\ln x`."",""path"":""qa/review-candidates/boundary28-r2/TERMINOLOGY.md"",""target_sha256"":""b1dd2926dc8bfdb84c6a3b4605490a8d96b14c44d89653867160d701fa0f17db"",""terminology_id"":""nt.prime_number_theorem""}","[{""evidence_path"":""qa/review-candidates/boundary28-r2/TERMINOLOGY.md"",""source_text"":""Prime Number Theorem"",""target_text"":""Teorema Bilangan Prima"",""usage"":""authoritative complete-edition term mapping""}]"
r014.backend.record,1.0.0,ttp.r014.term.172,term,active,ttp.r014.yaintt,ttp.r014.yaintt,,id-ID,2026-08-22T03:06:00+02:00,codex.r014.id-ID,,172,ttp.concept.prime_counting_function,prime-counting function,fungsi penghitung prima,[],[],R014 complete reviewed id-ID edition,formal textbook,"{""evidence_sha256"":""3e3fe31baa8565bbc54cd6d789570cac18ed469f68cf683f08dd639ef92d9bd1"",""notes"":""`\\pi(x)` counts primes not exceeding `x`."",""path"":""qa/review-candidates/boundary28-r2/TERMINOLOGY.md"",""target_sha256"":""b1dd2926dc8bfdb84c6a3b4605490a8d96b14c44d89653867160d701fa0f17db"",""terminology_id"":""nt.prime_counting_function""}","[{""evidence_path"":""qa/review-candidates/boundary28-r2/TERMINOLOGY.md"",""source_text"":""prime-counting function"",""target_text"":""fungsi penghitung prima"",""usage"":""authoritative complete-edition term mapping""}]"
r014.backend.record,1.0.0,ttp.r014.term.173,term,active,ttp.r014.yaintt,ttp.r014.yaintt,,id-ID,2026-08-22T03:06:00+02:00,codex.r014.id-ID,,173,ttp.concept.fast_modular_exponentiation,fast modular exponentiation,eksponensiasi modular cepat,[],[],R014 complete reviewed id-ID edition,formal textbook,"{""evidence_sha256"":""3e3fe31baa8565bbc54cd6d789570cac18ed469f68cf683f08dd639ef92d9bd1"",""notes"":""Implemented by repeated squaring and binary expansion."",""path"":""qa/review-candidates/boundary28-r2/TERMINOLOGY.md"",""target_sha256"":""b1dd2926dc8bfdb84c6a3b4605490a8d96b14c44d89653867160d701fa0f17db"",""terminology_id"":""nt.fast_modular_exponentiation""}","[{""evidence_path"":""qa/review-candidates/boundary28-r2/TERMINOLOGY.md"",""source_text"":""fast modular exponentiation"",""target_text"":""eksponensiasi modular cepat"",""usage"":""authoritative complete-edition term mapping""}]"
r014.backend.record,1.0.0,ttp.r014.term.174,term,active,ttp.r014.yaintt,ttp.r014.yaintt,,id-ID,2026-08-22T03:06:00+02:00,codex.r014.id-ID,,174,ttp.concept.input_length,input length,panjang masukan,[],[],R014 complete reviewed id-ID edition,formal textbook,"{""evidence_sha256"":""3e3fe31baa8565bbc54cd6d789570cac18ed469f68cf683f08dd639ef92d9bd1"",""notes"":""Maximum encoded digit/bit length of the relevant inputs; distinguish it from their numeric magnitude."",""path"":""qa/review-candidates/boundary28-r2/TERMINOLOGY.md"",""target_sha256"":""b1dd2926dc8bfdb84c6a3b4605490a8d96b14c44d89653867160d701fa0f17db"",""terminology_id"":""complexity.input_length""}","[{""evidence_path"":""qa/review-candidates/boundary28-r2/TERMINOLOGY.md"",""source_text"":""input length"",""target_text"":""panjang masukan"",""usage"":""authoritative complete-edition term mapping""}]"
r014.backend.record,1.0.0,ttp.r014.term.175,term,active,ttp.r014.yaintt,ttp.r014.yaintt,,id-ID,2026-08-22T03:06:00+02:00,codex.r014.id-ID,,175,ttp.concept.discrete_logarithm,discrete logarithm,logaritma diskret,[],[],R014 complete reviewed id-ID edition,formal textbook,"{""evidence_sha256"":""3e3fe31baa8565bbc54cd6d789570cac18ed469f68cf683f08dd639ef92d9bd1"",""notes"":""Chapter-wide formal term; the source also calls it an index."",""path"":""qa/review-candidates/boundary28-r2/TERMINOLOGY.md"",""target_sha256"":""b1dd2926dc8bfdb84c6a3b4605490a8d96b14c44d89653867160d701fa0f17db"",""terminology_id"":""nt.discrete_logarithm""}","[{""evidence_path"":""qa/review-candidates/boundary28-r2/TERMINOLOGY.md"",""source_text"":""discrete logarithm"",""target_text"":""logaritma diskret"",""usage"":""authoritative complete-edition term mapping""}]"
r014.backend.record,1.0.0,ttp.r014.term.176,term,active,ttp.r014.yaintt,ttp.r014.yaintt,,id-ID,2026-08-22T03:06:00+02:00,codex.r014.id-ID,,176,ttp.concept.index_modulo,index modulo n,indeks modulo n,[],[],R014 complete reviewed id-ID edition,formal textbook,"{""evidence_sha256"":""3e3fe31baa8565bbc54cd6d789570cac18ed469f68cf683f08dd639ef92d9bd1"",""notes"":""Synonym for the discrete logarithm in the later formal definition."",""path"":""qa/review-candidates/boundary28-r2/TERMINOLOGY.md"",""target_sha256"":""b1dd2926dc8bfdb84c6a3b4605490a8d96b14c44d89653867160d701fa0f17db"",""terminology_id"":""nt.index_modulo""}","[{""evidence_path"":""qa/review-candidates/boundary28-r2/TERMINOLOGY.md"",""source_text"":""index modulo n"",""target_text"":""indeks modulo n"",""usage"":""authoritative complete-edition term mapping""}]"
r014.backend.record,1.0.0,ttp.r014.term.177,term,active,ttp.r014.yaintt,ttp.r014.yaintt,,id-ID,2026-08-22T03:06:00+02:00,codex.r014.id-ID,,177,ttp.concept.unit_group_modulo,multiplicative unit group modulo n,grup satuan multiplikatif modulo n,[],[],R014 complete reviewed id-ID edition,formal textbook,"{""evidence_sha256"":""3e3fe31baa8565bbc54cd6d789570cac18ed469f68cf683f08dd639ef92d9bd1"",""notes"":""Written `(\\ZZ/n\\ZZ)^*`; retain the star whenever discussing its cyclic subgroups."",""path"":""qa/review-candidates/boundary28-r2/TERMINOLOGY.md"",""target_sha256"":""b1dd2926dc8bfdb84c6a3b4605490a8d96b14c44d89653867160d701fa0f17db"",""terminology_id"":""algebra.unit_group_modulo""}","[{""evidence_path"":""qa/review-candidates/boundary28-r2/TERMINOLOGY.md"",""source_text"":""multiplicative unit group modulo n"",""target_text"":""grup satuan multiplikatif modulo n"",""usage"":""authoritative complete-edition term mapping""}]"
r014.backend.record,1.0.0,ttp.r014.term.178,term,active,ttp.r014.yaintt,ttp.r014.yaintt,,id-ID,2026-08-22T03:06:00+02:00,codex.r014.id-ID,,178,ttp.concept.ascii,ASCII,ASCII,[],[],R014 complete reviewed id-ID edition,formal textbook,"{""evidence_sha256"":""3e3fe31baa8565bbc54cd6d789570cac18ed469f68cf683f08dd639ef92d9bd1"",""notes"":""Retain the expanded English standard name and add an Indonesian gloss."",""path"":""qa/review-candidates/boundary28-r2/TERMINOLOGY.md"",""target_sha256"":""b1dd2926dc8bfdb84c6a3b4605490a8d96b14c44d89653867160d701fa0f17db"",""terminology_id"":""encoding.ascii""}","[{""evidence_path"":""qa/review-candidates/boundary28-r2/TERMINOLOGY.md"",""source_text"":""ASCII"",""target_text"":""ASCII"",""usage"":""authoritative complete-edition term mapping""}]"
r014.backend.record,1.0.0,ttp.r014.term.179,term,active,ttp.r014.yaintt,ttp.r014.yaintt,,id-ID,2026-08-22T03:06:00+02:00,codex.r014.id-ID,,179,ttp.concept.unicode,Unicode,Unicode,[],[],R014 complete reviewed id-ID edition,formal textbook,"{""evidence_sha256"":""3e3fe31baa8565bbc54cd6d789570cac18ed469f68cf683f08dd639ef92d9bd1"",""notes"":""Preserve version-specific historical statement."",""path"":""qa/review-candidates/boundary28-r2/TERMINOLOGY.md"",""target_sha256"":""b1dd2926dc8bfdb84c6a3b4605490a8d96b14c44d89653867160d701fa0f17db"",""terminology_id"":""encoding.unicode""}","[{""evidence_path"":""qa/review-candidates/boundary28-r2/TERMINOLOGY.md"",""source_text"":""Unicode"",""target_text"":""Unicode"",""usage"":""authoritative complete-edition term mapping""}]"
r014.backend.record,1.0.0,ttp.r014.term.180,term,active,ttp.r014.yaintt,ttp.r014.yaintt,,id-ID,2026-08-22T03:06:00+02:00,codex.r014.id-ID,,180,ttp.concept.utf8,UTF-8,UTF-8,[],[],R014 complete reviewed id-ID edition,formal textbook,"{""evidence_sha256"":""3e3fe31baa8565bbc54cd6d789570cac18ed469f68cf683f08dd639ef92d9bd1"",""notes"":""One to four bytes per Unicode scalar value in the stated encoding context."",""path"":""qa/review-candidates/boundary28-r2/TERMINOLOGY.md"",""target_sha256"":""b1dd2926dc8bfdb84c6a3b4605490a8d96b14c44d89653867160d701fa0f17db"",""terminology_id"":""encoding.utf8""}","[{""evidence_path"":""qa/review-candidates/boundary28-r2/TERMINOLOGY.md"",""source_text"":""UTF-8"",""target_text"":""UTF-8"",""usage"":""authoritative complete-edition term mapping""}]"
r014.backend.record,1.0.0,ttp.r014.term.181,term,active,ttp.r014.yaintt,ttp.r014.yaintt,,id-ID,2026-08-22T03:06:00+02:00,codex.r014.id-ID,,181,ttp.concept.utf16,UTF-16,UTF-16,[],[],R014 complete reviewed id-ID edition,formal textbook,"{""evidence_sha256"":""3e3fe31baa8565bbc54cd6d789570cac18ed469f68cf683f08dd639ef92d9bd1"",""notes"":""Two or four bytes per Unicode scalar value in the stated encoding context."",""path"":""qa/review-candidates/boundary28-r2/TERMINOLOGY.md"",""target_sha256"":""b1dd2926dc8bfdb84c6a3b4605490a8d96b14c44d89653867160d701fa0f17db"",""terminology_id"":""encoding.utf16""}","[{""evidence_path"":""qa/review-candidates/boundary28-r2/TERMINOLOGY.md"",""source_text"":""UTF-16"",""target_text"":""UTF-16"",""usage"":""authoritative complete-edition term mapping""}]"
r014.backend.record,1.0.0,ttp.r014.term.182,term,active,ttp.r014.yaintt,ttp.r014.yaintt,,id-ID,2026-08-22T03:06:00+02:00,codex.r014.id-ID,,182,ttp.concept.digital_signature,digital signature,tanda tangan digital,[],[],R014 complete reviewed id-ID edition,formal textbook,"{""evidence_sha256"":""3e3fe31baa8565bbc54cd6d789570cac18ed469f68cf683f08dd639ef92d9bd1"",""notes"":""Data attached to a document/message whose valid verification can support signer attribution only under the scheme's security assumptions, an uncompromised private key, and a trusted identity--key binding."",""path"":""qa/review-candidates/boundary28-r2/TERMINOLOGY.md"",""target_sha256"":""b1dd2926dc8bfdb84c6a3b4605490a8d96b14c44d89653867160d701fa0f17db"",""terminology_id"":""crypto.digital_signature""}","[{""evidence_path"":""qa/review-candidates/boundary28-r2/TERMINOLOGY.md"",""source_text"":""digital signature"",""target_text"":""tanda tangan digital"",""usage"":""authoritative complete-edition term mapping""}]"
r014.backend.record,1.0.0,ttp.r014.term.183,term,active,ttp.r014.yaintt,ttp.r014.yaintt,,id-ID,2026-08-22T03:06:00+02:00,codex.r014.id-ID,,183,ttp.concept.signature_unforgeability,signature unforgeability,ketahanan terhadap pemalsuan tanda tangan,[],[],R014 complete reviewed id-ID edition,formal textbook,"{""evidence_sha256"":""3e3fe31baa8565bbc54cd6d789570cac18ed469f68cf683f08dd639ef92d9bd1"",""notes"":""Security property required before valid verification supports attributing a newly created signature to the private-key holder."",""path"":""qa/review-candidates/boundary28-r2/TERMINOLOGY.md"",""target_sha256"":""b1dd2926dc8bfdb84c6a3b4605490a8d96b14c44d89653867160d701fa0f17db"",""terminology_id"":""crypto.signature_unforgeability""}","[{""evidence_path"":""qa/review-candidates/boundary28-r2/TERMINOLOGY.md"",""source_text"":""signature unforgeability"",""target_text"":""ketahanan terhadap pemalsuan tanda tangan"",""usage"":""authoritative complete-edition term mapping""}]"
r014.backend.record,1.0.0,ttp.r014.term.184,term,active,ttp.r014.yaintt,ttp.r014.yaintt,,id-ID,2026-08-22T03:06:00+02:00,codex.r014.id-ID,,184,ttp.concept.private_key_compromise,private-key compromise,kompromi kunci privat,[],[],R014 complete reviewed id-ID edition,formal textbook,"{""evidence_sha256"":""3e3fe31baa8565bbc54cd6d789570cac18ed469f68cf683f08dd639ef92d9bd1"",""notes"":""Loss of exclusive control over a private key; signer attribution requires that this has not occurred."",""path"":""qa/review-candidates/boundary28-r2/TERMINOLOGY.md"",""target_sha256"":""b1dd2926dc8bfdb84c6a3b4605490a8d96b14c44d89653867160d701fa0f17db"",""terminology_id"":""security.private_key_compromise""}","[{""evidence_path"":""qa/review-candidates/boundary28-r2/TERMINOLOGY.md"",""source_text"":""private-key compromise"",""target_text"":""kompromi kunci privat"",""usage"":""authoritative complete-edition term mapping""}]"
r014.backend.record,1.0.0,ttp.r014.term.185,term,active,ttp.r014.yaintt,ttp.r014.yaintt,,id-ID,2026-08-22T03:06:00+02:00,codex.r014.id-ID,,185,ttp.concept.cryptographic_hash_function,cryptographic hash function,fungsi hash kriptografis,[],[],R014 complete reviewed id-ID edition,formal textbook,"{""evidence_sha256"":""3e3fe31baa8565bbc54cd6d789570cac18ed469f68cf683f08dd639ef92d9bd1"",""notes"":""Maps arbitrary-length bit strings to fixed-length bit strings under three computational resistance requirements."",""path"":""qa/review-candidates/boundary28-r2/TERMINOLOGY.md"",""target_sha256"":""b1dd2926dc8bfdb84c6a3b4605490a8d96b14c44d89653867160d701fa0f17db"",""terminology_id"":""crypto.cryptographic_hash_function""}","[{""evidence_path"":""qa/review-candidates/boundary28-r2/TERMINOLOGY.md"",""source_text"":""cryptographic hash function"",""target_text"":""fungsi hash kriptografis"",""usage"":""authoritative complete-edition term mapping""}]"
r014.backend.record,1.0.0,ttp.r014.term.186,term,active,ttp.r014.yaintt,ttp.r014.yaintt,,id-ID,2026-08-22T03:06:00+02:00,codex.r014.id-ID,,186,ttp.concept.hash_value,hash value,nilai hash,[],[],R014 complete reviewed id-ID edition,formal textbook,"{""evidence_sha256"":""3e3fe31baa8565bbc54cd6d789570cac18ed469f68cf683f08dd639ef92d9bd1"",""notes"":""Fixed-length output `h(m)`."",""path"":""qa/review-candidates/boundary28-r2/TERMINOLOGY.md"",""target_sha256"":""b1dd2926dc8bfdb84c6a3b4605490a8d96b14c44d89653867160d701fa0f17db"",""terminology_id"":""crypto.hash_value""}","[{""evidence_path"":""qa/review-candidates/boundary28-r2/TERMINOLOGY.md"",""source_text"":""hash value"",""target_text"":""nilai hash"",""usage"":""authoritative complete-edition term mapping""}]"
r014.backend.record,1.0.0,ttp.r014.term.187,term,active,ttp.r014.yaintt,ttp.r014.yaintt,,id-ID,2026-08-22T03:06:00+02:00,codex.r014.id-ID,,187,ttp.concept.preimage_resistance,pre-image resistance,ketahanan praimaji,[],[],R014 complete reviewed id-ID edition,formal textbook,"{""evidence_sha256"":""3e3fe31baa8565bbc54cd6d789570cac18ed469f68cf683f08dd639ef92d9bd1"",""notes"":""Infeasibility of finding an input for a randomly generated target digest under the specified challenge distribution."",""path"":""qa/review-candidates/boundary28-r2/TERMINOLOGY.md"",""target_sha256"":""b1dd2926dc8bfdb84c6a3b4605490a8d96b14c44d89653867160d701fa0f17db"",""terminology_id"":""crypto.preimage_resistance""}","[{""evidence_path"":""qa/review-candidates/boundary28-r2/TERMINOLOGY.md"",""source_text"":""pre-image resistance"",""target_text"":""ketahanan praimaji"",""usage"":""authoritative complete-edition term mapping""}]"
r014.backend.record,1.0.0,ttp.r014.term.188,term,active,ttp.r014.yaintt,ttp.r014.yaintt,,id-ID,2026-08-22T03:06:00+02:00,codex.r014.id-ID,,188,ttp.concept.second_preimage_resistance,second pre-image resistance,ketahanan praimaji kedua,[],[],R014 complete reviewed id-ID edition,formal textbook,"{""evidence_sha256"":""3e3fe31baa8565bbc54cd6d789570cac18ed469f68cf683f08dd639ef92d9bd1"",""notes"":""Infeasibility of finding a different input with the same hash as a specified input."",""path"":""qa/review-candidates/boundary28-r2/TERMINOLOGY.md"",""target_sha256"":""b1dd2926dc8bfdb84c6a3b4605490a8d96b14c44d89653867160d701fa0f17db"",""terminology_id"":""crypto.second_preimage_resistance""}","[{""evidence_path"":""qa/review-candidates/boundary28-r2/TERMINOLOGY.md"",""source_text"":""second pre-image resistance"",""target_text"":""ketahanan praimaji kedua"",""usage"":""authoritative complete-edition term mapping""}]"
r014.backend.record,1.0.0,ttp.r014.term.189,term,active,ttp.r014.yaintt,ttp.r014.yaintt,,id-ID,2026-08-22T03:06:00+02:00,codex.r014.id-ID,,189,ttp.concept.collision_resistance,collision resistance,ketahanan tumbukan,[],[],R014 complete reviewed id-ID edition,formal textbook,"{""evidence_sha256"":""3e3fe31baa8565bbc54cd6d789570cac18ed469f68cf683f08dd639ef92d9bd1"",""notes"":""Infeasibility of finding distinct inputs with equal hashes."",""path"":""qa/review-candidates/boundary28-r2/TERMINOLOGY.md"",""target_sha256"":""b1dd2926dc8bfdb84c6a3b4605490a8d96b14c44d89653867160d701fa0f17db"",""terminology_id"":""crypto.collision_resistance""}","[{""evidence_path"":""qa/review-candidates/boundary28-r2/TERMINOLOGY.md"",""source_text"":""collision resistance"",""target_text"":""ketahanan tumbukan"",""usage"":""authoritative complete-edition term mapping""}]"
r014.backend.record,1.0.0,ttp.r014.term.190,term,active,ttp.r014.yaintt,ttp.r014.yaintt,,id-ID,2026-08-22T03:06:00+02:00,codex.r014.id-ID,,190,ttp.concept.collision,collision,tumbukan,[],[],R014 complete reviewed id-ID edition,formal textbook,"{""evidence_sha256"":""3e3fe31baa8565bbc54cd6d789570cac18ed469f68cf683f08dd639ef92d9bd1"",""notes"":""A pair of distinct inputs with the same hash output."",""path"":""qa/review-candidates/boundary28-r2/TERMINOLOGY.md"",""target_sha256"":""b1dd2926dc8bfdb84c6a3b4605490a8d96b14c44d89653867160d701fa0f17db"",""terminology_id"":""crypto.collision""}","[{""evidence_path"":""qa/review-candidates/boundary28-r2/TERMINOLOGY.md"",""source_text"":""collision"",""target_text"":""tumbukan"",""usage"":""authoritative complete-edition term mapping""}]"
r014.backend.record,1.0.0,ttp.r014.term.191,term,active,ttp.r014.yaintt,ttp.r014.yaintt,,id-ID,2026-08-22T03:06:00+02:00,codex.r014.id-ID,,191,ttp.concept.fingerprint,fingerprint,sidik jari,[],[],R014 complete reviewed id-ID edition,formal textbook,"{""evidence_sha256"":""3e3fe31baa8565bbc54cd6d789570cac18ed469f68cf683f08dd639ef92d9bd1"",""notes"":""A hash used here to detect non-malicious corruption."",""path"":""qa/review-candidates/boundary28-r2/TERMINOLOGY.md"",""target_sha256"":""b1dd2926dc8bfdb84c6a3b4605490a8d96b14c44d89653867160d701fa0f17db"",""terminology_id"":""crypto.fingerprint""}","[{""evidence_path"":""qa/review-candidates/boundary28-r2/TERMINOLOGY.md"",""source_text"":""fingerprint"",""target_text"":""sidik jari"",""usage"":""authoritative complete-edition term mapping""}]"
r014.backend.record,1.0.0,ttp.r014.term.192,term,active,ttp.r014.yaintt,ttp.r014.yaintt,,id-ID,2026-08-22T03:06:00+02:00,codex.r014.id-ID,,192,ttp.concept.signing_key,signing key,kunci penandatanganan,[],[],R014 complete reviewed id-ID edition,formal textbook,"{""evidence_sha256"":""3e3fe31baa8565bbc54cd6d789570cac18ed469f68cf683f08dd639ef92d9bd1"",""notes"":""Private RSA/decryption key used to form the signature."",""path"":""qa/review-candidates/boundary28-r2/TERMINOLOGY.md"",""target_sha256"":""b1dd2926dc8bfdb84c6a3b4605490a8d96b14c44d89653867160d701fa0f17db"",""terminology_id"":""crypto.signing_key""}","[{""evidence_path"":""qa/review-candidates/boundary28-r2/TERMINOLOGY.md"",""source_text"":""signing key"",""target_text"":""kunci penandatanganan"",""usage"":""authoritative complete-edition term mapping""}]"
r014.backend.record,1.0.0,ttp.r014.term.193,term,active,ttp.r014.yaintt,ttp.r014.yaintt,,id-ID,2026-08-22T03:06:00+02:00,codex.r014.id-ID,,193,ttp.concept.verification_key,verification key,kunci verifikasi,[],[],R014 complete reviewed id-ID edition,formal textbook,"{""evidence_sha256"":""3e3fe31baa8565bbc54cd6d789570cac18ed469f68cf683f08dd639ef92d9bd1"",""notes"":""Public RSA/encryption key used to verify the signature."",""path"":""qa/review-candidates/boundary28-r2/TERMINOLOGY.md"",""target_sha256"":""b1dd2926dc8bfdb84c6a3b4605490a8d96b14c44d89653867160d701fa0f17db"",""terminology_id"":""crypto.verification_key""}","[{""evidence_path"":""qa/review-candidates/boundary28-r2/TERMINOLOGY.md"",""source_text"":""verification key"",""target_text"":""kunci verifikasi"",""usage"":""authoritative complete-edition term mapping""}]"
r014.backend.record,1.0.0,ttp.r014.term.194,term,active,ttp.r014.yaintt,ttp.r014.yaintt,,id-ID,2026-08-22T03:06:00+02:00,codex.r014.id-ID,,194,ttp.concept.signature_encoding,signature encoding,enkode tanda tangan,[],[],R014 complete reviewed id-ID edition,formal textbook,"{""evidence_sha256"":""3e3fe31baa8565bbc54cd6d789570cac18ed469f68cf683f08dd639ef92d9bd1"",""notes"":""Scheme-specific encoding/padding applied before the RSA private operation."",""path"":""qa/review-candidates/boundary28-r2/TERMINOLOGY.md"",""target_sha256"":""b1dd2926dc8bfdb84c6a3b4605490a8d96b14c44d89653867160d701fa0f17db"",""terminology_id"":""crypto.signature_encoding""}","[{""evidence_path"":""qa/review-candidates/boundary28-r2/TERMINOLOGY.md"",""source_text"":""signature encoding"",""target_text"":""enkode tanda tangan"",""usage"":""authoritative complete-edition term mapping""}]"
r014.backend.record,1.0.0,ttp.r014.term.195,term,active,ttp.r014.yaintt,ttp.r014.yaintt,,id-ID,2026-08-22T03:06:00+02:00,codex.r014.id-ID,,195,ttp.concept.message_representative,message representative,wakil pesan,[],[],R014 complete reviewed id-ID edition,formal textbook,"{""evidence_sha256"":""3e3fe31baa8565bbc54cd6d789570cac18ed469f68cf683f08dd639ef92d9bd1"",""notes"":""Integer `H_n(m)` in `0,\\dots,n-1` obtained by encoding the digest for RSA."",""path"":""qa/review-candidates/boundary28-r2/TERMINOLOGY.md"",""target_sha256"":""b1dd2926dc8bfdb84c6a3b4605490a8d96b14c44d89653867160d701fa0f17db"",""terminology_id"":""crypto.message_representative""}","[{""evidence_path"":""qa/review-candidates/boundary28-r2/TERMINOLOGY.md"",""source_text"":""message representative"",""target_text"":""wakil pesan"",""usage"":""authoritative complete-edition term mapping""}]"
r014.backend.record,1.0.0,ttp.r014.term.196,term,active,ttp.r014.yaintt,ttp.r014.yaintt,,id-ID,2026-08-22T03:06:00+02:00,codex.r014.id-ID,,196,ttp.concept.challenge_distribution,challenge distribution,distribusi tantangan,[],[],R014 complete reviewed id-ID edition,formal textbook,"{""evidence_sha256"":""3e3fe31baa8565bbc54cd6d789570cac18ed469f68cf683f08dd639ef92d9bd1"",""notes"":""Distribution used to sample the hidden input for a preimage-resistance experiment."",""path"":""qa/review-candidates/boundary28-r2/TERMINOLOGY.md"",""target_sha256"":""b1dd2926dc8bfdb84c6a3b4605490a8d96b14c44d89653867160d701fa0f17db"",""terminology_id"":""crypto.challenge_distribution""}","[{""evidence_path"":""qa/review-candidates/boundary28-r2/TERMINOLOGY.md"",""source_text"":""challenge distribution"",""target_text"":""distribusi tantangan"",""usage"":""authoritative complete-edition term mapping""}]"
r014.backend.record,1.0.0,ttp.r014.term.197,term,active,ttp.r014.yaintt,ttp.r014.yaintt,,id-ID,2026-08-22T03:06:00+02:00,codex.r014.id-ID,,197,ttp.concept.replay_attack,replay attack,serangan putar ulang,[],[],R014 complete reviewed id-ID edition,formal textbook,"{""evidence_sha256"":""3e3fe31baa8565bbc54cd6d789570cac18ed469f68cf683f08dd639ef92d9bd1"",""notes"":""Reuse of a previously valid signed pair; signature validity alone does not prove freshness."",""path"":""qa/review-candidates/boundary28-r2/TERMINOLOGY.md"",""target_sha256"":""b1dd2926dc8bfdb84c6a3b4605490a8d96b14c44d89653867160d701fa0f17db"",""terminology_id"":""security.replay_attack""}","[{""evidence_path"":""qa/review-candidates/boundary28-r2/TERMINOLOGY.md"",""source_text"":""replay attack"",""target_text"":""serangan putar ulang"",""usage"":""authoritative complete-edition term mapping""}]"
r014.backend.record,1.0.0,ttp.r014.term.198,term,active,ttp.r014.yaintt,ttp.r014.yaintt,,id-ID,2026-08-22T03:06:00+02:00,codex.r014.id-ID,,198,ttp.concept.man_in_the_middle_attack,man-in-the-middle attack,serangan man-in-the-middle,[],[],R014 complete reviewed id-ID edition,formal textbook,"{""evidence_sha256"":""3e3fe31baa8565bbc54cd6d789570cac18ed469f68cf683f08dd639ef92d9bd1"",""notes"":""Active attacker substitutes keys and relays or alters traffic; retain the conventional technical phrase."",""path"":""qa/review-candidates/boundary28-r2/TERMINOLOGY.md"",""target_sha256"":""b1dd2926dc8bfdb84c6a3b4605490a8d96b14c44d89653867160d701fa0f17db"",""terminology_id"":""security.man_in_the_middle_attack""}","[{""evidence_path"":""qa/review-candidates/boundary28-r2/TERMINOLOGY.md"",""source_text"":""man-in-the-middle attack"",""target_text"":""serangan man-in-the-middle"",""usage"":""authoritative complete-edition term mapping""}]"
r014.backend.record,1.0.0,ttp.r014.term.199,term,active,ttp.r014.yaintt,ttp.r014.yaintt,,id-ID,2026-08-22T03:06:00+02:00,codex.r014.id-ID,,199,ttp.concept.identity_key_binding,identity–key binding,pengikatan identitas--kunci,[],[],R014 complete reviewed id-ID edition,formal textbook,"{""evidence_sha256"":""3e3fe31baa8565bbc54cd6d789570cac18ed469f68cf683f08dd639ef92d9bd1"",""notes"":""Claim that a specific public key belongs to an identified subject."",""path"":""qa/review-candidates/boundary28-r2/TERMINOLOGY.md"",""target_sha256"":""b1dd2926dc8bfdb84c6a3b4605490a8d96b14c44d89653867160d701fa0f17db"",""terminology_id"":""security.identity_key_binding""}","[{""evidence_path"":""qa/review-candidates/boundary28-r2/TERMINOLOGY.md"",""source_text"":""identity–key binding"",""target_text"":""pengikatan identitas--kunci"",""usage"":""authoritative complete-edition term mapping""}]"
r014.backend.record,1.0.0,ttp.r014.term.200,term,active,ttp.r014.yaintt,ttp.r014.yaintt,,id-ID,2026-08-22T03:06:00+02:00,codex.r014.id-ID,,200,ttp.concept.trusted_third_party,trusted third party (TTP),pihak ketiga tepercaya (TTP),[],[],R014 complete reviewed id-ID edition,formal textbook,"{""evidence_sha256"":""3e3fe31baa8565bbc54cd6d789570cac18ed469f68cf683f08dd639ef92d9bd1"",""notes"":""External party whose verification statement is trusted."",""path"":""qa/review-candidates/boundary28-r2/TERMINOLOGY.md"",""target_sha256"":""b1dd2926dc8bfdb84c6a3b4605490a8d96b14c44d89653867160d701fa0f17db"",""terminology_id"":""pki.trusted_third_party""}","[{""evidence_path"":""qa/review-candidates/boundary28-r2/TERMINOLOGY.md"",""source_text"":""trusted third party (TTP)"",""target_text"":""pihak ketiga tepercaya (TTP)"",""usage"":""authoritative complete-edition term mapping""}]"
r014.backend.record,1.0.0,ttp.r014.term.201,term,active,ttp.r014.yaintt,ttp.r014.yaintt,,id-ID,2026-08-22T03:06:00+02:00,codex.r014.id-ID,,201,ttp.concept.certificate_authority,certificate authority (CA),otoritas sertifikat (CA),[],[],R014 complete reviewed id-ID edition,formal textbook,"{""evidence_sha256"":""3e3fe31baa8565bbc54cd6d789570cac18ed469f68cf683f08dd639ef92d9bd1"",""notes"":""Trusted party that signs certificates under a stated verification policy."",""path"":""qa/review-candidates/boundary28-r2/TERMINOLOGY.md"",""target_sha256"":""b1dd2926dc8bfdb84c6a3b4605490a8d96b14c44d89653867160d701fa0f17db"",""terminology_id"":""pki.certificate_authority""}","[{""evidence_path"":""qa/review-candidates/boundary28-r2/TERMINOLOGY.md"",""source_text"":""certificate authority (CA)"",""target_text"":""otoritas sertifikat (CA)"",""usage"":""authoritative complete-edition term mapping""}]"
r014.backend.record,1.0.0,ttp.r014.term.202,term,active,ttp.r014.yaintt,ttp.r014.yaintt,,id-ID,2026-08-22T03:06:00+02:00,codex.r014.id-ID,,202,ttp.concept.digital_certificate,digital certificate,sertifikat digital,[],[],R014 complete reviewed id-ID edition,formal textbook,"{""evidence_sha256"":""3e3fe31baa8565bbc54cd6d789570cac18ed469f68cf683f08dd639ef92d9bd1"",""notes"":""Signed structured statement binding subject identity, public key, and necessary metadata."",""path"":""qa/review-candidates/boundary28-r2/TERMINOLOGY.md"",""target_sha256"":""b1dd2926dc8bfdb84c6a3b4605490a8d96b14c44d89653867160d701fa0f17db"",""terminology_id"":""pki.digital_certificate""}","[{""evidence_path"":""qa/review-candidates/boundary28-r2/TERMINOLOGY.md"",""source_text"":""digital certificate"",""target_text"":""sertifikat digital"",""usage"":""authoritative complete-edition term mapping""}]"
r014.backend.record,1.0.0,ttp.r014.term.203,term,active,ttp.r014.yaintt,ttp.r014.yaintt,,id-ID,2026-08-22T03:06:00+02:00,codex.r014.id-ID,,203,ttp.concept.trust_anchor,trust anchor,jangkar kepercayaan,[],[],R014 complete reviewed id-ID edition,formal textbook,"{""evidence_sha256"":""3e3fe31baa8565bbc54cd6d789570cac18ed469f68cf683f08dd639ef92d9bd1"",""notes"":""Preinstalled or otherwise independently trusted CA verification key."",""path"":""qa/review-candidates/boundary28-r2/TERMINOLOGY.md"",""target_sha256"":""b1dd2926dc8bfdb84c6a3b4605490a8d96b14c44d89653867160d701fa0f17db"",""terminology_id"":""pki.trust_anchor""}","[{""evidence_path"":""qa/review-candidates/boundary28-r2/TERMINOLOGY.md"",""source_text"":""trust anchor"",""target_text"":""jangkar kepercayaan"",""usage"":""authoritative complete-edition term mapping""}]"
r014.backend.record,1.0.0,ttp.r014.term.204,term,active,ttp.r014.yaintt,ttp.r014.yaintt,,id-ID,2026-08-22T03:06:00+02:00,codex.r014.id-ID,,204,ttp.concept.certification_path,certification path / certificate chain,jalur sertifikasi / rantai sertifikat,"[""rantai sertifikat""]",[],R014 complete reviewed id-ID edition,formal textbook,"{""evidence_sha256"":""3e3fe31baa8565bbc54cd6d789570cac18ed469f68cf683f08dd639ef92d9bd1"",""notes"":""Validated certificate sequence ending at an independently trusted anchor."",""path"":""qa/review-candidates/boundary28-r2/TERMINOLOGY.md"",""target_sha256"":""b1dd2926dc8bfdb84c6a3b4605490a8d96b14c44d89653867160d701fa0f17db"",""terminology_id"":""pki.certification_path""}","[{""evidence_path"":""qa/review-candidates/boundary28-r2/TERMINOLOGY.md"",""source_text"":""certification path / certificate chain"",""target_text"":""jalur sertifikasi / rantai sertifikat"",""usage"":""authoritative complete-edition term mapping""}]"
r014.backend.record,1.0.0,ttp.r014.term.205,term,active,ttp.r014.yaintt,ttp.r014.yaintt,,id-ID,2026-08-22T03:06:00+02:00,codex.r014.id-ID,,205,ttp.concept.public_key_infrastructure,public key infrastructure (PKI),infrastruktur kunci publik (PKI),[],[],R014 complete reviewed id-ID edition,formal textbook,"{""evidence_sha256"":""3e3fe31baa8565bbc54cd6d789570cac18ed469f68cf683f08dd639ef92d9bd1"",""notes"":""Certificates, CAs, trust anchors, distribution, and validation machinery."",""path"":""qa/review-candidates/boundary28-r2/TERMINOLOGY.md"",""target_sha256"":""b1dd2926dc8bfdb84c6a3b4605490a8d96b14c44d89653867160d701fa0f17db"",""terminology_id"":""pki.public_key_infrastructure""}","[{""evidence_path"":""qa/review-candidates/boundary28-r2/TERMINOLOGY.md"",""source_text"":""public key infrastructure (PKI)"",""target_text"":""infrastruktur kunci publik (PKI)"",""usage"":""authoritative complete-edition term mapping""}]"
r014.backend.record,1.0.0,ttp.r014.term.206,term,active,ttp.r014.yaintt,ttp.r014.yaintt,,id-ID,2026-08-22T03:06:00+02:00,codex.r014.id-ID,,206,ttp.concept.web_of_trust,web of trust,jejaring kepercayaan,[],[],R014 complete reviewed id-ID edition,formal textbook,"{""evidence_sha256"":""3e3fe31baa8565bbc54cd6d789570cac18ed469f68cf683f08dd639ef92d9bd1"",""notes"":""Decentralized identity--key certifications interpreted under the relying user's local policy and ownertrust assignments; signature validity alone is insufficient."",""path"":""qa/review-candidates/boundary28-r2/TERMINOLOGY.md"",""target_sha256"":""b1dd2926dc8bfdb84c6a3b4605490a8d96b14c44d89653867160d701fa0f17db"",""terminology_id"":""pki.web_of_trust""}","[{""evidence_path"":""qa/review-candidates/boundary28-r2/TERMINOLOGY.md"",""source_text"":""web of trust"",""target_text"":""jejaring kepercayaan"",""usage"":""authoritative complete-edition term mapping""}]"
r014.backend.record,1.0.0,ttp.r014.term.207,term,active,ttp.r014.yaintt,ttp.r014.yaintt,,id-ID,2026-08-22T03:06:00+02:00,codex.r014.id-ID,,207,ttp.concept.ownertrust,ownertrust / introducer trust,tingkat kepercayaan kepada pemilik kunci (ownertrust),[],[],R014 complete reviewed id-ID edition,formal textbook,"{""evidence_sha256"":""3e3fe31baa8565bbc54cd6d789570cac18ed469f68cf683f08dd639ef92d9bd1"",""notes"":""Local judgment of how reliably a key owner certifies other identity--key bindings; distinct from mathematical signature validity."",""path"":""qa/review-candidates/boundary28-r2/TERMINOLOGY.md"",""target_sha256"":""b1dd2926dc8bfdb84c6a3b4605490a8d96b14c44d89653867160d701fa0f17db"",""terminology_id"":""pki.ownertrust""}","[{""evidence_path"":""qa/review-candidates/boundary28-r2/TERMINOLOGY.md"",""source_text"":""ownertrust / introducer trust"",""target_text"":""tingkat kepercayaan kepada pemilik kunci (ownertrust)"",""usage"":""authoritative complete-edition term mapping""}]"
r014.backend.record,1.0.0,ttp.r014.term.208,term,active,ttp.r014.yaintt,ttp.r014.yaintt,,id-ID,2026-08-22T03:06:00+02:00,codex.r014.id-ID,,208,ttp.concept.key_signing_party,key-signing party,pertemuan penandatanganan kunci,[],[],R014 complete reviewed id-ID edition,formal textbook,"{""evidence_sha256"":""3e3fe31baa8565bbc54cd6d789570cac18ed469f68cf683f08dd639ef92d9bd1"",""notes"":""Event for direct identity and full-fingerprint verification before signing."",""path"":""qa/review-candidates/boundary28-r2/TERMINOLOGY.md"",""target_sha256"":""b1dd2926dc8bfdb84c6a3b4605490a8d96b14c44d89653867160d701fa0f17db"",""terminology_id"":""pki.key_signing_party""}","[{""evidence_path"":""qa/review-candidates/boundary28-r2/TERMINOLOGY.md"",""source_text"":""key-signing party"",""target_text"":""pertemuan penandatanganan kunci"",""usage"":""authoritative complete-edition term mapping""}]"
r014.backend.record,1.0.0,ttp.r014.term.209,term,active,ttp.r014.yaintt,ttp.r014.yaintt,,id-ID,2026-08-22T03:06:00+02:00,codex.r014.id-ID,,209,ttp.concept.key_fingerprint,key fingerprint,sidik jari kunci,[],[],R014 complete reviewed id-ID edition,formal textbook,"{""evidence_sha256"":""3e3fe31baa8565bbc54cd6d789570cac18ed469f68cf683f08dd639ef92d9bd1"",""notes"":""Full format-defined digest used to compare a public key; do not use MD5."",""path"":""qa/review-candidates/boundary28-r2/TERMINOLOGY.md"",""target_sha256"":""b1dd2926dc8bfdb84c6a3b4605490a8d96b14c44d89653867160d701fa0f17db"",""terminology_id"":""pki.key_fingerprint""}","[{""evidence_path"":""qa/review-candidates/boundary28-r2/TERMINOLOGY.md"",""source_text"":""key fingerprint"",""target_text"":""sidik jari kunci"",""usage"":""authoritative complete-edition term mapping""}]"
r014.backend.record,1.0.0,ttp.r014.term.210,term,active,ttp.r014.yaintt,ttp.r014.yaintt,,id-ID,2026-08-22T03:06:00+02:00,codex.r014.id-ID,,210,ttp.concept.exponents_modulo_order,exponents modulo the multiplicative order,pangkat modulo orde multiplikatif,[],[],R014 complete reviewed id-ID edition,formal textbook,"{""evidence_sha256"":""3e3fe31baa8565bbc54cd6d789570cac18ed469f68cf683f08dd639ef92d9bd1"",""notes"":""`a^j\\equiv a^k\\pmod n` exactly when `j\\equiv k\\pmod{\\ord_n(a)}`."",""path"":""qa/review-candidates/boundary28-r2/TERMINOLOGY.md"",""target_sha256"":""b1dd2926dc8bfdb84c6a3b4605490a8d96b14c44d89653867160d701fa0f17db"",""terminology_id"":""nt.exponents_modulo_order""}","[{""evidence_path"":""qa/review-candidates/boundary28-r2/TERMINOLOGY.md"",""source_text"":""exponents modulo the multiplicative order"",""target_text"":""pangkat modulo orde multiplikatif"",""usage"":""authoritative complete-edition term mapping""}]"
r014.backend.record,1.0.0,ttp.r014.term.211,term,active,ttp.r014.yaintt,ttp.r014.yaintt,,id-ID,2026-08-22T03:06:00+02:00,codex.r014.id-ID,,211,ttp.concept.order_of_power,order of a power,orde suatu pangkat,[],[],R014 complete reviewed id-ID edition,formal textbook,"{""evidence_sha256"":""3e3fe31baa8565bbc54cd6d789570cac18ed469f68cf683f08dd639ef92d9bd1"",""notes"":""`\\ord_n(a^k)=\\ord_n(a)/\\gcd(\\ord_n(a),k)`."",""path"":""qa/review-candidates/boundary28-r2/TERMINOLOGY.md"",""target_sha256"":""b1dd2926dc8bfdb84c6a3b4605490a8d96b14c44d89653867160d701fa0f17db"",""terminology_id"":""nt.order_of_power""}","[{""evidence_path"":""qa/review-candidates/boundary28-r2/TERMINOLOGY.md"",""source_text"":""order of a power"",""target_text"":""orde suatu pangkat"",""usage"":""authoritative complete-edition term mapping""}]"
r014.backend.record,1.0.0,ttp.r014.term.212,term,active,ttp.r014.yaintt,ttp.r014.yaintt,,id-ID,2026-08-22T03:06:00+02:00,codex.r014.id-ID,,212,ttp.concept.gauss_totient_sum,Gauss's theorem on totient sums,Teorema Gauss tentang jumlah nilai fungsi phi Euler,[],[],R014 complete reviewed id-ID edition,formal textbook,"{""evidence_sha256"":""3e3fe31baa8565bbc54cd6d789570cac18ed469f68cf683f08dd639ef92d9bd1"",""notes"":""`\\sum_{d\\mid n}\\phi(d)=n`."",""path"":""qa/review-candidates/boundary28-r2/TERMINOLOGY.md"",""target_sha256"":""b1dd2926dc8bfdb84c6a3b4605490a8d96b14c44d89653867160d701fa0f17db"",""terminology_id"":""nt.gauss_totient_sum""}","[{""evidence_path"":""qa/review-candidates/boundary28-r2/TERMINOLOGY.md"",""source_text"":""Gauss's theorem on totient sums"",""target_text"":""Teorema Gauss tentang jumlah nilai fungsi phi Euler"",""usage"":""authoritative complete-edition term mapping""}]"
r014.backend.record,1.0.0,ttp.r014.term.213,term,active,ttp.r014.yaintt,ttp.r014.yaintt,,id-ID,2026-08-22T03:06:00+02:00,codex.r014.id-ID,,213,ttp.concept.divisor_sum_function,divisor-sum function F,fungsi jumlah pembagi F,[],[],R014 complete reviewed id-ID edition,formal textbook,"{""evidence_sha256"":""3e3fe31baa8565bbc54cd6d789570cac18ed469f68cf683f08dd639ef92d9bd1"",""notes"":""Here `F(n)=\\sum_{d\\mid n}\\phi(d)`; the proof establishes `F(n)=n`."",""path"":""qa/review-candidates/boundary28-r2/TERMINOLOGY.md"",""target_sha256"":""b1dd2926dc8bfdb84c6a3b4605490a8d96b14c44d89653867160d701fa0f17db"",""terminology_id"":""nt.divisor_sum_function""}","[{""evidence_path"":""qa/review-candidates/boundary28-r2/TERMINOLOGY.md"",""source_text"":""divisor-sum function F"",""target_text"":""fungsi jumlah pembagi F"",""usage"":""authoritative complete-edition term mapping""}]"
r014.backend.record,1.0.0,ttp.r014.term.214,term,active,ttp.r014.yaintt,ttp.r014.yaintt,,id-ID,2026-08-22T03:06:00+02:00,codex.r014.id-ID,,214,ttp.concept.primitive_root,primitive root modulo n,akar primitif modulo n,[],[],R014 complete reviewed id-ID edition,formal textbook,"{""evidence_sha256"":""3e3fe31baa8565bbc54cd6d789570cac18ed469f68cf683f08dd639ef92d9bd1"",""notes"":""Unit `a` satisfying `\\ord_n(a)=\\phi(n)`."",""path"":""qa/review-candidates/boundary28-r2/TERMINOLOGY.md"",""target_sha256"":""b1dd2926dc8bfdb84c6a3b4605490a8d96b14c44d89653867160d701fa0f17db"",""terminology_id"":""nt.primitive_root""}","[{""evidence_path"":""qa/review-candidates/boundary28-r2/TERMINOLOGY.md"",""source_text"":""primitive root modulo n"",""target_text"":""akar primitif modulo n"",""usage"":""authoritative complete-edition term mapping""}]"
r014.backend.record,1.0.0,ttp.r014.term.215,term,active,ttp.r014.yaintt,ttp.r014.yaintt,,id-ID,2026-08-22T03:06:00+02:00,codex.r014.id-ID,,215,ttp.concept.primitive_root_count,number of primitive roots,banyaknya akar primitif,[],[],R014 complete reviewed id-ID edition,formal textbook,"{""evidence_sha256"":""3e3fe31baa8565bbc54cd6d789570cac18ed469f68cf683f08dd639ef92d9bd1"",""notes"":""If primitive roots modulo `n` exist, their count is `\\phi(\\phi(n))`; for prime `p`, it is `\\phi(p-1)`."",""path"":""qa/review-candidates/boundary28-r2/TERMINOLOGY.md"",""target_sha256"":""b1dd2926dc8bfdb84c6a3b4605490a8d96b14c44d89653867160d701fa0f17db"",""terminology_id"":""nt.primitive_root_count""}","[{""evidence_path"":""qa/review-candidates/boundary28-r2/TERMINOLOGY.md"",""source_text"":""number of primitive roots"",""target_text"":""banyaknya akar primitif"",""usage"":""authoritative complete-edition term mapping""}]"
r014.backend.record,1.0.0,ttp.r014.term.216,term,active,ttp.r014.yaintt,ttp.r014.yaintt,,id-ID,2026-08-22T03:06:00+02:00,codex.r014.id-ID,,216,ttp.concept.polynomial_mod_p,polynomial modulo p,polinomial modulo p,[],[],R014 complete reviewed id-ID edition,formal textbook,"{""evidence_sha256"":""3e3fe31baa8565bbc54cd6d789570cac18ed469f68cf683f08dd639ef92d9bd1"",""notes"":""Polynomial congruence over `\\ZZ/p\\ZZ`; a nonzero degree-`n` polynomial has at most `n` roots when `p` is prime."",""path"":""qa/review-candidates/boundary28-r2/TERMINOLOGY.md"",""target_sha256"":""b1dd2926dc8bfdb84c6a3b4605490a8d96b14c44d89653867160d701fa0f17db"",""terminology_id"":""algebra.polynomial_mod_p""}","[{""evidence_path"":""qa/review-candidates/boundary28-r2/TERMINOLOGY.md"",""source_text"":""polynomial modulo p"",""target_text"":""polinomial modulo p"",""usage"":""authoritative complete-edition term mapping""}]"
r014.backend.record,1.0.0,ttp.r014.term.217,term,active,ttp.r014.yaintt,ttp.r014.yaintt,,id-ID,2026-08-22T03:06:00+02:00,codex.r014.id-ID,,217,ttp.concept.polynomial_root,root of a polynomial,akar polinomial,[],[],R014 complete reviewed id-ID edition,formal textbook,"{""evidence_sha256"":""3e3fe31baa8565bbc54cd6d789570cac18ed469f68cf683f08dd639ef92d9bd1"",""notes"":""Residue class making the polynomial congruent to zero."",""path"":""qa/review-candidates/boundary28-r2/TERMINOLOGY.md"",""target_sha256"":""b1dd2926dc8bfdb84c6a3b4605490a8d96b14c44d89653867160d701fa0f17db"",""terminology_id"":""algebra.polynomial_root""}","[{""evidence_path"":""qa/review-candidates/boundary28-r2/TERMINOLOGY.md"",""source_text"":""root of a polynomial"",""target_text"":""akar polinomial"",""usage"":""authoritative complete-edition term mapping""}]"
r014.backend.record,1.0.0,ttp.r014.term.218,term,active,ttp.r014.yaintt,ttp.r014.yaintt,,id-ID,2026-08-22T03:06:00+02:00,codex.r014.id-ID,,218,ttp.concept.zero_product_property,zero-product property,sifat hasil kali nol,[],[],R014 complete reviewed id-ID edition,formal textbook,"{""evidence_sha256"":""3e3fe31baa8565bbc54cd6d789570cac18ed469f68cf683f08dd639ef92d9bd1"",""notes"":""In `\\ZZ/p\\ZZ` for prime `p`, a product is zero only if one factor is zero."",""path"":""qa/review-candidates/boundary28-r2/TERMINOLOGY.md"",""target_sha256"":""b1dd2926dc8bfdb84c6a3b4605490a8d96b14c44d89653867160d701fa0f17db"",""terminology_id"":""algebra.zero_product_property""}","[{""evidence_path"":""qa/review-candidates/boundary28-r2/TERMINOLOGY.md"",""source_text"":""zero-product property"",""target_text"":""sifat hasil kali nol"",""usage"":""authoritative complete-edition term mapping""}]"
r014.backend.record,1.0.0,ttp.r014.term.219,term,active,ttp.r014.yaintt,ttp.r014.yaintt,,id-ID,2026-08-22T03:06:00+02:00,codex.r014.id-ID,,219,ttp.concept.integral_domain,integral domain / domain,domain integral / domain,"[""domain""]",[],R014 complete reviewed id-ID edition,formal textbook,"{""evidence_sha256"":""3e3fe31baa8565bbc54cd6d789570cac18ed469f68cf683f08dd639ef92d9bd1"",""notes"":""Ring with no nonzero zero divisors; the source uses the shorter word `domain`."",""path"":""qa/review-candidates/boundary28-r2/TERMINOLOGY.md"",""target_sha256"":""b1dd2926dc8bfdb84c6a3b4605490a8d96b14c44d89653867160d701fa0f17db"",""terminology_id"":""algebra.integral_domain""}","[{""evidence_path"":""qa/review-candidates/boundary28-r2/TERMINOLOGY.md"",""source_text"":""integral domain / domain"",""target_text"":""domain integral / domain"",""usage"":""authoritative complete-edition term mapping""}]"
r014.backend.record,1.0.0,ttp.r014.term.220,term,active,ttp.r014.yaintt,ttp.r014.yaintt,,id-ID,2026-08-22T03:06:00+02:00,codex.r014.id-ID,,220,ttp.concept.order_class_count,number of classes of order d modulo p,banyaknya kelas berorde d modulo p,[],[],R014 complete reviewed id-ID edition,formal textbook,"{""evidence_sha256"":""3e3fe31baa8565bbc54cd6d789570cac18ed469f68cf683f08dd639ef92d9bd1"",""notes"":""For prime `p` and positive `d\\mid p-1`, exactly `\\phi(d)` residue classes have order `d`."",""path"":""qa/review-candidates/boundary28-r2/TERMINOLOGY.md"",""target_sha256"":""b1dd2926dc8bfdb84c6a3b4605490a8d96b14c44d89653867160d701fa0f17db"",""terminology_id"":""nt.order_class_count""}","[{""evidence_path"":""qa/review-candidates/boundary28-r2/TERMINOLOGY.md"",""source_text"":""number of classes of order d modulo p"",""target_text"":""banyaknya kelas berorde d modulo p"",""usage"":""authoritative complete-edition term mapping""}]"
r014.backend.record,1.0.0,ttp.r014.term.221,term,active,ttp.r014.yaintt,ttp.r014.yaintt,,id-ID,2026-08-22T03:06:00+02:00,codex.r014.id-ID,,221,ttp.concept.index_relative,index of b relative to a,indeks b relatif terhadap a,[],[],R014 complete reviewed id-ID edition,formal textbook,"{""evidence_sha256"":""3e3fe31baa8565bbc54cd6d789570cac18ed469f68cf683f08dd639ef92d9bd1"",""notes"":""Least positive `k` satisfying `b\\equiv a^k\\pmod n` when `a` is a primitive root modulo `n`."",""path"":""qa/review-candidates/boundary28-r2/TERMINOLOGY.md"",""target_sha256"":""b1dd2926dc8bfdb84c6a3b4605490a8d96b14c44d89653867160d701fa0f17db"",""terminology_id"":""nt.index_relative""}","[{""evidence_path"":""qa/review-candidates/boundary28-r2/TERMINOLOGY.md"",""source_text"":""index of b relative to a"",""target_text"":""indeks b relatif terhadap a"",""usage"":""authoritative complete-edition term mapping""}]"
r014.backend.record,1.0.0,ttp.r014.term.222,term,active,ttp.r014.yaintt,ttp.r014.yaintt,,id-ID,2026-08-22T03:06:00+02:00,codex.r014.id-ID,,222,ttp.concept.discrete_logarithm_hardness,discrete-logarithm hardness,kesulitan komputasional logaritma diskret,[],[],R014 complete reviewed id-ID edition,formal textbook,"{""evidence_sha256"":""3e3fe31baa8565bbc54cd6d789570cac18ed469f68cf683f08dd639ef92d9bd1"",""notes"":""Scope claims to suitably chosen large parameter families and feasible classical algorithms; do not imply hardness in every multiplicative group."",""path"":""qa/review-candidates/boundary28-r2/TERMINOLOGY.md"",""target_sha256"":""b1dd2926dc8bfdb84c6a3b4605490a8d96b14c44d89653867160d701fa0f17db"",""terminology_id"":""complexity.discrete_logarithm_hardness""}","[{""evidence_path"":""qa/review-candidates/boundary28-r2/TERMINOLOGY.md"",""source_text"":""discrete-logarithm hardness"",""target_text"":""kesulitan komputasional logaritma diskret"",""usage"":""authoritative complete-edition term mapping""}]"
r014.backend.record,1.0.0,ttp.r014.term.223,term,active,ttp.r014.yaintt,ttp.r014.yaintt,,id-ID,2026-08-22T03:06:00+02:00,codex.r014.id-ID,,223,ttp.concept.change_of_base_formula,change-of-base formula,rumus perubahan basis,[],[],R014 complete reviewed id-ID edition,formal textbook,"{""evidence_sha256"":""3e3fe31baa8565bbc54cd6d789570cac18ed469f68cf683f08dd639ef92d9bd1"",""notes"":""Exercise term for converting indices between two primitive-root bases."",""path"":""qa/review-candidates/boundary28-r2/TERMINOLOGY.md"",""target_sha256"":""b1dd2926dc8bfdb84c6a3b4605490a8d96b14c44d89653867160d701fa0f17db"",""terminology_id"":""algebra.change_of_base_formula""}","[{""evidence_path"":""qa/review-candidates/boundary28-r2/TERMINOLOGY.md"",""source_text"":""change-of-base formula"",""target_text"":""rumus perubahan basis"",""usage"":""authoritative complete-edition term mapping""}]"
r014.backend.record,1.0.0,ttp.r014.term.224,term,active,ttp.r014.yaintt,ttp.r014.yaintt,,id-ID,2026-08-22T03:06:00+02:00,codex.r014.id-ID,,224,ttp.concept.diffie_hellman_key_exchange,Diffie--Hellman key exchange (DHKE),pertukaran kunci Diffie--Hellman (DHKE),[],[],R014 complete reviewed id-ID edition,formal textbook,"{""evidence_sha256"":""3e3fe31baa8565bbc54cd6d789570cac18ed469f68cf683f08dd639ef92d9bd1"",""notes"":""Protocol name; retain the conventional initialism and use a LaTeX en dash in the names."",""path"":""qa/review-candidates/boundary28-r2/TERMINOLOGY.md"",""target_sha256"":""b1dd2926dc8bfdb84c6a3b4605490a8d96b14c44d89653867160d701fa0f17db"",""terminology_id"":""crypto.diffie_hellman_key_exchange""}","[{""evidence_path"":""qa/review-candidates/boundary28-r2/TERMINOLOGY.md"",""source_text"":""Diffie--Hellman key exchange (DHKE)"",""target_text"":""pertukaran kunci Diffie--Hellman (DHKE)"",""usage"":""authoritative complete-edition term mapping""}]"
r014.backend.record,1.0.0,ttp.r014.term.225,term,active,ttp.r014.yaintt,ttp.r014.yaintt,,id-ID,2026-08-22T03:06:00+02:00,codex.r014.id-ID,,225,ttp.concept.dh_secret_exponent,Diffie--Hellman secret exponent,eksponen rahasia Diffie--Hellman,[],[],R014 complete reviewed id-ID edition,formal textbook,"{""evidence_sha256"":""3e3fe31baa8565bbc54cd6d789570cac18ed469f68cf683f08dd639ef92d9bd1"",""notes"":""In this full-group presentation, exclude the transparent endpoint choices `1` and `p-1`."",""path"":""qa/review-candidates/boundary28-r2/TERMINOLOGY.md"",""target_sha256"":""b1dd2926dc8bfdb84c6a3b4605490a8d96b14c44d89653867160d701fa0f17db"",""terminology_id"":""crypto.dh_secret_exponent""}","[{""evidence_path"":""qa/review-candidates/boundary28-r2/TERMINOLOGY.md"",""source_text"":""Diffie--Hellman secret exponent"",""target_text"":""eksponen rahasia Diffie--Hellman"",""usage"":""authoritative complete-edition term mapping""}]"
r014.backend.record,1.0.0,ttp.r014.term.226,term,active,ttp.r014.yaintt,ttp.r014.yaintt,,id-ID,2026-08-22T03:06:00+02:00,codex.r014.id-ID,,226,ttp.concept.shared_secret,shared secret / shared key,rahasia bersama / kunci bersama,"[""kunci bersama""]",[],R014 complete reviewed id-ID edition,formal textbook,"{""evidence_sha256"":""3e3fe31baa8565bbc54cd6d789570cac18ed469f68cf683f08dd639ef92d9bd1"",""notes"":""Common value computed independently by the two participants; distinguish the mathematical secret from any scheme-specific key encoding."",""path"":""qa/review-candidates/boundary28-r2/TERMINOLOGY.md"",""target_sha256"":""b1dd2926dc8bfdb84c6a3b4605490a8d96b14c44d89653867160d701fa0f17db"",""terminology_id"":""crypto.shared_secret""}","[{""evidence_path"":""qa/review-candidates/boundary28-r2/TERMINOLOGY.md"",""source_text"":""shared secret / shared key"",""target_text"":""rahasia bersama / kunci bersama"",""usage"":""authoritative complete-edition term mapping""}]"
r014.backend.record,1.0.0,ttp.r014.term.227,term,active,ttp.r014.yaintt,ttp.r014.yaintt,,id-ID,2026-08-22T03:06:00+02:00,codex.r014.id-ID,,227,ttp.concept.sophie_germain_prime,Sophie Germain prime,prima Sophie Germain,[],[],R014 complete reviewed id-ID edition,formal textbook,"{""evidence_sha256"":""3e3fe31baa8565bbc54cd6d789570cac18ed469f68cf683f08dd639ef92d9bd1"",""notes"":""Prime `p` for which `2p+1` is also prime."",""path"":""qa/review-candidates/boundary28-r2/TERMINOLOGY.md"",""target_sha256"":""b1dd2926dc8bfdb84c6a3b4605490a8d96b14c44d89653867160d701fa0f17db"",""terminology_id"":""nt.sophie_germain_prime""}","[{""evidence_path"":""qa/review-candidates/boundary28-r2/TERMINOLOGY.md"",""source_text"":""Sophie Germain prime"",""target_text"":""prima Sophie Germain"",""usage"":""authoritative complete-edition term mapping""}]"
r014.backend.record,1.0.0,ttp.r014.term.228,term,active,ttp.r014.yaintt,ttp.r014.yaintt,,id-ID,2026-08-22T03:06:00+02:00,codex.r014.id-ID,,228,ttp.concept.diffie_hellman_problem,Diffie--Hellman problem (DHP),masalah Diffie--Hellman (DHP),[],[],R014 complete reviewed id-ID edition,formal textbook,"{""evidence_sha256"":""3e3fe31baa8565bbc54cd6d789570cac18ed469f68cf683f08dd639ef92d9bd1"",""notes"":""Given `r^x` and `r^y` in the stated group, compute `r^{xy}` without being given `x` or `y`."",""path"":""qa/review-candidates/boundary28-r2/TERMINOLOGY.md"",""target_sha256"":""b1dd2926dc8bfdb84c6a3b4605490a8d96b14c44d89653867160d701fa0f17db"",""terminology_id"":""crypto.diffie_hellman_problem""}","[{""evidence_path"":""qa/review-candidates/boundary28-r2/TERMINOLOGY.md"",""source_text"":""Diffie--Hellman problem (DHP)"",""target_text"":""masalah Diffie--Hellman (DHP)"",""usage"":""authoritative complete-edition term mapping""}]"
r014.backend.record,1.0.0,ttp.r014.term.229,term,active,ttp.r014.yaintt,ttp.r014.yaintt,,id-ID,2026-08-22T03:06:00+02:00,codex.r014.id-ID,,229,ttp.concept.dh_public_parameters,Diffie--Hellman public parameters,parameter publik Diffie--Hellman,[],[],R014 complete reviewed id-ID edition,formal textbook,"{""evidence_sha256"":""3e3fe31baa8565bbc54cd6d789570cac18ed469f68cf683f08dd639ef92d9bd1"",""notes"":""Here, the public prime modulus `p` and primitive root `r`."",""path"":""qa/review-candidates/boundary28-r2/TERMINOLOGY.md"",""target_sha256"":""b1dd2926dc8bfdb84c6a3b4605490a8d96b14c44d89653867160d701fa0f17db"",""terminology_id"":""crypto.dh_public_parameters""}","[{""evidence_path"":""qa/review-candidates/boundary28-r2/TERMINOLOGY.md"",""source_text"":""Diffie--Hellman public parameters"",""target_text"":""parameter publik Diffie--Hellman"",""usage"":""authoritative complete-edition term mapping""}]"
r014.backend.record,1.0.0,ttp.r014.term.230,term,active,ttp.r014.yaintt,ttp.r014.yaintt,,id-ID,2026-08-22T03:06:00+02:00,codex.r014.id-ID,,230,ttp.concept.elgamal_cryptosystem,ElGamal cryptosystem,kriptosistem ElGamal,[],[],R014 complete reviewed id-ID edition,formal textbook,"{""evidence_sha256"":""3e3fe31baa8565bbc54cd6d789570cac18ed469f68cf683f08dd639ef92d9bd1"",""notes"":""Textbook multiplicative public-key construction; preserve the proper name."",""path"":""qa/review-candidates/boundary28-r2/TERMINOLOGY.md"",""target_sha256"":""b1dd2926dc8bfdb84c6a3b4605490a8d96b14c44d89653867160d701fa0f17db"",""terminology_id"":""crypto.elgamal_cryptosystem""}","[{""evidence_path"":""qa/review-candidates/boundary28-r2/TERMINOLOGY.md"",""source_text"":""ElGamal cryptosystem"",""target_text"":""kriptosistem ElGamal"",""usage"":""authoritative complete-edition term mapping""}]"
r014.backend.record,1.0.0,ttp.r014.term.231,term,active,ttp.r014.yaintt,ttp.r014.yaintt,,id-ID,2026-08-22T03:06:00+02:00,codex.r014.id-ID,,231,ttp.concept.elgamal_public_key,ElGamal public/encryption key,kunci publik/enkripsi ElGamal,[],[],R014 complete reviewed id-ID edition,formal textbook,"{""evidence_sha256"":""3e3fe31baa8565bbc54cd6d789570cac18ed469f68cf683f08dd639ef92d9bd1"",""notes"":""Tuple `(p,r,a)` with `a=r^\\alpha\\pmod p`."",""path"":""qa/review-candidates/boundary28-r2/TERMINOLOGY.md"",""target_sha256"":""b1dd2926dc8bfdb84c6a3b4605490a8d96b14c44d89653867160d701fa0f17db"",""terminology_id"":""crypto.elgamal_public_key""}","[{""evidence_path"":""qa/review-candidates/boundary28-r2/TERMINOLOGY.md"",""source_text"":""ElGamal public/encryption key"",""target_text"":""kunci publik/enkripsi ElGamal"",""usage"":""authoritative complete-edition term mapping""}]"
r014.backend.record,1.0.0,ttp.r014.term.232,term,active,ttp.r014.yaintt,ttp.r014.yaintt,,id-ID,2026-08-22T03:06:00+02:00,codex.r014.id-ID,,232,ttp.concept.elgamal_private_key,ElGamal private/decryption key,kunci privat/dekripsi ElGamal,[],[],R014 complete reviewed id-ID edition,formal textbook,"{""evidence_sha256"":""3e3fe31baa8565bbc54cd6d789570cac18ed469f68cf683f08dd639ef92d9bd1"",""notes"":""Tuple `(p,r,\\alpha)`; the secret exponent excludes the trivial endpoint `p-1`."",""path"":""qa/review-candidates/boundary28-r2/TERMINOLOGY.md"",""target_sha256"":""b1dd2926dc8bfdb84c6a3b4605490a8d96b14c44d89653867160d701fa0f17db"",""terminology_id"":""crypto.elgamal_private_key""}","[{""evidence_path"":""qa/review-candidates/boundary28-r2/TERMINOLOGY.md"",""source_text"":""ElGamal private/decryption key"",""target_text"":""kunci privat/dekripsi ElGamal"",""usage"":""authoritative complete-edition term mapping""}]"
r014.backend.record,1.0.0,ttp.r014.term.233,term,active,ttp.r014.yaintt,ttp.r014.yaintt,,id-ID,2026-08-22T03:06:00+02:00,codex.r014.id-ID,,233,ttp.concept.elgamal_ephemeral_exponent,ElGamal ephemeral exponent,eksponen efemeral ElGamal,[],[],R014 complete reviewed id-ID edition,formal textbook,"{""evidence_sha256"":""3e3fe31baa8565bbc54cd6d789570cac18ed469f68cf683f08dd639ef92d9bd1"",""notes"":""Fresh random `\\beta` used once for each encryption."",""path"":""qa/review-candidates/boundary28-r2/TERMINOLOGY.md"",""target_sha256"":""b1dd2926dc8bfdb84c6a3b4605490a8d96b14c44d89653867160d701fa0f17db"",""terminology_id"":""crypto.elgamal_ephemeral_exponent""}","[{""evidence_path"":""qa/review-candidates/boundary28-r2/TERMINOLOGY.md"",""source_text"":""ElGamal ephemeral exponent"",""target_text"":""eksponen efemeral ElGamal"",""usage"":""authoritative complete-edition term mapping""}]"
r014.backend.record,1.0.0,ttp.r014.term.234,term,active,ttp.r014.yaintt,ttp.r014.yaintt,,id-ID,2026-08-22T03:06:00+02:00,codex.r014.id-ID,,234,ttp.concept.elgamal_ciphertext,ElGamal ciphertext,cipherteks ElGamal,[],[],R014 complete reviewed id-ID edition,formal textbook,"{""evidence_sha256"":""3e3fe31baa8565bbc54cd6d789570cac18ed469f68cf683f08dd639ef92d9bd1"",""notes"":""Ordered pair `(r^\\beta, m a^\\beta)` reduced modulo `p`."",""path"":""qa/review-candidates/boundary28-r2/TERMINOLOGY.md"",""target_sha256"":""b1dd2926dc8bfdb84c6a3b4605490a8d96b14c44d89653867160d701fa0f17db"",""terminology_id"":""crypto.elgamal_ciphertext""}","[{""evidence_path"":""qa/review-candidates/boundary28-r2/TERMINOLOGY.md"",""source_text"":""ElGamal ciphertext"",""target_text"":""cipherteks ElGamal"",""usage"":""authoritative complete-edition term mapping""}]"
r014.backend.record,1.0.0,ttp.r014.term.235,term,active,ttp.r014.yaintt,ttp.r014.yaintt,,id-ID,2026-08-22T03:06:00+02:00,codex.r014.id-ID,,235,ttp.concept.elgamal_signature,ElGamal digital signature,tanda tangan digital ElGamal,[],[],R014 complete reviewed id-ID edition,formal textbook,"{""evidence_sha256"":""3e3fe31baa8565bbc54cd6d789570cac18ed469f68cf683f08dd639ef92d9bd1"",""notes"":""Pair `(x,y)` with `x=r^\\gamma\\pmod p` and `y=\\gamma^{-1}(m-\\alpha x)\\pmod{p-1}`."",""path"":""qa/review-candidates/boundary28-r2/TERMINOLOGY.md"",""target_sha256"":""b1dd2926dc8bfdb84c6a3b4605490a8d96b14c44d89653867160d701fa0f17db"",""terminology_id"":""crypto.elgamal_signature""}","[{""evidence_path"":""qa/review-candidates/boundary28-r2/TERMINOLOGY.md"",""source_text"":""ElGamal digital signature"",""target_text"":""tanda tangan digital ElGamal"",""usage"":""authoritative complete-edition term mapping""}]"
r014.backend.record,1.0.0,ttp.r014.term.236,term,active,ttp.r014.yaintt,ttp.r014.yaintt,,id-ID,2026-08-22T03:06:00+02:00,codex.r014.id-ID,,236,ttp.concept.elgamal_signature_nonce,ElGamal signature nonce,nonce tanda tangan ElGamal,[],[],R014 complete reviewed id-ID edition,formal textbook,"{""evidence_sha256"":""3e3fe31baa8565bbc54cd6d789570cac18ed469f68cf683f08dd639ef92d9bd1"",""notes"":""Fresh random invertible `\\gamma` modulo `p-1`; never substitute the unreduced `r^\\gamma` for signature component `x`."",""path"":""qa/review-candidates/boundary28-r2/TERMINOLOGY.md"",""target_sha256"":""b1dd2926dc8bfdb84c6a3b4605490a8d96b14c44d89653867160d701fa0f17db"",""terminology_id"":""crypto.elgamal_signature_nonce""}","[{""evidence_path"":""qa/review-candidates/boundary28-r2/TERMINOLOGY.md"",""source_text"":""ElGamal signature nonce"",""target_text"":""nonce tanda tangan ElGamal"",""usage"":""authoritative complete-edition term mapping""}]"
r014.backend.record,1.0.0,ttp.r014.term.237,term,active,ttp.r014.yaintt,ttp.r014.yaintt,,id-ID,2026-08-22T03:06:00+02:00,codex.r014.id-ID,,237,ttp.concept.functional_correctness,functional correctness,kebenaran fungsional,[],[],R014 complete reviewed id-ID edition,formal textbook,"{""evidence_sha256"":""3e3fe31baa8565bbc54cd6d789570cac18ed469f68cf683f08dd639ef92d9bd1"",""notes"":""Encryption/decryption or signing/verification composes as specified; this alone is not a strong adversarial security guarantee."",""path"":""qa/review-candidates/boundary28-r2/TERMINOLOGY.md"",""target_sha256"":""b1dd2926dc8bfdb84c6a3b4605490a8d96b14c44d89653867160d701fa0f17db"",""terminology_id"":""security.functional_correctness""}","[{""evidence_path"":""qa/review-candidates/boundary28-r2/TERMINOLOGY.md"",""source_text"":""functional correctness"",""target_text"":""kebenaran fungsional"",""usage"":""authoritative complete-edition term mapping""}]"
r014.backend.record,1.0.0,ttp.r014.term.238,term,active,ttp.r014.yaintt,ttp.r014.yaintt,,id-ID,2026-08-22T03:06:00+02:00,codex.r014.id-ID,,238,ttp.concept.semantic_security,semantic security,keamanan semantik,[],[],R014 complete reviewed id-ID edition,formal textbook,"{""evidence_sha256"":""3e3fe31baa8565bbc54cd6d789570cac18ed469f68cf683f08dd639ef92d9bd1"",""notes"":""Stronger confidentiality property not established by the section's correctness proof."",""path"":""qa/review-candidates/boundary28-r2/TERMINOLOGY.md"",""target_sha256"":""b1dd2926dc8bfdb84c6a3b4605490a8d96b14c44d89653867160d701fa0f17db"",""terminology_id"":""security.semantic_security""}","[{""evidence_path"":""qa/review-candidates/boundary28-r2/TERMINOLOGY.md"",""source_text"":""semantic security"",""target_text"":""keamanan semantik"",""usage"":""authoritative complete-edition term mapping""}]"
r014.backend.record,1.0.0,ttp.r014.term.239,term,active,ttp.r014.yaintt,ttp.r014.yaintt,,id-ID,2026-08-22T03:06:00+02:00,codex.r014.id-ID,,239,ttp.concept.fresh_randomness,fresh randomness,keacakan baru yang independen,[],[],R014 complete reviewed id-ID edition,formal textbook,"{""evidence_sha256"":""3e3fe31baa8565bbc54cd6d789570cac18ed469f68cf683f08dd639ef92d9bd1"",""notes"":""New independent randomness for each encryption or signature operation."",""path"":""qa/review-candidates/boundary28-r2/TERMINOLOGY.md"",""target_sha256"":""b1dd2926dc8bfdb84c6a3b4605490a8d96b14c44d89653867160d701fa0f17db"",""terminology_id"":""randomness.fresh_randomness""}","[{""evidence_path"":""qa/review-candidates/boundary28-r2/TERMINOLOGY.md"",""source_text"":""fresh randomness"",""target_text"":""keacakan baru yang independen"",""usage"":""authoritative complete-edition term mapping""}]"
