schema,schema_version,record_id,entity_class,status,work_id,resource_id,edition_id,locale,created_at,responsible_workflow,supersedes,unit_type,parent_unit_id,order,order_key,source_local_id,title_en,title_id,source_locator,source_content_sha256,target_locator,target_content_sha256,translation_state,rights_id,ancestry,path,label_status,assessment_closure,target_disposition,qa_event_ids
r014.backend.record,1.0.0,ttp.r014.unit.backmatter.bibliography,unit,active,ttp.r014.yaintt,ttp.r014.yaintt,ttp.r014.edition.id-id.boundary3,id-ID,2026-08-21T13:53:00+02:00,codex.r014.id-ID,,bibliography,ttp.r014.unit.backmatter,1,0001,bibliography,Bibliography,Daftar Pustaka,"{""end_line"":6000,""path"":""authority/downloads/yaintt.tex"",""start_line"":5999}",18e58762d0021ad131977ae9a3bcb478fc9270640a3e4bc1550c077ce352f34c,"{""end_line"":915,""path"":""qa/frozen-boundaries/boundary3/yaintt-id.tex"",""start_line"":913}",10016b61cf937675a40e2e5d0cd09e4f5ea0eda7e49920c7f15433bcca6ddbd6,structurally_verified,rights.yaintt.id-id.derivative,"[""ttp.r014.unit.book"",""ttp.r014.unit.backmatter"",""ttp.r014.unit.backmatter.bibliography""]",ttp.r014.unit.book/ttp.r014.unit.backmatter/ttp.r014.unit.backmatter.bibliography,generated_stable_id,,,"[""ttp.r014.qa.boundary3-build"",""ttp.r014.qa.boundary3-visual""]"
r014.backend.record,1.0.0,ttp.r014.unit.bib.stallman2002free,unit,active,ttp.r014.yaintt,ttp.r014.yaintt,ttp.r014.edition.id-id.boundary3,en,2026-08-21T13:53:00+02:00,codex.r014.id-ID,,bibliography_entry,ttp.r014.unit.backmatter.bibliography,1,0001,stallman2002free,Stallman 2002,Stallman 2002,"{""end_line"":158,""path"":""authority/downloads/refs.bib"",""start_line"":153}",3862b24a5008f00a0341e60e9e1d7e3c982fb58840be396c46a6ac9f4ee5e590,,,source_frozen,rights.yaintt.text_and_author_assets,"[""ttp.r014.unit.book"",""ttp.r014.unit.backmatter"",""ttp.r014.unit.backmatter.bibliography"",""ttp.r014.unit.bib.stallman2002free""]",ttp.r014.unit.book/ttp.r014.unit.backmatter/ttp.r014.unit.backmatter.bibliography/ttp.r014.unit.bib.stallman2002free,generated_stable_id,,,"[""ttp.r014.qa.source-authority""]"
r014.backend.record,1.0.0,ttp.r014.unit.book,unit,active,ttp.r014.yaintt,ttp.r014.yaintt,ttp.r014.edition.id-id.boundary3,id-ID,2026-08-21T13:53:00+02:00,codex.r014.id-ID,,book,,1,0001,book,Yet Another Introductory Number Theory Textbook,Satu Lagi Buku Teks Pengantar Teori Bilangan,"{""end_line"":6023,""path"":""authority/downloads/yaintt.tex"",""start_line"":1}",d2967870a0d43de60c590a2bb40cee6915e7b6d68a0dd3ad574f64c7b6430829,"{""end_line"":6102,""path"":""qa/frozen-boundaries/boundary3/yaintt-id.tex"",""start_line"":1}",60f581bc4a21e1956c51d4554021339e8ce8a308ac3059a4553898dc2f6f168d,draft,rights.yaintt.id-id.derivative,"[""ttp.r014.unit.book""]",ttp.r014.unit.book,generated_stable_id,,,"[""ttp.r014.qa.boundary1-topology"",""ttp.r014.qa.boundary1-math"",""ttp.r014.qa.boundary1-language"",""ttp.r014.qa.section-aowi-topology"",""ttp.r014.qa.section-aowi-math"",""ttp.r014.qa.section-aowi-language"",""ttp.r014.qa.section-dada-topology"",""ttp.r014.qa.section-dada-math"",""ttp.r014.qa.section-dada-language""]"
r014.backend.record,1.0.0,ttp.r014.unit.chap.cs.discussion.01,unit,active,ttp.r014.yaintt,ttp.r014.yaintt,ttp.r014.edition.id-id.boundary7,id-ID,2026-08-21T13:53:00+02:00,codex.r014.id-ID,,discussion,ttp.r014.unit.chap.cs,1,0001,generated:discussion:chap:Cs:01,Chapter introduction,Pengantar bab,"{""end_line"":1339,""path"":""authority/downloads/yaintt.tex"",""start_line"":1328}",37056ad8489864a733999853e28d7afee9f08f62400748f54c0a0fdc3f39f8e3,"{""end_line"":1493,""path"":""qa/frozen-boundaries/boundary7/yaintt-id.tex"",""start_line"":1481}",11004eff4ba78d57d8976c059e2393f9f58a3a53571d8b04df56b65508b5d2ec,language_reviewed,rights.yaintt.id-id.derivative.boundary7,"[""ttp.r014.unit.book"",""ttp.r014.unit.chap.cs"",""ttp.r014.unit.chap.cs.discussion.01""]",ttp.r014.unit.book/ttp.r014.unit.chap.cs/ttp.r014.unit.chap.cs.discussion.01,generated_stable_id,,,"[""ttp.r014.qa.section-itc-topology"",""ttp.r014.qa.section-itc-math"",""ttp.r014.qa.section-itc-language""]"
r014.backend.record,1.0.0,ttp.r014.unit.eg.inductionv1a.equation.01,unit,active,ttp.r014.yaintt,ttp.r014.yaintt,ttp.r014.edition.id-id.boundary3,id-ID,2026-08-21T13:53:00+02:00,codex.r014.id-ID,,equation,ttp.r014.unit.eg.inductionv1a,1,0001,generated:equation:inductionv1a:01,Target identity,Identitas sasaran,"{""end_line"":487,""path"":""authority/downloads/yaintt.tex"",""start_line"":485}",5a3090d9cd6c0a2c729412ce7f1a3dc0d32021bb73741aa1a60d9739a5e9baa2,"{""end_line"":534,""path"":""qa/frozen-boundaries/boundary3/yaintt-id.tex"",""start_line"":532}",5a3090d9cd6c0a2c729412ce7f1a3dc0d32021bb73741aa1a60d9739a5e9baa2,mathematically_reviewed,rights.yaintt.id-id.derivative,"[""ttp.r014.unit.book"",""ttp.r014.unit.chap.woad"",""ttp.r014.unit.sec.wopami"",""ttp.r014.unit.sec.wopami.subsection.03"",""ttp.r014.unit.eg.inductionv1a"",""ttp.r014.unit.eg.inductionv1a.equation.01""]",ttp.r014.unit.book/ttp.r014.unit.chap.woad/ttp.r014.unit.sec.wopami/ttp.r014.unit.sec.wopami.subsection.03/ttp.r014.unit.eg.inductionv1a/ttp.r014.unit.eg.inductionv1a.equation.01,generated_stable_id,,,"[""ttp.r014.qa.boundary1-topology"",""ttp.r014.qa.boundary1-math"",""ttp.r014.qa.boundary1-language""]"
r014.backend.record,1.0.0,ttp.r014.unit.eg.inductionv1b.equation.01,unit,active,ttp.r014.yaintt,ttp.r014.yaintt,ttp.r014.edition.id-id.boundary3,id-ID,2026-08-21T13:53:00+02:00,codex.r014.id-ID,,equation,ttp.r014.unit.eg.inductionv1b,1,0001,generated:equation:inductionv1b:01,Induction hypothesis,Hipotesis induksi,"{""end_line"":512,""path"":""authority/downloads/yaintt.tex"",""start_line"":510}",b20a39622985c33833eb90f1032b699cfc3927ecd098512fdb588898a601c4b6,"{""end_line"":560,""path"":""qa/frozen-boundaries/boundary3/yaintt-id.tex"",""start_line"":558}",b20a39622985c33833eb90f1032b699cfc3927ecd098512fdb588898a601c4b6,mathematically_reviewed,rights.yaintt.id-id.derivative,"[""ttp.r014.unit.book"",""ttp.r014.unit.chap.woad"",""ttp.r014.unit.sec.wopami"",""ttp.r014.unit.sec.wopami.subsection.03"",""ttp.r014.unit.eg.inductionv1b"",""ttp.r014.unit.eg.inductionv1b.equation.01""]",ttp.r014.unit.book/ttp.r014.unit.chap.woad/ttp.r014.unit.sec.wopami/ttp.r014.unit.sec.wopami.subsection.03/ttp.r014.unit.eg.inductionv1b/ttp.r014.unit.eg.inductionv1b.equation.01,generated_stable_id,,,"[""ttp.r014.qa.boundary1-topology"",""ttp.r014.qa.boundary1-math"",""ttp.r014.qa.boundary1-language""]"
r014.backend.record,1.0.0,ttp.r014.unit.frontmatter,unit,active,ttp.r014.yaintt,ttp.r014.yaintt,ttp.r014.edition.id-id.boundary3,id-ID,2026-08-21T13:53:00+02:00,codex.r014.id-ID,,frontmatter,ttp.r014.unit.book,1,0001,frontmatter,Front matter,Bagian awal,"{""end_line"":388,""path"":""authority/downloads/yaintt.tex"",""start_line"":261}",772626882fda3cbc5746d43ce4ab8822062f94398d0e5206adacdbd37542a2fd,"{""end_line"":431,""path"":""qa/frozen-boundaries/boundary3/yaintt-id.tex"",""start_line"":282}",efe590be582c57172b71986ad3b4d95e48971e91e82f4b052f1136ae1317b34a,language_reviewed,rights.yaintt.id-id.derivative,"[""ttp.r014.unit.book"",""ttp.r014.unit.frontmatter""]",ttp.r014.unit.book/ttp.r014.unit.frontmatter,generated_stable_id,,,"[""ttp.r014.qa.boundary1-topology"",""ttp.r014.qa.boundary1-math"",""ttp.r014.qa.boundary1-language""]"
r014.backend.record,1.0.0,ttp.r014.unit.frontmatter.preface.figure.license-badge,unit,active,ttp.r014.yaintt,ttp.r014.yaintt,ttp.r014.edition.id-id.boundary3,en,2026-08-21T13:53:00+02:00,codex.r014.id-ID,,figure,ttp.r014.unit.frontmatter.preface,1,0001,by-sa.eps,CC BY-SA badge,Lencana lisensi sumber,"{""end_line"":304,""path"":""authority/downloads/yaintt.tex"",""start_line"":304}",5c58df6add5aa674234e097d1b76c60c682103ab523608d24ce48ac2b6b41939,,,blocked,rights.yaintt.license_badge,"[""ttp.r014.unit.book"",""ttp.r014.unit.frontmatter"",""ttp.r014.unit.frontmatter.preface"",""ttp.r014.unit.frontmatter.preface.figure.license-badge""]",ttp.r014.unit.book/ttp.r014.unit.frontmatter/ttp.r014.unit.frontmatter.preface/ttp.r014.unit.frontmatter.preface.figure.license-badge,generated_stable_id,,omitted_rights_unclosed,"[""ttp.r014.qa.source-authority""]"
r014.backend.record,1.0.0,ttp.r014.unit.frontmatter.release-notes.figure.caution,unit,active,ttp.r014.yaintt,ttp.r014.yaintt,ttp.r014.edition.id-id.boundary3,id-ID,2026-08-21T13:53:00+02:00,codex.r014.id-ID,,figure,ttp.r014.unit.frontmatter.release-notes,1,0001,dbend.eps,Caution symbol,Simbol perhatian,"{""end_line"":364,""path"":""authority/downloads/yaintt.tex"",""start_line"":359}",baf08a27adb28d9391b0a88a2f65ad00a1c071395b76ba3719070d9c962e01ff,"{""end_line"":407,""path"":""qa/frozen-boundaries/boundary3/yaintt-id.tex"",""start_line"":402}",baf08a27adb28d9391b0a88a2f65ad00a1c071395b76ba3719070d9c962e01ff,visually_checked,rights.yaintt.id-id.derivative,"[""ttp.r014.unit.book"",""ttp.r014.unit.frontmatter"",""ttp.r014.unit.frontmatter.release-notes"",""ttp.r014.unit.frontmatter.release-notes.figure.caution""]",ttp.r014.unit.book/ttp.r014.unit.frontmatter/ttp.r014.unit.frontmatter.release-notes/ttp.r014.unit.frontmatter.release-notes.figure.caution,generated_stable_id,,,"[""ttp.r014.qa.boundary1-topology"",""ttp.r014.qa.boundary1-math"",""ttp.r014.qa.boundary1-language""]"
r014.backend.record,1.0.0,ttp.r014.unit.frontmatter.title-page,unit,active,ttp.r014.yaintt,ttp.r014.yaintt,ttp.r014.edition.id-id.boundary3,id-ID,2026-08-21T13:53:00+02:00,codex.r014.id-ID,,title_page,ttp.r014.unit.frontmatter,1,0001,title-page,Title page,Halaman judul,"{""end_line"":279,""path"":""authority/downloads/yaintt.tex"",""start_line"":265}",eff1db86905494a89aeeb456e5d1a4fa75c47993165e440f6639dc68a0c93ce0,"{""end_line"":300,""path"":""qa/frozen-boundaries/boundary3/yaintt-id.tex"",""start_line"":286}",ca12c7c231a5db2222c1be6d2accb3221f82298bcac8ff4f820109500eeb9108,visually_checked,rights.yaintt.id-id.derivative,"[""ttp.r014.unit.book"",""ttp.r014.unit.frontmatter"",""ttp.r014.unit.frontmatter.title-page""]",ttp.r014.unit.book/ttp.r014.unit.frontmatter/ttp.r014.unit.frontmatter.title-page,generated_stable_id,,,"[""ttp.r014.qa.boundary1-topology"",""ttp.r014.qa.boundary1-math"",""ttp.r014.qa.boundary1-language""]"
r014.backend.record,1.0.0,ttp.r014.unit.frontmatter.title-page.figure.cover,unit,active,ttp.r014.yaintt,ttp.r014.yaintt,ttp.r014.edition.id-id.boundary3,id-ID,2026-08-21T13:53:00+02:00,codex.r014.id-ID,,figure,ttp.r014.unit.frontmatter.title-page,1,0001,cover_art.eps,Cover art,Seni sampul,"{""end_line"":265,""path"":""authority/downloads/yaintt.tex"",""start_line"":265}",7e8c0cfeacdfb90cade5947206d6e9746d1607fef339a93a6299cb37ffdc0db2,"{""end_line"":288,""path"":""qa/frozen-boundaries/boundary3/yaintt-id.tex"",""start_line"":286}",93a1249e02c8e275c5198ccaef561225864a2dc1389e6e3113bb0956e0178ca7,visually_checked,rights.yaintt.id-id.derivative,"[""ttp.r014.unit.book"",""ttp.r014.unit.frontmatter"",""ttp.r014.unit.frontmatter.title-page"",""ttp.r014.unit.frontmatter.title-page.figure.cover""]",ttp.r014.unit.book/ttp.r014.unit.frontmatter/ttp.r014.unit.frontmatter.title-page/ttp.r014.unit.frontmatter.title-page.figure.cover,generated_stable_id,,,"[""ttp.r014.qa.boundary1-topology"",""ttp.r014.qa.boundary1-math"",""ttp.r014.qa.boundary1-language""]"
r014.backend.record,1.0.0,ttp.r014.unit.lem.euclids.proof,unit,active,ttp.r014.yaintt,ttp.r014.yaintt,ttp.r014.edition.id-id.boundary7,id-ID,2026-08-21T13:53:00+02:00,codex.r014.id-ID,,proof,ttp.r014.unit.lem.euclids,1,0001,generated:proof:lem:euclids,Proof,Bukti,"{""end_line"":1523,""path"":""authority/downloads/yaintt.tex"",""start_line"":1518}",b873de80e7f0c5ffb2ceb037834d9eeaa2d219e6e8bf0bcc122fae1a312a36e8,"{""end_line"":1685,""path"":""qa/frozen-boundaries/boundary7/yaintt-id.tex"",""start_line"":1680}",9c050d16f24b122fad4ff2ae481d8b1e84a038a6a343586a41dfb95e4b16d280,language_reviewed,rights.yaintt.id-id.derivative.boundary7,"[""ttp.r014.unit.book"",""ttp.r014.unit.chap.cs"",""ttp.r014.unit.sec.itc"",""ttp.r014.unit.lem.euclids"",""ttp.r014.unit.lem.euclids.proof""]",ttp.r014.unit.book/ttp.r014.unit.chap.cs/ttp.r014.unit.sec.itc/ttp.r014.unit.lem.euclids/ttp.r014.unit.lem.euclids.proof,generated_stable_id,,,"[""ttp.r014.qa.section-itc-topology"",""ttp.r014.qa.section-itc-math"",""ttp.r014.qa.section-itc-language""]"
r014.backend.record,1.0.0,ttp.r014.unit.lem.gcdafterdivision.proof,unit,active,ttp.r014.yaintt,ttp.r014.yaintt,ttp.r014.edition.id-id.boundary6,id-ID,2026-08-21T13:53:00+02:00,codex.r014.id-ID,,proof,ttp.r014.unit.lem.gcdafterdivision,1,0001,generated:proof:lem:gcdafterdivision,Proof,Bukti,"{""end_line"":1230,""path"":""authority/downloads/yaintt.tex"",""start_line"":1228}",1a7599870e4c965641ec4add627740e6cd1663124df99ea58cab54c0096055e9,"{""end_line"":1369,""path"":""qa/frozen-boundaries/boundary6/yaintt-id.tex"",""start_line"":1366}",62b11709ae80d4a1015295c20667ec4d7c5531d562aadddc52b94037611d5d75,language_reviewed,rights.yaintt.id-id.derivative.boundary6,"[""ttp.r014.unit.book"",""ttp.r014.unit.chap.woad"",""ttp.r014.unit.sec.ea"",""ttp.r014.unit.lem.gcdafterdivision"",""ttp.r014.unit.lem.gcdafterdivision.proof""]",ttp.r014.unit.book/ttp.r014.unit.chap.woad/ttp.r014.unit.sec.ea/ttp.r014.unit.lem.gcdafterdivision/ttp.r014.unit.lem.gcdafterdivision.proof,generated_stable_id,,,"[""ttp.r014.qa.section-ea-topology"",""ttp.r014.qa.section-ea-math"",""ttp.r014.qa.section-ea-language""]"
r014.backend.record,1.0.0,ttp.r014.unit.sec.awtwwc.discussion.01,unit,active,ttp.r014.yaintt,ttp.r014.yaintt,ttp.r014.edition.id-id.boundary10,id-ID,2026-08-21T13:53:00+02:00,codex.r014.id-ID,,discussion,ttp.r014.unit.sec.awtwwc,1,0001,generated:discussion:sec:AWtWwC:01,Equivalence-relation motivation,Motivasi relasi ekuivalensi,"{""end_line"":1882,""path"":""authority/downloads/yaintt.tex"",""start_line"":1879}",5b5ee255b93e75081627bd3026557eb54c38b7231d467a1c550ab07ecd649918,"{""end_line"":2119,""path"":""qa/frozen-boundaries/boundary10/yaintt-id.tex"",""start_line"":2116}",7d2c3c02def768154cd46809bc5db5e6c96861da5c30ef5ef3892f9b23bd112d,language_reviewed,rights.yaintt.id-id.derivative.boundary10,"[""ttp.r014.unit.book"",""ttp.r014.unit.chap.cs"",""ttp.r014.unit.sec.awtwwc"",""ttp.r014.unit.sec.awtwwc.discussion.01""]",ttp.r014.unit.book/ttp.r014.unit.chap.cs/ttp.r014.unit.sec.awtwwc/ttp.r014.unit.sec.awtwwc.discussion.01,generated_stable_id,,,"[""ttp.r014.qa.section-awtwwc-topology"",""ttp.r014.qa.section-awtwwc-math"",""ttp.r014.qa.section-awtwwc-language""]"
r014.backend.record,1.0.0,ttp.r014.unit.sec.awtwwc.exercise.01,unit,active,ttp.r014.yaintt,ttp.r014.yaintt,ttp.r014.edition.id-id.boundary10,id-ID,2026-08-21T13:53:00+02:00,codex.r014.id-ID,,exercise,ttp.r014.unit.sec.awtwwc.exercises,1,0001,generated:exercise:sec:AWtWwC:01,Exercise 1,Latihan 1,"{""end_line"":2070,""path"":""authority/downloads/yaintt.tex"",""start_line"":2059}",b3c7db88c2cef256075558327eae90d285958caab98aa31a5ddf1497bdfb65dc,"{""end_line"":2316,""path"":""qa/frozen-boundaries/boundary10/yaintt-id.tex"",""start_line"":2304}",7183bd230651d005f37d397f2f66a2a047da3b683208d18ab53698681f1dcccc,language_reviewed,rights.yaintt.id-id.derivative.boundary10,"[""ttp.r014.unit.book"",""ttp.r014.unit.chap.cs"",""ttp.r014.unit.sec.awtwwc"",""ttp.r014.unit.sec.awtwwc.exercises"",""ttp.r014.unit.sec.awtwwc.exercise.01""]",ttp.r014.unit.book/ttp.r014.unit.chap.cs/ttp.r014.unit.sec.awtwwc/ttp.r014.unit.sec.awtwwc.exercises/ttp.r014.unit.sec.awtwwc.exercise.01,generated_stable_id,"{""answers"":[],""hints"":[],""solutions"":[],""status"":""source_has_none""}",,"[""ttp.r014.qa.section-awtwwc-topology"",""ttp.r014.qa.section-awtwwc-math"",""ttp.r014.qa.section-awtwwc-language""]"
r014.backend.record,1.0.0,ttp.r014.unit.sec.crt.discussion.01,unit,active,ttp.r014.yaintt,ttp.r014.yaintt,ttp.r014.edition.id-id.boundary9,id-ID,2026-08-21T13:53:00+02:00,codex.r014.id-ID,,discussion,ttp.r014.unit.sec.crt,1,0001,generated:discussion:sec:CRT:01,Systems with different moduli,Sistem dengan modulus berbeda,"{""end_line"":1781,""path"":""authority/downloads/yaintt.tex"",""start_line"":1774}",c4de0eed9f12c895148a3550f0d0b658215bc03813beddc0b8c862de96a7b1d9,"{""end_line"":2005,""path"":""qa/frozen-boundaries/boundary9/yaintt-id.tex"",""start_line"":1999}",f5e9cb49f5e9a0ee96a4b82e604591b1a2c9a6791835b7c5a4bd10da7bdae652,language_reviewed,rights.yaintt.id-id.derivative.boundary9,"[""ttp.r014.unit.book"",""ttp.r014.unit.chap.cs"",""ttp.r014.unit.sec.crt"",""ttp.r014.unit.sec.crt.discussion.01""]",ttp.r014.unit.book/ttp.r014.unit.chap.cs/ttp.r014.unit.sec.crt/ttp.r014.unit.sec.crt.discussion.01,generated_stable_id,,,"[""ttp.r014.qa.section-crt-topology"",""ttp.r014.qa.section-crt-math"",""ttp.r014.qa.section-crt-language""]"
r014.backend.record,1.0.0,ttp.r014.unit.sec.crt.exercise.01,unit,active,ttp.r014.yaintt,ttp.r014.yaintt,ttp.r014.edition.id-id.boundary9,id-ID,2026-08-21T13:53:00+02:00,codex.r014.id-ID,,exercise,ttp.r014.unit.sec.crt.exercises,1,0001,generated:exercise:sec:CRT:01,Exercise 1,Latihan 1,"{""end_line"":1856,""path"":""authority/downloads/yaintt.tex"",""start_line"":1853}",2286381fa297dbe2b30a073eeb2fdddf4f312c8879708d43680316ecbdcc2598,"{""end_line"":2081,""path"":""qa/frozen-boundaries/boundary9/yaintt-id.tex"",""start_line"":2078}",b1d1e52b8bd2f27096cb6d9f210cf81c51ab912d3b3536ab27251a842eb9815c,language_reviewed,rights.yaintt.id-id.derivative.boundary9,"[""ttp.r014.unit.book"",""ttp.r014.unit.chap.cs"",""ttp.r014.unit.sec.crt"",""ttp.r014.unit.sec.crt.exercises"",""ttp.r014.unit.sec.crt.exercise.01""]",ttp.r014.unit.book/ttp.r014.unit.chap.cs/ttp.r014.unit.sec.crt/ttp.r014.unit.sec.crt.exercises/ttp.r014.unit.sec.crt.exercise.01,generated_stable_id,"{""answers"":[],""hints"":[],""solutions"":[],""status"":""source_has_none""}",,"[""ttp.r014.qa.section-crt-topology"",""ttp.r014.qa.section-crt-math"",""ttp.r014.qa.section-crt-language""]"
r014.backend.record,1.0.0,ttp.r014.unit.sec.dada.definition.divisibility,unit,active,ttp.r014.yaintt,ttp.r014.yaintt,ttp.r014.edition.id-id.boundary3,id-ID,2026-08-21T13:53:00+02:00,codex.r014.id-ID,,definition,ttp.r014.unit.sec.dada.subsection.divisibility,1,0001,generated:definition:sec:DaDA:01,Divisibility,Keterbagian,"{""end_line"":664,""path"":""authority/downloads/yaintt.tex"",""start_line"":653}",beb77682b13de3949ed4496cc5e68094ca810969991f767daabb5f93e96c3d56,"{""end_line"":740,""path"":""qa/frozen-boundaries/boundary3/yaintt-id.tex"",""start_line"":727}",cfee2b99d30d9e5735c8ce38d26d0762b33423b835e33399c01852e349638800,language_reviewed,rights.yaintt.id-id.derivative,"[""ttp.r014.unit.book"",""ttp.r014.unit.chap.woad"",""ttp.r014.unit.sec.dada"",""ttp.r014.unit.sec.dada.subsection.divisibility"",""ttp.r014.unit.sec.dada.definition.divisibility""]",ttp.r014.unit.book/ttp.r014.unit.chap.woad/ttp.r014.unit.sec.dada/ttp.r014.unit.sec.dada.subsection.divisibility/ttp.r014.unit.sec.dada.definition.divisibility,generated_stable_id,,,"[""ttp.r014.qa.section-dada-topology"",""ttp.r014.qa.section-dada-math"",""ttp.r014.qa.section-dada-language""]"
r014.backend.record,1.0.0,ttp.r014.unit.sec.dada.discussion.01,unit,active,ttp.r014.yaintt,ttp.r014.yaintt,ttp.r014.edition.id-id.boundary3,id-ID,2026-08-21T13:53:00+02:00,codex.r014.id-ID,,discussion,ttp.r014.unit.sec.dada,1,0001,generated:discussion:sec:DaDA:01,Divisibility introduction,Pengantar keterbagian,"{""end_line"":650,""path"":""authority/downloads/yaintt.tex"",""start_line"":648}",33c56681243b5b811db17eeb9f1e1542cf66add2ec3f4f0f1d232b8074ba28ce,"{""end_line"":724,""path"":""qa/frozen-boundaries/boundary3/yaintt-id.tex"",""start_line"":722}",4ddcaa4ed07a4264a8ca3b8b03967c13e2189ecf7da082fbe2a3da66523e14ef,language_reviewed,rights.yaintt.id-id.derivative,"[""ttp.r014.unit.book"",""ttp.r014.unit.chap.woad"",""ttp.r014.unit.sec.dada"",""ttp.r014.unit.sec.dada.discussion.01""]",ttp.r014.unit.book/ttp.r014.unit.chap.woad/ttp.r014.unit.sec.dada/ttp.r014.unit.sec.dada.discussion.01,generated_stable_id,,,"[""ttp.r014.qa.section-dada-topology"",""ttp.r014.qa.section-dada-math"",""ttp.r014.qa.section-dada-language""]"
r014.backend.record,1.0.0,ttp.r014.unit.sec.dada.exercise.01,unit,active,ttp.r014.yaintt,ttp.r014.yaintt,ttp.r014.edition.id-id.boundary3,id-ID,2026-08-21T13:53:00+02:00,codex.r014.id-ID,,exercise,ttp.r014.unit.sec.dada.exercises,1,0001,generated:exercise:sec:DaDA:01,Exercise 1,Latihan 1,"{""end_line"":786,""path"":""authority/downloads/yaintt.tex"",""start_line"":784}",9f68a246c32f09b6f55725d277519a808f0f8d33d17e2b66a304047ff4f6854b,"{""end_line"":864,""path"":""qa/frozen-boundaries/boundary3/yaintt-id.tex"",""start_line"":862}",0e92ebd25af4fb0d8673cbbdb2c997dd63bdb2887e6df0c453110d39f7c093f1,language_reviewed,rights.yaintt.id-id.derivative,"[""ttp.r014.unit.book"",""ttp.r014.unit.chap.woad"",""ttp.r014.unit.sec.dada"",""ttp.r014.unit.sec.dada.exercises"",""ttp.r014.unit.sec.dada.exercise.01""]",ttp.r014.unit.book/ttp.r014.unit.chap.woad/ttp.r014.unit.sec.dada/ttp.r014.unit.sec.dada.exercises/ttp.r014.unit.sec.dada.exercise.01,generated_stable_id,"{""answers"":[],""hints"":[],""solutions"":[],""status"":""source_has_none""}",,"[""ttp.r014.qa.section-dada-topology"",""ttp.r014.qa.section-dada-math"",""ttp.r014.qa.section-dada-language""]"
r014.backend.record,1.0.0,ttp.r014.unit.sec.dada.theorem.transitivity.proof,unit,active,ttp.r014.yaintt,ttp.r014.yaintt,ttp.r014.edition.id-id.boundary3,id-ID,2026-08-21T13:53:00+02:00,codex.r014.id-ID,,proof,ttp.r014.unit.sec.dada.theorem.transitivity,1,0001,generated:proof:sec:DaDA:01,Proof,Bukti,"{""end_line"":695,""path"":""authority/downloads/yaintt.tex"",""start_line"":692}",2d2a0328851f60ab5c23b1c0fc64241a801edf130b9c4b8e0d11ea933e108324,"{""end_line"":774,""path"":""qa/frozen-boundaries/boundary3/yaintt-id.tex"",""start_line"":771}",dbb328538a26ca1ee98eb7fdac0d669f191f454eaf104356af0332ed1dcb9e56,language_reviewed,rights.yaintt.id-id.derivative,"[""ttp.r014.unit.book"",""ttp.r014.unit.chap.woad"",""ttp.r014.unit.sec.dada"",""ttp.r014.unit.sec.dada.subsection.divisibility"",""ttp.r014.unit.sec.dada.theorem.transitivity"",""ttp.r014.unit.sec.dada.theorem.transitivity.proof""]",ttp.r014.unit.book/ttp.r014.unit.chap.woad/ttp.r014.unit.sec.dada/ttp.r014.unit.sec.dada.subsection.divisibility/ttp.r014.unit.sec.dada.theorem.transitivity/ttp.r014.unit.sec.dada.theorem.transitivity.proof,generated_stable_id,,,"[""ttp.r014.qa.section-dada-topology"",""ttp.r014.qa.section-dada-math"",""ttp.r014.qa.section-dada-language""]"
r014.backend.record,1.0.0,ttp.r014.unit.sec.dhke,unit,active,ttp.r014.yaintt,ttp.r014.yaintt,ttp.r014.edition.id-id.boundary3,en,2026-08-21T13:53:00+02:00,codex.r014.id-ID,,section,ttp.r014.unit.chap.ieqdl,1,0001,sec:DHKE,Diffie-Hellman Key Exchange,,"{""end_line"":5766,""path"":""authority/downloads/yaintt.tex"",""start_line"":5524}",1d81170e61c5724677a54cbf06220060ee528068416d7c740a2232e5c51d666a,,,queued,rights.yaintt.text_and_author_assets,"[""ttp.r014.unit.book"",""ttp.r014.unit.chap.ieqdl"",""ttp.r014.unit.sec.dhke""]",ttp.r014.unit.book/ttp.r014.unit.chap.ieqdl/ttp.r014.unit.sec.dhke,source_label,,,"[""ttp.r014.qa.source-authority""]"
r014.backend.record,1.0.0,ttp.r014.unit.sec.ea.discussion.01,unit,active,ttp.r014.yaintt,ttp.r014.yaintt,ttp.r014.edition.id-id.boundary6,id-ID,2026-08-21T13:53:00+02:00,codex.r014.id-ID,,discussion,ttp.r014.unit.sec.ea,1,0001,generated:discussion:sec:EA:01,Euclidean-algorithm introduction,Pengantar Algoritma Euklides,"{""end_line"":1224,""path"":""authority/downloads/yaintt.tex"",""start_line"":1220}",2810d8d7ef76c7a8cf72861792ad6bf36a6b14e46bab6ac3f6f5719f9490cc95,"{""end_line"":1362,""path"":""qa/frozen-boundaries/boundary6/yaintt-id.tex"",""start_line"":1358}",3ab4916f2fb9c49e2ca1829559d3f3fc4fa5707b37757a92425bef0750717a7d,language_reviewed,rights.yaintt.id-id.derivative.boundary6,"[""ttp.r014.unit.book"",""ttp.r014.unit.chap.woad"",""ttp.r014.unit.sec.ea"",""ttp.r014.unit.sec.ea.discussion.01""]",ttp.r014.unit.book/ttp.r014.unit.chap.woad/ttp.r014.unit.sec.ea/ttp.r014.unit.sec.ea.discussion.01,generated_stable_id,,,"[""ttp.r014.qa.section-ea-topology"",""ttp.r014.qa.section-ea-math"",""ttp.r014.qa.section-ea-language""]"
r014.backend.record,1.0.0,ttp.r014.unit.sec.ea.exercise.01,unit,active,ttp.r014.yaintt,ttp.r014.yaintt,ttp.r014.edition.id-id.boundary6,id-ID,2026-08-21T13:53:00+02:00,codex.r014.id-ID,,exercise,ttp.r014.unit.sec.ea.exercises,1,0001,generated:exercise:sec:EA:01,Exercise 1,Latihan 1,"{""end_line"":1304,""path"":""authority/downloads/yaintt.tex"",""start_line"":1300}",a183be0ed135372d1b9f9f8e8cde28d23ad029da2b46d78faf27d0e7d8d0df91,"{""end_line"":1440,""path"":""qa/frozen-boundaries/boundary6/yaintt-id.tex"",""start_line"":1435}",2af066fe2c2c5d80f899d8d1f3e888be5fa06634aa71f1390fb6b7a8916036a5,language_reviewed,rights.yaintt.id-id.derivative.boundary6,"[""ttp.r014.unit.book"",""ttp.r014.unit.chap.woad"",""ttp.r014.unit.sec.ea"",""ttp.r014.unit.sec.ea.exercises"",""ttp.r014.unit.sec.ea.exercise.01""]",ttp.r014.unit.book/ttp.r014.unit.chap.woad/ttp.r014.unit.sec.ea/ttp.r014.unit.sec.ea.exercises/ttp.r014.unit.sec.ea.exercise.01,generated_stable_id,"{""answers"":[],""hints"":[],""solutions"":[],""status"":""source_has_none""}",,"[""ttp.r014.qa.section-ea-topology"",""ttp.r014.qa.section-ea-math"",""ttp.r014.qa.section-ea-language""]"
r014.backend.record,1.0.0,ttp.r014.unit.sec.ephif.discussion.01,unit,active,ttp.r014.yaintt,ttp.r014.yaintt,ttp.r014.edition.id-id.boundary11,id-ID,2026-08-21T13:53:00+02:00,codex.r014.id-ID,,discussion,ttp.r014.unit.sec.ephif,1,0001,generated:discussion:sec:EphiF:01,Counting relatively prime residues,Menghitung residu yang relatif prima,"{""end_line"":2090,""path"":""authority/downloads/yaintt.tex"",""start_line"":2088}",5737e1b53af1ab523e7f80e087375a92936b381ae0133c04d86a55e052d642c5,"{""end_line"":2348,""path"":""qa/frozen-boundaries/boundary11/yaintt-id.tex"",""start_line"":2346}",f247943cc98cd0a662cb71dfacbe422ed675ce3928cd31f92bce582d4ddaae41,language_reviewed,rights.yaintt.id-id.derivative.boundary11,"[""ttp.r014.unit.book"",""ttp.r014.unit.chap.cs"",""ttp.r014.unit.sec.ephif"",""ttp.r014.unit.sec.ephif.discussion.01""]",ttp.r014.unit.book/ttp.r014.unit.chap.cs/ttp.r014.unit.sec.ephif/ttp.r014.unit.sec.ephif.discussion.01,generated_stable_id,,,"[""ttp.r014.qa.section-ephif-topology"",""ttp.r014.qa.section-ephif-math"",""ttp.r014.qa.section-ephif-language""]"
r014.backend.record,1.0.0,ttp.r014.unit.sec.ephif.exercise.01,unit,active,ttp.r014.yaintt,ttp.r014.yaintt,ttp.r014.edition.id-id.boundary11,id-ID,2026-08-21T13:53:00+02:00,codex.r014.id-ID,,exercise,ttp.r014.unit.sec.ephif.exercises,1,0001,generated:exercise:sec:EphiF:01,Exercise 1,Latihan 1,"{""end_line"":2204,""path"":""authority/downloads/yaintt.tex"",""start_line"":2201}",b7af57da52e5ea5137eb841c71773530e72d59afec8f79db810f066b83ea4866,"{""end_line"":2485,""path"":""qa/frozen-boundaries/boundary11/yaintt-id.tex"",""start_line"":2482}",df52362fb261cd32b3677e88eebe20d68293369dc00578a797fc246463da0b8d,language_reviewed,rights.yaintt.id-id.derivative.boundary11,"[""ttp.r014.unit.book"",""ttp.r014.unit.chap.cs"",""ttp.r014.unit.sec.ephif"",""ttp.r014.unit.sec.ephif.exercises"",""ttp.r014.unit.sec.ephif.exercise.01""]",ttp.r014.unit.book/ttp.r014.unit.chap.cs/ttp.r014.unit.sec.ephif/ttp.r014.unit.sec.ephif.exercises/ttp.r014.unit.sec.ephif.exercise.01,generated_stable_id,"{""answers"":[],""hints"":[],""solutions"":[],""status"":""source_has_none""}",,"[""ttp.r014.qa.section-ephif-topology"",""ttp.r014.qa.section-ephif-math"",""ttp.r014.qa.section-ephif-language""]"
r014.backend.record,1.0.0,ttp.r014.unit.sec.gcd.discussion.01,unit,active,ttp.r014.yaintt,ttp.r014.yaintt,ttp.r014.edition.id-id.boundary5,id-ID,2026-08-21T13:53:00+02:00,codex.r014.id-ID,,discussion,ttp.r014.unit.sec.gcd,1,0001,generated:discussion:gcd:01,Greatest-common-divisor introduction,Pengantar faktor persekutuan terbesar,"{""end_line"":1001,""path"":""authority/downloads/yaintt.tex"",""start_line"":991}",9b5043b78a61da4bc5e6906ed09b54cd2eaa25c9d2c33a856c035e1bb47c9d30,"{""end_line"":1110,""path"":""qa/frozen-boundaries/boundary5/yaintt-id.tex"",""start_line"":1100}",12af93d87ba747dca22db0cd2d61da4eb381006e086e4119d54293a2f17c023a,language_reviewed,rights.yaintt.id-id.derivative.boundary5,"[""ttp.r014.unit.book"",""ttp.r014.unit.chap.woad"",""ttp.r014.unit.sec.gcd"",""ttp.r014.unit.sec.gcd.discussion.01""]",ttp.r014.unit.book/ttp.r014.unit.chap.woad/ttp.r014.unit.sec.gcd/ttp.r014.unit.sec.gcd.discussion.01,generated_stable_id,,,"[""ttp.r014.qa.section-gcd-topology"",""ttp.r014.qa.section-gcd-math"",""ttp.r014.qa.section-gcd-language""]"
r014.backend.record,1.0.0,ttp.r014.unit.sec.gcd.exercise.01,unit,active,ttp.r014.yaintt,ttp.r014.yaintt,ttp.r014.edition.id-id.boundary5,id-ID,2026-08-21T13:53:00+02:00,codex.r014.id-ID,,exercise,ttp.r014.unit.sec.gcd.exercises,1,0001,generated:exercise:gcd:01,Exercise 1,Latihan 1,"{""end_line"":1182,""path"":""authority/downloads/yaintt.tex"",""start_line"":1179}",8c6dc95f3e4bc19fc7954923adf7c34a20569139154f4ace3a9b6165f7e21617,"{""end_line"":1301,""path"":""qa/frozen-boundaries/boundary5/yaintt-id.tex"",""start_line"":1298}",0891a49523e2279a0a546168e890054b331adcfa24c5bd88b952cc29bde9d8ee,language_reviewed,rights.yaintt.id-id.derivative.boundary5,"[""ttp.r014.unit.book"",""ttp.r014.unit.chap.woad"",""ttp.r014.unit.sec.gcd"",""ttp.r014.unit.sec.gcd.exercises"",""ttp.r014.unit.sec.gcd.exercise.01""]",ttp.r014.unit.book/ttp.r014.unit.chap.woad/ttp.r014.unit.sec.gcd/ttp.r014.unit.sec.gcd.exercises/ttp.r014.unit.sec.gcd.exercise.01,generated_stable_id,"{""answers"":[],""hints"":[],""solutions"":[],""status"":""source_has_none""}",,"[""ttp.r014.qa.section-gcd-topology"",""ttp.r014.qa.section-gcd-math"",""ttp.r014.qa.section-gcd-language""]"
r014.backend.record,1.0.0,ttp.r014.unit.sec.gcd.theorem.invariance.proof,unit,active,ttp.r014.yaintt,ttp.r014.yaintt,ttp.r014.edition.id-id.boundary5,id-ID,2026-08-21T13:53:00+02:00,codex.r014.id-ID,,proof,ttp.r014.unit.sec.gcd.theorem.invariance,1,0001,generated:proof:gcd:theorem:01,Proof,Bukti,"{""end_line"":1078,""path"":""authority/downloads/yaintt.tex"",""start_line"":1064}",91827329de429b81fec37bab1a4c5414f463fbd7c2f2d8d59a128a1cd6441224,"{""end_line"":1192,""path"":""qa/frozen-boundaries/boundary5/yaintt-id.tex"",""start_line"":1177}",8a1c33211beea642e05359be6e93e18d9e33ddcc5bdc1aead223a3a1a796aaa6,language_reviewed,rights.yaintt.id-id.derivative.boundary5,"[""ttp.r014.unit.book"",""ttp.r014.unit.chap.woad"",""ttp.r014.unit.sec.gcd"",""ttp.r014.unit.sec.gcd.theorem.invariance"",""ttp.r014.unit.sec.gcd.theorem.invariance.proof""]",ttp.r014.unit.book/ttp.r014.unit.chap.woad/ttp.r014.unit.sec.gcd/ttp.r014.unit.sec.gcd.theorem.invariance/ttp.r014.unit.sec.gcd.theorem.invariance.proof,generated_stable_id,,,"[""ttp.r014.qa.section-gcd-topology"",""ttp.r014.qa.section-gcd-math"",""ttp.r014.qa.section-gcd-language""]"
r014.backend.record,1.0.0,ttp.r014.unit.sec.itc.discussion.01,unit,active,ttp.r014.yaintt,ttp.r014.yaintt,ttp.r014.edition.id-id.boundary7,id-ID,2026-08-21T13:53:00+02:00,codex.r014.id-ID,,discussion,ttp.r014.unit.sec.itc,1,0001,generated:discussion:sec:ItC:01,Historical context,Konteks sejarah,"{""end_line"":1345,""path"":""authority/downloads/yaintt.tex"",""start_line"":1342}",d6b14e0736ff008f4001521364a6daa4e326216154c2eee5e7b1b136cad54902,"{""end_line"":1499,""path"":""qa/frozen-boundaries/boundary7/yaintt-id.tex"",""start_line"":1496}",72161857ba87dbc5db65ab29e945578b8129d5845e55b05f7e6a4ebf5cea9ba2,language_reviewed,rights.yaintt.id-id.derivative.boundary7,"[""ttp.r014.unit.book"",""ttp.r014.unit.chap.cs"",""ttp.r014.unit.sec.itc"",""ttp.r014.unit.sec.itc.discussion.01""]",ttp.r014.unit.book/ttp.r014.unit.chap.cs/ttp.r014.unit.sec.itc/ttp.r014.unit.sec.itc.discussion.01,generated_stable_id,,,"[""ttp.r014.qa.section-itc-topology"",""ttp.r014.qa.section-itc-math"",""ttp.r014.qa.section-itc-language""]"
r014.backend.record,1.0.0,ttp.r014.unit.sec.itc.exercise.01,unit,active,ttp.r014.yaintt,ttp.r014.yaintt,ttp.r014.edition.id-id.boundary7,id-ID,2026-08-21T13:53:00+02:00,codex.r014.id-ID,,exercise,ttp.r014.unit.sec.itc.exercises,1,0001,generated:exercise:sec:ItC:01,Exercise 1,Latihan 1,"{""end_line"":1603,""path"":""authority/downloads/yaintt.tex"",""start_line"":1601}",93aa09c44b83bbdd081749c710d24377e2bf3f9bb86d21710d47b26bfc24209f,"{""end_line"":1773,""path"":""qa/frozen-boundaries/boundary7/yaintt-id.tex"",""start_line"":1771}",62ceb2f1631a8733efe6be593e8ba8396c48cceb4d98a088ebca763819b4459a,language_reviewed,rights.yaintt.id-id.derivative.boundary7,"[""ttp.r014.unit.book"",""ttp.r014.unit.chap.cs"",""ttp.r014.unit.sec.itc"",""ttp.r014.unit.sec.itc.exercises"",""ttp.r014.unit.sec.itc.exercise.01""]",ttp.r014.unit.book/ttp.r014.unit.chap.cs/ttp.r014.unit.sec.itc/ttp.r014.unit.sec.itc.exercises/ttp.r014.unit.sec.itc.exercise.01,generated_stable_id,"{""answers"":[],""hints"":[],""solutions"":[],""status"":""source_has_none""}",,"[""ttp.r014.qa.section-itc-topology"",""ttp.r014.qa.section-itc-math"",""ttp.r014.qa.section-itc-language""]"
r014.backend.record,1.0.0,ttp.r014.unit.sec.lc.discussion.01,unit,active,ttp.r014.yaintt,ttp.r014.yaintt,ttp.r014.edition.id-id.boundary8,id-ID,2026-08-21T13:53:00+02:00,codex.r014.id-ID,,discussion,ttp.r014.unit.sec.lc,1,0001,generated:discussion:sec:LC:01,Linear-congruence introduction,Pengantar kongruensi linear,"{""end_line"":1630,""path"":""authority/downloads/yaintt.tex"",""start_line"":1623}",031ea94f8d8b8b9fb4beb9a8770ce3fc1191fe3e29fe54de2318cb2a8b0ca0da,"{""end_line"":1819,""path"":""qa/frozen-boundaries/boundary8/yaintt-id.tex"",""start_line"":1811}",c892e1a4b968e2048d5947ecd8cabc4bf42a46de0b2833ad931761e4f368e66f,language_reviewed,rights.yaintt.id-id.derivative.boundary8,"[""ttp.r014.unit.book"",""ttp.r014.unit.chap.cs"",""ttp.r014.unit.sec.lc"",""ttp.r014.unit.sec.lc.discussion.01""]",ttp.r014.unit.book/ttp.r014.unit.chap.cs/ttp.r014.unit.sec.lc/ttp.r014.unit.sec.lc.discussion.01,generated_stable_id,,,"[""ttp.r014.qa.section-lc-topology"",""ttp.r014.qa.section-lc-math"",""ttp.r014.qa.section-lc-language""]"
r014.backend.record,1.0.0,ttp.r014.unit.sec.lc.exercise.01,unit,active,ttp.r014.yaintt,ttp.r014.yaintt,ttp.r014.edition.id-id.boundary8,id-ID,2026-08-21T13:53:00+02:00,codex.r014.id-ID,,exercise,ttp.r014.unit.sec.lc.exercises,1,0001,generated:exercise:sec:LC:01,Exercise 1,Latihan 1,"{""end_line"":1758,""path"":""authority/downloads/yaintt.tex"",""start_line"":1756}",f1fba3116d3e2df2720731ba8768129dc76d227acb2eb9dfa8145af1aadfe039,"{""end_line"":1968,""path"":""qa/frozen-boundaries/boundary8/yaintt-id.tex"",""start_line"":1966}",0f87e0cd8bf8cf8d9a194e7f2943689e67fa59c79baefca27666c9eac69fd683,language_reviewed,rights.yaintt.id-id.derivative.boundary8,"[""ttp.r014.unit.book"",""ttp.r014.unit.chap.cs"",""ttp.r014.unit.sec.lc"",""ttp.r014.unit.sec.lc.exercises"",""ttp.r014.unit.sec.lc.exercise.01""]",ttp.r014.unit.book/ttp.r014.unit.chap.cs/ttp.r014.unit.sec.lc/ttp.r014.unit.sec.lc.exercises/ttp.r014.unit.sec.lc.exercise.01,generated_stable_id,"{""answers"":[],""hints"":[],""solutions"":[],""status"":""source_has_none""}",,"[""ttp.r014.qa.section-lc-topology"",""ttp.r014.qa.section-lc-math"",""ttp.r014.qa.section-lc-language""]"
r014.backend.record,1.0.0,ttp.r014.unit.sec.roiidb.discussion.01,unit,active,ttp.r014.yaintt,ttp.r014.yaintt,ttp.r014.edition.id-id.boundary4,id-ID,2026-08-21T13:53:00+02:00,codex.r014.id-ID,,discussion,ttp.r014.unit.sec.roiidb,1,0001,generated:discussion:sec:RoIiDB:01,Base-representation introduction,Pengantar representasi basis,"{""end_line"":840,""path"":""authority/downloads/yaintt.tex"",""start_line"":830}",81bf1b318e783aea4535003811c9b87024eba273ab539712b6be555a4be6c2d7,"{""end_line"":938,""path"":""qa/frozen-boundaries/boundary4/yaintt-id.tex"",""start_line"":927}",73cd8d1775c542e478aec4494b9734ea8b6df2f184dd2a8d913dd6e05e8d2789,language_reviewed,rights.yaintt.id-id.derivative.boundary4,"[""ttp.r014.unit.book"",""ttp.r014.unit.chap.woad"",""ttp.r014.unit.sec.roiidb"",""ttp.r014.unit.sec.roiidb.discussion.01""]",ttp.r014.unit.book/ttp.r014.unit.chap.woad/ttp.r014.unit.sec.roiidb/ttp.r014.unit.sec.roiidb.discussion.01,generated_stable_id,,,"[""ttp.r014.qa.section-roiidb-topology"",""ttp.r014.qa.section-roiidb-math"",""ttp.r014.qa.section-roiidb-language""]"
r014.backend.record,1.0.0,ttp.r014.unit.sec.roiidb.exercise.01,unit,active,ttp.r014.yaintt,ttp.r014.yaintt,ttp.r014.edition.id-id.boundary4,id-ID,2026-08-21T13:53:00+02:00,codex.r014.id-ID,,exercise,ttp.r014.unit.sec.roiidb.exercises,1,0001,generated:exercise:sec:RoIiDB:01,Exercise 1,Latihan 1,"{""end_line"":974,""path"":""authority/downloads/yaintt.tex"",""start_line"":972}",b9fd56aff8e4149cb5851027288e0e9c983e73806279bb09f2d508e7bd640c3d,"{""end_line"":1069,""path"":""qa/frozen-boundaries/boundary4/yaintt-id.tex"",""start_line"":1067}",296a4f55bf89d7b67a3b535d3d4312413510bff60bf2c3dbe7279ae3c9ac907d,language_reviewed,rights.yaintt.id-id.derivative.boundary4,"[""ttp.r014.unit.book"",""ttp.r014.unit.chap.woad"",""ttp.r014.unit.sec.roiidb"",""ttp.r014.unit.sec.roiidb.exercises"",""ttp.r014.unit.sec.roiidb.exercise.01""]",ttp.r014.unit.book/ttp.r014.unit.chap.woad/ttp.r014.unit.sec.roiidb/ttp.r014.unit.sec.roiidb.exercises/ttp.r014.unit.sec.roiidb.exercise.01,generated_stable_id,"{""answers"":[],""hints"":[],""solutions"":[],""status"":""source_has_none""}",,"[""ttp.r014.qa.section-roiidb-topology"",""ttp.r014.qa.section-roiidb-math"",""ttp.r014.qa.section-roiidb-language""]"
r014.backend.record,1.0.0,ttp.r014.unit.sec.wopami,unit,active,ttp.r014.yaintt,ttp.r014.yaintt,ttp.r014.edition.id-id.boundary3,id-ID,2026-08-21T13:53:00+02:00,codex.r014.id-ID,,section,ttp.r014.unit.chap.woad,1,0001,sec:WOPaMI,The Well-Ordering Principle and Mathematical Induction,Prinsip Keterurutan Baik dan Induksi Matematika,"{""end_line"":586,""path"":""authority/downloads/yaintt.tex"",""start_line"":392}",94244af36054f3f88d2351020ce0a7e6361945754000c67199b77741f2470958,"{""end_line"":638,""path"":""qa/frozen-boundaries/boundary3/yaintt-id.tex"",""start_line"":435}",94dfee7b2955b4516bbc08e2f1ba7eee2dc5f806ff03959fd87643732f112fde,language_reviewed,rights.yaintt.id-id.derivative,"[""ttp.r014.unit.book"",""ttp.r014.unit.chap.woad"",""ttp.r014.unit.sec.wopami""]",ttp.r014.unit.book/ttp.r014.unit.chap.woad/ttp.r014.unit.sec.wopami,source_label,,,"[""ttp.r014.qa.boundary1-topology"",""ttp.r014.qa.boundary1-math"",""ttp.r014.qa.boundary1-language""]"
r014.backend.record,1.0.0,ttp.r014.unit.sec.wopami.definition.01,unit,active,ttp.r014.yaintt,ttp.r014.yaintt,ttp.r014.edition.id-id.boundary3,id-ID,2026-08-21T13:53:00+02:00,codex.r014.id-ID,,definition,ttp.r014.unit.sec.wopami.subsection.01,1,0001,generated:definition:01,Least element,Elemen terkecil,"{""end_line"":407,""path"":""authority/downloads/yaintt.tex"",""start_line"":404}",fd5a996f7eae42fcdd0c5f13278851788ff3e44d87a3a38b4947ab11644e3a5d,"{""end_line"":451,""path"":""qa/frozen-boundaries/boundary3/yaintt-id.tex"",""start_line"":447}",d20f42a35811448860fcc91bf9edfd2ae34abf46fb8667f9eeb682ad1593dd52,language_reviewed,rights.yaintt.id-id.derivative,"[""ttp.r014.unit.book"",""ttp.r014.unit.chap.woad"",""ttp.r014.unit.sec.wopami"",""ttp.r014.unit.sec.wopami.subsection.01"",""ttp.r014.unit.sec.wopami.definition.01""]",ttp.r014.unit.book/ttp.r014.unit.chap.woad/ttp.r014.unit.sec.wopami/ttp.r014.unit.sec.wopami.subsection.01/ttp.r014.unit.sec.wopami.definition.01,generated_stable_id,,,"[""ttp.r014.qa.boundary1-topology"",""ttp.r014.qa.boundary1-math"",""ttp.r014.qa.boundary1-language""]"
r014.backend.record,1.0.0,ttp.r014.unit.sec.wopami.discussion.01,unit,active,ttp.r014.yaintt,ttp.r014.yaintt,ttp.r014.edition.id-id.boundary3,id-ID,2026-08-21T13:53:00+02:00,codex.r014.id-ID,,discussion,ttp.r014.unit.sec.wopami,1,0001,generated:discussion:01,Three proof tools,Tiga alat pembuktian,"{""end_line"":400,""path"":""authority/downloads/yaintt.tex"",""start_line"":394}",c766c4c3c52820fdc9b3ff56f0d5698814511e8216f5e7389546d18ef27b892e,"{""end_line"":443,""path"":""qa/frozen-boundaries/boundary3/yaintt-id.tex"",""start_line"":437}",06947a399f981cd1116ef1c1efe1e82fa90c57b57492afa57c34b80ded1eec1e,language_reviewed,rights.yaintt.id-id.derivative,"[""ttp.r014.unit.book"",""ttp.r014.unit.chap.woad"",""ttp.r014.unit.sec.wopami"",""ttp.r014.unit.sec.wopami.discussion.01""]",ttp.r014.unit.book/ttp.r014.unit.chap.woad/ttp.r014.unit.sec.wopami/ttp.r014.unit.sec.wopami.discussion.01,generated_stable_id,,,"[""ttp.r014.qa.boundary1-topology"",""ttp.r014.qa.boundary1-math"",""ttp.r014.qa.boundary1-language""]"
r014.backend.record,1.0.0,ttp.r014.unit.sec.wopami.discussion.03,unit,active,ttp.r014.yaintt,ttp.r014.yaintt,ttp.r014.edition.id-id.boundary3,id-ID,2026-08-21T13:53:00+02:00,codex.r014.id-ID,,discussion,ttp.r014.unit.sec.wopami.subsection.03,1,0001,generated:discussion:03,Induction introduction,Pengantar induksi,"{""end_line"":437,""path"":""authority/downloads/yaintt.tex"",""start_line"":434}",4cc4aced79344ff1f966f707563778cfa98fb58085dfac1e1528e50a9dc893fb,"{""end_line"":480,""path"":""qa/frozen-boundaries/boundary3/yaintt-id.tex"",""start_line"":477}",72f2e187e272b62f749c02db65e586fa2b1c743937ec7b8b570e38849815bb29,language_reviewed,rights.yaintt.id-id.derivative,"[""ttp.r014.unit.book"",""ttp.r014.unit.chap.woad"",""ttp.r014.unit.sec.wopami"",""ttp.r014.unit.sec.wopami.subsection.03"",""ttp.r014.unit.sec.wopami.discussion.03""]",ttp.r014.unit.book/ttp.r014.unit.chap.woad/ttp.r014.unit.sec.wopami/ttp.r014.unit.sec.wopami.subsection.03/ttp.r014.unit.sec.wopami.discussion.03,generated_stable_id,,,"[""ttp.r014.qa.boundary1-topology"",""ttp.r014.qa.boundary1-math"",""ttp.r014.qa.boundary1-language""]"
r014.backend.record,1.0.0,ttp.r014.unit.sec.wopami.exercise.01,unit,active,ttp.r014.yaintt,ttp.r014.yaintt,ttp.r014.edition.id-id.boundary3,id-ID,2026-08-21T13:53:00+02:00,codex.r014.id-ID,,exercise,ttp.r014.unit.sec.wopami.exercises,1,0001,generated:exercise:sec:WOPaMI:01,Exercise 1,Latihan 1,"{""end_line"":563,""path"":""authority/downloads/yaintt.tex"",""start_line"":561}",ddcad833e143fe623682b1a71cb0446433a7007f33532551b060762e3b184591,"{""end_line"":614,""path"":""qa/frozen-boundaries/boundary3/yaintt-id.tex"",""start_line"":611}",525db42fa708ea97b5059ab6a007b673c37e9bebe44bc5240cc6fc9bb78768dd,language_reviewed,rights.yaintt.id-id.derivative,"[""ttp.r014.unit.book"",""ttp.r014.unit.chap.woad"",""ttp.r014.unit.sec.wopami"",""ttp.r014.unit.sec.wopami.exercises"",""ttp.r014.unit.sec.wopami.exercise.01""]",ttp.r014.unit.book/ttp.r014.unit.chap.woad/ttp.r014.unit.sec.wopami/ttp.r014.unit.sec.wopami.exercises/ttp.r014.unit.sec.wopami.exercise.01,generated_stable_id,"{""answers"":[],""hints"":[],""solutions"":[],""status"":""source_has_none""}",,"[""ttp.r014.qa.boundary1-topology"",""ttp.r014.qa.boundary1-math"",""ttp.r014.qa.boundary1-language""]"
r014.backend.record,1.0.0,ttp.r014.unit.sec.wopami.theorem.induction.01.proof,unit,active,ttp.r014.yaintt,ttp.r014.yaintt,ttp.r014.edition.id-id.boundary3,id-ID,2026-08-21T13:53:00+02:00,codex.r014.id-ID,,proof,ttp.r014.unit.sec.wopami.theorem.induction.01,1,0001,generated:proof:induction:01,Proof,Bukti,"{""end_line"":481,""path"":""authority/downloads/yaintt.tex"",""start_line"":457}",7bec84ae2de802f2ebbbeb0dbefbd6ab7977a7964ebd39b20e742eb2ebad2e10,"{""end_line"":527,""path"":""qa/frozen-boundaries/boundary3/yaintt-id.tex"",""start_line"":501}",bf0328b8126180585ecea559acaaa321469ddf8e95579a131561858d8b76caed,language_reviewed,rights.yaintt.id-id.derivative,"[""ttp.r014.unit.book"",""ttp.r014.unit.chap.woad"",""ttp.r014.unit.sec.wopami"",""ttp.r014.unit.sec.wopami.subsection.03"",""ttp.r014.unit.sec.wopami.theorem.induction.01"",""ttp.r014.unit.sec.wopami.theorem.induction.01.proof""]",ttp.r014.unit.book/ttp.r014.unit.chap.woad/ttp.r014.unit.sec.wopami/ttp.r014.unit.sec.wopami.subsection.03/ttp.r014.unit.sec.wopami.theorem.induction.01/ttp.r014.unit.sec.wopami.theorem.induction.01.proof,generated_stable_id,,,"[""ttp.r014.qa.boundary1-topology"",""ttp.r014.qa.boundary1-math"",""ttp.r014.qa.boundary1-language""]"
r014.backend.record,1.0.0,ttp.r014.unit.sec.wopami.theorem.induction.02.proof,unit,active,ttp.r014.yaintt,ttp.r014.yaintt,ttp.r014.edition.id-id.boundary3,id-ID,2026-08-21T13:53:00+02:00,codex.r014.id-ID,,proof,ttp.r014.unit.sec.wopami.theorem.induction.02,1,0001,generated:proof:induction:02,Proof,Bukti,"{""end_line"":551,""path"":""authority/downloads/yaintt.tex"",""start_line"":538}",cd84a0853438ab391d9e96b0b0a05cef3734bc24a3e07789d6289b390e419958,"{""end_line"":601,""path"":""qa/frozen-boundaries/boundary3/yaintt-id.tex"",""start_line"":588}",780f964d2f1dc7734edbeb12eea1224d3875834801495ef79d3134068cfce2a1,language_reviewed,rights.yaintt.id-id.derivative,"[""ttp.r014.unit.book"",""ttp.r014.unit.chap.woad"",""ttp.r014.unit.sec.wopami"",""ttp.r014.unit.sec.wopami.subsection.03"",""ttp.r014.unit.sec.wopami.theorem.induction.02"",""ttp.r014.unit.sec.wopami.theorem.induction.02.proof""]",ttp.r014.unit.book/ttp.r014.unit.chap.woad/ttp.r014.unit.sec.wopami/ttp.r014.unit.sec.wopami.subsection.03/ttp.r014.unit.sec.wopami.theorem.induction.02/ttp.r014.unit.sec.wopami.theorem.induction.02.proof,generated_stable_id,,,"[""ttp.r014.qa.boundary1-topology"",""ttp.r014.qa.boundary1-math"",""ttp.r014.qa.boundary1-language""]"
r014.backend.record,1.0.0,ttp.r014.unit.thm.basebexpansion.proof,unit,active,ttp.r014.yaintt,ttp.r014.yaintt,ttp.r014.edition.id-id.boundary4,id-ID,2026-08-21T13:53:00+02:00,codex.r014.id-ID,,proof,ttp.r014.unit.thm.basebexpansion,1,0001,generated:proof:thm:basebexpansion,Proof,Bukti,"{""end_line"":915,""path"":""authority/downloads/yaintt.tex"",""start_line"":854}",520061a86788c743037b3bcb7e931ae4311debd107a5c690ed1695e71bc84cc2,"{""end_line"":1011,""path"":""qa/frozen-boundaries/boundary4/yaintt-id.tex"",""start_line"":953}",a7dce133e5e771643096c9b0e61e23e02939357eb6a5834b0d638168b0f4256f,language_reviewed,rights.yaintt.id-id.derivative.boundary4,"[""ttp.r014.unit.book"",""ttp.r014.unit.chap.woad"",""ttp.r014.unit.sec.roiidb"",""ttp.r014.unit.thm.basebexpansion"",""ttp.r014.unit.thm.basebexpansion.proof""]",ttp.r014.unit.book/ttp.r014.unit.chap.woad/ttp.r014.unit.sec.roiidb/ttp.r014.unit.thm.basebexpansion/ttp.r014.unit.thm.basebexpansion.proof,generated_stable_id,,,"[""ttp.r014.qa.section-roiidb-topology"",""ttp.r014.qa.section-roiidb-math"",""ttp.r014.qa.section-roiidb-language""]"
r014.backend.record,1.0.0,ttp.r014.unit.thm.basiccongprops.proof,unit,active,ttp.r014.yaintt,ttp.r014.yaintt,ttp.r014.edition.id-id.boundary7,id-ID,2026-08-21T13:53:00+02:00,codex.r014.id-ID,,proof,ttp.r014.unit.thm.basiccongprops,1,0001,generated:proof:thm:basiccongprops,Proof,Bukti,"{""end_line"":1469,""path"":""authority/downloads/yaintt.tex"",""start_line"":1379}",947375fc6d9f58ba2a9a77f385aff2206b692748cfaf56bf36de2e2899099018,"{""end_line"":1626,""path"":""qa/frozen-boundaries/boundary7/yaintt-id.tex"",""start_line"":1535}",b8ed699999825041aab45cd40657e9e911bf52e2b51bc62c280c83e7cc5753bd,language_reviewed,rights.yaintt.id-id.derivative.boundary7,"[""ttp.r014.unit.book"",""ttp.r014.unit.chap.cs"",""ttp.r014.unit.sec.itc"",""ttp.r014.unit.thm.basiccongprops"",""ttp.r014.unit.thm.basiccongprops.proof""]",ttp.r014.unit.book/ttp.r014.unit.chap.cs/ttp.r014.unit.sec.itc/ttp.r014.unit.thm.basiccongprops/ttp.r014.unit.thm.basiccongprops.proof,generated_stable_id,,,"[""ttp.r014.qa.section-itc-topology"",""ttp.r014.qa.section-itc-math"",""ttp.r014.qa.section-itc-language""]"
r014.backend.record,1.0.0,ttp.r014.unit.thm.basiclincongs.proof,unit,active,ttp.r014.yaintt,ttp.r014.yaintt,ttp.r014.edition.id-id.boundary8,id-ID,2026-08-21T13:53:00+02:00,codex.r014.id-ID,,proof,ttp.r014.unit.thm.basiclincongs,1,0001,generated:proof:thm:basiclincongs,Proof,Bukti,"{""end_line"":1698,""path"":""authority/downloads/yaintt.tex"",""start_line"":1677}",3af3dd7ed85c36c626057108f14650924fe979c97d6ecc537784403d62ac0719,"{""end_line"":1904,""path"":""qa/frozen-boundaries/boundary8/yaintt-id.tex"",""start_line"":1871}",bd64e3122a5870fad736f0f0e71fa7764809a11306026e91b6de99e6eb669442,language_reviewed,rights.yaintt.id-id.derivative.boundary8,"[""ttp.r014.unit.book"",""ttp.r014.unit.chap.cs"",""ttp.r014.unit.sec.lc"",""ttp.r014.unit.thm.basiclincongs"",""ttp.r014.unit.thm.basiclincongs.proof""]",ttp.r014.unit.book/ttp.r014.unit.chap.cs/ttp.r014.unit.sec.lc/ttp.r014.unit.thm.basiclincongs/ttp.r014.unit.thm.basiclincongs.proof,generated_stable_id,,,"[""ttp.r014.qa.section-lc-topology"",""ttp.r014.qa.section-lc-math"",""ttp.r014.qa.section-lc-language""]"
r014.backend.record,1.0.0,ttp.r014.unit.thm.chinese-remainder.proof,unit,active,ttp.r014.yaintt,ttp.r014.yaintt,ttp.r014.edition.id-id.boundary9,id-ID,2026-08-21T13:53:00+02:00,codex.r014.id-ID,,proof,ttp.r014.unit.thm.chinese-remainder,1,0001,generated:proof:theorem:sec:CRT:01,Proof,Bukti,"{""end_line"":1824,""path"":""authority/downloads/yaintt.tex"",""start_line"":1797}",2a8f92488a1c53f4e43d2c7eb165fbf057f8f0cc0f0d43d7257f53922d068708,"{""end_line"":2049,""path"":""qa/frozen-boundaries/boundary9/yaintt-id.tex"",""start_line"":2021}",39ec40cbf92bf3328ea1eaa7ce5bfef9499667c1c8c899d68d98dd7847bb7a86,language_reviewed,rights.yaintt.id-id.derivative.boundary9,"[""ttp.r014.unit.book"",""ttp.r014.unit.chap.cs"",""ttp.r014.unit.sec.crt"",""ttp.r014.unit.thm.chinese-remainder"",""ttp.r014.unit.thm.chinese-remainder.proof""]",ttp.r014.unit.book/ttp.r014.unit.chap.cs/ttp.r014.unit.sec.crt/ttp.r014.unit.thm.chinese-remainder/ttp.r014.unit.thm.chinese-remainder.proof,generated_stable_id,,,"[""ttp.r014.qa.section-crt-topology"",""ttp.r014.qa.section-crt-math"",""ttp.r014.qa.section-crt-language""]"
r014.backend.record,1.0.0,ttp.r014.unit.thm.combing.proof,unit,active,ttp.r014.yaintt,ttp.r014.yaintt,ttp.r014.edition.id-id.boundary7,id-ID,2026-08-21T13:53:00+02:00,codex.r014.id-ID,,proof,ttp.r014.unit.thm.combing,1,0001,generated:proof:thm:combing,Proof,Bukti,"{""end_line"":1487,""path"":""authority/downloads/yaintt.tex"",""start_line"":1479}",e65b2d2a5104ad8e370f1b560fe779390d43d98bc557b4bf5a3494f075950e56,"{""end_line"":1644,""path"":""qa/frozen-boundaries/boundary7/yaintt-id.tex"",""start_line"":1636}",18ff370c9ab5299f81a16e47b9783a8a2f1443640e0ae199770e5f60a144f35f,language_reviewed,rights.yaintt.id-id.derivative.boundary7,"[""ttp.r014.unit.book"",""ttp.r014.unit.chap.cs"",""ttp.r014.unit.sec.itc"",""ttp.r014.unit.thm.combing"",""ttp.r014.unit.thm.combing.proof""]",ttp.r014.unit.book/ttp.r014.unit.chap.cs/ttp.r014.unit.sec.itc/ttp.r014.unit.thm.combing/ttp.r014.unit.thm.combing.proof,generated_stable_id,,,"[""ttp.r014.qa.section-itc-topology"",""ttp.r014.qa.section-itc-math"",""ttp.r014.qa.section-itc-language""]"
r014.backend.record,1.0.0,ttp.r014.unit.thm.congcanc.proof,unit,active,ttp.r014.yaintt,ttp.r014.yaintt,ttp.r014.edition.id-id.boundary7,id-ID,2026-08-21T13:53:00+02:00,codex.r014.id-ID,,proof,ttp.r014.unit.thm.congcanc,1,0001,generated:proof:thm:congcanc,Proof,Bukti,"{""end_line"":1560,""path"":""authority/downloads/yaintt.tex"",""start_line"":1546}",83df43acea00e1e02b60c92723cf8205ae73d158612bb59b486bc4ce7ebcfedb,"{""end_line"":1725,""path"":""qa/frozen-boundaries/boundary7/yaintt-id.tex"",""start_line"":1710}",0cb1d541ec58b66ef6b8ed2a0d3b584287942a56d2a77cd4f213b7feed624707,language_reviewed,rights.yaintt.id-id.derivative.boundary7,"[""ttp.r014.unit.book"",""ttp.r014.unit.chap.cs"",""ttp.r014.unit.sec.itc"",""ttp.r014.unit.thm.congcanc"",""ttp.r014.unit.thm.congcanc.proof""]",ttp.r014.unit.book/ttp.r014.unit.chap.cs/ttp.r014.unit.sec.itc/ttp.r014.unit.thm.congcanc/ttp.r014.unit.thm.congcanc.proof,generated_stable_id,,,"[""ttp.r014.qa.section-itc-topology"",""ttp.r014.qa.section-itc-math"",""ttp.r014.qa.section-itc-language""]"
r014.backend.record,1.0.0,ttp.r014.unit.thm.dividebygcd.proof,unit,active,ttp.r014.yaintt,ttp.r014.yaintt,ttp.r014.edition.id-id.boundary5,id-ID,2026-08-21T13:53:00+02:00,codex.r014.id-ID,,proof,ttp.r014.unit.thm.dividebygcd,1,0001,generated:proof:thm:dividebygcd,Proof,Bukti,"{""end_line"":1052,""path"":""authority/downloads/yaintt.tex"",""start_line"":1038}",37dd25ce40300ddcaf6ddf87ba564f6093a3445cba97e0f2056f0429bbfff448,"{""end_line"":1165,""path"":""qa/frozen-boundaries/boundary5/yaintt-id.tex"",""start_line"":1151}",33e43b183ebcece7bec586f9cedb25704314f79686687ae817a880067dc9949e,language_reviewed,rights.yaintt.id-id.derivative.boundary5,"[""ttp.r014.unit.book"",""ttp.r014.unit.chap.woad"",""ttp.r014.unit.sec.gcd"",""ttp.r014.unit.thm.dividebygcd"",""ttp.r014.unit.thm.dividebygcd.proof""]",ttp.r014.unit.book/ttp.r014.unit.chap.woad/ttp.r014.unit.sec.gcd/ttp.r014.unit.thm.dividebygcd/ttp.r014.unit.thm.dividebygcd.proof,generated_stable_id,,,"[""ttp.r014.qa.section-gcd-topology"",""ttp.r014.qa.section-gcd-math"",""ttp.r014.qa.section-gcd-language""]"
r014.backend.record,1.0.0,ttp.r014.unit.thm.divisibilitylincombs.proof,unit,active,ttp.r014.yaintt,ttp.r014.yaintt,ttp.r014.edition.id-id.boundary3,id-ID,2026-08-21T13:53:00+02:00,codex.r014.id-ID,,proof,ttp.r014.unit.thm.divisibilitylincombs,1,0001,generated:proof:thm:divisibilitylincombs,Proof,Bukti,"{""end_line"":716,""path"":""authority/downloads/yaintt.tex"",""start_line"":709}",f45955286fc5c56e2d0dea5738148362d2996ea167b230f6797c5b214caf1d3e,"{""end_line"":796,""path"":""qa/frozen-boundaries/boundary3/yaintt-id.tex"",""start_line"":789}",e53e829f4087627b122beef3ade0ef23a9c9ed749c8ed403bfb367b841d11fa4,language_reviewed,rights.yaintt.id-id.derivative,"[""ttp.r014.unit.book"",""ttp.r014.unit.chap.woad"",""ttp.r014.unit.sec.dada"",""ttp.r014.unit.sec.dada.subsection.divisibility"",""ttp.r014.unit.thm.divisibilitylincombs"",""ttp.r014.unit.thm.divisibilitylincombs.proof""]",ttp.r014.unit.book/ttp.r014.unit.chap.woad/ttp.r014.unit.sec.dada/ttp.r014.unit.sec.dada.subsection.divisibility/ttp.r014.unit.thm.divisibilitylincombs/ttp.r014.unit.thm.divisibilitylincombs.proof,generated_stable_id,,,"[""ttp.r014.qa.section-dada-topology"",""ttp.r014.qa.section-dada-math"",""ttp.r014.qa.section-dada-language""]"
r014.backend.record,1.0.0,ttp.r014.unit.thm.equivalence-classes-disjoint-or-equal.proof,unit,active,ttp.r014.yaintt,ttp.r014.yaintt,ttp.r014.edition.id-id.boundary10,id-ID,2026-08-21T13:53:00+02:00,codex.r014.id-ID,,proof,ttp.r014.unit.thm.equivalence-classes-disjoint-or-equal,1,0001,generated:proof:theorem:sec:AWtWwC:01,Proof,Bukti,"{""end_line"":1928,""path"":""authority/downloads/yaintt.tex"",""start_line"":1913}",fea31ccce2edba9568945f77b66f6a20fd68aab87b46bc9b4f90e07249024fa6,"{""end_line"":2169,""path"":""qa/frozen-boundaries/boundary10/yaintt-id.tex"",""start_line"":2151}",4ae44295dc3d73026480b4a8b2f36b2dac645617a9b754da94adf27a7f585dcb,language_reviewed,rights.yaintt.id-id.derivative.boundary10,"[""ttp.r014.unit.book"",""ttp.r014.unit.chap.cs"",""ttp.r014.unit.sec.awtwwc"",""ttp.r014.unit.thm.equivalence-classes-disjoint-or-equal"",""ttp.r014.unit.thm.equivalence-classes-disjoint-or-equal.proof""]",ttp.r014.unit.book/ttp.r014.unit.chap.cs/ttp.r014.unit.sec.awtwwc/ttp.r014.unit.thm.equivalence-classes-disjoint-or-equal/ttp.r014.unit.thm.equivalence-classes-disjoint-or-equal.proof,generated_stable_id,,,"[""ttp.r014.qa.section-awtwwc-topology"",""ttp.r014.qa.section-awtwwc-math"",""ttp.r014.qa.section-awtwwc-language""]"
r014.backend.record,1.0.0,ttp.r014.unit.thm.euclideanalg.proof,unit,active,ttp.r014.yaintt,ttp.r014.yaintt,ttp.r014.edition.id-id.boundary6,id-ID,2026-08-21T13:53:00+02:00,codex.r014.id-ID,,proof,ttp.r014.unit.thm.euclideanalg,1,0001,generated:proof:thm:euclideanalg,Proof,Bukti,"{""end_line"":1266,""path"":""authority/downloads/yaintt.tex"",""start_line"":1248}",cb836e470a8d15b50d6ec2424f5029c79521506cbb0a61a1b90f687ab32fae3d,"{""end_line"":1401,""path"":""qa/frozen-boundaries/boundary6/yaintt-id.tex"",""start_line"":1389}",dd348817dd8b056b4d3cf5463d0f46763e34eff5ae952864645f4e1d9c47a649,language_reviewed,rights.yaintt.id-id.derivative.boundary6,"[""ttp.r014.unit.book"",""ttp.r014.unit.chap.woad"",""ttp.r014.unit.sec.ea"",""ttp.r014.unit.thm.euclideanalg"",""ttp.r014.unit.thm.euclideanalg.proof""]",ttp.r014.unit.book/ttp.r014.unit.chap.woad/ttp.r014.unit.sec.ea/ttp.r014.unit.thm.euclideanalg/ttp.r014.unit.thm.euclideanalg.proof,generated_stable_id,,,"[""ttp.r014.qa.section-ea-topology"",""ttp.r014.qa.section-ea-math"",""ttp.r014.qa.section-ea-language""]"
r014.backend.record,1.0.0,ttp.r014.unit.thm.euler-phi-counts-units.proof,unit,active,ttp.r014.yaintt,ttp.r014.yaintt,ttp.r014.edition.id-id.boundary11,id-ID,2026-08-21T13:53:00+02:00,codex.r014.id-ID,,proof,ttp.r014.unit.thm.euler-phi-counts-units,1,0001,generated:proof:theorem:sec:EphiF:01,Proof,Bukti,"{""end_line"":2117,""path"":""authority/downloads/yaintt.tex"",""start_line"":2115}",dea40e8779986107846af19220fcfd3b3885d0090fe91225a40284fcb65a93e2,"{""end_line"":2376,""path"":""qa/frozen-boundaries/boundary11/yaintt-id.tex"",""start_line"":2373}",0c7ddc1d69493f0fccac45d66ffdfe817734ad3e8ca25cf35a2742396627f227,language_reviewed,rights.yaintt.id-id.derivative.boundary11,"[""ttp.r014.unit.book"",""ttp.r014.unit.chap.cs"",""ttp.r014.unit.sec.ephif"",""ttp.r014.unit.thm.euler-phi-counts-units"",""ttp.r014.unit.thm.euler-phi-counts-units.proof""]",ttp.r014.unit.book/ttp.r014.unit.chap.cs/ttp.r014.unit.sec.ephif/ttp.r014.unit.thm.euler-phi-counts-units/ttp.r014.unit.thm.euler-phi-counts-units.proof,generated_stable_id,,,"[""ttp.r014.qa.section-ephif-topology"",""ttp.r014.qa.section-ephif-math"",""ttp.r014.qa.section-ephif-language""]"
r014.backend.record,1.0.0,ttp.r014.unit.thm.gcdislincomb.proof,unit,active,ttp.r014.yaintt,ttp.r014.yaintt,ttp.r014.edition.id-id.boundary5,id-ID,2026-08-21T13:53:00+02:00,codex.r014.id-ID,,proof,ttp.r014.unit.thm.gcdislincomb,1,0001,generated:proof:thm:gcdislincomb,Proof,Bukti,"{""end_line"":1128,""path"":""authority/downloads/yaintt.tex"",""start_line"":1096}",5a0cae4d4562bc69c609c365b30268b6cdc308955de218704c877b789e2405b9,"{""end_line"":1244,""path"":""qa/frozen-boundaries/boundary5/yaintt-id.tex"",""start_line"":1210}",35b6963de9048c569cf0126d2f736cc9997d670051902c32c703a11960d0b0ef,language_reviewed,rights.yaintt.id-id.derivative.boundary5,"[""ttp.r014.unit.book"",""ttp.r014.unit.chap.woad"",""ttp.r014.unit.sec.gcd"",""ttp.r014.unit.thm.gcdislincomb"",""ttp.r014.unit.thm.gcdislincomb.proof""]",ttp.r014.unit.book/ttp.r014.unit.chap.woad/ttp.r014.unit.sec.gcd/ttp.r014.unit.thm.gcdislincomb/ttp.r014.unit.thm.gcdislincomb.proof,generated_stable_id,,,"[""ttp.r014.qa.section-gcd-topology"",""ttp.r014.qa.section-gcd-math"",""ttp.r014.qa.section-gcd-language""]"
r014.backend.record,1.0.0,ttp.r014.unit.thm.integers-mod-n-representatives.proof,unit,active,ttp.r014.yaintt,ttp.r014.yaintt,ttp.r014.edition.id-id.boundary10,id-ID,2026-08-21T13:53:00+02:00,codex.r014.id-ID,,proof,ttp.r014.unit.thm.integers-mod-n-representatives,1,0001,generated:proof:theorem:sec:AWtWwC:02,Proof,Bukti,"{""end_line"":1975,""path"":""authority/downloads/yaintt.tex"",""start_line"":1968}",e2cb115d47ae2666a3f41e193345a8c7dd5d93615c76cd4c7bfa45df93c5f8c6,"{""end_line"":2218,""path"":""qa/frozen-boundaries/boundary10/yaintt-id.tex"",""start_line"":2209}",8d1faaf66cca29d00261ea149c8249f7ef2284faefe1a5549889c785544cbe9f,language_reviewed,rights.yaintt.id-id.derivative.boundary10,"[""ttp.r014.unit.book"",""ttp.r014.unit.chap.cs"",""ttp.r014.unit.sec.awtwwc"",""ttp.r014.unit.thm.integers-mod-n-representatives"",""ttp.r014.unit.thm.integers-mod-n-representatives.proof""]",ttp.r014.unit.book/ttp.r014.unit.chap.cs/ttp.r014.unit.sec.awtwwc/ttp.r014.unit.thm.integers-mod-n-representatives/ttp.r014.unit.thm.integers-mod-n-representatives.proof,generated_stable_id,,,"[""ttp.r014.qa.section-awtwwc-topology"",""ttp.r014.qa.section-awtwwc-math"",""ttp.r014.qa.section-awtwwc-language""]"
r014.backend.record,1.0.0,ttp.r014.unit.thm.linear-congruence-classes.proof,unit,active,ttp.r014.yaintt,ttp.r014.yaintt,ttp.r014.edition.id-id.boundary10,id-ID,2026-08-21T13:53:00+02:00,codex.r014.id-ID,,proof,ttp.r014.unit.thm.linear-congruence-classes,1,0001,generated:proof:theorem:sec:AWtWwC:03,Proof,Bukti,"{""end_line"":2049,""path"":""authority/downloads/yaintt.tex"",""start_line"":2046}",f6d542b278a85d81df8b29ccad27470e7e5a6f6c8e1af04005b8ca0521749586,"{""end_line"":2294,""path"":""qa/frozen-boundaries/boundary10/yaintt-id.tex"",""start_line"":2291}",9924ce323d4c9bab769d9c1ffa86c4eea0f414765ea0089e8345c2edb372dcf8,language_reviewed,rights.yaintt.id-id.derivative.boundary10,"[""ttp.r014.unit.book"",""ttp.r014.unit.chap.cs"",""ttp.r014.unit.sec.awtwwc"",""ttp.r014.unit.thm.linear-congruence-classes"",""ttp.r014.unit.thm.linear-congruence-classes.proof""]",ttp.r014.unit.book/ttp.r014.unit.chap.cs/ttp.r014.unit.sec.awtwwc/ttp.r014.unit.thm.linear-congruence-classes/ttp.r014.unit.thm.linear-congruence-classes.proof,generated_stable_id,,,"[""ttp.r014.qa.section-awtwwc-topology"",""ttp.r014.qa.section-awtwwc-math"",""ttp.r014.qa.section-awtwwc-language""]"
r014.backend.record,1.0.0,ttp.r014.unit.thm.numzerosmodafactor.proof,unit,active,ttp.r014.yaintt,ttp.r014.yaintt,ttp.r014.edition.id-id.boundary7,id-ID,2026-08-21T13:53:00+02:00,codex.r014.id-ID,,proof,ttp.r014.unit.thm.numzerosmodafactor,1,0001,generated:proof:thm:numzerosmodafactor,Proof,Bukti,"{""end_line"":1591,""path"":""authority/downloads/yaintt.tex"",""start_line"":1575}",bab256d3ea7d5ebfca46da32057b3ded42fdbb6ad006d3fa4962927dd8c84eae,"{""end_line"":1761,""path"":""qa/frozen-boundaries/boundary7/yaintt-id.tex"",""start_line"":1741}",9cedb660f2165bad67f1899d52bc535731152c8d872c423ea04b4b66af274574,language_reviewed,rights.yaintt.id-id.derivative.boundary7,"[""ttp.r014.unit.book"",""ttp.r014.unit.chap.cs"",""ttp.r014.unit.sec.itc"",""ttp.r014.unit.thm.numzerosmodafactor"",""ttp.r014.unit.thm.numzerosmodafactor.proof""]",ttp.r014.unit.book/ttp.r014.unit.chap.cs/ttp.r014.unit.sec.itc/ttp.r014.unit.thm.numzerosmodafactor/ttp.r014.unit.thm.numzerosmodafactor.proof,generated_stable_id,,,"[""ttp.r014.qa.section-itc-topology"",""ttp.r014.qa.section-itc-math"",""ttp.r014.qa.section-itc-language""]"
r014.backend.record,1.0.0,ttp.r014.unit.thm.phiismultiplicative.proof,unit,active,ttp.r014.yaintt,ttp.r014.yaintt,ttp.r014.edition.id-id.boundary11,id-ID,2026-08-21T13:53:00+02:00,codex.r014.id-ID,,proof,ttp.r014.unit.thm.phiismultiplicative,1,0001,generated:proof:thm:phiismultiplicative,Proof,Bukti,"{""end_line"":2191,""path"":""authority/downloads/yaintt.tex"",""start_line"":2129}",162f71e010041925096227d3179fb53cc0d1efad8235975ad08d6f56602274cb,"{""end_line"":2472,""path"":""qa/frozen-boundaries/boundary11/yaintt-id.tex"",""start_line"":2390}",7b8fab68c47041ae4f10ab4f3529b0beb739bbf1ca4889c2b96639de7987defe,language_reviewed,rights.yaintt.id-id.derivative.boundary11,"[""ttp.r014.unit.book"",""ttp.r014.unit.chap.cs"",""ttp.r014.unit.sec.ephif"",""ttp.r014.unit.thm.phiismultiplicative"",""ttp.r014.unit.thm.phiismultiplicative.proof""]",ttp.r014.unit.book/ttp.r014.unit.chap.cs/ttp.r014.unit.sec.ephif/ttp.r014.unit.thm.phiismultiplicative/ttp.r014.unit.thm.phiismultiplicative.proof,generated_stable_id,,,"[""ttp.r014.qa.section-ephif-topology"",""ttp.r014.qa.section-ephif-math"",""ttp.r014.qa.section-ephif-language""]"
r014.backend.record,1.0.0,ttp.r014.unit.thm.pigeonhole,unit,active,ttp.r014.yaintt,ttp.r014.yaintt,ttp.r014.edition.id-id.boundary3,id-ID,2026-08-21T13:53:00+02:00,codex.r014.id-ID,,theorem,ttp.r014.unit.sec.wopami.subsection.02,1,0001,thm:pigeonhole,Pigeonhole Principle,Prinsip Sarang Merpati,"{""end_line"":424,""path"":""authority/downloads/yaintt.tex"",""start_line"":419}",cd6660cd8216d0b394724387fe81bf84e543db743b9532984fca284e4c341df6,"{""end_line"":468,""path"":""qa/frozen-boundaries/boundary3/yaintt-id.tex"",""start_line"":463}",cf5b15da4d7cc0b5cb66188cb8feb36ae5fd4f5ba1c4e7d36f158898400f4d3c,language_reviewed,rights.yaintt.id-id.derivative,"[""ttp.r014.unit.book"",""ttp.r014.unit.chap.woad"",""ttp.r014.unit.sec.wopami"",""ttp.r014.unit.sec.wopami.subsection.02"",""ttp.r014.unit.thm.pigeonhole""]",ttp.r014.unit.book/ttp.r014.unit.chap.woad/ttp.r014.unit.sec.wopami/ttp.r014.unit.sec.wopami.subsection.02/ttp.r014.unit.thm.pigeonhole,source_label,,,"[""ttp.r014.qa.boundary1-topology"",""ttp.r014.qa.boundary1-math"",""ttp.r014.qa.boundary1-language""]"
r014.backend.record,1.0.0,ttp.r014.unit.thm.pigeonhole.proof,unit,active,ttp.r014.yaintt,ttp.r014.yaintt,ttp.r014.edition.id-id.boundary3,id-ID,2026-08-21T13:53:00+02:00,codex.r014.id-ID,,proof,ttp.r014.unit.thm.pigeonhole,1,0001,generated:proof:thm:pigeonhole,Proof,Bukti,"{""end_line"":430,""path"":""authority/downloads/yaintt.tex"",""start_line"":426}",41815a0726eb4b43e6a23f51ded047ca4b57ce55271326becd970d5fcc66aad1,"{""end_line"":473,""path"":""qa/frozen-boundaries/boundary3/yaintt-id.tex"",""start_line"":470}",4c7ffc608396ca5eca12fc36855cab57ed94e9909cc29a5f32f1b862a858fdc6,language_reviewed,rights.yaintt.id-id.derivative,"[""ttp.r014.unit.book"",""ttp.r014.unit.chap.woad"",""ttp.r014.unit.sec.wopami"",""ttp.r014.unit.sec.wopami.subsection.02"",""ttp.r014.unit.thm.pigeonhole"",""ttp.r014.unit.thm.pigeonhole.proof""]",ttp.r014.unit.book/ttp.r014.unit.chap.woad/ttp.r014.unit.sec.wopami/ttp.r014.unit.sec.wopami.subsection.02/ttp.r014.unit.thm.pigeonhole/ttp.r014.unit.thm.pigeonhole.proof,generated_stable_id,,,"[""ttp.r014.qa.boundary1-topology"",""ttp.r014.qa.boundary1-math"",""ttp.r014.qa.boundary1-language""]"
r014.backend.record,1.0.0,ttp.r014.unit.thm.plustimesproperties.proof,unit,active,ttp.r014.yaintt,ttp.r014.yaintt,ttp.r014.edition.id-id.boundary10,id-ID,2026-08-21T13:53:00+02:00,codex.r014.id-ID,,proof,ttp.r014.unit.thm.plustimesproperties,1,0001,generated:proof:thm:plustimesproperties,Proof,Bukti,"{""end_line"":2027,""path"":""authority/downloads/yaintt.tex"",""start_line"":2024}",e007a7a03191f5aa0d940ab0f2cfdb8189516a6ab81f92ffc0111ab1ba3c40c3,"{""end_line"":2271,""path"":""qa/frozen-boundaries/boundary10/yaintt-id.tex"",""start_line"":2267}",a056d923b1e39132ce46652a75487b7dd6c7a39130f7db14e544b64f436c3c66,language_reviewed,rights.yaintt.id-id.derivative.boundary10,"[""ttp.r014.unit.book"",""ttp.r014.unit.chap.cs"",""ttp.r014.unit.sec.awtwwc"",""ttp.r014.unit.thm.plustimesproperties"",""ttp.r014.unit.thm.plustimesproperties.proof""]",ttp.r014.unit.book/ttp.r014.unit.chap.cs/ttp.r014.unit.sec.awtwwc/ttp.r014.unit.thm.plustimesproperties/ttp.r014.unit.thm.plustimesproperties.proof,generated_stable_id,,,"[""ttp.r014.qa.section-awtwwc-topology"",""ttp.r014.qa.section-awtwwc-math"",""ttp.r014.qa.section-awtwwc-language""]"
r014.backend.record,1.0.0,ttp.r014.unit.thm.plustimeswelldefined.proof,unit,active,ttp.r014.yaintt,ttp.r014.yaintt,ttp.r014.edition.id-id.boundary10,id-ID,2026-08-21T13:53:00+02:00,codex.r014.id-ID,,proof,ttp.r014.unit.thm.plustimeswelldefined,1,0001,generated:proof:thm:plustimeswelldefined,Proof,Bukti,"{""end_line"":2004,""path"":""authority/downloads/yaintt.tex"",""start_line"":1996}",168039aa61eadde3b40e015bc24f46c7ce9186df7f677ccfd137b209e3f8832f,"{""end_line"":2247,""path"":""qa/frozen-boundaries/boundary10/yaintt-id.tex"",""start_line"":2239}",0a03e2c34fac81d071375ed9306e78ec44eef5fcee12288d5cd92ff7a5b0cbe8,language_reviewed,rights.yaintt.id-id.derivative.boundary10,"[""ttp.r014.unit.book"",""ttp.r014.unit.chap.cs"",""ttp.r014.unit.sec.awtwwc"",""ttp.r014.unit.thm.plustimeswelldefined"",""ttp.r014.unit.thm.plustimeswelldefined.proof""]",ttp.r014.unit.book/ttp.r014.unit.chap.cs/ttp.r014.unit.sec.awtwwc/ttp.r014.unit.thm.plustimeswelldefined/ttp.r014.unit.thm.plustimeswelldefined.proof,generated_stable_id,,,"[""ttp.r014.qa.section-awtwwc-topology"",""ttp.r014.qa.section-awtwwc-math"",""ttp.r014.qa.section-awtwwc-language""]"
r014.backend.record,1.0.0,ttp.r014.unit.thm.the-da,unit,active,ttp.r014.yaintt,ttp.r014.yaintt,ttp.r014.edition.id-id.boundary3,id-ID,2026-08-21T13:53:00+02:00,codex.r014.id-ID,,theorem,ttp.r014.unit.sec.dada.subsection.division-algorithm,1,0001,thm:theDA,The Division Algorithm,Algoritma Pembagian,"{""end_line"":740,""path"":""authority/downloads/yaintt.tex"",""start_line"":734}",b141235d0e7fdd9e30b5e9c0499ddfcab02a16c2ad883da7244ed433bdadde0f,"{""end_line"":818,""path"":""qa/frozen-boundaries/boundary3/yaintt-id.tex"",""start_line"":813}",74a3a2921afb3ba034d4a011c43b5021d8acaebe840939773d55bb9d3aab81e7,language_reviewed,rights.yaintt.id-id.derivative,"[""ttp.r014.unit.book"",""ttp.r014.unit.chap.woad"",""ttp.r014.unit.sec.dada"",""ttp.r014.unit.sec.dada.subsection.division-algorithm"",""ttp.r014.unit.thm.the-da""]",ttp.r014.unit.book/ttp.r014.unit.chap.woad/ttp.r014.unit.sec.dada/ttp.r014.unit.sec.dada.subsection.division-algorithm/ttp.r014.unit.thm.the-da,source_label,,,"[""ttp.r014.qa.section-dada-topology"",""ttp.r014.qa.section-dada-math"",""ttp.r014.qa.section-dada-language""]"
r014.backend.record,1.0.0,ttp.r014.unit.thm.the-da.proof,unit,active,ttp.r014.yaintt,ttp.r014.yaintt,ttp.r014.edition.id-id.boundary3,id-ID,2026-08-21T13:53:00+02:00,codex.r014.id-ID,,proof,ttp.r014.unit.thm.the-da,1,0001,generated:proof:thm:theDA,Proof,Bukti,"{""end_line"":770,""path"":""authority/downloads/yaintt.tex"",""start_line"":742}",de2c7502128421704a942e7ab1670d017e647a9ff2e90be8b55ed4062bbd43d0,"{""end_line"":848,""path"":""qa/frozen-boundaries/boundary3/yaintt-id.tex"",""start_line"":820}",93b02f9559df368b5fccf2aaf8862632297ae6ef905523f09b73cb51e0cf51f2,language_reviewed,rights.yaintt.id-id.derivative,"[""ttp.r014.unit.book"",""ttp.r014.unit.chap.woad"",""ttp.r014.unit.sec.dada"",""ttp.r014.unit.sec.dada.subsection.division-algorithm"",""ttp.r014.unit.thm.the-da"",""ttp.r014.unit.thm.the-da.proof""]",ttp.r014.unit.book/ttp.r014.unit.chap.woad/ttp.r014.unit.sec.dada/ttp.r014.unit.sec.dada.subsection.division-algorithm/ttp.r014.unit.thm.the-da/ttp.r014.unit.thm.the-da.proof,generated_stable_id,,,"[""ttp.r014.qa.section-dada-topology"",""ttp.r014.qa.section-dada-math"",""ttp.r014.qa.section-dada-language""]"
r014.backend.record,1.0.0,ttp.r014.unit.backmatter.index,unit,active,ttp.r014.yaintt,ttp.r014.yaintt,ttp.r014.edition.id-id.boundary3,id-ID,2026-08-21T13:53:00+02:00,codex.r014.id-ID,,index,ttp.r014.unit.backmatter,2,0002,printindex,Index,Indeks,"{""end_line"":6007,""path"":""authority/downloads/yaintt.tex"",""start_line"":6003}",86fef02c9a31a39c7449fe46de0fcef60b3b0053466c112ee40b5b95468d8255,"{""end_line"":916,""path"":""qa/frozen-boundaries/boundary3/yaintt-id.tex"",""start_line"":916}",0315b8ad0b501147c17722454d6b92bd29189f0c0556be827cbbd8e1b93bf3d5,structurally_verified,rights.yaintt.id-id.derivative,"[""ttp.r014.unit.book"",""ttp.r014.unit.backmatter"",""ttp.r014.unit.backmatter.index""]",ttp.r014.unit.book/ttp.r014.unit.backmatter/ttp.r014.unit.backmatter.index,generated_stable_id,,,"[""ttp.r014.qa.boundary3-build"",""ttp.r014.qa.boundary3-visual""]"
r014.backend.record,1.0.0,ttp.r014.unit.bib.hardy2005mathematician,unit,active,ttp.r014.yaintt,ttp.r014.yaintt,ttp.r014.edition.id-id.boundary3,en,2026-08-21T13:53:00+02:00,codex.r014.id-ID,,bibliography_entry,ttp.r014.unit.backmatter.bibliography,2,0002,hardy2005mathematician,Hardy 2005,Hardy 2005,"{""end_line"":55,""path"":""authority/downloads/refs.bib"",""start_line"":50}",df505b5f621195077c98e2b170520509da7140f95839a2217981172124dcb01c,,,source_frozen,rights.yaintt.text_and_author_assets,"[""ttp.r014.unit.book"",""ttp.r014.unit.backmatter"",""ttp.r014.unit.backmatter.bibliography"",""ttp.r014.unit.bib.hardy2005mathematician""]",ttp.r014.unit.book/ttp.r014.unit.backmatter/ttp.r014.unit.backmatter.bibliography/ttp.r014.unit.bib.hardy2005mathematician,generated_stable_id,,,"[""ttp.r014.qa.source-authority""]"
r014.backend.record,1.0.0,ttp.r014.unit.chap.woad,unit,active,ttp.r014.yaintt,ttp.r014.yaintt,ttp.r014.edition.id-id.boundary3,id-ID,2026-08-21T13:53:00+02:00,codex.r014.id-ID,,chapter,ttp.r014.unit.book,2,0002,chap:WOaD,Well-Ordering and Division,Keterurutan Baik dan Pembagian,"{""end_line"":1325,""path"":""authority/downloads/yaintt.tex"",""start_line"":390}",8cdff6ea8443e208d3604071a108385e967f0c388cdd72fd3b593b4dee7adb00,"{""end_line"":1418,""path"":""qa/frozen-boundaries/boundary3/yaintt-id.tex"",""start_line"":433}",0b758a48c3b73be9c1107b60c5fa28e3f1a5bbb9961dca3cde762db4feb45fc4,draft,rights.yaintt.id-id.derivative,"[""ttp.r014.unit.book"",""ttp.r014.unit.chap.woad""]",ttp.r014.unit.book/ttp.r014.unit.chap.woad,source_label,,,"[""ttp.r014.qa.boundary1-topology"",""ttp.r014.qa.boundary1-math"",""ttp.r014.qa.boundary1-language"",""ttp.r014.qa.section-aowi-topology"",""ttp.r014.qa.section-aowi-math"",""ttp.r014.qa.section-aowi-language"",""ttp.r014.qa.section-dada-topology"",""ttp.r014.qa.section-dada-math"",""ttp.r014.qa.section-dada-language""]"
r014.backend.record,1.0.0,ttp.r014.unit.def.congruence,unit,active,ttp.r014.yaintt,ttp.r014.yaintt,ttp.r014.edition.id-id.boundary7,id-ID,2026-08-21T13:53:00+02:00,codex.r014.id-ID,,definition,ttp.r014.unit.sec.itc,2,0002,generated:definition:sec:ItC:01,Congruence modulo n,Kongruensi modulo n,"{""end_line"":1350,""path"":""authority/downloads/yaintt.tex"",""start_line"":1346}",966ad1d0aff62be62a5661276e98f25b014c9556fbd1931d2d6c2fb81515c230,"{""end_line"":1505,""path"":""qa/frozen-boundaries/boundary7/yaintt-id.tex"",""start_line"":1500}",900e581d380000b95348f72faa446e63f06346ec07935118a0f7fa45c5d989b7,language_reviewed,rights.yaintt.id-id.derivative.boundary7,"[""ttp.r014.unit.book"",""ttp.r014.unit.chap.cs"",""ttp.r014.unit.sec.itc"",""ttp.r014.unit.def.congruence""]",ttp.r014.unit.book/ttp.r014.unit.chap.cs/ttp.r014.unit.sec.itc/ttp.r014.unit.def.congruence,generated_stable_id,,,"[""ttp.r014.qa.section-itc-topology"",""ttp.r014.qa.section-itc-math"",""ttp.r014.qa.section-itc-language""]"
r014.backend.record,1.0.0,ttp.r014.unit.def.equivalence-relation,unit,active,ttp.r014.yaintt,ttp.r014.yaintt,ttp.r014.edition.id-id.boundary10,id-ID,2026-08-21T13:53:00+02:00,codex.r014.id-ID,,definition,ttp.r014.unit.sec.awtwwc,2,0002,generated:definition:sec:AWtWwC:01,Equivalence relation and equivalence class,Relasi ekuivalensi dan kelas ekuivalensi,"{""end_line"":1903,""path"":""authority/downloads/yaintt.tex"",""start_line"":1884}",3e02a3c7eea9707c604de97bcab76f0868b035b71d86d29068284d9c1f3bb84f,"{""end_line"":2140,""path"":""qa/frozen-boundaries/boundary10/yaintt-id.tex"",""start_line"":2121}",1705ae5906605236c11601ea512a262def54ec64758e3ce42bcbf2f2d49223cc,language_reviewed,rights.yaintt.id-id.derivative.boundary10,"[""ttp.r014.unit.book"",""ttp.r014.unit.chap.cs"",""ttp.r014.unit.sec.awtwwc"",""ttp.r014.unit.def.equivalence-relation""]",ttp.r014.unit.book/ttp.r014.unit.chap.cs/ttp.r014.unit.sec.awtwwc/ttp.r014.unit.def.equivalence-relation,generated_stable_id,,,"[""ttp.r014.qa.section-awtwwc-topology"",""ttp.r014.qa.section-awtwwc-math"",""ttp.r014.qa.section-awtwwc-language""]"
r014.backend.record,1.0.0,ttp.r014.unit.def.euler-phi,unit,active,ttp.r014.yaintt,ttp.r014.yaintt,ttp.r014.edition.id-id.boundary11,id-ID,2026-08-21T13:53:00+02:00,codex.r014.id-ID,,definition,ttp.r014.unit.sec.ephif,2,0002,generated:definition:sec:EphiF:01,Euler's phi function,Fungsi phi Euler,"{""end_line"":2104,""path"":""authority/downloads/yaintt.tex"",""start_line"":2091}",5f7854b21a97c54a25b9c4b95cf3b303da9806da3a074ae3afebc896490cbd2a,"{""end_line"":2362,""path"":""qa/frozen-boundaries/boundary11/yaintt-id.tex"",""start_line"":2349}",274f5acb4ef8ba784a5c277cb191edbc7d36a6c553343ad79369186301f56c7b,language_reviewed,rights.yaintt.id-id.derivative.boundary11,"[""ttp.r014.unit.book"",""ttp.r014.unit.chap.cs"",""ttp.r014.unit.sec.ephif"",""ttp.r014.unit.def.euler-phi""]",ttp.r014.unit.book/ttp.r014.unit.chap.cs/ttp.r014.unit.sec.ephif/ttp.r014.unit.def.euler-phi,generated_stable_id,,,"[""ttp.r014.qa.section-ephif-topology"",""ttp.r014.qa.section-ephif-math"",""ttp.r014.qa.section-ephif-language""]"
r014.backend.record,1.0.0,ttp.r014.unit.def.linearcongruence,unit,active,ttp.r014.yaintt,ttp.r014.yaintt,ttp.r014.edition.id-id.boundary8,id-ID,2026-08-21T13:53:00+02:00,codex.r014.id-ID,,definition,ttp.r014.unit.sec.lc,2,0002,generated:definition:sec:LC:01,Linear congruence in one variable,Kongruensi linear dalam satu peubah,"{""end_line"":1635,""path"":""authority/downloads/yaintt.tex"",""start_line"":1631}",d64dc9c5a279a33045efa4be16b8dff5bfb7d6fa32cc8ae12e70f28469a48e27,"{""end_line"":1824,""path"":""qa/frozen-boundaries/boundary8/yaintt-id.tex"",""start_line"":1820}",92f681d4882e54082cbca5953e3772c1d625b2bd513a7b7171f281a28018e37d,language_reviewed,rights.yaintt.id-id.derivative.boundary8,"[""ttp.r014.unit.book"",""ttp.r014.unit.chap.cs"",""ttp.r014.unit.sec.lc"",""ttp.r014.unit.def.linearcongruence""]",ttp.r014.unit.book/ttp.r014.unit.chap.cs/ttp.r014.unit.sec.lc/ttp.r014.unit.def.linearcongruence,generated_stable_id,,,"[""ttp.r014.qa.section-lc-topology"",""ttp.r014.qa.section-lc-math"",""ttp.r014.qa.section-lc-language""]"
r014.backend.record,1.0.0,ttp.r014.unit.eg.arithmetic,unit,active,ttp.r014.yaintt,ttp.r014.yaintt,ttp.r014.edition.id-id.boundary3,id-ID,2026-08-21T13:53:00+02:00,codex.r014.id-ID,,example,ttp.r014.unit.sec.dada.subsection.division-algorithm,2,0002,eg:arithmetic,Quotient and remainder example,Contoh hasil bagi dan sisa,"{""end_line"":774,""path"":""authority/downloads/yaintt.tex"",""start_line"":772}",27cea5d4deb4675caafed83d843a90f2fa5cde00c6d45eb077701128344907c6,"{""end_line"":852,""path"":""qa/frozen-boundaries/boundary3/yaintt-id.tex"",""start_line"":850}",85de88dd3bc977c9871133c5874e0125c63838dabaf08188d99c29e8a07d08cd,language_reviewed,rights.yaintt.id-id.derivative,"[""ttp.r014.unit.book"",""ttp.r014.unit.chap.woad"",""ttp.r014.unit.sec.dada"",""ttp.r014.unit.sec.dada.subsection.division-algorithm"",""ttp.r014.unit.eg.arithmetic""]",ttp.r014.unit.book/ttp.r014.unit.chap.woad/ttp.r014.unit.sec.dada/ttp.r014.unit.sec.dada.subsection.division-algorithm/ttp.r014.unit.eg.arithmetic,source_label,,,"[""ttp.r014.qa.section-dada-topology"",""ttp.r014.qa.section-dada-math"",""ttp.r014.qa.section-dada-language""]"
r014.backend.record,1.0.0,ttp.r014.unit.eg.inductionv1a.equation.02,unit,active,ttp.r014.yaintt,ttp.r014.yaintt,ttp.r014.edition.id-id.boundary3,id-ID,2026-08-21T13:53:00+02:00,codex.r014.id-ID,,equation,ttp.r014.unit.eg.inductionv1a,2,0002,generated:equation:inductionv1a:02,Base case,Kasus dasar,"{""end_line"":491,""path"":""authority/downloads/yaintt.tex"",""start_line"":489}",b60637bb57282e2cf41b7143571fed5b6c5432f63c1efaf3b931a5a949a7b2b2,"{""end_line"":538,""path"":""qa/frozen-boundaries/boundary3/yaintt-id.tex"",""start_line"":536}",b60637bb57282e2cf41b7143571fed5b6c5432f63c1efaf3b931a5a949a7b2b2,mathematically_reviewed,rights.yaintt.id-id.derivative,"[""ttp.r014.unit.book"",""ttp.r014.unit.chap.woad"",""ttp.r014.unit.sec.wopami"",""ttp.r014.unit.sec.wopami.subsection.03"",""ttp.r014.unit.eg.inductionv1a"",""ttp.r014.unit.eg.inductionv1a.equation.02""]",ttp.r014.unit.book/ttp.r014.unit.chap.woad/ttp.r014.unit.sec.wopami/ttp.r014.unit.sec.wopami.subsection.03/ttp.r014.unit.eg.inductionv1a/ttp.r014.unit.eg.inductionv1a.equation.02,generated_stable_id,,,"[""ttp.r014.qa.boundary1-topology"",""ttp.r014.qa.boundary1-math"",""ttp.r014.qa.boundary1-language""]"
r014.backend.record,1.0.0,ttp.r014.unit.eg.inductionv1b.equation.02,unit,active,ttp.r014.yaintt,ttp.r014.yaintt,ttp.r014.edition.id-id.boundary3,id-ID,2026-08-21T13:53:00+02:00,codex.r014.id-ID,,equation,ttp.r014.unit.eg.inductionv1b,2,0002,generated:equation:inductionv1b:02,Inductive inequality,Pertidaksamaan induksi,"{""end_line"":516,""path"":""authority/downloads/yaintt.tex"",""start_line"":514}",8f26d25d5ed2d69be9a9e83f17f8ed98c343d5a829a6bbcbfac5a90b2697febe,"{""end_line"":565,""path"":""qa/frozen-boundaries/boundary3/yaintt-id.tex"",""start_line"":563}",10add3985d020d7fc18171d33c720fad7277f1f95e34fe6873917a80d1a72179,mathematically_reviewed,rights.yaintt.id-id.derivative,"[""ttp.r014.unit.book"",""ttp.r014.unit.chap.woad"",""ttp.r014.unit.sec.wopami"",""ttp.r014.unit.sec.wopami.subsection.03"",""ttp.r014.unit.eg.inductionv1b"",""ttp.r014.unit.eg.inductionv1b.equation.02""]",ttp.r014.unit.book/ttp.r014.unit.chap.woad/ttp.r014.unit.sec.wopami/ttp.r014.unit.sec.wopami.subsection.03/ttp.r014.unit.eg.inductionv1b/ttp.r014.unit.eg.inductionv1b.equation.02,generated_stable_id,,,"[""ttp.r014.qa.boundary1-topology"",""ttp.r014.qa.boundary1-math"",""ttp.r014.qa.boundary1-language""]"
r014.backend.record,1.0.0,ttp.r014.unit.frontmatter.preface,unit,active,ttp.r014.yaintt,ttp.r014.yaintt,ttp.r014.edition.id-id.boundary3,id-ID,2026-08-21T13:53:00+02:00,codex.r014.id-ID,,preface,ttp.r014.unit.frontmatter,2,0002,preface,Preface,Prakata,"{""end_line"":331,""path"":""authority/downloads/yaintt.tex"",""start_line"":281}",0f099f490db80e61408b6633a39f86bad7ef7e65b6fd2120dc8d6c4cd56ac44e,"{""end_line"":361,""path"":""qa/frozen-boundaries/boundary3/yaintt-id.tex"",""start_line"":302}",b2e068d81a0d089a5ae4ad26982609393d499a428f71e6588f1d28716e9ef60c,language_reviewed,rights.yaintt.id-id.derivative,"[""ttp.r014.unit.book"",""ttp.r014.unit.frontmatter"",""ttp.r014.unit.frontmatter.preface""]",ttp.r014.unit.book/ttp.r014.unit.frontmatter/ttp.r014.unit.frontmatter.preface,generated_stable_id,,,"[""ttp.r014.qa.boundary1-topology"",""ttp.r014.qa.boundary1-math"",""ttp.r014.qa.boundary1-language""]"
r014.backend.record,1.0.0,ttp.r014.unit.lem.gcdafterdivision,unit,active,ttp.r014.yaintt,ttp.r014.yaintt,ttp.r014.edition.id-id.boundary6,id-ID,2026-08-21T13:53:00+02:00,codex.r014.id-ID,,lemma,ttp.r014.unit.sec.ea,2,0002,lem:gcdafterdivision,GCD after one division step,FPB setelah satu langkah pembagian,"{""end_line"":1227,""path"":""authority/downloads/yaintt.tex"",""start_line"":1225}",d8837b11be880e03d79d3fb1ad6a871c467d6ef649bc7a93202697452820deb9,"{""end_line"":1365,""path"":""qa/frozen-boundaries/boundary6/yaintt-id.tex"",""start_line"":1363}",2782592c296e847e2b479808ec9bfd7d5e64fe1d5841e86ce935c8c0dff40691,language_reviewed,rights.yaintt.id-id.derivative.boundary6,"[""ttp.r014.unit.book"",""ttp.r014.unit.chap.woad"",""ttp.r014.unit.sec.ea"",""ttp.r014.unit.lem.gcdafterdivision""]",ttp.r014.unit.book/ttp.r014.unit.chap.woad/ttp.r014.unit.sec.ea/ttp.r014.unit.lem.gcdafterdivision,source_label,,,"[""ttp.r014.qa.section-ea-topology"",""ttp.r014.qa.section-ea-math"",""ttp.r014.qa.section-ea-language""]"
r014.backend.record,1.0.0,ttp.r014.unit.sec.aowi,unit,active,ttp.r014.yaintt,ttp.r014.yaintt,ttp.r014.edition.id-id.boundary3,id-ID,2026-08-21T13:53:00+02:00,codex.r014.id-ID,,section,ttp.r014.unit.chap.woad,2,0002,sec:AOwI,Algebraic Operations with Integers,Operasi Aljabar pada Bilangan Bulat,"{""end_line"":645,""path"":""authority/downloads/yaintt.tex"",""start_line"":587}",5630fe29de962e88fb91c717fe12f730c0bbc9423f494a8341efc068f1e7e523,"{""end_line"":709,""path"":""qa/frozen-boundaries/boundary3/yaintt-id.tex"",""start_line"":650}",5d3b95aba1a62dbcd78e72bc05dcf92d47e900ebfbaee788023b268038d15c98,language_reviewed,rights.yaintt.id-id.derivative,"[""ttp.r014.unit.book"",""ttp.r014.unit.chap.woad"",""ttp.r014.unit.sec.aowi""]",ttp.r014.unit.book/ttp.r014.unit.chap.woad/ttp.r014.unit.sec.aowi,source_label,,,"[""ttp.r014.qa.section-aowi-topology"",""ttp.r014.qa.section-aowi-math"",""ttp.r014.qa.section-aowi-language""]"
r014.backend.record,1.0.0,ttp.r014.unit.sec.awtwwc.exercise.02,unit,active,ttp.r014.yaintt,ttp.r014.yaintt,ttp.r014.edition.id-id.boundary10,id-ID,2026-08-21T13:53:00+02:00,codex.r014.id-ID,,exercise,ttp.r014.unit.sec.awtwwc.exercises,2,0002,generated:exercise:sec:AWtWwC:02,Exercise 2,Latihan 2,"{""end_line"":2074,""path"":""authority/downloads/yaintt.tex"",""start_line"":2071}",dd94525ee609e580710ed763cba8a58e6c5071120f5c9e95132a311c117e8e48,"{""end_line"":2320,""path"":""qa/frozen-boundaries/boundary10/yaintt-id.tex"",""start_line"":2317}",ddfe910d2b42f739adbdbf433572884cf139ae67f63cd1c413593c7af1e1c155,language_reviewed,rights.yaintt.id-id.derivative.boundary10,"[""ttp.r014.unit.book"",""ttp.r014.unit.chap.cs"",""ttp.r014.unit.sec.awtwwc"",""ttp.r014.unit.sec.awtwwc.exercises"",""ttp.r014.unit.sec.awtwwc.exercise.02""]",ttp.r014.unit.book/ttp.r014.unit.chap.cs/ttp.r014.unit.sec.awtwwc/ttp.r014.unit.sec.awtwwc.exercises/ttp.r014.unit.sec.awtwwc.exercise.02,generated_stable_id,"{""answers"":[],""hints"":[],""solutions"":[],""status"":""source_has_none""}",,"[""ttp.r014.qa.section-awtwwc-topology"",""ttp.r014.qa.section-awtwwc-math"",""ttp.r014.qa.section-awtwwc-language""]"
r014.backend.record,1.0.0,ttp.r014.unit.sec.crt.exercise.02,unit,active,ttp.r014.yaintt,ttp.r014.yaintt,ttp.r014.edition.id-id.boundary9,id-ID,2026-08-21T13:53:00+02:00,codex.r014.id-ID,,exercise,ttp.r014.unit.sec.crt.exercises,2,0002,generated:exercise:sec:CRT:02,Exercise 2,Latihan 2,"{""end_line"":1860,""path"":""authority/downloads/yaintt.tex"",""start_line"":1857}",6e3576fe840414933bc1d79732cfc0b95dc94b062e7b4976771cd2f14658cbb4,"{""end_line"":2085,""path"":""qa/frozen-boundaries/boundary9/yaintt-id.tex"",""start_line"":2082}",69db001c2903aa8db0cde292576ec3074527e8eef736bc37739000c6b7cbd4f4,language_reviewed,rights.yaintt.id-id.derivative.boundary9,"[""ttp.r014.unit.book"",""ttp.r014.unit.chap.cs"",""ttp.r014.unit.sec.crt"",""ttp.r014.unit.sec.crt.exercises"",""ttp.r014.unit.sec.crt.exercise.02""]",ttp.r014.unit.book/ttp.r014.unit.chap.cs/ttp.r014.unit.sec.crt/ttp.r014.unit.sec.crt.exercises/ttp.r014.unit.sec.crt.exercise.02,generated_stable_id,"{""answers"":[],""hints"":[],""solutions"":[],""status"":""source_has_none""}",,"[""ttp.r014.qa.section-crt-topology"",""ttp.r014.qa.section-crt-math"",""ttp.r014.qa.section-crt-language""]"
r014.backend.record,1.0.0,ttp.r014.unit.sec.dada.example.basic,unit,active,ttp.r014.yaintt,ttp.r014.yaintt,ttp.r014.edition.id-id.boundary3,id-ID,2026-08-21T13:53:00+02:00,codex.r014.id-ID,,example,ttp.r014.unit.sec.dada.subsection.divisibility,2,0002,generated:example:sec:DaDA:01,Basic divisibility examples,Contoh dasar keterbagian,"{""end_line"":668,""path"":""authority/downloads/yaintt.tex"",""start_line"":666}",72d95f5b645bb1843284fe1d51bde187bec82f1dd9bdcbc97eddac8008b76ba4,"{""end_line"":744,""path"":""qa/frozen-boundaries/boundary3/yaintt-id.tex"",""start_line"":742}",0f437da2d1e0c109064d71edf8ccdd10a3fe57962ee9f01633155abc5630e765,language_reviewed,rights.yaintt.id-id.derivative,"[""ttp.r014.unit.book"",""ttp.r014.unit.chap.woad"",""ttp.r014.unit.sec.dada"",""ttp.r014.unit.sec.dada.subsection.divisibility"",""ttp.r014.unit.sec.dada.example.basic""]",ttp.r014.unit.book/ttp.r014.unit.chap.woad/ttp.r014.unit.sec.dada/ttp.r014.unit.sec.dada.subsection.divisibility/ttp.r014.unit.sec.dada.example.basic,generated_stable_id,,,"[""ttp.r014.qa.section-dada-topology"",""ttp.r014.qa.section-dada-math"",""ttp.r014.qa.section-dada-language""]"
r014.backend.record,1.0.0,ttp.r014.unit.sec.dada.exercise.02,unit,active,ttp.r014.yaintt,ttp.r014.yaintt,ttp.r014.edition.id-id.boundary3,id-ID,2026-08-21T13:53:00+02:00,codex.r014.id-ID,,exercise,ttp.r014.unit.sec.dada.exercises,2,0002,generated:exercise:sec:DaDA:02,Exercise 2,Latihan 2,"{""end_line"":790,""path"":""authority/downloads/yaintt.tex"",""start_line"":787}",b95e1b9c16bf1db68aee3e25b52475c1532173ec3a0e55f22d808f280b3522ff,"{""end_line"":868,""path"":""qa/frozen-boundaries/boundary3/yaintt-id.tex"",""start_line"":865}",34b425f950cffc565f571acd4c260f8ebe19942f4853d384b7cf1859d94f909e,language_reviewed,rights.yaintt.id-id.derivative,"[""ttp.r014.unit.book"",""ttp.r014.unit.chap.woad"",""ttp.r014.unit.sec.dada"",""ttp.r014.unit.sec.dada.exercises"",""ttp.r014.unit.sec.dada.exercise.02""]",ttp.r014.unit.book/ttp.r014.unit.chap.woad/ttp.r014.unit.sec.dada/ttp.r014.unit.sec.dada.exercises/ttp.r014.unit.sec.dada.exercise.02,generated_stable_id,"{""answers"":[],""hints"":[],""solutions"":[],""status"":""source_has_none""}",,"[""ttp.r014.qa.section-dada-topology"",""ttp.r014.qa.section-dada-math"",""ttp.r014.qa.section-dada-language""]"
r014.backend.record,1.0.0,ttp.r014.unit.sec.dada.subsection.divisibility,unit,active,ttp.r014.yaintt,ttp.r014.yaintt,ttp.r014.edition.id-id.boundary3,id-ID,2026-08-21T13:53:00+02:00,codex.r014.id-ID,,subsection,ttp.r014.unit.sec.dada,2,0002,generated:subsection:sec:DaDA:01,Integer Divisibility,Keterbagian Bilangan Bulat,"{""end_line"":730,""path"":""authority/downloads/yaintt.tex"",""start_line"":652}",71746e2ec324a471be0dc1e3afca14d999bd877109d1115b0c2eec038457dc8e,"{""end_line"":809,""path"":""qa/frozen-boundaries/boundary3/yaintt-id.tex"",""start_line"":726}",345b944e5873c0828395c693011f85f18760ac8536af040bd474adfb85b39715,language_reviewed,rights.yaintt.id-id.derivative,"[""ttp.r014.unit.book"",""ttp.r014.unit.chap.woad"",""ttp.r014.unit.sec.dada"",""ttp.r014.unit.sec.dada.subsection.divisibility""]",ttp.r014.unit.book/ttp.r014.unit.chap.woad/ttp.r014.unit.sec.dada/ttp.r014.unit.sec.dada.subsection.divisibility,generated_stable_id,,,"[""ttp.r014.qa.section-dada-topology"",""ttp.r014.qa.section-dada-math"",""ttp.r014.qa.section-dada-language""]"
r014.backend.record,1.0.0,ttp.r014.unit.sec.ea.exercise.02,unit,active,ttp.r014.yaintt,ttp.r014.yaintt,ttp.r014.edition.id-id.boundary6,id-ID,2026-08-21T13:53:00+02:00,codex.r014.id-ID,,exercise,ttp.r014.unit.sec.ea.exercises,2,0002,generated:exercise:sec:EA:02,Exercise 2,Latihan 2,"{""end_line"":1309,""path"":""authority/downloads/yaintt.tex"",""start_line"":1305}",5bcd902ea489dbc946f909732bb66d327e60039ccb03c8f4710c89a30b351fa8,"{""end_line"":1446,""path"":""qa/frozen-boundaries/boundary6/yaintt-id.tex"",""start_line"":1441}",dced742464510449f3713c75014119ad1418a81f295bd9b9ba170b6d5451b3fe,language_reviewed,rights.yaintt.id-id.derivative.boundary6,"[""ttp.r014.unit.book"",""ttp.r014.unit.chap.woad"",""ttp.r014.unit.sec.ea"",""ttp.r014.unit.sec.ea.exercises"",""ttp.r014.unit.sec.ea.exercise.02""]",ttp.r014.unit.book/ttp.r014.unit.chap.woad/ttp.r014.unit.sec.ea/ttp.r014.unit.sec.ea.exercises/ttp.r014.unit.sec.ea.exercise.02,generated_stable_id,"{""answers"":[],""hints"":[],""solutions"":[],""status"":""source_has_none""}",,"[""ttp.r014.qa.section-ea-topology"",""ttp.r014.qa.section-ea-math"",""ttp.r014.qa.section-ea-language""]"
r014.backend.record,1.0.0,ttp.r014.unit.sec.ephif.exercise.02,unit,active,ttp.r014.yaintt,ttp.r014.yaintt,ttp.r014.edition.id-id.boundary11,id-ID,2026-08-21T13:53:00+02:00,codex.r014.id-ID,,exercise,ttp.r014.unit.sec.ephif.exercises,2,0002,generated:exercise:sec:EphiF:02,Exercise 2,Latihan 2,"{""end_line"":2209,""path"":""authority/downloads/yaintt.tex"",""start_line"":2205}",11288fa86febdb93dfcac690b7ecd5e87e1ddf372a1ad53bc374850a1b65b791,"{""end_line"":2490,""path"":""qa/frozen-boundaries/boundary11/yaintt-id.tex"",""start_line"":2486}",c2a718d40702adc74955a6ed7146e0d8677bb55cbf11df27f793242f1806ec89,language_reviewed,rights.yaintt.id-id.derivative.boundary11,"[""ttp.r014.unit.book"",""ttp.r014.unit.chap.cs"",""ttp.r014.unit.sec.ephif"",""ttp.r014.unit.sec.ephif.exercises"",""ttp.r014.unit.sec.ephif.exercise.02""]",ttp.r014.unit.book/ttp.r014.unit.chap.cs/ttp.r014.unit.sec.ephif/ttp.r014.unit.sec.ephif.exercises/ttp.r014.unit.sec.ephif.exercise.02,generated_stable_id,"{""answers"":[],""hints"":[],""solutions"":[],""status"":""source_has_none""}",,"[""ttp.r014.qa.section-ephif-topology"",""ttp.r014.qa.section-ephif-math"",""ttp.r014.qa.section-ephif-language""]"
r014.backend.record,1.0.0,ttp.r014.unit.sec.gcd.definition.greatest-common-divisor,unit,active,ttp.r014.yaintt,ttp.r014.yaintt,ttp.r014.edition.id-id.boundary5,id-ID,2026-08-21T13:53:00+02:00,codex.r014.id-ID,,definition,ttp.r014.unit.sec.gcd,2,0002,generated:definition:gcd:01,Greatest common divisor,Faktor persekutuan terbesar,"{""end_line"":1009,""path"":""authority/downloads/yaintt.tex"",""start_line"":1003}",6b104cd9e4106069ba220b6eea8c0392941696f23547d3df9fb69c9b5b0eb185,"{""end_line"":1118,""path"":""qa/frozen-boundaries/boundary5/yaintt-id.tex"",""start_line"":1112}",33bccc22c2ac67bd8c308fe5f4b3a996674ab4f1cc99def3563f28ed424c2f24,language_reviewed,rights.yaintt.id-id.derivative.boundary5,"[""ttp.r014.unit.book"",""ttp.r014.unit.chap.woad"",""ttp.r014.unit.sec.gcd"",""ttp.r014.unit.sec.gcd.definition.greatest-common-divisor""]",ttp.r014.unit.book/ttp.r014.unit.chap.woad/ttp.r014.unit.sec.gcd/ttp.r014.unit.sec.gcd.definition.greatest-common-divisor,generated_stable_id,,,"[""ttp.r014.qa.section-gcd-topology"",""ttp.r014.qa.section-gcd-math"",""ttp.r014.qa.section-gcd-language""]"
r014.backend.record,1.0.0,ttp.r014.unit.sec.gcd.exercise.02,unit,active,ttp.r014.yaintt,ttp.r014.yaintt,ttp.r014.edition.id-id.boundary5,id-ID,2026-08-21T13:53:00+02:00,codex.r014.id-ID,,exercise,ttp.r014.unit.sec.gcd.exercises,2,0002,generated:exercise:gcd:02,Exercise 2,Latihan 2,"{""end_line"":1186,""path"":""authority/downloads/yaintt.tex"",""start_line"":1183}",ebdca785cdd7d6d6ad903fc61faedea9c48df5bea5ac310c30c0ae065a822d7e,"{""end_line"":1305,""path"":""qa/frozen-boundaries/boundary5/yaintt-id.tex"",""start_line"":1302}",f16854b72e3970d962584f0712beb09eec5796861641a23088c836278913be22,language_reviewed,rights.yaintt.id-id.derivative.boundary5,"[""ttp.r014.unit.book"",""ttp.r014.unit.chap.woad"",""ttp.r014.unit.sec.gcd"",""ttp.r014.unit.sec.gcd.exercises"",""ttp.r014.unit.sec.gcd.exercise.02""]",ttp.r014.unit.book/ttp.r014.unit.chap.woad/ttp.r014.unit.sec.gcd/ttp.r014.unit.sec.gcd.exercises/ttp.r014.unit.sec.gcd.exercise.02,generated_stable_id,"{""answers"":[],""hints"":[],""solutions"":[],""status"":""source_has_none""}",,"[""ttp.r014.qa.section-gcd-topology"",""ttp.r014.qa.section-gcd-math"",""ttp.r014.qa.section-gcd-language""]"
r014.backend.record,1.0.0,ttp.r014.unit.sec.itc,unit,active,ttp.r014.yaintt,ttp.r014.yaintt,ttp.r014.edition.id-id.boundary7,id-ID,2026-08-21T13:53:00+02:00,codex.r014.id-ID,,section,ttp.r014.unit.chap.cs,2,0002,sec:ItC,Introduction to Congruences,Pengantar Kongruensi,"{""end_line"":1621,""path"":""authority/downloads/yaintt.tex"",""start_line"":1341}",d9f203370e7b5f90e8e344ca2e43315440b040fd820694dcd1b4d9982994a698,"{""end_line"":1795,""path"":""qa/frozen-boundaries/boundary7/yaintt-id.tex"",""start_line"":1495}",ade3da8341040c45aa1b7abcb0ecf4eb7e0530108d560fbf017ced87b23ffb3f,language_reviewed,rights.yaintt.id-id.derivative.boundary7,"[""ttp.r014.unit.book"",""ttp.r014.unit.chap.cs"",""ttp.r014.unit.sec.itc""]",ttp.r014.unit.book/ttp.r014.unit.chap.cs/ttp.r014.unit.sec.itc,source_label,,,"[""ttp.r014.qa.section-itc-topology"",""ttp.r014.qa.section-itc-math"",""ttp.r014.qa.section-itc-language""]"
r014.backend.record,1.0.0,ttp.r014.unit.sec.itc.exercise.02,unit,active,ttp.r014.yaintt,ttp.r014.yaintt,ttp.r014.edition.id-id.boundary7,id-ID,2026-08-21T13:53:00+02:00,codex.r014.id-ID,,exercise,ttp.r014.unit.sec.itc.exercises,2,0002,generated:exercise:sec:ItC:02,Exercise 2,Latihan 2,"{""end_line"":1606,""path"":""authority/downloads/yaintt.tex"",""start_line"":1604}",a2f594cd77e01b4f8c3fbc59b40805098a08fa0d3827116e0b403147be3eb496,"{""end_line"":1777,""path"":""qa/frozen-boundaries/boundary7/yaintt-id.tex"",""start_line"":1774}",ccb34857be8154afa92437acd8f5e4c36bfc3dee5eba21643fc6ceb5035d79b5,language_reviewed,rights.yaintt.id-id.derivative.boundary7,"[""ttp.r014.unit.book"",""ttp.r014.unit.chap.cs"",""ttp.r014.unit.sec.itc"",""ttp.r014.unit.sec.itc.exercises"",""ttp.r014.unit.sec.itc.exercise.02""]",ttp.r014.unit.book/ttp.r014.unit.chap.cs/ttp.r014.unit.sec.itc/ttp.r014.unit.sec.itc.exercises/ttp.r014.unit.sec.itc.exercise.02,generated_stable_id,"{""answers"":[],""hints"":[],""solutions"":[],""status"":""source_has_none""}",,"[""ttp.r014.qa.section-itc-topology"",""ttp.r014.qa.section-itc-math"",""ttp.r014.qa.section-itc-language""]"
r014.backend.record,1.0.0,ttp.r014.unit.sec.lc.exercise.02,unit,active,ttp.r014.yaintt,ttp.r014.yaintt,ttp.r014.edition.id-id.boundary8,id-ID,2026-08-21T13:53:00+02:00,codex.r014.id-ID,,exercise,ttp.r014.unit.sec.lc.exercises,2,0002,generated:exercise:sec:LC:02,Exercise 2,Latihan 2,"{""end_line"":1761,""path"":""authority/downloads/yaintt.tex"",""start_line"":1759}",4ac4897aaa3ba5a645e8479d56a030c914f3d47cc1694077e4566243f8b56a44,"{""end_line"":1971,""path"":""qa/frozen-boundaries/boundary8/yaintt-id.tex"",""start_line"":1969}",2b845835c576028d57f52c63c811c77b451eeecf6eca9b1df17cae4e1bb786ac,language_reviewed,rights.yaintt.id-id.derivative.boundary8,"[""ttp.r014.unit.book"",""ttp.r014.unit.chap.cs"",""ttp.r014.unit.sec.lc"",""ttp.r014.unit.sec.lc.exercises"",""ttp.r014.unit.sec.lc.exercise.02""]",ttp.r014.unit.book/ttp.r014.unit.chap.cs/ttp.r014.unit.sec.lc/ttp.r014.unit.sec.lc.exercises/ttp.r014.unit.sec.lc.exercise.02,generated_stable_id,"{""answers"":[],""hints"":[],""solutions"":[],""status"":""source_has_none""}",,"[""ttp.r014.qa.section-lc-topology"",""ttp.r014.qa.section-lc-math"",""ttp.r014.qa.section-lc-language""]"
r014.backend.record,1.0.0,ttp.r014.unit.sec.roiidb.exercise.02,unit,active,ttp.r014.yaintt,ttp.r014.yaintt,ttp.r014.edition.id-id.boundary4,id-ID,2026-08-21T13:53:00+02:00,codex.r014.id-ID,,exercise,ttp.r014.unit.sec.roiidb.exercises,2,0002,generated:exercise:sec:RoIiDB:02,Exercise 2,Latihan 2,"{""end_line"":977,""path"":""authority/downloads/yaintt.tex"",""start_line"":975}",492c531903366243bc2a3342309d60f542827abb9a8935969bd3d0d9d627f500,"{""end_line"":1072,""path"":""qa/frozen-boundaries/boundary4/yaintt-id.tex"",""start_line"":1070}",09b1545f705270ff460f1e1142be05994cfd950f6fb739e8db067a024d4be083,language_reviewed,rights.yaintt.id-id.derivative.boundary4,"[""ttp.r014.unit.book"",""ttp.r014.unit.chap.woad"",""ttp.r014.unit.sec.roiidb"",""ttp.r014.unit.sec.roiidb.exercises"",""ttp.r014.unit.sec.roiidb.exercise.02""]",ttp.r014.unit.book/ttp.r014.unit.chap.woad/ttp.r014.unit.sec.roiidb/ttp.r014.unit.sec.roiidb.exercises/ttp.r014.unit.sec.roiidb.exercise.02,generated_stable_id,"{""answers"":[],""hints"":[],""solutions"":[],""status"":""source_has_none""}",,"[""ttp.r014.qa.section-roiidb-topology"",""ttp.r014.qa.section-roiidb-math"",""ttp.r014.qa.section-roiidb-language""]"
r014.backend.record,1.0.0,ttp.r014.unit.sec.tegc,unit,active,ttp.r014.yaintt,ttp.r014.yaintt,ttp.r014.edition.id-id.boundary3,en,2026-08-21T13:53:00+02:00,codex.r014.id-ID,,section,ttp.r014.unit.chap.ieqdl,2,0002,sec:tEGC,The ElGamal Cryptosystem,,"{""end_line"":5993,""path"":""authority/downloads/yaintt.tex"",""start_line"":5767}",30086c5799e256c98e96bcb69c0503d760f16305a13b53f24e38768f9febc2e5,,,queued,rights.yaintt.text_and_author_assets,"[""ttp.r014.unit.book"",""ttp.r014.unit.chap.ieqdl"",""ttp.r014.unit.sec.tegc""]",ttp.r014.unit.book/ttp.r014.unit.chap.ieqdl/ttp.r014.unit.sec.tegc,source_label,,,"[""ttp.r014.qa.source-authority""]"
r014.backend.record,1.0.0,ttp.r014.unit.sec.wopami.exercise.02,unit,active,ttp.r014.yaintt,ttp.r014.yaintt,ttp.r014.edition.id-id.boundary3,id-ID,2026-08-21T13:53:00+02:00,codex.r014.id-ID,,exercise,ttp.r014.unit.sec.wopami.exercises,2,0002,generated:exercise:sec:WOPaMI:02,Exercise 2,Latihan 2,"{""end_line"":566,""path"":""authority/downloads/yaintt.tex"",""start_line"":564}",00137e5c51697d57115663cd08bbe22d582ca9d127308cb0ff4b14aa2392192b,"{""end_line"":617,""path"":""qa/frozen-boundaries/boundary3/yaintt-id.tex"",""start_line"":615}",419debbc0c855a1f438382bd85b228665536339a1e047dfa12f3e0be04c2375d,language_reviewed,rights.yaintt.id-id.derivative,"[""ttp.r014.unit.book"",""ttp.r014.unit.chap.woad"",""ttp.r014.unit.sec.wopami"",""ttp.r014.unit.sec.wopami.exercises"",""ttp.r014.unit.sec.wopami.exercise.02""]",ttp.r014.unit.book/ttp.r014.unit.chap.woad/ttp.r014.unit.sec.wopami/ttp.r014.unit.sec.wopami.exercises/ttp.r014.unit.sec.wopami.exercise.02,generated_stable_id,"{""answers"":[],""hints"":[],""solutions"":[],""status"":""source_has_none""}",,"[""ttp.r014.qa.boundary1-topology"",""ttp.r014.qa.boundary1-math"",""ttp.r014.qa.boundary1-language""]"
r014.backend.record,1.0.0,ttp.r014.unit.sec.wopami.principle.well-ordering,unit,active,ttp.r014.yaintt,ttp.r014.yaintt,ttp.r014.edition.id-id.boundary3,id-ID,2026-08-21T13:53:00+02:00,codex.r014.id-ID,,principle,ttp.r014.unit.sec.wopami.subsection.01,2,0002,generated:WOprinciple:01,Well-Ordering Principle,Prinsip Keterurutan Baik,"{""end_line"":411,""path"":""authority/downloads/yaintt.tex"",""start_line"":409}",35a053c5501af75339d713a1f7e15de41b5887e397cad01f4ed99d214c210be2,"{""end_line"":455,""path"":""qa/frozen-boundaries/boundary3/yaintt-id.tex"",""start_line"":453}",e769c055765b222fbe221817a5517907ec3f449bae5be4794db8079c2cb01b40,language_reviewed,rights.yaintt.id-id.derivative,"[""ttp.r014.unit.book"",""ttp.r014.unit.chap.woad"",""ttp.r014.unit.sec.wopami"",""ttp.r014.unit.sec.wopami.subsection.01"",""ttp.r014.unit.sec.wopami.principle.well-ordering""]",ttp.r014.unit.book/ttp.r014.unit.chap.woad/ttp.r014.unit.sec.wopami/ttp.r014.unit.sec.wopami.subsection.01/ttp.r014.unit.sec.wopami.principle.well-ordering,generated_stable_id,,,"[""ttp.r014.qa.boundary1-topology"",""ttp.r014.qa.boundary1-math"",""ttp.r014.qa.boundary1-language""]"
r014.backend.record,1.0.0,ttp.r014.unit.sec.wopami.subsection.01,unit,active,ttp.r014.yaintt,ttp.r014.yaintt,ttp.r014.edition.id-id.boundary3,id-ID,2026-08-21T13:53:00+02:00,codex.r014.id-ID,,subsection,ttp.r014.unit.sec.wopami,2,0002,generated:subsection:01,The Well-Ordering Principle,Prinsip Keterurutan Baik,"{""end_line"":415,""path"":""authority/downloads/yaintt.tex"",""start_line"":402}",9fb7d4b934830b939db26f154309c0e45b8324be7be014481cfb23b354f9ce1c,"{""end_line"":459,""path"":""qa/frozen-boundaries/boundary3/yaintt-id.tex"",""start_line"":445}",7036301a4688e8330f032900097d40c753ccc337ea2b05c78f24b3856c24befb,language_reviewed,rights.yaintt.id-id.derivative,"[""ttp.r014.unit.book"",""ttp.r014.unit.chap.woad"",""ttp.r014.unit.sec.wopami"",""ttp.r014.unit.sec.wopami.subsection.01""]",ttp.r014.unit.book/ttp.r014.unit.chap.woad/ttp.r014.unit.sec.wopami/ttp.r014.unit.sec.wopami.subsection.01,generated_stable_id,,,"[""ttp.r014.qa.boundary1-topology"",""ttp.r014.qa.boundary1-math"",""ttp.r014.qa.boundary1-language""]"
r014.backend.record,1.0.0,ttp.r014.unit.sec.wopami.theorem.induction.01,unit,active,ttp.r014.yaintt,ttp.r014.yaintt,ttp.r014.edition.id-id.boundary3,id-ID,2026-08-21T13:53:00+02:00,codex.r014.id-ID,,theorem,ttp.r014.unit.sec.wopami.subsection.03,2,0002,generated:theorem:induction:01,First Principle of Mathematical Induction,Prinsip Pertama Induksi Matematika,"{""end_line"":455,""path"":""authority/downloads/yaintt.tex"",""start_line"":439}",2aef5740bc84d506d7169745331c4db0a0970911223eb22c1abccd591970496b,"{""end_line"":499,""path"":""qa/frozen-boundaries/boundary3/yaintt-id.tex"",""start_line"":482}",6bfa7ca0822114f4235b98c710fb18210fa285fa92d211219ba4cabf9c9dda10,language_reviewed,rights.yaintt.id-id.derivative,"[""ttp.r014.unit.book"",""ttp.r014.unit.chap.woad"",""ttp.r014.unit.sec.wopami"",""ttp.r014.unit.sec.wopami.subsection.03"",""ttp.r014.unit.sec.wopami.theorem.induction.01""]",ttp.r014.unit.book/ttp.r014.unit.chap.woad/ttp.r014.unit.sec.wopami/ttp.r014.unit.sec.wopami.subsection.03/ttp.r014.unit.sec.wopami.theorem.induction.01,generated_stable_id,,,"[""ttp.r014.qa.boundary1-topology"",""ttp.r014.qa.boundary1-math"",""ttp.r014.qa.boundary1-language""]"
r014.backend.record,1.0.0,ttp.r014.unit.thm.basebexpansion,unit,active,ttp.r014.yaintt,ttp.r014.yaintt,ttp.r014.edition.id-id.boundary4,id-ID,2026-08-21T13:53:00+02:00,codex.r014.id-ID,,theorem,ttp.r014.unit.sec.roiidb,2,0002,thm:basebexpansion,Unique base-b expansion,Ekspansi basis b yang tunggal,"{""end_line"":853,""path"":""authority/downloads/yaintt.tex"",""start_line"":845}",c601b6e708705e15c9ca3b37f8a326dd0f3577479d79c508ebab069419fb36c0,"{""end_line"":952,""path"":""qa/frozen-boundaries/boundary4/yaintt-id.tex"",""start_line"":943}",1fd5e42aff098ccc89cc0cd655025fd85eddfbcfb59a412f07c04f3dee824931,language_reviewed,rights.yaintt.id-id.derivative.boundary4,"[""ttp.r014.unit.book"",""ttp.r014.unit.chap.woad"",""ttp.r014.unit.sec.roiidb"",""ttp.r014.unit.thm.basebexpansion""]",ttp.r014.unit.book/ttp.r014.unit.chap.woad/ttp.r014.unit.sec.roiidb/ttp.r014.unit.thm.basebexpansion,source_label,,,"[""ttp.r014.qa.section-roiidb-topology"",""ttp.r014.qa.section-roiidb-math"",""ttp.r014.qa.section-roiidb-language""]"
r014.backend.record,1.0.0,ttp.r014.unit.thm.chinese-remainder,unit,active,ttp.r014.yaintt,ttp.r014.yaintt,ttp.r014.edition.id-id.boundary9,id-ID,2026-08-21T13:53:00+02:00,codex.r014.id-ID,,theorem,ttp.r014.unit.sec.crt,2,0002,generated:theorem:sec:CRT:01,Chinese Remainder Theorem,Teorema Sisa Cina,"{""end_line"":1795,""path"":""authority/downloads/yaintt.tex"",""start_line"":1782}",85a850eca90c341518bbc1a29879cff262ddfb1731bb7b8086f075fe2ec0ba8b,"{""end_line"":2019,""path"":""qa/frozen-boundaries/boundary9/yaintt-id.tex"",""start_line"":2006}",bc32230ae835ae4a35fca59a90ce177a336a871ca32f29fc7f0b6c787ffb1ed0,language_reviewed,rights.yaintt.id-id.derivative.boundary9,"[""ttp.r014.unit.book"",""ttp.r014.unit.chap.cs"",""ttp.r014.unit.sec.crt"",""ttp.r014.unit.thm.chinese-remainder""]",ttp.r014.unit.book/ttp.r014.unit.chap.cs/ttp.r014.unit.sec.crt/ttp.r014.unit.thm.chinese-remainder,generated_stable_id,,,"[""ttp.r014.qa.section-crt-topology"",""ttp.r014.qa.section-crt-math"",""ttp.r014.qa.section-crt-language""]"
r014.backend.record,1.0.0,ttp.r014.unit.bib.bourbaki2004theory,unit,active,ttp.r014.yaintt,ttp.r014.yaintt,ttp.r014.edition.id-id.boundary3,en,2026-08-21T13:53:00+02:00,codex.r014.id-ID,,bibliography_entry,ttp.r014.unit.backmatter.bibliography,3,0003,bourbaki2004theory,Bourbaki 2004,Bourbaki 2004,"{""end_line"":22,""path"":""authority/downloads/refs.bib"",""start_line"":17}",cde05286599eb0ea5fe2995565e398b498ae75b8e67980c069aab79e02995be9,,,source_frozen,rights.yaintt.text_and_author_assets,"[""ttp.r014.unit.book"",""ttp.r014.unit.backmatter"",""ttp.r014.unit.backmatter.bibliography"",""ttp.r014.unit.bib.bourbaki2004theory""]",ttp.r014.unit.book/ttp.r014.unit.backmatter/ttp.r014.unit.backmatter.bibliography/ttp.r014.unit.bib.bourbaki2004theory,generated_stable_id,,,"[""ttp.r014.qa.source-authority""]"
r014.backend.record,1.0.0,ttp.r014.unit.chap.crypto,unit,active,ttp.r014.yaintt,ttp.r014.yaintt,ttp.r014.edition.id-id.boundary3,en,2026-08-21T13:53:00+02:00,codex.r014.id-ID,,chapter,ttp.r014.unit.book,3,0003,chap:Crypto,Cryptology,,"{""end_line"":4476,""path"":""authority/downloads/yaintt.tex"",""start_line"":2788}",ed48cd5554fdb4eb719b43381027a9bcd9118b156cc3fdb8e4f3f116820e4667,,,queued,rights.yaintt.text_and_author_assets,"[""ttp.r014.unit.book"",""ttp.r014.unit.chap.crypto""]",ttp.r014.unit.book/ttp.r014.unit.chap.crypto,source_label,,,"[""ttp.r014.qa.source-authority""]"
r014.backend.record,1.0.0,ttp.r014.unit.chap.cs,unit,active,ttp.r014.yaintt,ttp.r014.yaintt,ttp.r014.edition.id-id.boundary7,id-ID,2026-08-21T13:53:00+02:00,codex.r014.id-ID,,chapter,ttp.r014.unit.book,3,0003,chap:Cs,Congruences,Kongruensi,"{""end_line"":1621,""path"":""authority/downloads/yaintt.tex"",""start_line"":1326}",5c37ac5d16ff7bd59afdff375ea9f993fd7c49457cf96870b36e903ef439f203,"{""end_line"":1795,""path"":""qa/frozen-boundaries/boundary7/yaintt-id.tex"",""start_line"":1479}",ac9cf2ebdb2e50cd20b15b6974dd8ba3a95833eab7bf26a309fc12ff60e729e6,language_reviewed,rights.yaintt.id-id.derivative.boundary7,"[""ttp.r014.unit.book"",""ttp.r014.unit.chap.cs""]",ttp.r014.unit.book/ttp.r014.unit.chap.cs,source_label,,,"[""ttp.r014.qa.section-itc-topology"",""ttp.r014.qa.section-itc-math"",""ttp.r014.qa.section-itc-language""]"
r014.backend.record,1.0.0,ttp.r014.unit.def.baseb,unit,active,ttp.r014.yaintt,ttp.r014.yaintt,ttp.r014.edition.id-id.boundary4,id-ID,2026-08-21T13:53:00+02:00,codex.r014.id-ID,,definition,ttp.r014.unit.sec.roiidb,3,0003,def:baseb,Base-b representation,Representasi basis b,"{""end_line"":942,""path"":""authority/downloads/yaintt.tex"",""start_line"":917}",23612f7dd8ffb0c575e4b0f556860bf76f8553bf09c3d613bed91b7eade746b1,"{""end_line"":1039,""path"":""qa/frozen-boundaries/boundary4/yaintt-id.tex"",""start_line"":1013}",30f8c1c850872881923458ad63f1e272f25bb8f4c87f515d2330b898d0292294,language_reviewed,rights.yaintt.id-id.derivative.boundary4,"[""ttp.r014.unit.book"",""ttp.r014.unit.chap.woad"",""ttp.r014.unit.sec.roiidb"",""ttp.r014.unit.def.baseb""]",ttp.r014.unit.book/ttp.r014.unit.chap.woad/ttp.r014.unit.sec.roiidb/ttp.r014.unit.def.baseb,source_label,,,"[""ttp.r014.qa.section-roiidb-topology"",""ttp.r014.qa.section-roiidb-math"",""ttp.r014.qa.section-roiidb-language""]"
r014.backend.record,1.0.0,ttp.r014.unit.eg.congruences,unit,active,ttp.r014.yaintt,ttp.r014.yaintt,ttp.r014.edition.id-id.boundary7,id-ID,2026-08-21T13:53:00+02:00,codex.r014.id-ID,,example,ttp.r014.unit.sec.itc,3,0003,eg:congruences,Elementary congruence examples,Contoh kongruensi dasar,"{""end_line"":1355,""path"":""authority/downloads/yaintt.tex"",""start_line"":1352}",a5094128ffc47b026fe9278e170c2de88f756498797d9da4ea9e6b90c2615c7d,"{""end_line"":1510,""path"":""qa/frozen-boundaries/boundary7/yaintt-id.tex"",""start_line"":1507}",5e2030c0873d65315b32ce0f2c1cdda210c074b143be2b8a9b2b265f5f953458,language_reviewed,rights.yaintt.id-id.derivative.boundary7,"[""ttp.r014.unit.book"",""ttp.r014.unit.chap.cs"",""ttp.r014.unit.sec.itc"",""ttp.r014.unit.eg.congruences""]",ttp.r014.unit.book/ttp.r014.unit.chap.cs/ttp.r014.unit.sec.itc/ttp.r014.unit.eg.congruences,source_label,,,"[""ttp.r014.qa.section-itc-topology"",""ttp.r014.qa.section-itc-math"",""ttp.r014.qa.section-itc-language""]"
r014.backend.record,1.0.0,ttp.r014.unit.eg.gcda,unit,active,ttp.r014.yaintt,ttp.r014.yaintt,ttp.r014.edition.id-id.boundary5,id-ID,2026-08-21T13:53:00+02:00,codex.r014.id-ID,,example,ttp.r014.unit.sec.gcd,3,0003,eg:gcda,gcd of 24 and 18,FPB 24 dan 18,"{""end_line"":1013,""path"":""authority/downloads/yaintt.tex"",""start_line"":1011}",b8a63fe4f14a66718bd4fb0a4c43b078c6b2818102f31c4c8c3da28825ef79fb,"{""end_line"":1123,""path"":""qa/frozen-boundaries/boundary5/yaintt-id.tex"",""start_line"":1120}",a69e3cbeb7370452ac72c4acafe6e5bc5efc62c640b90a27db15fb43966afdda,language_reviewed,rights.yaintt.id-id.derivative.boundary5,"[""ttp.r014.unit.book"",""ttp.r014.unit.chap.woad"",""ttp.r014.unit.sec.gcd"",""ttp.r014.unit.eg.gcda""]",ttp.r014.unit.book/ttp.r014.unit.chap.woad/ttp.r014.unit.sec.gcd/ttp.r014.unit.eg.gcda,source_label,,,"[""ttp.r014.qa.section-gcd-topology"",""ttp.r014.qa.section-gcd-math"",""ttp.r014.qa.section-gcd-language""]"
r014.backend.record,1.0.0,ttp.r014.unit.eg.inductionv1a,unit,active,ttp.r014.yaintt,ttp.r014.yaintt,ttp.r014.edition.id-id.boundary3,id-ID,2026-08-21T13:53:00+02:00,codex.r014.id-ID,,example,ttp.r014.unit.sec.wopami.subsection.03,3,0003,eg:inductionv1a,Finite-sum induction example,Contoh induksi jumlah berhingga,"{""end_line"":503,""path"":""authority/downloads/yaintt.tex"",""start_line"":483}",e9288801b5e6b8a0673722ea17aff65a2dc76359df78fea2a456650ac105b2e8,"{""end_line"":550,""path"":""qa/frozen-boundaries/boundary3/yaintt-id.tex"",""start_line"":529}",ec34f46397eda9b9435bab8078d95830a3089d3ce4d9aac1ec87fa9ed804d33e,language_reviewed,rights.yaintt.id-id.derivative,"[""ttp.r014.unit.book"",""ttp.r014.unit.chap.woad"",""ttp.r014.unit.sec.wopami"",""ttp.r014.unit.sec.wopami.subsection.03"",""ttp.r014.unit.eg.inductionv1a""]",ttp.r014.unit.book/ttp.r014.unit.chap.woad/ttp.r014.unit.sec.wopami/ttp.r014.unit.sec.wopami.subsection.03/ttp.r014.unit.eg.inductionv1a,source_label,,,"[""ttp.r014.qa.boundary1-topology"",""ttp.r014.qa.boundary1-math"",""ttp.r014.qa.boundary1-language""]"
r014.backend.record,1.0.0,ttp.r014.unit.eg.inductionv1a.equation.03,unit,active,ttp.r014.yaintt,ttp.r014.yaintt,ttp.r014.edition.id-id.boundary3,id-ID,2026-08-21T13:53:00+02:00,codex.r014.id-ID,,equation,ttp.r014.unit.eg.inductionv1a,3,0003,generated:equation:inductionv1a:03,Inductive target,Sasaran induksi,"{""end_line"":497,""path"":""authority/downloads/yaintt.tex"",""start_line"":495}",e94fb38af743e6b863df44da0ba698d6f2cd1cf56a87a589dae1b3d6dbd4bab6,"{""end_line"":544,""path"":""qa/frozen-boundaries/boundary3/yaintt-id.tex"",""start_line"":542}",e94fb38af743e6b863df44da0ba698d6f2cd1cf56a87a589dae1b3d6dbd4bab6,mathematically_reviewed,rights.yaintt.id-id.derivative,"[""ttp.r014.unit.book"",""ttp.r014.unit.chap.woad"",""ttp.r014.unit.sec.wopami"",""ttp.r014.unit.sec.wopami.subsection.03"",""ttp.r014.unit.eg.inductionv1a"",""ttp.r014.unit.eg.inductionv1a.equation.03""]",ttp.r014.unit.book/ttp.r014.unit.chap.woad/ttp.r014.unit.sec.wopami/ttp.r014.unit.sec.wopami.subsection.03/ttp.r014.unit.eg.inductionv1a/ttp.r014.unit.eg.inductionv1a.equation.03,generated_stable_id,,,"[""ttp.r014.qa.boundary1-topology"",""ttp.r014.qa.boundary1-math"",""ttp.r014.qa.boundary1-language""]"
r014.backend.record,1.0.0,ttp.r014.unit.eg.systemofcongs,unit,active,ttp.r014.yaintt,ttp.r014.yaintt,ttp.r014.edition.id-id.boundary9,id-ID,2026-08-21T13:53:00+02:00,codex.r014.id-ID,,example,ttp.r014.unit.sec.crt,3,0003,eg:systemofcongs,Solving a three-modulus system,Menyelesaikan sistem dengan tiga modulus,"{""end_line"":1843,""path"":""authority/downloads/yaintt.tex"",""start_line"":1826}",f474682e5a3d6e8cf795aef60c0f13c2cffbbbdb0f2c4c13a486eaa580464ecb,"{""end_line"":2068,""path"":""qa/frozen-boundaries/boundary9/yaintt-id.tex"",""start_line"":2051}",720389c0e7d0edee9b666bce4fced01a906170b07d8e209c77e47d53d26940d3,language_reviewed,rights.yaintt.id-id.derivative.boundary9,"[""ttp.r014.unit.book"",""ttp.r014.unit.chap.cs"",""ttp.r014.unit.sec.crt"",""ttp.r014.unit.eg.systemofcongs""]",ttp.r014.unit.book/ttp.r014.unit.chap.cs/ttp.r014.unit.sec.crt/ttp.r014.unit.eg.systemofcongs,source_label,,,"[""ttp.r014.qa.section-crt-topology"",""ttp.r014.qa.section-crt-math"",""ttp.r014.qa.section-crt-language""]"
r014.backend.record,1.0.0,ttp.r014.unit.frontmatter.release-notes,unit,active,ttp.r014.yaintt,ttp.r014.yaintt,ttp.r014.edition.id-id.boundary3,id-ID,2026-08-21T13:53:00+02:00,codex.r014.id-ID,,release_notes,ttp.r014.unit.frontmatter,3,0003,releasenotes,Release Notes,Catatan Rilis,"{""end_line"":379,""path"":""authority/downloads/yaintt.tex"",""start_line"":333}",d22dc218bb32aa1b2305479362d0ee99aed349d9a858a6a8adbbc8a72c0f9e59,"{""end_line"":422,""path"":""qa/frozen-boundaries/boundary3/yaintt-id.tex"",""start_line"":363}",bcff6a249fc21022b5e89ab0e2ba528daf6eab322eb477d336feee33d5a21f83,language_reviewed,rights.yaintt.id-id.derivative,"[""ttp.r014.unit.book"",""ttp.r014.unit.frontmatter"",""ttp.r014.unit.frontmatter.release-notes""]",ttp.r014.unit.book/ttp.r014.unit.frontmatter/ttp.r014.unit.frontmatter.release-notes,generated_stable_id,,,"[""ttp.r014.qa.boundary1-topology"",""ttp.r014.qa.boundary1-math"",""ttp.r014.qa.boundary1-language""]"
r014.backend.record,1.0.0,ttp.r014.unit.sec.awtwwc.exercise.03,unit,active,ttp.r014.yaintt,ttp.r014.yaintt,ttp.r014.edition.id-id.boundary10,id-ID,2026-08-21T13:53:00+02:00,codex.r014.id-ID,,exercise,ttp.r014.unit.sec.awtwwc.exercises,3,0003,generated:exercise:sec:AWtWwC:03,Exercise 3,Latihan 3,"{""end_line"":2077,""path"":""authority/downloads/yaintt.tex"",""start_line"":2075}",39758e3967b4d4d644ee3f77a57fadcb1724145b093f7337c324133aa9e8eb3f,"{""end_line"":2324,""path"":""qa/frozen-boundaries/boundary10/yaintt-id.tex"",""start_line"":2321}",97c8efb84854c6715c836cfec270718153f9986406b51ae16a214be08ba5be57,language_reviewed,rights.yaintt.id-id.derivative.boundary10,"[""ttp.r014.unit.book"",""ttp.r014.unit.chap.cs"",""ttp.r014.unit.sec.awtwwc"",""ttp.r014.unit.sec.awtwwc.exercises"",""ttp.r014.unit.sec.awtwwc.exercise.03""]",ttp.r014.unit.book/ttp.r014.unit.chap.cs/ttp.r014.unit.sec.awtwwc/ttp.r014.unit.sec.awtwwc.exercises/ttp.r014.unit.sec.awtwwc.exercise.03,generated_stable_id,"{""answers"":[],""hints"":[],""solutions"":[],""status"":""source_has_none""}",,"[""ttp.r014.qa.section-awtwwc-topology"",""ttp.r014.qa.section-awtwwc-math"",""ttp.r014.qa.section-awtwwc-language""]"
r014.backend.record,1.0.0,ttp.r014.unit.sec.crt.exercise.03,unit,active,ttp.r014.yaintt,ttp.r014.yaintt,ttp.r014.edition.id-id.boundary9,id-ID,2026-08-21T13:53:00+02:00,codex.r014.id-ID,,exercise,ttp.r014.unit.sec.crt.exercises,3,0003,generated:exercise:sec:CRT:03,Exercise 3,Latihan 3,"{""end_line"":1864,""path"":""authority/downloads/yaintt.tex"",""start_line"":1861}",450dc84a4abc170bc4093a7dab8029486e0667a3867b5fd546960e79e8b098a5,"{""end_line"":2089,""path"":""qa/frozen-boundaries/boundary9/yaintt-id.tex"",""start_line"":2086}",c69b366ec348768fa89719f9989726401af4d049c5c8bcfc8315673a9b8c8a6f,language_reviewed,rights.yaintt.id-id.derivative.boundary9,"[""ttp.r014.unit.book"",""ttp.r014.unit.chap.cs"",""ttp.r014.unit.sec.crt"",""ttp.r014.unit.sec.crt.exercises"",""ttp.r014.unit.sec.crt.exercise.03""]",ttp.r014.unit.book/ttp.r014.unit.chap.cs/ttp.r014.unit.sec.crt/ttp.r014.unit.sec.crt.exercises/ttp.r014.unit.sec.crt.exercise.03,generated_stable_id,"{""answers"":[],""hints"":[],""solutions"":[],""status"":""source_has_none""}",,"[""ttp.r014.qa.section-crt-topology"",""ttp.r014.qa.section-crt-math"",""ttp.r014.qa.section-crt-language""]"
r014.backend.record,1.0.0,ttp.r014.unit.sec.dada,unit,active,ttp.r014.yaintt,ttp.r014.yaintt,ttp.r014.edition.id-id.boundary3,id-ID,2026-08-21T13:53:00+02:00,codex.r014.id-ID,,section,ttp.r014.unit.chap.woad,3,0003,sec:DaDA,Divisibility and the Division Algorithm,Keterbagian dan Algoritma Pembagian,"{""end_line"":828,""path"":""authority/downloads/yaintt.tex"",""start_line"":646}",1422764765c74e06baf3f51bcd5c50e297e45708b9c26a91576ce41301708ef8,"{""end_line"":911,""path"":""qa/frozen-boundaries/boundary3/yaintt-id.tex"",""start_line"":720}",dc5f5637880f9bed91c72b59eeb7322de727419e7fc1aa4d1c679fc30ebd6227,language_reviewed,rights.yaintt.id-id.derivative,"[""ttp.r014.unit.book"",""ttp.r014.unit.chap.woad"",""ttp.r014.unit.sec.dada""]",ttp.r014.unit.book/ttp.r014.unit.chap.woad/ttp.r014.unit.sec.dada,source_label,,,"[""ttp.r014.qa.section-dada-topology"",""ttp.r014.qa.section-dada-math"",""ttp.r014.qa.section-dada-language""]"
r014.backend.record,1.0.0,ttp.r014.unit.sec.dada.definition.parity,unit,active,ttp.r014.yaintt,ttp.r014.yaintt,ttp.r014.edition.id-id.boundary3,id-ID,2026-08-21T13:53:00+02:00,codex.r014.id-ID,,definition,ttp.r014.unit.sec.dada.subsection.divisibility,3,0003,generated:definition:sec:DaDA:02,Even and odd integers,Bilangan bulat genap dan ganjil,"{""end_line"":674,""path"":""authority/downloads/yaintt.tex"",""start_line"":670}",3a4e06ad9b8376222274a50fec57d9cc53961cc73fd41e5dcf09e1b2d53de4d6,"{""end_line"":751,""path"":""qa/frozen-boundaries/boundary3/yaintt-id.tex"",""start_line"":746}",09f7b2654163ce5805e15c0b338b81ae3f8ddf8a55ce98cadeef87992be3233f,language_reviewed,rights.yaintt.id-id.derivative,"[""ttp.r014.unit.book"",""ttp.r014.unit.chap.woad"",""ttp.r014.unit.sec.dada"",""ttp.r014.unit.sec.dada.subsection.divisibility"",""ttp.r014.unit.sec.dada.definition.parity""]",ttp.r014.unit.book/ttp.r014.unit.chap.woad/ttp.r014.unit.sec.dada/ttp.r014.unit.sec.dada.subsection.divisibility/ttp.r014.unit.sec.dada.definition.parity,generated_stable_id,,,"[""ttp.r014.qa.section-dada-topology"",""ttp.r014.qa.section-dada-math"",""ttp.r014.qa.section-dada-language""]"
r014.backend.record,1.0.0,ttp.r014.unit.sec.dada.exercise.03,unit,active,ttp.r014.yaintt,ttp.r014.yaintt,ttp.r014.edition.id-id.boundary3,id-ID,2026-08-21T13:53:00+02:00,codex.r014.id-ID,,exercise,ttp.r014.unit.sec.dada.exercises,3,0003,generated:exercise:sec:DaDA:03,Exercise 3,Latihan 3,"{""end_line"":794,""path"":""authority/downloads/yaintt.tex"",""start_line"":791}",09544acf1ebd151537c51f8a87a8352ec62bf360d6cbee7e8224f546a1d0c238,"{""end_line"":872,""path"":""qa/frozen-boundaries/boundary3/yaintt-id.tex"",""start_line"":869}",244c8a8f294937929dac3c4bff53caf4e903dc8d6bc26b18962aeb20e3353536,language_reviewed,rights.yaintt.id-id.derivative,"[""ttp.r014.unit.book"",""ttp.r014.unit.chap.woad"",""ttp.r014.unit.sec.dada"",""ttp.r014.unit.sec.dada.exercises"",""ttp.r014.unit.sec.dada.exercise.03""]",ttp.r014.unit.book/ttp.r014.unit.chap.woad/ttp.r014.unit.sec.dada/ttp.r014.unit.sec.dada.exercises/ttp.r014.unit.sec.dada.exercise.03,generated_stable_id,"{""answers"":[],""hints"":[],""solutions"":[],""status"":""source_has_none""}",,"[""ttp.r014.qa.section-dada-topology"",""ttp.r014.qa.section-dada-math"",""ttp.r014.qa.section-dada-language""]"
r014.backend.record,1.0.0,ttp.r014.unit.sec.dada.subsection.division-algorithm,unit,active,ttp.r014.yaintt,ttp.r014.yaintt,ttp.r014.edition.id-id.boundary3,id-ID,2026-08-21T13:53:00+02:00,codex.r014.id-ID,,subsection,ttp.r014.unit.sec.dada,3,0003,generated:subsection:sec:DaDA:02,The Division Algorithm,Algoritma Pembagian,"{""end_line"":774,""path"":""authority/downloads/yaintt.tex"",""start_line"":732}",78bfd337ae204d7f17c3a5da620b1efaa05bc2582e9258ff05ea1d2abb05111f,"{""end_line"":852,""path"":""qa/frozen-boundaries/boundary3/yaintt-id.tex"",""start_line"":811}",e3e0e356221f07f7160decdeaae65e6de6d6cf6890f6d7844507a04861bcba4a,language_reviewed,rights.yaintt.id-id.derivative,"[""ttp.r014.unit.book"",""ttp.r014.unit.chap.woad"",""ttp.r014.unit.sec.dada"",""ttp.r014.unit.sec.dada.subsection.division-algorithm""]",ttp.r014.unit.book/ttp.r014.unit.chap.woad/ttp.r014.unit.sec.dada/ttp.r014.unit.sec.dada.subsection.division-algorithm,generated_stable_id,,,"[""ttp.r014.qa.section-dada-topology"",""ttp.r014.qa.section-dada-math"",""ttp.r014.qa.section-dada-language""]"
r014.backend.record,1.0.0,ttp.r014.unit.sec.ea.discussion.02,unit,active,ttp.r014.yaintt,ttp.r014.yaintt,ttp.r014.edition.id-id.boundary6,id-ID,2026-08-21T13:53:00+02:00,codex.r014.id-ID,,discussion,ttp.r014.unit.sec.ea,3,0003,generated:discussion:sec:EA:02,Last-nonzero-remainder formulation,Rumusan sisa taknol terakhir,"{""end_line"":1236,""path"":""authority/downloads/yaintt.tex"",""start_line"":1232}",3740fc6efbaa94e898c19ffa2b33433009109d10cb2f3ccc1706ca3328405ad6,"{""end_line"":1375,""path"":""qa/frozen-boundaries/boundary6/yaintt-id.tex"",""start_line"":1371}",d1e605506d01affce57e9833b9cb25785c5b726bf7a15b3e46dea81e2cb9255e,language_reviewed,rights.yaintt.id-id.derivative.boundary6,"[""ttp.r014.unit.book"",""ttp.r014.unit.chap.woad"",""ttp.r014.unit.sec.ea"",""ttp.r014.unit.sec.ea.discussion.02""]",ttp.r014.unit.book/ttp.r014.unit.chap.woad/ttp.r014.unit.sec.ea/ttp.r014.unit.sec.ea.discussion.02,generated_stable_id,,,"[""ttp.r014.qa.section-ea-topology"",""ttp.r014.qa.section-ea-math"",""ttp.r014.qa.section-ea-language""]"
r014.backend.record,1.0.0,ttp.r014.unit.sec.ea.exercise.03,unit,active,ttp.r014.yaintt,ttp.r014.yaintt,ttp.r014.edition.id-id.boundary6,id-ID,2026-08-21T13:53:00+02:00,codex.r014.id-ID,,exercise,ttp.r014.unit.sec.ea.exercises,3,0003,generated:exercise:sec:EA:03,Exercise 3,Latihan 3,"{""end_line"":1313,""path"":""authority/downloads/yaintt.tex"",""start_line"":1310}",39fe4fc8e675d6ef62e77bcfc363c73b3a14dc8c36e14c59fa85c4290346a9cf,"{""end_line"":1450,""path"":""qa/frozen-boundaries/boundary6/yaintt-id.tex"",""start_line"":1447}",be7d79a30206e11590c3c6406a1ba255904330cfdd6c0422d0ef44ba67de39f5,language_reviewed,rights.yaintt.id-id.derivative.boundary6,"[""ttp.r014.unit.book"",""ttp.r014.unit.chap.woad"",""ttp.r014.unit.sec.ea"",""ttp.r014.unit.sec.ea.exercises"",""ttp.r014.unit.sec.ea.exercise.03""]",ttp.r014.unit.book/ttp.r014.unit.chap.woad/ttp.r014.unit.sec.ea/ttp.r014.unit.sec.ea.exercises/ttp.r014.unit.sec.ea.exercise.03,generated_stable_id,"{""answers"":[],""hints"":[],""solutions"":[],""status"":""source_has_none""}",,"[""ttp.r014.qa.section-ea-topology"",""ttp.r014.qa.section-ea-math"",""ttp.r014.qa.section-ea-language""]"
r014.backend.record,1.0.0,ttp.r014.unit.sec.ephif.discussion.02,unit,active,ttp.r014.yaintt,ttp.r014.yaintt,ttp.r014.edition.id-id.boundary11,id-ID,2026-08-21T13:53:00+02:00,codex.r014.id-ID,,discussion,ttp.r014.unit.sec.ephif,3,0003,generated:discussion:sec:EphiF:02,Phi as a count of invertible classes,Phi sebagai banyaknya kelas yang dapat dibalik,"{""end_line"":2108,""path"":""authority/downloads/yaintt.tex"",""start_line"":2106}",ec768cb6b758f869556eaa08d207c1354a5327b12b89b78f52a082305335dc0b,"{""end_line"":2366,""path"":""qa/frozen-boundaries/boundary11/yaintt-id.tex"",""start_line"":2364}",8a661f3f4f7ca65ac2d2f12a0c6ecc7c6de3f7cee6a2ca3810568cad442e240b,language_reviewed,rights.yaintt.id-id.derivative.boundary11,"[""ttp.r014.unit.book"",""ttp.r014.unit.chap.cs"",""ttp.r014.unit.sec.ephif"",""ttp.r014.unit.sec.ephif.discussion.02""]",ttp.r014.unit.book/ttp.r014.unit.chap.cs/ttp.r014.unit.sec.ephif/ttp.r014.unit.sec.ephif.discussion.02,generated_stable_id,,,"[""ttp.r014.qa.section-ephif-topology"",""ttp.r014.qa.section-ephif-math"",""ttp.r014.qa.section-ephif-language""]"
r014.backend.record,1.0.0,ttp.r014.unit.sec.gcd.exercise.03,unit,active,ttp.r014.yaintt,ttp.r014.yaintt,ttp.r014.edition.id-id.boundary5,id-ID,2026-08-21T13:53:00+02:00,codex.r014.id-ID,,exercise,ttp.r014.unit.sec.gcd.exercises,3,0003,generated:exercise:gcd:03,Exercise 3,Latihan 3,"{""end_line"":1190,""path"":""authority/downloads/yaintt.tex"",""start_line"":1187}",6cf66a98627edd4f284b2b5fb93c9972db60d361beef4f49c26ccbe2d443f9d1,"{""end_line"":1309,""path"":""qa/frozen-boundaries/boundary5/yaintt-id.tex"",""start_line"":1306}",50a3a65f604f218d6126a429ba5cbff8d1e17c27776289d3a0c78dfc26334580,language_reviewed,rights.yaintt.id-id.derivative.boundary5,"[""ttp.r014.unit.book"",""ttp.r014.unit.chap.woad"",""ttp.r014.unit.sec.gcd"",""ttp.r014.unit.sec.gcd.exercises"",""ttp.r014.unit.sec.gcd.exercise.03""]",ttp.r014.unit.book/ttp.r014.unit.chap.woad/ttp.r014.unit.sec.gcd/ttp.r014.unit.sec.gcd.exercises/ttp.r014.unit.sec.gcd.exercise.03,generated_stable_id,"{""answers"":[],""hints"":[],""solutions"":[],""status"":""source_has_none""}",,"[""ttp.r014.qa.section-gcd-topology"",""ttp.r014.qa.section-gcd-math"",""ttp.r014.qa.section-gcd-language""]"
r014.backend.record,1.0.0,ttp.r014.unit.sec.itc.exercise.03,unit,active,ttp.r014.yaintt,ttp.r014.yaintt,ttp.r014.edition.id-id.boundary7,id-ID,2026-08-21T13:53:00+02:00,codex.r014.id-ID,,exercise,ttp.r014.unit.sec.itc.exercises,3,0003,generated:exercise:sec:ItC:03,Exercise 3,Latihan 3,"{""end_line"":1610,""path"":""authority/downloads/yaintt.tex"",""start_line"":1607}",519e145705e672b3e3eda93c1743c63a4c10ef7d9a02f298677c791146bf001c,"{""end_line"":1781,""path"":""qa/frozen-boundaries/boundary7/yaintt-id.tex"",""start_line"":1778}",588aa9af200ce3724afd14c3b6c9e77efcadfaffe4b8f4223bcc5c6ab9f9053d,language_reviewed,rights.yaintt.id-id.derivative.boundary7,"[""ttp.r014.unit.book"",""ttp.r014.unit.chap.cs"",""ttp.r014.unit.sec.itc"",""ttp.r014.unit.sec.itc.exercises"",""ttp.r014.unit.sec.itc.exercise.03""]",ttp.r014.unit.book/ttp.r014.unit.chap.cs/ttp.r014.unit.sec.itc/ttp.r014.unit.sec.itc.exercises/ttp.r014.unit.sec.itc.exercise.03,generated_stable_id,"{""answers"":[],""hints"":[],""solutions"":[],""status"":""source_has_none""}",,"[""ttp.r014.qa.section-itc-topology"",""ttp.r014.qa.section-itc-math"",""ttp.r014.qa.section-itc-language""]"
r014.backend.record,1.0.0,ttp.r014.unit.sec.lc,unit,active,ttp.r014.yaintt,ttp.r014.yaintt,ttp.r014.edition.id-id.boundary8,id-ID,2026-08-21T13:53:00+02:00,codex.r014.id-ID,,section,ttp.r014.unit.chap.cs,3,0003,sec:LC,Linear Congruences,Kongruensi Linear,"{""end_line"":1772,""path"":""authority/downloads/yaintt.tex"",""start_line"":1622}",d5b18941339395e28d5fcc7beb97d3e69b818051a963ee1146c697a83533be5d,"{""end_line"":1982,""path"":""qa/frozen-boundaries/boundary8/yaintt-id.tex"",""start_line"":1810}",eec965ac4de6eaffca1d8bda573398ac5e6c21b740d9172de09cb504164defa9,language_reviewed,rights.yaintt.id-id.derivative.boundary8,"[""ttp.r014.unit.book"",""ttp.r014.unit.chap.cs"",""ttp.r014.unit.sec.lc""]",ttp.r014.unit.book/ttp.r014.unit.chap.cs/ttp.r014.unit.sec.lc,source_label,,,"[""ttp.r014.qa.section-lc-topology"",""ttp.r014.qa.section-lc-math"",""ttp.r014.qa.section-lc-language""]"
r014.backend.record,1.0.0,ttp.r014.unit.sec.lc.discussion.02,unit,active,ttp.r014.yaintt,ttp.r014.yaintt,ttp.r014.edition.id-id.boundary8,id-ID,2026-08-21T13:53:00+02:00,codex.r014.id-ID,,discussion,ttp.r014.unit.sec.lc,3,0003,generated:discussion:sec:LC:02,Infinitely many integer representatives,Tak terhingga banyak wakil bilangan bulat,"{""end_line"":1639,""path"":""authority/downloads/yaintt.tex"",""start_line"":1637}",8173f48801495caa0474392f7c4eb494a7f03c5cac36a7816b84725d3d995ad3,"{""end_line"":1829,""path"":""qa/frozen-boundaries/boundary8/yaintt-id.tex"",""start_line"":1826}",b35695921f802e2a3f03ef997b47699ef4fe81d2fdf882563e45610b03021583,language_reviewed,rights.yaintt.id-id.derivative.boundary8,"[""ttp.r014.unit.book"",""ttp.r014.unit.chap.cs"",""ttp.r014.unit.sec.lc"",""ttp.r014.unit.sec.lc.discussion.02""]",ttp.r014.unit.book/ttp.r014.unit.chap.cs/ttp.r014.unit.sec.lc/ttp.r014.unit.sec.lc.discussion.02,generated_stable_id,,,"[""ttp.r014.qa.section-lc-topology"",""ttp.r014.qa.section-lc-math"",""ttp.r014.qa.section-lc-language""]"
r014.backend.record,1.0.0,ttp.r014.unit.sec.lc.exercise.03,unit,active,ttp.r014.yaintt,ttp.r014.yaintt,ttp.r014.edition.id-id.boundary8,id-ID,2026-08-21T13:53:00+02:00,codex.r014.id-ID,,exercise,ttp.r014.unit.sec.lc.exercises,3,0003,generated:exercise:sec:LC:03,Exercise 3,Latihan 3,"{""end_line"":1764,""path"":""authority/downloads/yaintt.tex"",""start_line"":1762}",1c6814d18185950a5a448e1d6aaf16f1ccf434b16bb1cda5253b8c9510765257,"{""end_line"":1974,""path"":""qa/frozen-boundaries/boundary8/yaintt-id.tex"",""start_line"":1972}",f49a5291a24d24f487f84482c801e9e51de29fbe757a0d6500fd76b06e1b190d,language_reviewed,rights.yaintt.id-id.derivative.boundary8,"[""ttp.r014.unit.book"",""ttp.r014.unit.chap.cs"",""ttp.r014.unit.sec.lc"",""ttp.r014.unit.sec.lc.exercises"",""ttp.r014.unit.sec.lc.exercise.03""]",ttp.r014.unit.book/ttp.r014.unit.chap.cs/ttp.r014.unit.sec.lc/ttp.r014.unit.sec.lc.exercises/ttp.r014.unit.sec.lc.exercise.03,generated_stable_id,"{""answers"":[],""hints"":[],""solutions"":[],""status"":""source_has_none""}",,"[""ttp.r014.qa.section-lc-topology"",""ttp.r014.qa.section-lc-math"",""ttp.r014.qa.section-lc-language""]"
r014.backend.record,1.0.0,ttp.r014.unit.sec.roiidb.exercise.03,unit,active,ttp.r014.yaintt,ttp.r014.yaintt,ttp.r014.edition.id-id.boundary4,id-ID,2026-08-21T13:53:00+02:00,codex.r014.id-ID,,exercise,ttp.r014.unit.sec.roiidb.exercises,3,0003,generated:exercise:sec:RoIiDB:03,Exercise 3,Latihan 3,"{""end_line"":980,""path"":""authority/downloads/yaintt.tex"",""start_line"":978}",efc64e2374fa2ad2cb4bd97b2c31d5716e9aff0b2c99d0d5de0a9afc15d3eb0f,"{""end_line"":1075,""path"":""qa/frozen-boundaries/boundary4/yaintt-id.tex"",""start_line"":1073}",df2d42107e687bf52592411e66717d87d3786f8c8acd2650880008db875141ee,language_reviewed,rights.yaintt.id-id.derivative.boundary4,"[""ttp.r014.unit.book"",""ttp.r014.unit.chap.woad"",""ttp.r014.unit.sec.roiidb"",""ttp.r014.unit.sec.roiidb.exercises"",""ttp.r014.unit.sec.roiidb.exercise.03""]",ttp.r014.unit.book/ttp.r014.unit.chap.woad/ttp.r014.unit.sec.roiidb/ttp.r014.unit.sec.roiidb.exercises/ttp.r014.unit.sec.roiidb.exercise.03,generated_stable_id,"{""answers"":[],""hints"":[],""solutions"":[],""status"":""source_has_none""}",,"[""ttp.r014.qa.section-roiidb-topology"",""ttp.r014.qa.section-roiidb-math"",""ttp.r014.qa.section-roiidb-language""]"
r014.backend.record,1.0.0,ttp.r014.unit.sec.wopami.discussion.02,unit,active,ttp.r014.yaintt,ttp.r014.yaintt,ttp.r014.edition.id-id.boundary3,id-ID,2026-08-21T13:53:00+02:00,codex.r014.id-ID,,discussion,ttp.r014.unit.sec.wopami.subsection.01,3,0003,generated:discussion:02,Axiom note,Catatan aksioma,"{""end_line"":415,""path"":""authority/downloads/yaintt.tex"",""start_line"":413}",0c648380a82ee96bd60f5985e630eaff263b3fd40c01a664d1f94da3c7344827,"{""end_line"":459,""path"":""qa/frozen-boundaries/boundary3/yaintt-id.tex"",""start_line"":457}",5d99e3f0499829a4616e0d658b9321b5149c57d60b1f3ede6d7395341d92bb4e,language_reviewed,rights.yaintt.id-id.derivative,"[""ttp.r014.unit.book"",""ttp.r014.unit.chap.woad"",""ttp.r014.unit.sec.wopami"",""ttp.r014.unit.sec.wopami.subsection.01"",""ttp.r014.unit.sec.wopami.discussion.02""]",ttp.r014.unit.book/ttp.r014.unit.chap.woad/ttp.r014.unit.sec.wopami/ttp.r014.unit.sec.wopami.subsection.01/ttp.r014.unit.sec.wopami.discussion.02,generated_stable_id,,,"[""ttp.r014.qa.boundary1-topology"",""ttp.r014.qa.boundary1-math"",""ttp.r014.qa.boundary1-language""]"
r014.backend.record,1.0.0,ttp.r014.unit.sec.wopami.exercise.03,unit,active,ttp.r014.yaintt,ttp.r014.yaintt,ttp.r014.edition.id-id.boundary3,id-ID,2026-08-21T13:53:00+02:00,codex.r014.id-ID,,exercise,ttp.r014.unit.sec.wopami.exercises,3,0003,generated:exercise:sec:WOPaMI:03,Exercise 3,Latihan 3,"{""end_line"":570,""path"":""authority/downloads/yaintt.tex"",""start_line"":567}",113907546753139b5b0af98ad82cf9048c039b64e2a217afc75efc856722e123,"{""end_line"":621,""path"":""qa/frozen-boundaries/boundary3/yaintt-id.tex"",""start_line"":618}",8c9dcd328c450d05b64cdcdec44c4fa58bf3a04cfebb3c6d093975f15178d6f1,language_reviewed,rights.yaintt.id-id.derivative,"[""ttp.r014.unit.book"",""ttp.r014.unit.chap.woad"",""ttp.r014.unit.sec.wopami"",""ttp.r014.unit.sec.wopami.exercises"",""ttp.r014.unit.sec.wopami.exercise.03""]",ttp.r014.unit.book/ttp.r014.unit.chap.woad/ttp.r014.unit.sec.wopami/ttp.r014.unit.sec.wopami.exercises/ttp.r014.unit.sec.wopami.exercise.03,generated_stable_id,"{""answers"":[],""hints"":[],""solutions"":[],""status"":""source_has_none""}",,"[""ttp.r014.qa.boundary1-topology"",""ttp.r014.qa.boundary1-math"",""ttp.r014.qa.boundary1-language""]"
r014.backend.record,1.0.0,ttp.r014.unit.sec.wopami.subsection.02,unit,active,ttp.r014.yaintt,ttp.r014.yaintt,ttp.r014.edition.id-id.boundary3,id-ID,2026-08-21T13:53:00+02:00,codex.r014.id-ID,,subsection,ttp.r014.unit.sec.wopami,3,0003,generated:subsection:02,The Pigeonhole Principle,Prinsip Sarang Merpati,"{""end_line"":430,""path"":""authority/downloads/yaintt.tex"",""start_line"":417}",3ee3beb30b70277ac6bd49160f964f0dddec52eef8cf0b1e4d475ef6c1f0d8fe,"{""end_line"":473,""path"":""qa/frozen-boundaries/boundary3/yaintt-id.tex"",""start_line"":461}",df19b54fff6b90df7beffec1146aa255a2b057f783ea0c4c88cfe646ce030118,language_reviewed,rights.yaintt.id-id.derivative,"[""ttp.r014.unit.book"",""ttp.r014.unit.chap.woad"",""ttp.r014.unit.sec.wopami"",""ttp.r014.unit.sec.wopami.subsection.02""]",ttp.r014.unit.book/ttp.r014.unit.chap.woad/ttp.r014.unit.sec.wopami/ttp.r014.unit.sec.wopami.subsection.02,generated_stable_id,,,"[""ttp.r014.qa.boundary1-topology"",""ttp.r014.qa.boundary1-math"",""ttp.r014.qa.boundary1-language""]"
r014.backend.record,1.0.0,ttp.r014.unit.thm.equivalence-classes-disjoint-or-equal,unit,active,ttp.r014.yaintt,ttp.r014.yaintt,ttp.r014.edition.id-id.boundary10,id-ID,2026-08-21T13:53:00+02:00,codex.r014.id-ID,,theorem,ttp.r014.unit.sec.awtwwc,3,0003,generated:theorem:sec:AWtWwC:01,Equivalence classes are disjoint or equal,Kelas ekuivalensi saling lepas atau sama,"{""end_line"":1912,""path"":""authority/downloads/yaintt.tex"",""start_line"":1905}",7b968b9bed18538f7d0813fe00ae48150b6223196ed666e2bd218b0960a3fd9e,"{""end_line"":2150,""path"":""qa/frozen-boundaries/boundary10/yaintt-id.tex"",""start_line"":2142}",a9116be2490687699369c12a4bfe715f4d2a36953d18a8bda29d3120314f8bdc,language_reviewed,rights.yaintt.id-id.derivative.boundary10,"[""ttp.r014.unit.book"",""ttp.r014.unit.chap.cs"",""ttp.r014.unit.sec.awtwwc"",""ttp.r014.unit.thm.equivalence-classes-disjoint-or-equal""]",ttp.r014.unit.book/ttp.r014.unit.chap.cs/ttp.r014.unit.sec.awtwwc/ttp.r014.unit.thm.equivalence-classes-disjoint-or-equal,generated_stable_id,,,"[""ttp.r014.qa.section-awtwwc-topology"",""ttp.r014.qa.section-awtwwc-math"",""ttp.r014.qa.section-awtwwc-language""]"
r014.backend.record,1.0.0,ttp.r014.unit.bib.gauss1986disquisitiones,unit,active,ttp.r014.yaintt,ttp.r014.yaintt,ttp.r014.edition.id-id.boundary7,en,2026-08-21T13:53:00+02:00,codex.r014.id-ID,,bibliography_entry,ttp.r014.unit.backmatter.bibliography,4,0004,gauss1986disquisitiones,Gauss 1986,Gauss 1986,"{""end_line"":48,""path"":""authority/downloads/refs.bib"",""start_line"":43}",22797e80659b695b625837855d5f4c960734f93e9e02e9a6334c72822bfc4205,,,source_frozen,rights.yaintt.text_and_author_assets,"[""ttp.r014.unit.book"",""ttp.r014.unit.backmatter"",""ttp.r014.unit.backmatter.bibliography"",""ttp.r014.unit.bib.gauss1986disquisitiones""]",ttp.r014.unit.book/ttp.r014.unit.backmatter/ttp.r014.unit.backmatter.bibliography/ttp.r014.unit.bib.gauss1986disquisitiones,generated_stable_id,,,"[""ttp.r014.qa.source-authority""]"
r014.backend.record,1.0.0,ttp.r014.unit.chap.ieqdl,unit,active,ttp.r014.yaintt,ttp.r014.yaintt,ttp.r014.edition.id-id.boundary3,en,2026-08-21T13:53:00+02:00,codex.r014.id-ID,,chapter,ttp.r014.unit.book,4,0004,chap:IeqDL,"Index, Discrete Logarithms",,"{""end_line"":5993,""path"":""authority/downloads/yaintt.tex"",""start_line"":4477}",5af70a43b1680cfbb403316801235b767d731d1365851df3e8919919075aaaab,,,queued,rights.yaintt.text_and_author_assets,"[""ttp.r014.unit.book"",""ttp.r014.unit.chap.ieqdl""]",ttp.r014.unit.book/ttp.r014.unit.chap.ieqdl,source_label,,,"[""ttp.r014.qa.source-authority""]"
r014.backend.record,1.0.0,ttp.r014.unit.eg.basetwo,unit,active,ttp.r014.yaintt,ttp.r014.yaintt,ttp.r014.edition.id-id.boundary4,id-ID,2026-08-21T13:53:00+02:00,codex.r014.id-ID,,example,ttp.r014.unit.sec.roiidb,4,0004,eg:basetwo,Convert 214 to base 3,Mengubah 214 ke basis 3,"{""end_line"":956,""path"":""authority/downloads/yaintt.tex"",""start_line"":944}",5274caa4d4b993bbf7a3828a6fa34c5c98dedd35ee152c0f9a6bc12bdd0a61fc,"{""end_line"":1052,""path"":""qa/frozen-boundaries/boundary4/yaintt-id.tex"",""start_line"":1041}",510301f7b773aecc8cbd54e9c74c84f7a770eef39d6a126081d5f9a41660ab1b,language_reviewed,rights.yaintt.id-id.derivative.boundary4,"[""ttp.r014.unit.book"",""ttp.r014.unit.chap.woad"",""ttp.r014.unit.sec.roiidb"",""ttp.r014.unit.eg.basetwo""]",ttp.r014.unit.book/ttp.r014.unit.chap.woad/ttp.r014.unit.sec.roiidb/ttp.r014.unit.eg.basetwo,source_label,,,"[""ttp.r014.qa.section-roiidb-topology"",""ttp.r014.qa.section-roiidb-math"",""ttp.r014.qa.section-roiidb-language""]"
r014.backend.record,1.0.0,ttp.r014.unit.eg.inductionv1a.equation.04,unit,active,ttp.r014.yaintt,ttp.r014.yaintt,ttp.r014.edition.id-id.boundary3,id-ID,2026-08-21T13:53:00+02:00,codex.r014.id-ID,,equation,ttp.r014.unit.eg.inductionv1a,4,0004,generated:equation:inductionv1a:04,Inductive calculation,Perhitungan induksi,"{""end_line"":501,""path"":""authority/downloads/yaintt.tex"",""start_line"":499}",d230d0630f5a3260323892a011a54736e26d1be14f5bf44ed33c4a266df4f659,"{""end_line"":548,""path"":""qa/frozen-boundaries/boundary3/yaintt-id.tex"",""start_line"":546}",d230d0630f5a3260323892a011a54736e26d1be14f5bf44ed33c4a266df4f659,mathematically_reviewed,rights.yaintt.id-id.derivative,"[""ttp.r014.unit.book"",""ttp.r014.unit.chap.woad"",""ttp.r014.unit.sec.wopami"",""ttp.r014.unit.sec.wopami.subsection.03"",""ttp.r014.unit.eg.inductionv1a"",""ttp.r014.unit.eg.inductionv1a.equation.04""]",ttp.r014.unit.book/ttp.r014.unit.chap.woad/ttp.r014.unit.sec.wopami/ttp.r014.unit.sec.wopami.subsection.03/ttp.r014.unit.eg.inductionv1a/ttp.r014.unit.eg.inductionv1a.equation.04,generated_stable_id,,,"[""ttp.r014.qa.boundary1-topology"",""ttp.r014.qa.boundary1-math"",""ttp.r014.qa.boundary1-language""]"
r014.backend.record,1.0.0,ttp.r014.unit.eg.inductionv1b,unit,active,ttp.r014.yaintt,ttp.r014.yaintt,ttp.r014.edition.id-id.boundary3,id-ID,2026-08-21T13:53:00+02:00,codex.r014.id-ID,,example,ttp.r014.unit.sec.wopami.subsection.03,4,0004,eg:inductionv1b,Factorial bound,Batas faktorial,"{""end_line"":518,""path"":""authority/downloads/yaintt.tex"",""start_line"":505}",917fecb033dd2df9f324fcafeb9ac03f45987a287795c804f9da0e4826597b2f,"{""end_line"":567,""path"":""qa/frozen-boundaries/boundary3/yaintt-id.tex"",""start_line"":552}",b0438f614a924018c3847136f0eaada4b12a56720238c58c359cf3db5996ea6b,language_reviewed,rights.yaintt.id-id.derivative,"[""ttp.r014.unit.book"",""ttp.r014.unit.chap.woad"",""ttp.r014.unit.sec.wopami"",""ttp.r014.unit.sec.wopami.subsection.03"",""ttp.r014.unit.eg.inductionv1b""]",ttp.r014.unit.book/ttp.r014.unit.chap.woad/ttp.r014.unit.sec.wopami/ttp.r014.unit.sec.wopami.subsection.03/ttp.r014.unit.eg.inductionv1b,source_label,,,"[""ttp.r014.qa.boundary1-topology"",""ttp.r014.qa.boundary1-math"",""ttp.r014.qa.boundary1-language""]"
r014.backend.record,1.0.0,ttp.r014.unit.eg.rationals,unit,active,ttp.r014.yaintt,ttp.r014.yaintt,ttp.r014.edition.id-id.boundary10,id-ID,2026-08-21T13:53:00+02:00,codex.r014.id-ID,,example,ttp.r014.unit.sec.awtwwc,4,0004,eg:rationals,Rational numbers as equivalence classes,Bilangan rasional sebagai kelas ekuivalensi,"{""end_line"":1934,""path"":""authority/downloads/yaintt.tex"",""start_line"":1930}",1e7a053157f9bd73f64aa571bef33752eb72950033f03496d4cc475860205cc4,"{""end_line"":2175,""path"":""qa/frozen-boundaries/boundary10/yaintt-id.tex"",""start_line"":2171}",98f910544d51d0e2ded792440882441612f75b602fef9e04b819851b29a2b7d7,language_reviewed,rights.yaintt.id-id.derivative.boundary10,"[""ttp.r014.unit.book"",""ttp.r014.unit.chap.cs"",""ttp.r014.unit.sec.awtwwc"",""ttp.r014.unit.eg.rationals""]",ttp.r014.unit.book/ttp.r014.unit.chap.cs/ttp.r014.unit.sec.awtwwc/ttp.r014.unit.eg.rationals,source_label,,,"[""ttp.r014.qa.section-awtwwc-topology"",""ttp.r014.qa.section-awtwwc-math"",""ttp.r014.qa.section-awtwwc-language""]"
r014.backend.record,1.0.0,ttp.r014.unit.frontmatter.toc,unit,active,ttp.r014.yaintt,ttp.r014.yaintt,ttp.r014.edition.id-id.boundary3,id-ID,2026-08-21T13:53:00+02:00,codex.r014.id-ID,,table_of_contents,ttp.r014.unit.frontmatter,4,0004,tableofcontents,Contents,Daftar Isi,"{""end_line"":386,""path"":""authority/downloads/yaintt.tex"",""start_line"":382}",b415c98d33b88891bb45fba1afd0d1821fd9362a0a08135ef414878f140ff851,"{""end_line"":429,""path"":""qa/frozen-boundaries/boundary3/yaintt-id.tex"",""start_line"":425}",b415c98d33b88891bb45fba1afd0d1821fd9362a0a08135ef414878f140ff851,visually_checked,rights.yaintt.id-id.derivative,"[""ttp.r014.unit.book"",""ttp.r014.unit.frontmatter"",""ttp.r014.unit.frontmatter.toc""]",ttp.r014.unit.book/ttp.r014.unit.frontmatter/ttp.r014.unit.frontmatter.toc,generated_stable_id,,,"[""ttp.r014.qa.boundary1-topology"",""ttp.r014.qa.boundary1-math"",""ttp.r014.qa.boundary1-language""]"
r014.backend.record,1.0.0,ttp.r014.unit.sec.awtwwc.exercise.04,unit,active,ttp.r014.yaintt,ttp.r014.yaintt,ttp.r014.edition.id-id.boundary10,id-ID,2026-08-21T13:53:00+02:00,codex.r014.id-ID,,exercise,ttp.r014.unit.sec.awtwwc.exercises,4,0004,generated:exercise:sec:AWtWwC:04,Exercise 4,Latihan 4,"{""end_line"":2082,""path"":""authority/downloads/yaintt.tex"",""start_line"":2078}",7d680c5bb2144378ffc6f824344452fb59359d56afcf6faf13becd681a6b9719,"{""end_line"":2329,""path"":""qa/frozen-boundaries/boundary10/yaintt-id.tex"",""start_line"":2325}",67dcb80c8bdb2eec0b53258c631877be2fcf8954d7d399985041b35a69c4c1d3,language_reviewed,rights.yaintt.id-id.derivative.boundary10,"[""ttp.r014.unit.book"",""ttp.r014.unit.chap.cs"",""ttp.r014.unit.sec.awtwwc"",""ttp.r014.unit.sec.awtwwc.exercises"",""ttp.r014.unit.sec.awtwwc.exercise.04""]",ttp.r014.unit.book/ttp.r014.unit.chap.cs/ttp.r014.unit.sec.awtwwc/ttp.r014.unit.sec.awtwwc.exercises/ttp.r014.unit.sec.awtwwc.exercise.04,generated_stable_id,"{""answers"":[],""hints"":[],""solutions"":[],""status"":""source_has_none""}",,"[""ttp.r014.qa.section-awtwwc-topology"",""ttp.r014.qa.section-awtwwc-math"",""ttp.r014.qa.section-awtwwc-language""]"
r014.backend.record,1.0.0,ttp.r014.unit.sec.crt,unit,active,ttp.r014.yaintt,ttp.r014.yaintt,ttp.r014.edition.id-id.boundary9,id-ID,2026-08-21T13:53:00+02:00,codex.r014.id-ID,,section,ttp.r014.unit.chap.cs,4,0004,sec:CRT,The Chinese Remainder Theorem,Teorema Sisa Cina,"{""end_line"":1876,""path"":""authority/downloads/yaintt.tex"",""start_line"":1773}",0a6d6bf087b3b26ea9a15612264ab9fc7093e412a11780ad4a4b270d98bbdaa1,"{""end_line"":2102,""path"":""qa/frozen-boundaries/boundary9/yaintt-id.tex"",""start_line"":1998}",17489c675edae4c6a40fe712ad479447f15db95b1283fbd6ce50750ec4500716,language_reviewed,rights.yaintt.id-id.derivative.boundary9,"[""ttp.r014.unit.book"",""ttp.r014.unit.chap.cs"",""ttp.r014.unit.sec.crt""]",ttp.r014.unit.book/ttp.r014.unit.chap.cs/ttp.r014.unit.sec.crt,source_label,,,"[""ttp.r014.qa.section-crt-topology"",""ttp.r014.qa.section-crt-math"",""ttp.r014.qa.section-crt-language""]"
r014.backend.record,1.0.0,ttp.r014.unit.sec.crt.exercise.04,unit,active,ttp.r014.yaintt,ttp.r014.yaintt,ttp.r014.edition.id-id.boundary9,id-ID,2026-08-21T13:53:00+02:00,codex.r014.id-ID,,exercise,ttp.r014.unit.sec.crt.exercises,4,0004,generated:exercise:sec:CRT:04,Exercise 4,Latihan 4,"{""end_line"":1873,""path"":""authority/downloads/yaintt.tex"",""start_line"":1865}",6089d47dfa763ff058e1ad051f85d7827ae55d1448aa3c006d3a2c6d3e0e1046,"{""end_line"":2099,""path"":""qa/frozen-boundaries/boundary9/yaintt-id.tex"",""start_line"":2090}",fd79e359a6043cf491cd62d8afe2157c8fbc887bc7564690dd40ec2ea27a9bde,language_reviewed,rights.yaintt.id-id.derivative.boundary9,"[""ttp.r014.unit.book"",""ttp.r014.unit.chap.cs"",""ttp.r014.unit.sec.crt"",""ttp.r014.unit.sec.crt.exercises"",""ttp.r014.unit.sec.crt.exercise.04""]",ttp.r014.unit.book/ttp.r014.unit.chap.cs/ttp.r014.unit.sec.crt/ttp.r014.unit.sec.crt.exercises/ttp.r014.unit.sec.crt.exercise.04,generated_stable_id,"{""answers"":[],""hints"":[],""solutions"":[],""status"":""source_has_none""}",,"[""ttp.r014.qa.section-crt-topology"",""ttp.r014.qa.section-crt-math"",""ttp.r014.qa.section-crt-language""]"
r014.backend.record,1.0.0,ttp.r014.unit.sec.crt.exercises,unit,active,ttp.r014.yaintt,ttp.r014.yaintt,ttp.r014.edition.id-id.boundary9,id-ID,2026-08-21T13:53:00+02:00,codex.r014.id-ID,,exercise_group,ttp.r014.unit.sec.crt,4,0004,generated:exercise-group:sec:CRT,Exercises for Section 2.3,Latihan untuk §2.3,"{""end_line"":1876,""path"":""authority/downloads/yaintt.tex"",""start_line"":1845}",e514a940c45d09d916f3e4ac96bd3c58212d3bea8dea16467e1474b889fe5927,"{""end_line"":2102,""path"":""qa/frozen-boundaries/boundary9/yaintt-id.tex"",""start_line"":2070}",0f8e422c24323c40d3d0cd2c48168fa1725150361dd4fe2f3854caa0714ced54,language_reviewed,rights.yaintt.id-id.derivative.boundary9,"[""ttp.r014.unit.book"",""ttp.r014.unit.chap.cs"",""ttp.r014.unit.sec.crt"",""ttp.r014.unit.sec.crt.exercises""]",ttp.r014.unit.book/ttp.r014.unit.chap.cs/ttp.r014.unit.sec.crt/ttp.r014.unit.sec.crt.exercises,generated_stable_id,,,"[""ttp.r014.qa.section-crt-topology"",""ttp.r014.qa.section-crt-math"",""ttp.r014.qa.section-crt-language""]"
r014.backend.record,1.0.0,ttp.r014.unit.sec.dada.discussion.parity,unit,active,ttp.r014.yaintt,ttp.r014.yaintt,ttp.r014.edition.id-id.boundary3,id-ID,2026-08-21T13:53:00+02:00,codex.r014.id-ID,,discussion,ttp.r014.unit.sec.dada.subsection.divisibility,4,0004,generated:discussion:sec:DaDA:02,Odd-integer representation,Representasi bilangan bulat ganjil,"{""end_line"":679,""path"":""authority/downloads/yaintt.tex"",""start_line"":676}",31036b1feb6642370624c2a0de2e3cf91e971c1766a6781984e72390d660ce67,"{""end_line"":757,""path"":""qa/frozen-boundaries/boundary3/yaintt-id.tex"",""start_line"":753}",70ac0406f8c101d2b7f2f7af64c5c602085b96996ed03a1830e2735a3669c581,language_reviewed,rights.yaintt.id-id.derivative,"[""ttp.r014.unit.book"",""ttp.r014.unit.chap.woad"",""ttp.r014.unit.sec.dada"",""ttp.r014.unit.sec.dada.subsection.divisibility"",""ttp.r014.unit.sec.dada.discussion.parity""]",ttp.r014.unit.book/ttp.r014.unit.chap.woad/ttp.r014.unit.sec.dada/ttp.r014.unit.sec.dada.subsection.divisibility/ttp.r014.unit.sec.dada.discussion.parity,generated_stable_id,,,"[""ttp.r014.qa.section-dada-topology"",""ttp.r014.qa.section-dada-math"",""ttp.r014.qa.section-dada-language""]"
r014.backend.record,1.0.0,ttp.r014.unit.sec.dada.exercise.04,unit,active,ttp.r014.yaintt,ttp.r014.yaintt,ttp.r014.edition.id-id.boundary3,id-ID,2026-08-21T13:53:00+02:00,codex.r014.id-ID,,exercise,ttp.r014.unit.sec.dada.exercises,4,0004,generated:exercise:sec:DaDA:04,Exercise 4,Latihan 4,"{""end_line"":798,""path"":""authority/downloads/yaintt.tex"",""start_line"":795}",2a8b2a0a5162fdd861274160a6c2ff44f8527369f6bceb4f547973f7f2644e61,"{""end_line"":876,""path"":""qa/frozen-boundaries/boundary3/yaintt-id.tex"",""start_line"":873}",c696c0fb4760c711d23edc71d814e05d228aeeb12892f15f017dddd74108733c,language_reviewed,rights.yaintt.id-id.derivative,"[""ttp.r014.unit.book"",""ttp.r014.unit.chap.woad"",""ttp.r014.unit.sec.dada"",""ttp.r014.unit.sec.dada.exercises"",""ttp.r014.unit.sec.dada.exercise.04""]",ttp.r014.unit.book/ttp.r014.unit.chap.woad/ttp.r014.unit.sec.dada/ttp.r014.unit.sec.dada.exercises/ttp.r014.unit.sec.dada.exercise.04,generated_stable_id,"{""answers"":[],""hints"":[],""solutions"":[],""status"":""source_has_none""}",,"[""ttp.r014.qa.section-dada-topology"",""ttp.r014.qa.section-dada-math"",""ttp.r014.qa.section-dada-language""]"
r014.backend.record,1.0.0,ttp.r014.unit.sec.dada.exercises,unit,active,ttp.r014.yaintt,ttp.r014.yaintt,ttp.r014.edition.id-id.boundary3,id-ID,2026-08-21T13:53:00+02:00,codex.r014.id-ID,,exercise_group,ttp.r014.unit.sec.dada,4,0004,generated:exercise-group:sec:DaDA,Exercises for Section 1.3,Latihan untuk §1.3,"{""end_line"":828,""path"":""authority/downloads/yaintt.tex"",""start_line"":776}",d05666e2560132babd1d9f8b79b32782ac34c8e122dcd6da7195faae2335c454,"{""end_line"":911,""path"":""qa/frozen-boundaries/boundary3/yaintt-id.tex"",""start_line"":854}",b055f0dee72de42ac9272f11b2b630ab4fa5f1127697d0b722fccf801e8863b6,language_reviewed,rights.yaintt.id-id.derivative,"[""ttp.r014.unit.book"",""ttp.r014.unit.chap.woad"",""ttp.r014.unit.sec.dada"",""ttp.r014.unit.sec.dada.exercises""]",ttp.r014.unit.book/ttp.r014.unit.chap.woad/ttp.r014.unit.sec.dada/ttp.r014.unit.sec.dada.exercises,generated_stable_id,,,"[""ttp.r014.qa.section-dada-topology"",""ttp.r014.qa.section-dada-math"",""ttp.r014.qa.section-dada-language""]"
r014.backend.record,1.0.0,ttp.r014.unit.sec.ea.exercise.04,unit,active,ttp.r014.yaintt,ttp.r014.yaintt,ttp.r014.edition.id-id.boundary6,id-ID,2026-08-21T13:53:00+02:00,codex.r014.id-ID,,exercise,ttp.r014.unit.sec.ea.exercises,4,0004,generated:exercise:sec:EA:04,Exercise 4,Latihan 4,"{""end_line"":1317,""path"":""authority/downloads/yaintt.tex"",""start_line"":1314}",bf9fed04f437feda645a3ccaf2481275a2b2f2182065ec570cc85f2d0a60615b,"{""end_line"":1455,""path"":""qa/frozen-boundaries/boundary6/yaintt-id.tex"",""start_line"":1451}",0fda64156e3377fd6491861800608a4fdb53dc21509793b5bcf0b6ce11cc6678,language_reviewed,rights.yaintt.id-id.derivative.boundary6,"[""ttp.r014.unit.book"",""ttp.r014.unit.chap.woad"",""ttp.r014.unit.sec.ea"",""ttp.r014.unit.sec.ea.exercises"",""ttp.r014.unit.sec.ea.exercise.04""]",ttp.r014.unit.book/ttp.r014.unit.chap.woad/ttp.r014.unit.sec.ea/ttp.r014.unit.sec.ea.exercises/ttp.r014.unit.sec.ea.exercise.04,generated_stable_id,"{""answers"":[],""hints"":[],""solutions"":[],""status"":""source_has_none""}",,"[""ttp.r014.qa.section-ea-topology"",""ttp.r014.qa.section-ea-math"",""ttp.r014.qa.section-ea-language""]"
r014.backend.record,1.0.0,ttp.r014.unit.sec.gcd.definition.relatively-prime,unit,active,ttp.r014.yaintt,ttp.r014.yaintt,ttp.r014.edition.id-id.boundary5,id-ID,2026-08-21T13:53:00+02:00,codex.r014.id-ID,,definition,ttp.r014.unit.sec.gcd,4,0004,generated:definition:gcd:02,Relatively prime integers,Bilangan bulat relatif prima,"{""end_line"":1018,""path"":""authority/downloads/yaintt.tex"",""start_line"":1015}",9896426f77b12c06525d52f10277d4129f505c671f70b2f9d0a59cccf8898536,"{""end_line"":1128,""path"":""qa/frozen-boundaries/boundary5/yaintt-id.tex"",""start_line"":1125}",f1e35118bd6e7d9ad33db827268ba73fbccba1b095f4c8a98af21dc4cc0d61cf,language_reviewed,rights.yaintt.id-id.derivative.boundary5,"[""ttp.r014.unit.book"",""ttp.r014.unit.chap.woad"",""ttp.r014.unit.sec.gcd"",""ttp.r014.unit.sec.gcd.definition.relatively-prime""]",ttp.r014.unit.book/ttp.r014.unit.chap.woad/ttp.r014.unit.sec.gcd/ttp.r014.unit.sec.gcd.definition.relatively-prime,generated_stable_id,,,"[""ttp.r014.qa.section-gcd-topology"",""ttp.r014.qa.section-gcd-math"",""ttp.r014.qa.section-gcd-language""]"
r014.backend.record,1.0.0,ttp.r014.unit.sec.gcd.exercise.04,unit,active,ttp.r014.yaintt,ttp.r014.yaintt,ttp.r014.edition.id-id.boundary5,id-ID,2026-08-21T13:53:00+02:00,codex.r014.id-ID,,exercise,ttp.r014.unit.sec.gcd.exercises,4,0004,generated:exercise:gcd:04,Exercise 4,Latihan 4,"{""end_line"":1194,""path"":""authority/downloads/yaintt.tex"",""start_line"":1191}",cf0a7be5d69031af05ad28b8176ea54ea5f660c98e2794358fa78676c5424f53,"{""end_line"":1314,""path"":""qa/frozen-boundaries/boundary5/yaintt-id.tex"",""start_line"":1310}",de1f0fa3aa4f6cf0b98c664d01d5fec772aeacdf3392be5911e5c951fe8cfc05,language_reviewed,rights.yaintt.id-id.derivative.boundary5,"[""ttp.r014.unit.book"",""ttp.r014.unit.chap.woad"",""ttp.r014.unit.sec.gcd"",""ttp.r014.unit.sec.gcd.exercises"",""ttp.r014.unit.sec.gcd.exercise.04""]",ttp.r014.unit.book/ttp.r014.unit.chap.woad/ttp.r014.unit.sec.gcd/ttp.r014.unit.sec.gcd.exercises/ttp.r014.unit.sec.gcd.exercise.04,generated_stable_id,"{""answers"":[],""hints"":[],""solutions"":[],""status"":""source_has_none""}",,"[""ttp.r014.qa.section-gcd-topology"",""ttp.r014.qa.section-gcd-math"",""ttp.r014.qa.section-gcd-language""]"
r014.backend.record,1.0.0,ttp.r014.unit.sec.itc.discussion.02,unit,active,ttp.r014.yaintt,ttp.r014.yaintt,ttp.r014.edition.id-id.boundary7,id-ID,2026-08-21T13:53:00+02:00,codex.r014.id-ID,,discussion,ttp.r014.unit.sec.itc,4,0004,generated:discussion:sec:ItC:02,Congruence and equality,Kongruensi dan kesamaan,"{""end_line"":1359,""path"":""authority/downloads/yaintt.tex"",""start_line"":1357}",abcb01a51f1df0ac1266d6a7b6cb97845d0a36d3f5f011581608515c3cd36e25,"{""end_line"":1514,""path"":""qa/frozen-boundaries/boundary7/yaintt-id.tex"",""start_line"":1512}",dfaede0ac1a69aa205f7537aa4bb160094855330f3caa69063a4b654a1e00a87,language_reviewed,rights.yaintt.id-id.derivative.boundary7,"[""ttp.r014.unit.book"",""ttp.r014.unit.chap.cs"",""ttp.r014.unit.sec.itc"",""ttp.r014.unit.sec.itc.discussion.02""]",ttp.r014.unit.book/ttp.r014.unit.chap.cs/ttp.r014.unit.sec.itc/ttp.r014.unit.sec.itc.discussion.02,generated_stable_id,,,"[""ttp.r014.qa.section-itc-topology"",""ttp.r014.qa.section-itc-math"",""ttp.r014.qa.section-itc-language""]"
r014.backend.record,1.0.0,ttp.r014.unit.sec.itc.exercise.04,unit,active,ttp.r014.yaintt,ttp.r014.yaintt,ttp.r014.edition.id-id.boundary7,id-ID,2026-08-21T13:53:00+02:00,codex.r014.id-ID,,exercise,ttp.r014.unit.sec.itc.exercises,4,0004,generated:exercise:sec:ItC:04,Exercise 4,Latihan 4,"{""end_line"":1615,""path"":""authority/downloads/yaintt.tex"",""start_line"":1611}",bbcf10bb846ad652d77b2f322caca9aedcb2d5978266df1fe2e2ca60d523e5f0,"{""end_line"":1787,""path"":""qa/frozen-boundaries/boundary7/yaintt-id.tex"",""start_line"":1782}",18b25cb0cae5be10cfed1692b4f46799455d6e64763f872193317385d9ee735b,language_reviewed,rights.yaintt.id-id.derivative.boundary7,"[""ttp.r014.unit.book"",""ttp.r014.unit.chap.cs"",""ttp.r014.unit.sec.itc"",""ttp.r014.unit.sec.itc.exercises"",""ttp.r014.unit.sec.itc.exercise.04""]",ttp.r014.unit.book/ttp.r014.unit.chap.cs/ttp.r014.unit.sec.itc/ttp.r014.unit.sec.itc.exercises/ttp.r014.unit.sec.itc.exercise.04,generated_stable_id,"{""answers"":[],""hints"":[],""solutions"":[],""status"":""source_has_none""}",,"[""ttp.r014.qa.section-itc-topology"",""ttp.r014.qa.section-itc-math"",""ttp.r014.qa.section-itc-language""]"
r014.backend.record,1.0.0,ttp.r014.unit.sec.lc.exercise.04,unit,active,ttp.r014.yaintt,ttp.r014.yaintt,ttp.r014.edition.id-id.boundary8,id-ID,2026-08-21T13:53:00+02:00,codex.r014.id-ID,,exercise,ttp.r014.unit.sec.lc.exercises,4,0004,generated:exercise:sec:LC:04,Exercise 4,Latihan 4,"{""end_line"":1769,""path"":""authority/downloads/yaintt.tex"",""start_line"":1765}",9a06c8545992998f3045ec5967d35f71bd7b17224a5f3a7bc0f8ae2dd3f877f8,"{""end_line"":1979,""path"":""qa/frozen-boundaries/boundary8/yaintt-id.tex"",""start_line"":1975}",d71b49ec26595754c5eea5180489e05ff3a00506e9642d95ddcbf84b22940242,language_reviewed,rights.yaintt.id-id.derivative.boundary8,"[""ttp.r014.unit.book"",""ttp.r014.unit.chap.cs"",""ttp.r014.unit.sec.lc"",""ttp.r014.unit.sec.lc.exercises"",""ttp.r014.unit.sec.lc.exercise.04""]",ttp.r014.unit.book/ttp.r014.unit.chap.cs/ttp.r014.unit.sec.lc/ttp.r014.unit.sec.lc.exercises/ttp.r014.unit.sec.lc.exercise.04,generated_stable_id,"{""answers"":[],""hints"":[],""solutions"":[],""status"":""source_has_none""}",,"[""ttp.r014.qa.section-lc-topology"",""ttp.r014.qa.section-lc-math"",""ttp.r014.qa.section-lc-language""]"
r014.backend.record,1.0.0,ttp.r014.unit.sec.roiidb,unit,active,ttp.r014.yaintt,ttp.r014.yaintt,ttp.r014.edition.id-id.boundary4,id-ID,2026-08-21T13:53:00+02:00,codex.r014.id-ID,,section,ttp.r014.unit.chap.woad,4,0004,sec:RoIiDB,Representations of Integers in Different Bases,Representasi Bilangan Bulat dalam Berbagai Basis,"{""end_line"":989,""path"":""authority/downloads/yaintt.tex"",""start_line"":829}",d488ae0ca2e4b9b183ddd9f3bee06b2c4902e885d29e448ad3dfbc8fda70cd3b,"{""end_line"":1084,""path"":""qa/frozen-boundaries/boundary4/yaintt-id.tex"",""start_line"":926}",db81676cc5ce84598235772ede12a7947141b7431b8ba170d332a90461e17f83,language_reviewed,rights.yaintt.id-id.derivative.boundary4,"[""ttp.r014.unit.book"",""ttp.r014.unit.chap.woad"",""ttp.r014.unit.sec.roiidb""]",ttp.r014.unit.book/ttp.r014.unit.chap.woad/ttp.r014.unit.sec.roiidb,source_label,,,"[""ttp.r014.qa.section-roiidb-topology"",""ttp.r014.qa.section-roiidb-math"",""ttp.r014.qa.section-roiidb-language""]"
r014.backend.record,1.0.0,ttp.r014.unit.sec.roiidb.exercise.04,unit,active,ttp.r014.yaintt,ttp.r014.yaintt,ttp.r014.edition.id-id.boundary4,id-ID,2026-08-21T13:53:00+02:00,codex.r014.id-ID,,exercise,ttp.r014.unit.sec.roiidb.exercises,4,0004,generated:exercise:sec:RoIiDB:04,Exercise 4,Latihan 4,"{""end_line"":983,""path"":""authority/downloads/yaintt.tex"",""start_line"":981}",b4c5a3b611f2d50a7d7b5a57762ddac0865e865c6e7144b44b4179ee75f7fbc3,"{""end_line"":1078,""path"":""qa/frozen-boundaries/boundary4/yaintt-id.tex"",""start_line"":1076}",69e8da1ef4a11744b3b2a2f493ffbdfd38df8f690b37d77cdd9d5a2f7d9e3166,language_reviewed,rights.yaintt.id-id.derivative.boundary4,"[""ttp.r014.unit.book"",""ttp.r014.unit.chap.woad"",""ttp.r014.unit.sec.roiidb"",""ttp.r014.unit.sec.roiidb.exercises"",""ttp.r014.unit.sec.roiidb.exercise.04""]",ttp.r014.unit.book/ttp.r014.unit.chap.woad/ttp.r014.unit.sec.roiidb/ttp.r014.unit.sec.roiidb.exercises/ttp.r014.unit.sec.roiidb.exercise.04,generated_stable_id,"{""answers"":[],""hints"":[],""solutions"":[],""status"":""source_has_none""}",,"[""ttp.r014.qa.section-roiidb-topology"",""ttp.r014.qa.section-roiidb-math"",""ttp.r014.qa.section-roiidb-language""]"
r014.backend.record,1.0.0,ttp.r014.unit.sec.wopami.exercise.04,unit,active,ttp.r014.yaintt,ttp.r014.yaintt,ttp.r014.edition.id-id.boundary3,id-ID,2026-08-21T13:53:00+02:00,codex.r014.id-ID,,exercise,ttp.r014.unit.sec.wopami.exercises,4,0004,generated:exercise:sec:WOPaMI:04,Exercise 4,Latihan 4,"{""end_line"":574,""path"":""authority/downloads/yaintt.tex"",""start_line"":571}",bcaf509ad2a8b3c7cbb757aa1e968a4d3c03525369e11effd79cb19ec9a9e9bf,"{""end_line"":625,""path"":""qa/frozen-boundaries/boundary3/yaintt-id.tex"",""start_line"":622}",1ccb4ef35c892b53ed65edb6ddadeeac46e3f99ce58b7c7c15c4176e37709c5b,language_reviewed,rights.yaintt.id-id.derivative,"[""ttp.r014.unit.book"",""ttp.r014.unit.chap.woad"",""ttp.r014.unit.sec.wopami"",""ttp.r014.unit.sec.wopami.exercises"",""ttp.r014.unit.sec.wopami.exercise.04""]",ttp.r014.unit.book/ttp.r014.unit.chap.woad/ttp.r014.unit.sec.wopami/ttp.r014.unit.sec.wopami.exercises/ttp.r014.unit.sec.wopami.exercise.04,generated_stable_id,"{""answers"":[],""hints"":[],""solutions"":[],""status"":""source_has_none""}",,"[""ttp.r014.qa.boundary1-topology"",""ttp.r014.qa.boundary1-math"",""ttp.r014.qa.boundary1-language""]"
r014.backend.record,1.0.0,ttp.r014.unit.sec.wopami.subsection.03,unit,active,ttp.r014.yaintt,ttp.r014.yaintt,ttp.r014.edition.id-id.boundary3,id-ID,2026-08-21T13:53:00+02:00,codex.r014.id-ID,,subsection,ttp.r014.unit.sec.wopami,4,0004,generated:subsection:03,The Principle of Mathematical Induction,Prinsip Induksi Matematika,"{""end_line"":551,""path"":""authority/downloads/yaintt.tex"",""start_line"":432}",ecc55f3c3015462bc8aada9d25fe9cb02c2d321b3e67abf6844c055dab9e227e,"{""end_line"":601,""path"":""qa/frozen-boundaries/boundary3/yaintt-id.tex"",""start_line"":475}",de5c468a5639a1b6d33d21a1ad8308ae34b33ee76d6164e52bd0a1c25f4db761,language_reviewed,rights.yaintt.id-id.derivative,"[""ttp.r014.unit.book"",""ttp.r014.unit.chap.woad"",""ttp.r014.unit.sec.wopami"",""ttp.r014.unit.sec.wopami.subsection.03""]",ttp.r014.unit.book/ttp.r014.unit.chap.woad/ttp.r014.unit.sec.wopami/ttp.r014.unit.sec.wopami.subsection.03,generated_stable_id,,,"[""ttp.r014.qa.boundary1-topology"",""ttp.r014.qa.boundary1-math"",""ttp.r014.qa.boundary1-language""]"
r014.backend.record,1.0.0,ttp.r014.unit.thm.euclideanalg,unit,active,ttp.r014.yaintt,ttp.r014.yaintt,ttp.r014.edition.id-id.boundary6,id-ID,2026-08-21T13:53:00+02:00,codex.r014.id-ID,,theorem,ttp.r014.unit.sec.ea,4,0004,thm:euclideanalg,Euclidean and extended Euclidean algorithms,Algoritma Euklides dan Algoritma Euklides diperluas,"{""end_line"":1247,""path"":""authority/downloads/yaintt.tex"",""start_line"":1238}",cd062ed3053814655a04c4fceb2056dae64340cacdf7dc1e6d9fafa5078bebb2,"{""end_line"":1388,""path"":""qa/frozen-boundaries/boundary6/yaintt-id.tex"",""start_line"":1377}",7a4a7fc5963d108620af77505eb150487414b179a0b43b05cc7d6c7cbe82c8c8,language_reviewed,rights.yaintt.id-id.derivative.boundary6,"[""ttp.r014.unit.book"",""ttp.r014.unit.chap.woad"",""ttp.r014.unit.sec.ea"",""ttp.r014.unit.thm.euclideanalg""]",ttp.r014.unit.book/ttp.r014.unit.chap.woad/ttp.r014.unit.sec.ea/ttp.r014.unit.thm.euclideanalg,source_label,,,"[""ttp.r014.qa.section-ea-topology"",""ttp.r014.qa.section-ea-math"",""ttp.r014.qa.section-ea-language""]"
r014.backend.record,1.0.0,ttp.r014.unit.thm.euler-phi-counts-units,unit,active,ttp.r014.yaintt,ttp.r014.yaintt,ttp.r014.edition.id-id.boundary11,id-ID,2026-08-21T13:53:00+02:00,codex.r014.id-ID,,theorem,ttp.r014.unit.sec.ephif,4,0004,generated:theorem:sec:EphiF:01,Euler phi counts the units modulo n,Phi Euler menghitung unit modulo n,"{""end_line"":2114,""path"":""authority/downloads/yaintt.tex"",""start_line"":2110}",4a281bd92ce2bca1150a5a0ac66f4c5545a532550b8efa3d3c5195bdb05e81ca,"{""end_line"":2372,""path"":""qa/frozen-boundaries/boundary11/yaintt-id.tex"",""start_line"":2368}",783cf5bef8e6ab2ea37841c7874b7416e399c104158d6c7f82cb29aec3066a38,language_reviewed,rights.yaintt.id-id.derivative.boundary11,"[""ttp.r014.unit.book"",""ttp.r014.unit.chap.cs"",""ttp.r014.unit.sec.ephif"",""ttp.r014.unit.thm.euler-phi-counts-units""]",ttp.r014.unit.book/ttp.r014.unit.chap.cs/ttp.r014.unit.sec.ephif/ttp.r014.unit.thm.euler-phi-counts-units,generated_stable_id,,,"[""ttp.r014.qa.section-ephif-topology"",""ttp.r014.qa.section-ephif-math"",""ttp.r014.qa.section-ephif-language""]"
r014.backend.record,1.0.0,ttp.r014.unit.thm.linearcongruencesameclass,unit,active,ttp.r014.yaintt,ttp.r014.yaintt,ttp.r014.edition.id-id.boundary8,id-ID,2026-08-21T13:53:00+02:00,codex.r014.id-ID,,theorem,ttp.r014.unit.sec.lc,4,0004,generated:theorem:sec:LC:01,Solutions are stable within a congruence class,Solusi tetap berlaku dalam satu kelas kongruensi,"{""end_line"":1645,""path"":""authority/downloads/yaintt.tex"",""start_line"":1641}",293fbe5f43308fdcec3098b05278795ddf1df27e13f4ec312d2005e0f66ce35c,"{""end_line"":1836,""path"":""qa/frozen-boundaries/boundary8/yaintt-id.tex"",""start_line"":1831}",c895657e9248c33bc00734e52647685e40264f7378bc29ea6720fa8682deaf05,language_reviewed,rights.yaintt.id-id.derivative.boundary8,"[""ttp.r014.unit.book"",""ttp.r014.unit.chap.cs"",""ttp.r014.unit.sec.lc"",""ttp.r014.unit.thm.linearcongruencesameclass""]",ttp.r014.unit.book/ttp.r014.unit.chap.cs/ttp.r014.unit.sec.lc/ttp.r014.unit.thm.linearcongruencesameclass,generated_stable_id,,,"[""ttp.r014.qa.section-lc-topology"",""ttp.r014.qa.section-lc-math"",""ttp.r014.qa.section-lc-language""]"
r014.backend.record,1.0.0,ttp.r014.unit.backmatter,unit,active,ttp.r014.yaintt,ttp.r014.yaintt,ttp.r014.edition.id-id.boundary3,id-ID,2026-08-21T13:53:00+02:00,codex.r014.id-ID,,backmatter,ttp.r014.unit.book,5,0005,backmatter,Back matter,Bagian akhir,"{""end_line"":6009,""path"":""authority/downloads/yaintt.tex"",""start_line"":5994}",381f71427a13c8c588ac080809d8ec884a923ddb30b7a4fcade810210105e07a,"{""end_line"":917,""path"":""qa/frozen-boundaries/boundary3/yaintt-id.tex"",""start_line"":913}",e1d78f7424885862e4ef4e0aa5d46ec8a9a58a0287e9dbe544d30a084fcedf86,structurally_verified,rights.yaintt.id-id.derivative,"[""ttp.r014.unit.book"",""ttp.r014.unit.backmatter""]",ttp.r014.unit.book/ttp.r014.unit.backmatter,generated_stable_id,,,"[""ttp.r014.qa.boundary3-build"",""ttp.r014.qa.boundary3-visual""]"
r014.backend.record,1.0.0,ttp.r014.unit.eg.changebase,unit,active,ttp.r014.yaintt,ttp.r014.yaintt,ttp.r014.edition.id-id.boundary4,id-ID,2026-08-21T13:53:00+02:00,codex.r014.id-ID,,example,ttp.r014.unit.sec.roiidb,5,0005,eg:changebase,Convert base 7 to decimal,Mengubah basis 7 ke desimal,"{""end_line"":962,""path"":""authority/downloads/yaintt.tex"",""start_line"":958}",3915608976dd0018c4696f16a69686c4681d6daaa6a59625f44968ed47cb62ec,"{""end_line"":1057,""path"":""qa/frozen-boundaries/boundary4/yaintt-id.tex"",""start_line"":1054}",9ee4c3b5d3433652c273c21ea3f8c034e5ce1fd3e6d807a52ddbb10a3f6848ff,language_reviewed,rights.yaintt.id-id.derivative.boundary4,"[""ttp.r014.unit.book"",""ttp.r014.unit.chap.woad"",""ttp.r014.unit.sec.roiidb"",""ttp.r014.unit.eg.changebase""]",ttp.r014.unit.book/ttp.r014.unit.chap.woad/ttp.r014.unit.sec.roiidb/ttp.r014.unit.eg.changebase,source_label,,,"[""ttp.r014.qa.section-roiidb-topology"",""ttp.r014.qa.section-roiidb-math"",""ttp.r014.qa.section-roiidb-language""]"
r014.backend.record,1.0.0,ttp.r014.unit.eg.gcdb,unit,active,ttp.r014.yaintt,ttp.r014.yaintt,ttp.r014.edition.id-id.boundary5,id-ID,2026-08-21T13:53:00+02:00,codex.r014.id-ID,,example,ttp.r014.unit.sec.gcd,5,0005,eg:gcdb,9 and 16 are relatively prime,9 dan 16 relatif prima,"{""end_line"":1023,""path"":""authority/downloads/yaintt.tex"",""start_line"":1020}",e3463f0985193a2f2b147079cf525e300b2968e6fb2c3ab796958b923bd8af76,"{""end_line"":1133,""path"":""qa/frozen-boundaries/boundary5/yaintt-id.tex"",""start_line"":1130}",08c57e9fa5ccd56742b32ab3c2cceb62f3f4e45757999443c63a0ef934e140dd,language_reviewed,rights.yaintt.id-id.derivative.boundary5,"[""ttp.r014.unit.book"",""ttp.r014.unit.chap.woad"",""ttp.r014.unit.sec.gcd"",""ttp.r014.unit.eg.gcdb""]",ttp.r014.unit.book/ttp.r014.unit.chap.woad/ttp.r014.unit.sec.gcd/ttp.r014.unit.eg.gcdb,source_label,,,"[""ttp.r014.qa.section-gcd-topology"",""ttp.r014.qa.section-gcd-math"",""ttp.r014.qa.section-gcd-language""]"
r014.backend.record,1.0.0,ttp.r014.unit.sec.awtwwc,unit,active,ttp.r014.yaintt,ttp.r014.yaintt,ttp.r014.edition.id-id.boundary10,id-ID,2026-08-21T13:53:00+02:00,codex.r014.id-ID,,section,ttp.r014.unit.chap.cs,5,0005,sec:AWtWwC,Another Way to Work with Congruences: Equivalence Classes,Cara Lain Menangani Kongruensi: Kelas Ekuivalensi,"{""end_line"":2085,""path"":""authority/downloads/yaintt.tex"",""start_line"":1877}",4a4b07b6bc58a7c3dcb5077030dc2dcac5c7fb21f645bb7591d6d3e076bcd300,"{""end_line"":2332,""path"":""qa/frozen-boundaries/boundary10/yaintt-id.tex"",""start_line"":2114}",9f3ad44455ba0d317de25e07e20bd2cee99c1dbbf63855b68259461dca51ac1d,language_reviewed,rights.yaintt.id-id.derivative.boundary10,"[""ttp.r014.unit.book"",""ttp.r014.unit.chap.cs"",""ttp.r014.unit.sec.awtwwc""]",ttp.r014.unit.book/ttp.r014.unit.chap.cs/ttp.r014.unit.sec.awtwwc,source_label,,,"[""ttp.r014.qa.section-awtwwc-topology"",""ttp.r014.qa.section-awtwwc-math"",""ttp.r014.qa.section-awtwwc-language""]"
r014.backend.record,1.0.0,ttp.r014.unit.sec.awtwwc.discussion.02,unit,active,ttp.r014.yaintt,ttp.r014.yaintt,ttp.r014.edition.id-id.boundary10,id-ID,2026-08-21T13:53:00+02:00,codex.r014.id-ID,,discussion,ttp.r014.unit.sec.awtwwc,5,0005,generated:discussion:sec:AWtWwC:02,Congruence as an equivalence relation,Kongruensi sebagai relasi ekuivalensi,"{""end_line"":1939,""path"":""authority/downloads/yaintt.tex"",""start_line"":1936}",32eb03cdb76ab39f2689e01720833b8d2ba4175b13a48052d026bddb7300c94f,"{""end_line"":2179,""path"":""qa/frozen-boundaries/boundary10/yaintt-id.tex"",""start_line"":2177}",cdfdeaa4676328afbc0d37a983d35ca86c1f647327e76ab9b5569bdec94fa92d,language_reviewed,rights.yaintt.id-id.derivative.boundary10,"[""ttp.r014.unit.book"",""ttp.r014.unit.chap.cs"",""ttp.r014.unit.sec.awtwwc"",""ttp.r014.unit.sec.awtwwc.discussion.02""]",ttp.r014.unit.book/ttp.r014.unit.chap.cs/ttp.r014.unit.sec.awtwwc/ttp.r014.unit.sec.awtwwc.discussion.02,generated_stable_id,,,"[""ttp.r014.qa.section-awtwwc-topology"",""ttp.r014.qa.section-awtwwc-math"",""ttp.r014.qa.section-awtwwc-language""]"
r014.backend.record,1.0.0,ttp.r014.unit.sec.dada.exercise.05,unit,active,ttp.r014.yaintt,ttp.r014.yaintt,ttp.r014.edition.id-id.boundary3,id-ID,2026-08-21T13:53:00+02:00,codex.r014.id-ID,,exercise,ttp.r014.unit.sec.dada.exercises,5,0005,exer:sizeofdivisors,Exercise 5,Latihan 5,"{""end_line"":801,""path"":""authority/downloads/yaintt.tex"",""start_line"":799}",dd53dfb0a15ed7993c1322453bf4908a7e95102409253bb8654a329587ac87d0,"{""end_line"":880,""path"":""qa/frozen-boundaries/boundary3/yaintt-id.tex"",""start_line"":877}",5d1334ad2117586aaa62708221433d8c2120ba87520d4d5e4a612c59a1786e17,language_reviewed,rights.yaintt.id-id.derivative,"[""ttp.r014.unit.book"",""ttp.r014.unit.chap.woad"",""ttp.r014.unit.sec.dada"",""ttp.r014.unit.sec.dada.exercises"",""ttp.r014.unit.sec.dada.exercise.05""]",ttp.r014.unit.book/ttp.r014.unit.chap.woad/ttp.r014.unit.sec.dada/ttp.r014.unit.sec.dada.exercises/ttp.r014.unit.sec.dada.exercise.05,source_label,"{""answers"":[],""hints"":[],""solutions"":[],""status"":""source_has_none""}",,"[""ttp.r014.qa.section-dada-topology"",""ttp.r014.qa.section-dada-math"",""ttp.r014.qa.section-dada-language""]"
r014.backend.record,1.0.0,ttp.r014.unit.sec.dada.proposition.zero,unit,active,ttp.r014.yaintt,ttp.r014.yaintt,ttp.r014.edition.id-id.boundary3,id-ID,2026-08-21T13:53:00+02:00,codex.r014.id-ID,,proposition,ttp.r014.unit.sec.dada.subsection.divisibility,5,0005,generated:proposition:sec:DaDA:01,Every nonzero integer divides zero,Setiap bilangan bulat tak nol membagi nol,"{""end_line"":682,""path"":""authority/downloads/yaintt.tex"",""start_line"":681}",68a91254981e9b6dc25e3bf3254dab4569b3eeb93a886131d237a71d5570aab4,"{""end_line"":760,""path"":""qa/frozen-boundaries/boundary3/yaintt-id.tex"",""start_line"":759}",3108aaaab7080b1c5c3bb9ea3e9ca2f3fe9e932dd48bc0522e5c2c6c41adf15e,language_reviewed,rights.yaintt.id-id.derivative,"[""ttp.r014.unit.book"",""ttp.r014.unit.chap.woad"",""ttp.r014.unit.sec.dada"",""ttp.r014.unit.sec.dada.subsection.divisibility"",""ttp.r014.unit.sec.dada.proposition.zero""]",ttp.r014.unit.book/ttp.r014.unit.chap.woad/ttp.r014.unit.sec.dada/ttp.r014.unit.sec.dada.subsection.divisibility/ttp.r014.unit.sec.dada.proposition.zero,generated_stable_id,,,"[""ttp.r014.qa.section-dada-topology"",""ttp.r014.qa.section-dada-math"",""ttp.r014.qa.section-dada-language""]"
r014.backend.record,1.0.0,ttp.r014.unit.sec.ea.exercise.05,unit,active,ttp.r014.yaintt,ttp.r014.yaintt,ttp.r014.edition.id-id.boundary6,id-ID,2026-08-21T13:53:00+02:00,codex.r014.id-ID,,exercise,ttp.r014.unit.sec.ea.exercises,5,0005,generated:exercise:sec:EA:05,Exercise 5,Latihan 5,"{""end_line"":1321,""path"":""authority/downloads/yaintt.tex"",""start_line"":1318}",97c1dcfd6ee44d720e2d3e64b6b0543f855f086a2282d7fd23434425f7880713,"{""end_line"":1459,""path"":""qa/frozen-boundaries/boundary6/yaintt-id.tex"",""start_line"":1456}",e0c4ecc076754146f341ec9507a3cd9f349799bc8711d4e5cd1b6daa9faf4c8b,language_reviewed,rights.yaintt.id-id.derivative.boundary6,"[""ttp.r014.unit.book"",""ttp.r014.unit.chap.woad"",""ttp.r014.unit.sec.ea"",""ttp.r014.unit.sec.ea.exercises"",""ttp.r014.unit.sec.ea.exercise.05""]",ttp.r014.unit.book/ttp.r014.unit.chap.woad/ttp.r014.unit.sec.ea/ttp.r014.unit.sec.ea.exercises/ttp.r014.unit.sec.ea.exercise.05,generated_stable_id,"{""answers"":[],""hints"":[],""solutions"":[],""status"":""source_has_none""}",,"[""ttp.r014.qa.section-ea-topology"",""ttp.r014.qa.section-ea-math"",""ttp.r014.qa.section-ea-language""]"
r014.backend.record,1.0.0,ttp.r014.unit.sec.ea.note.extended-algorithm,unit,active,ttp.r014.yaintt,ttp.r014.yaintt,ttp.r014.edition.id-id.boundary6,id-ID,2026-08-21T13:53:00+02:00,codex.r014.id-ID,,note,ttp.r014.unit.sec.ea,5,0005,generated:note:sec:EA:01,Extended-algorithm terminology,Terminologi algoritma diperluas,"{""end_line"":1269,""path"":""authority/downloads/yaintt.tex"",""start_line"":1267}",61f938e69431d2dddfc985349001dc4a98f7b20b70b65c176a778fbf914675ba,"{""end_line"":1404,""path"":""qa/frozen-boundaries/boundary6/yaintt-id.tex"",""start_line"":1402}",826f38ce39e6fb447daaab18eba28216ae423ab69e3badaba08817deac216d81,language_reviewed,rights.yaintt.id-id.derivative.boundary6,"[""ttp.r014.unit.book"",""ttp.r014.unit.chap.woad"",""ttp.r014.unit.sec.ea"",""ttp.r014.unit.sec.ea.note.extended-algorithm""]",ttp.r014.unit.book/ttp.r014.unit.chap.woad/ttp.r014.unit.sec.ea/ttp.r014.unit.sec.ea.note.extended-algorithm,generated_stable_id,,,"[""ttp.r014.qa.section-ea-topology"",""ttp.r014.qa.section-ea-math"",""ttp.r014.qa.section-ea-language""]"
r014.backend.record,1.0.0,ttp.r014.unit.sec.ephif.discussion.03,unit,active,ttp.r014.yaintt,ttp.r014.yaintt,ttp.r014.edition.id-id.boundary11,id-ID,2026-08-21T13:53:00+02:00,codex.r014.id-ID,,discussion,ttp.r014.unit.sec.ephif,5,0005,generated:discussion:sec:EphiF:03,Multiplicativity of Euler's phi function,Kemultiplikatifan fungsi phi Euler,"{""end_line"":2122,""path"":""authority/downloads/yaintt.tex"",""start_line"":2119}",306f6d3ad927d086c681cc62b4d47961614d5d651174c4aa68da9c7d0f10ecb8,"{""end_line"":2382,""path"":""qa/frozen-boundaries/boundary11/yaintt-id.tex"",""start_line"":2378}",fc09cc2e2850e8208e485cf240b83ac1a62ce3ec117e561a9940e3042737a19c,language_reviewed,rights.yaintt.id-id.derivative.boundary11,"[""ttp.r014.unit.book"",""ttp.r014.unit.chap.cs"",""ttp.r014.unit.sec.ephif"",""ttp.r014.unit.sec.ephif.discussion.03""]",ttp.r014.unit.book/ttp.r014.unit.chap.cs/ttp.r014.unit.sec.ephif/ttp.r014.unit.sec.ephif.discussion.03,generated_stable_id,,,"[""ttp.r014.qa.section-ephif-topology"",""ttp.r014.qa.section-ephif-math"",""ttp.r014.qa.section-ephif-language""]"
r014.backend.record,1.0.0,ttp.r014.unit.sec.gcd,unit,active,ttp.r014.yaintt,ttp.r014.yaintt,ttp.r014.edition.id-id.boundary5,id-ID,2026-08-21T13:53:00+02:00,codex.r014.id-ID,,section,ttp.r014.unit.chap.woad,5,0005,gcd,The Greatest Common Divisor,Faktor Persekutuan Terbesar,"{""end_line"":1218,""path"":""authority/downloads/yaintt.tex"",""start_line"":990}",552e40ccbb96dac68c7f7968d69535db76ca71916aa40b07a41c753b8ebc8fc2,"{""end_line"":1342,""path"":""qa/frozen-boundaries/boundary5/yaintt-id.tex"",""start_line"":1099}",4cf74aa139ca2dbf5652328b72c83c42a3bb840d9538d82dafb5908762c1088e,language_reviewed,rights.yaintt.id-id.derivative.boundary5,"[""ttp.r014.unit.book"",""ttp.r014.unit.chap.woad"",""ttp.r014.unit.sec.gcd""]",ttp.r014.unit.book/ttp.r014.unit.chap.woad/ttp.r014.unit.sec.gcd,generated_stable_id,,,"[""ttp.r014.qa.section-gcd-topology"",""ttp.r014.qa.section-gcd-math"",""ttp.r014.qa.section-gcd-language""]"
r014.backend.record,1.0.0,ttp.r014.unit.sec.gcd.exercise.05,unit,active,ttp.r014.yaintt,ttp.r014.yaintt,ttp.r014.edition.id-id.boundary5,id-ID,2026-08-21T13:53:00+02:00,codex.r014.id-ID,,exercise,ttp.r014.unit.sec.gcd.exercises,5,0005,generated:exercise:gcd:05,Exercise 5,Latihan 5,"{""end_line"":1198,""path"":""authority/downloads/yaintt.tex"",""start_line"":1195}",5db12f4ee49188661b477319033b11b463edb135a8975b9f49be237b74425576,"{""end_line"":1319,""path"":""qa/frozen-boundaries/boundary5/yaintt-id.tex"",""start_line"":1315}",07a2e57486fb60e0676d39b36f440057e3db10d109e2978c351812bde7e2dc6f,language_reviewed,rights.yaintt.id-id.derivative.boundary5,"[""ttp.r014.unit.book"",""ttp.r014.unit.chap.woad"",""ttp.r014.unit.sec.gcd"",""ttp.r014.unit.sec.gcd.exercises"",""ttp.r014.unit.sec.gcd.exercise.05""]",ttp.r014.unit.book/ttp.r014.unit.chap.woad/ttp.r014.unit.sec.gcd/ttp.r014.unit.sec.gcd.exercises/ttp.r014.unit.sec.gcd.exercise.05,generated_stable_id,"{""answers"":[],""hints"":[],""solutions"":[],""status"":""source_has_none""}",,"[""ttp.r014.qa.section-gcd-topology"",""ttp.r014.qa.section-gcd-math"",""ttp.r014.qa.section-gcd-language""]"
r014.backend.record,1.0.0,ttp.r014.unit.sec.itc.exercise.05,unit,active,ttp.r014.yaintt,ttp.r014.yaintt,ttp.r014.edition.id-id.boundary7,id-ID,2026-08-21T13:53:00+02:00,codex.r014.id-ID,,exercise,ttp.r014.unit.sec.itc.exercises,5,0005,generated:exercise:sec:ItC:05,Exercise 5,Latihan 5,"{""end_line"":1618,""path"":""authority/downloads/yaintt.tex"",""start_line"":1616}",785bd24892a18a91d257414eb40e3291a84de5b8030590bac100c67949774deb,"{""end_line"":1791,""path"":""qa/frozen-boundaries/boundary7/yaintt-id.tex"",""start_line"":1788}",00e75f6ff31bfd3577436f5eadd9c38079a6ce06f2311b7d75d699b6410f521b,language_reviewed,rights.yaintt.id-id.derivative.boundary7,"[""ttp.r014.unit.book"",""ttp.r014.unit.chap.cs"",""ttp.r014.unit.sec.itc"",""ttp.r014.unit.sec.itc.exercises"",""ttp.r014.unit.sec.itc.exercise.05""]",ttp.r014.unit.book/ttp.r014.unit.chap.cs/ttp.r014.unit.sec.itc/ttp.r014.unit.sec.itc.exercises/ttp.r014.unit.sec.itc.exercise.05,generated_stable_id,"{""answers"":[],""hints"":[],""solutions"":[],""status"":""source_has_none""}",,"[""ttp.r014.qa.section-itc-topology"",""ttp.r014.qa.section-itc-math"",""ttp.r014.qa.section-itc-language""]"
r014.backend.record,1.0.0,ttp.r014.unit.sec.lc.discussion.03,unit,active,ttp.r014.yaintt,ttp.r014.yaintt,ttp.r014.edition.id-id.boundary8,id-ID,2026-08-21T13:53:00+02:00,codex.r014.id-ID,,discussion,ttp.r014.unit.sec.lc,5,0005,generated:discussion:sec:LC:03,Historical Diophantine framing,Kerangka Diofantin historis,"{""end_line"":1649,""path"":""authority/downloads/yaintt.tex"",""start_line"":1647}",95f78249409bd6849f0aee10343e129a20ef73eb4a802defeaefd07f1041d9cd,"{""end_line"":1841,""path"":""qa/frozen-boundaries/boundary8/yaintt-id.tex"",""start_line"":1838}",9812f09c38ecb2df66c7a6a341e2866674676c6bb9b7a2b7439f154546adf00a,language_reviewed,rights.yaintt.id-id.derivative.boundary8,"[""ttp.r014.unit.book"",""ttp.r014.unit.chap.cs"",""ttp.r014.unit.sec.lc"",""ttp.r014.unit.sec.lc.discussion.03""]",ttp.r014.unit.book/ttp.r014.unit.chap.cs/ttp.r014.unit.sec.lc/ttp.r014.unit.sec.lc.discussion.03,generated_stable_id,,,"[""ttp.r014.qa.section-lc-topology"",""ttp.r014.qa.section-lc-math"",""ttp.r014.qa.section-lc-language""]"
r014.backend.record,1.0.0,ttp.r014.unit.sec.roiidb.exercise.05,unit,active,ttp.r014.yaintt,ttp.r014.yaintt,ttp.r014.edition.id-id.boundary4,id-ID,2026-08-21T13:53:00+02:00,codex.r014.id-ID,,exercise,ttp.r014.unit.sec.roiidb.exercises,5,0005,generated:exercise:sec:RoIiDB:05,Exercise 5,Latihan 5,"{""end_line"":986,""path"":""authority/downloads/yaintt.tex"",""start_line"":984}",879d8a0a35d937f7df3be00c302a8f71b2b668be1426141e7158fbbc54d833cc,"{""end_line"":1081,""path"":""qa/frozen-boundaries/boundary4/yaintt-id.tex"",""start_line"":1079}",f2b6689bdf526bce0b9b449b791140c797660c1899b1711151d3800a5ec75621,language_reviewed,rights.yaintt.id-id.derivative.boundary4,"[""ttp.r014.unit.book"",""ttp.r014.unit.chap.woad"",""ttp.r014.unit.sec.roiidb"",""ttp.r014.unit.sec.roiidb.exercises"",""ttp.r014.unit.sec.roiidb.exercise.05""]",ttp.r014.unit.book/ttp.r014.unit.chap.woad/ttp.r014.unit.sec.roiidb/ttp.r014.unit.sec.roiidb.exercises/ttp.r014.unit.sec.roiidb.exercise.05,generated_stable_id,"{""answers"":[],""hints"":[],""solutions"":[],""status"":""source_has_none""}",,"[""ttp.r014.qa.section-roiidb-topology"",""ttp.r014.qa.section-roiidb-math"",""ttp.r014.qa.section-roiidb-language""]"
r014.backend.record,1.0.0,ttp.r014.unit.sec.wopami.exercise.05,unit,active,ttp.r014.yaintt,ttp.r014.yaintt,ttp.r014.edition.id-id.boundary3,id-ID,2026-08-21T13:53:00+02:00,codex.r014.id-ID,,exercise,ttp.r014.unit.sec.wopami.exercises,5,0005,generated:exercise:sec:WOPaMI:05,Exercise 5,Latihan 5,"{""end_line"":577,""path"":""authority/downloads/yaintt.tex"",""start_line"":575}",5837155ea09a9a0f4ff740ea27213961bfd4ed8406e767036df06e12d709b56b,"{""end_line"":629,""path"":""qa/frozen-boundaries/boundary3/yaintt-id.tex"",""start_line"":626}",7781cd69f3d470497793dc218709231a77c02c7af46add508bdbcedfc6715c22,language_reviewed,rights.yaintt.id-id.derivative,"[""ttp.r014.unit.book"",""ttp.r014.unit.chap.woad"",""ttp.r014.unit.sec.wopami"",""ttp.r014.unit.sec.wopami.exercises"",""ttp.r014.unit.sec.wopami.exercise.05""]",ttp.r014.unit.book/ttp.r014.unit.chap.woad/ttp.r014.unit.sec.wopami/ttp.r014.unit.sec.wopami.exercises/ttp.r014.unit.sec.wopami.exercise.05,generated_stable_id,"{""answers"":[],""hints"":[],""solutions"":[],""status"":""source_has_none""}",,"[""ttp.r014.qa.boundary1-topology"",""ttp.r014.qa.boundary1-math"",""ttp.r014.qa.boundary1-language""]"
r014.backend.record,1.0.0,ttp.r014.unit.sec.wopami.exercises,unit,active,ttp.r014.yaintt,ttp.r014.yaintt,ttp.r014.edition.id-id.boundary3,id-ID,2026-08-21T13:53:00+02:00,codex.r014.id-ID,,exercise_group,ttp.r014.unit.sec.wopami,5,0005,generated:exercise-group:sec:WOPaMI,Exercises for Section 1.1,Latihan untuk §1.1,"{""end_line"":586,""path"":""authority/downloads/yaintt.tex"",""start_line"":553}",32fe065974c007f6c1de2dadc973483cd95f7c9574894a854a91580a619ba49b,"{""end_line"":638,""path"":""qa/frozen-boundaries/boundary3/yaintt-id.tex"",""start_line"":603}",19d375297fcf24f7b70ca47705b9e4ef0b4395d19c09a3f90aadce01cc572a3b,language_reviewed,rights.yaintt.id-id.derivative,"[""ttp.r014.unit.book"",""ttp.r014.unit.chap.woad"",""ttp.r014.unit.sec.wopami"",""ttp.r014.unit.sec.wopami.exercises""]",ttp.r014.unit.book/ttp.r014.unit.chap.woad/ttp.r014.unit.sec.wopami/ttp.r014.unit.sec.wopami.exercises,generated_stable_id,,,"[""ttp.r014.qa.boundary1-topology"",""ttp.r014.qa.boundary1-math"",""ttp.r014.qa.boundary1-language""]"
r014.backend.record,1.0.0,ttp.r014.unit.sec.wopami.theorem.induction.02,unit,active,ttp.r014.yaintt,ttp.r014.yaintt,ttp.r014.edition.id-id.boundary3,id-ID,2026-08-21T13:53:00+02:00,codex.r014.id-ID,,theorem,ttp.r014.unit.sec.wopami.subsection.03,5,0005,generated:theorem:induction:02,Second Principle of Mathematical Induction,Prinsip Kedua Induksi Matematika,"{""end_line"":537,""path"":""authority/downloads/yaintt.tex"",""start_line"":520}",890d9fc0849f99b5ec1dc702065d93f46aa784e66aed6d877bcc1f0bd7ce8371,"{""end_line"":587,""path"":""qa/frozen-boundaries/boundary3/yaintt-id.tex"",""start_line"":569}",531a8dca6af2ea9d1663db80426bc78ec1358ad3e8c4e839283e9b7a0022bb84,language_reviewed,rights.yaintt.id-id.derivative,"[""ttp.r014.unit.book"",""ttp.r014.unit.chap.woad"",""ttp.r014.unit.sec.wopami"",""ttp.r014.unit.sec.wopami.subsection.03"",""ttp.r014.unit.sec.wopami.theorem.induction.02""]",ttp.r014.unit.book/ttp.r014.unit.chap.woad/ttp.r014.unit.sec.wopami/ttp.r014.unit.sec.wopami.subsection.03/ttp.r014.unit.sec.wopami.theorem.induction.02,generated_stable_id,,,"[""ttp.r014.qa.boundary1-topology"",""ttp.r014.qa.boundary1-math"",""ttp.r014.qa.boundary1-language""]"
r014.backend.record,1.0.0,ttp.r014.unit.thm.basiccongprops,unit,active,ttp.r014.yaintt,ttp.r014.yaintt,ttp.r014.edition.id-id.boundary7,id-ID,2026-08-21T13:53:00+02:00,codex.r014.id-ID,,theorem,ttp.r014.unit.sec.itc,5,0005,thm:basiccongprops,Basic properties of congruence,Sifat-sifat dasar kongruensi,"{""end_line"":1378,""path"":""authority/downloads/yaintt.tex"",""start_line"":1361}",32b2d6e60988651607fcfcb2ce81a0f84a89c8166dcb746eb6a1fa7fa9056af1,"{""end_line"":1534,""path"":""qa/frozen-boundaries/boundary7/yaintt-id.tex"",""start_line"":1516}",166d5e4ccbeef7e80636c432e9c78319f17975f888e57cbe4943a60042ea3eba,language_reviewed,rights.yaintt.id-id.derivative.boundary7,"[""ttp.r014.unit.book"",""ttp.r014.unit.chap.cs"",""ttp.r014.unit.sec.itc"",""ttp.r014.unit.thm.basiccongprops""]",ttp.r014.unit.book/ttp.r014.unit.chap.cs/ttp.r014.unit.sec.itc/ttp.r014.unit.thm.basiccongprops,source_label,,,"[""ttp.r014.qa.section-itc-topology"",""ttp.r014.qa.section-itc-math"",""ttp.r014.qa.section-itc-language""]"
r014.backend.record,1.0.0,ttp.r014.unit.def.diophantine,unit,active,ttp.r014.yaintt,ttp.r014.yaintt,ttp.r014.edition.id-id.boundary8,id-ID,2026-08-21T13:53:00+02:00,codex.r014.id-ID,,definition,ttp.r014.unit.sec.lc,6,0006,generated:definition:sec:LC:02,Diophantine equation,Persamaan Diofantin,"{""end_line"":1653,""path"":""authority/downloads/yaintt.tex"",""start_line"":1650}",a4a9d47648909f5e44229e44a7fef75617bf9f5a951a803133c949b06bc4e7a7,"{""end_line"":1846,""path"":""qa/frozen-boundaries/boundary8/yaintt-id.tex"",""start_line"":1842}",a26f0887d6fda30e66c6620dde98c55f2b66ccd9f038ca45b905d24470ce5a24,language_reviewed,rights.yaintt.id-id.derivative.boundary8,"[""ttp.r014.unit.book"",""ttp.r014.unit.chap.cs"",""ttp.r014.unit.sec.lc"",""ttp.r014.unit.def.diophantine""]",ttp.r014.unit.book/ttp.r014.unit.chap.cs/ttp.r014.unit.sec.lc/ttp.r014.unit.def.diophantine,generated_stable_id,,,"[""ttp.r014.qa.section-lc-topology"",""ttp.r014.qa.section-lc-math"",""ttp.r014.qa.section-lc-language""]"
r014.backend.record,1.0.0,ttp.r014.unit.prop.congruence-equivalence-relation,unit,active,ttp.r014.yaintt,ttp.r014.yaintt,ttp.r014.edition.id-id.boundary10,id-ID,2026-08-21T13:53:00+02:00,codex.r014.id-ID,,proposition,ttp.r014.unit.sec.awtwwc,6,0006,generated:proposition:sec:AWtWwC:01,Congruence modulo n is an equivalence relation,Kongruensi modulo n adalah relasi ekuivalensi,"{""end_line"":1948,""path"":""authority/downloads/yaintt.tex"",""start_line"":1941}",02b93b308bbe8cd5263f74be74a0a2e9c7b183c560292690e592f4823b14deec,"{""end_line"":2188,""path"":""qa/frozen-boundaries/boundary10/yaintt-id.tex"",""start_line"":2181}",3559288fedd23748d943fc14ce3eeb91c0693519aa872d59e82c237cc7e80da0,language_reviewed,rights.yaintt.id-id.derivative.boundary10,"[""ttp.r014.unit.book"",""ttp.r014.unit.chap.cs"",""ttp.r014.unit.sec.awtwwc"",""ttp.r014.unit.prop.congruence-equivalence-relation""]",ttp.r014.unit.book/ttp.r014.unit.chap.cs/ttp.r014.unit.sec.awtwwc/ttp.r014.unit.prop.congruence-equivalence-relation,generated_stable_id,,,"[""ttp.r014.qa.section-awtwwc-topology"",""ttp.r014.qa.section-awtwwc-math"",""ttp.r014.qa.section-awtwwc-language""]"
r014.backend.record,1.0.0,ttp.r014.unit.sec.dada.exercise.06,unit,active,ttp.r014.yaintt,ttp.r014.yaintt,ttp.r014.edition.id-id.boundary3,id-ID,2026-08-21T13:53:00+02:00,codex.r014.id-ID,,exercise,ttp.r014.unit.sec.dada.exercises,6,0006,generated:exercise:sec:DaDA:06,Exercise 6,Latihan 6,"{""end_line"":805,""path"":""authority/downloads/yaintt.tex"",""start_line"":802}",abda0fbee551655dc0eff48b08ffbd61c7efebdef1a5f979459fc33ce6fd72da,"{""end_line"":885,""path"":""qa/frozen-boundaries/boundary3/yaintt-id.tex"",""start_line"":881}",9a9b09997913064b7b9b0bd42a4e1e9e14c4fb6e3a08d0d4a37fab3ceb037dd9,language_reviewed,rights.yaintt.id-id.derivative,"[""ttp.r014.unit.book"",""ttp.r014.unit.chap.woad"",""ttp.r014.unit.sec.dada"",""ttp.r014.unit.sec.dada.exercises"",""ttp.r014.unit.sec.dada.exercise.06""]",ttp.r014.unit.book/ttp.r014.unit.chap.woad/ttp.r014.unit.sec.dada/ttp.r014.unit.sec.dada.exercises/ttp.r014.unit.sec.dada.exercise.06,generated_stable_id,"{""answers"":[],""hints"":[],""solutions"":[],""status"":""source_has_none""}",,"[""ttp.r014.qa.section-dada-topology"",""ttp.r014.qa.section-dada-math"",""ttp.r014.qa.section-dada-language""]"
r014.backend.record,1.0.0,ttp.r014.unit.sec.dada.proposition.size,unit,active,ttp.r014.yaintt,ttp.r014.yaintt,ttp.r014.edition.id-id.boundary3,id-ID,2026-08-21T13:53:00+02:00,codex.r014.id-ID,,proposition,ttp.r014.unit.sec.dada.subsection.divisibility,6,0006,generated:proposition:sec:DaDA:02,Divisibility and size,Keterbagian dan besar nilai,"{""end_line"":684,""path"":""authority/downloads/yaintt.tex"",""start_line"":683}",8bfa10bfee6b29cf1770bf81de9353dd278cc765e7c00a9dc6c2dee2f8dc1a7e,"{""end_line"":762,""path"":""qa/frozen-boundaries/boundary3/yaintt-id.tex"",""start_line"":761}",3fe15eb686c9f2f046e9530f0397ce663a6cbfd876403deefa88a36d2d3a44d3,language_reviewed,rights.yaintt.id-id.derivative,"[""ttp.r014.unit.book"",""ttp.r014.unit.chap.woad"",""ttp.r014.unit.sec.dada"",""ttp.r014.unit.sec.dada.subsection.divisibility"",""ttp.r014.unit.sec.dada.proposition.size""]",ttp.r014.unit.book/ttp.r014.unit.chap.woad/ttp.r014.unit.sec.dada/ttp.r014.unit.sec.dada.subsection.divisibility/ttp.r014.unit.sec.dada.proposition.size,generated_stable_id,,,"[""ttp.r014.qa.section-dada-topology"",""ttp.r014.qa.section-dada-math"",""ttp.r014.qa.section-dada-language""]"
r014.backend.record,1.0.0,ttp.r014.unit.sec.ea,unit,active,ttp.r014.yaintt,ttp.r014.yaintt,ttp.r014.edition.id-id.boundary6,id-ID,2026-08-21T13:53:00+02:00,codex.r014.id-ID,,section,ttp.r014.unit.chap.woad,6,0006,sec:EA,The Euclidean Algorithm,Algoritma Euklides,"{""end_line"":1325,""path"":""authority/downloads/yaintt.tex"",""start_line"":1219}",448636a4556d90d8353256f68774d5a452b214763ec97e1031c13e21dea2adb2,"{""end_line"":1463,""path"":""qa/frozen-boundaries/boundary6/yaintt-id.tex"",""start_line"":1357}",23906f780ff314563953e8783087995116a024f88d5bf3664766f34bd278fd69,language_reviewed,rights.yaintt.id-id.derivative.boundary6,"[""ttp.r014.unit.book"",""ttp.r014.unit.chap.woad"",""ttp.r014.unit.sec.ea""]",ttp.r014.unit.book/ttp.r014.unit.chap.woad/ttp.r014.unit.sec.ea,source_label,,,"[""ttp.r014.qa.section-ea-topology"",""ttp.r014.qa.section-ea-math"",""ttp.r014.qa.section-ea-language""]"
r014.backend.record,1.0.0,ttp.r014.unit.sec.ea.discussion.03,unit,active,ttp.r014.yaintt,ttp.r014.yaintt,ttp.r014.edition.id-id.boundary6,id-ID,2026-08-21T13:53:00+02:00,codex.r014.id-ID,,discussion,ttp.r014.unit.sec.ea,6,0006,generated:discussion:sec:EA:03,Deferred coefficient proof,Bukti koefisien yang ditunda,"{""end_line"":1275,""path"":""authority/downloads/yaintt.tex"",""start_line"":1271}",7a3feb143043676f24845438cb296d72693fa359133024f8200241805a8d783b,"{""end_line"":1410,""path"":""qa/frozen-boundaries/boundary6/yaintt-id.tex"",""start_line"":1406}",31ecc0b0fd371f4f09b4806c02203dcd9148bbc459cc17eb5f20884090501127,language_reviewed,rights.yaintt.id-id.derivative.boundary6,"[""ttp.r014.unit.book"",""ttp.r014.unit.chap.woad"",""ttp.r014.unit.sec.ea"",""ttp.r014.unit.sec.ea.discussion.03""]",ttp.r014.unit.book/ttp.r014.unit.chap.woad/ttp.r014.unit.sec.ea/ttp.r014.unit.sec.ea.discussion.03,generated_stable_id,,,"[""ttp.r014.qa.section-ea-topology"",""ttp.r014.qa.section-ea-math"",""ttp.r014.qa.section-ea-language""]"
r014.backend.record,1.0.0,ttp.r014.unit.sec.ea.exercise.06,unit,active,ttp.r014.yaintt,ttp.r014.yaintt,ttp.r014.edition.id-id.boundary6,id-ID,2026-08-21T13:53:00+02:00,codex.r014.id-ID,,exercise,ttp.r014.unit.sec.ea.exercises,6,0006,generated:exercise:sec:EA:06,Exercise 6,Latihan 6,"{""end_line"":1324,""path"":""authority/downloads/yaintt.tex"",""start_line"":1322}",a51195f43005eb610ad6fd6a5c6703b92726e1b987274b4bcde442644c00b356,"{""end_line"":1462,""path"":""qa/frozen-boundaries/boundary6/yaintt-id.tex"",""start_line"":1460}",dfe488325d4d4aa5828d8256d9925f2e8bf6618f17a2d24d8430a49f4d1b8bc0,language_reviewed,rights.yaintt.id-id.derivative.boundary6,"[""ttp.r014.unit.book"",""ttp.r014.unit.chap.woad"",""ttp.r014.unit.sec.ea"",""ttp.r014.unit.sec.ea.exercises"",""ttp.r014.unit.sec.ea.exercise.06""]",ttp.r014.unit.book/ttp.r014.unit.chap.woad/ttp.r014.unit.sec.ea/ttp.r014.unit.sec.ea.exercises/ttp.r014.unit.sec.ea.exercise.06,generated_stable_id,"{""answers"":[],""hints"":[],""solutions"":[],""status"":""source_has_none""}",,"[""ttp.r014.qa.section-ea-topology"",""ttp.r014.qa.section-ea-math"",""ttp.r014.qa.section-ea-language""]"
r014.backend.record,1.0.0,ttp.r014.unit.sec.ephif,unit,active,ttp.r014.yaintt,ttp.r014.yaintt,ttp.r014.edition.id-id.boundary11,id-ID,2026-08-21T13:53:00+02:00,codex.r014.id-ID,,section,ttp.r014.unit.chap.cs,6,0006,sec:EphiF,Euler's phi Function,Fungsi phi Euler,"{""end_line"":2210,""path"":""authority/downloads/yaintt.tex"",""start_line"":2086}",000cc0f9ca49e05eb11c2f10322c6c051114b4435eb6cc7f67abbc957cf447b0,"{""end_line"":2490,""path"":""qa/frozen-boundaries/boundary11/yaintt-id.tex"",""start_line"":2344}",662dcb2f51cb0f1a7483ac6ceadbc347aef45f0bf3a2b45a77c004cfa476b216,language_reviewed,rights.yaintt.id-id.derivative.boundary11,"[""ttp.r014.unit.book"",""ttp.r014.unit.chap.cs"",""ttp.r014.unit.sec.ephif""]",ttp.r014.unit.book/ttp.r014.unit.chap.cs/ttp.r014.unit.sec.ephif,source_label,,,"[""ttp.r014.qa.section-ephif-topology"",""ttp.r014.qa.section-ephif-math"",""ttp.r014.qa.section-ephif-language""]"
r014.backend.record,1.0.0,ttp.r014.unit.sec.gcd.discussion.02,unit,active,ttp.r014.yaintt,ttp.r014.yaintt,ttp.r014.edition.id-id.boundary5,id-ID,2026-08-21T13:53:00+02:00,codex.r014.id-ID,,discussion,ttp.r014.unit.sec.gcd,6,0006,generated:discussion:gcd:02,Signs and gcd normalization,Tanda pembagi dan normalisasi FPB,"{""end_line"":1033,""path"":""authority/downloads/yaintt.tex"",""start_line"":1025}",25f37597ca80da8394a76bb846f9f04fe34486bed47fec85f678fddefb517a31,"{""end_line"":1144,""path"":""qa/frozen-boundaries/boundary5/yaintt-id.tex"",""start_line"":1135}",e2620ea087264eb2de9c6ce9f794574d162d293de82dfb50f86195c002a4531a,language_reviewed,rights.yaintt.id-id.derivative.boundary5,"[""ttp.r014.unit.book"",""ttp.r014.unit.chap.woad"",""ttp.r014.unit.sec.gcd"",""ttp.r014.unit.sec.gcd.discussion.02""]",ttp.r014.unit.book/ttp.r014.unit.chap.woad/ttp.r014.unit.sec.gcd/ttp.r014.unit.sec.gcd.discussion.02,generated_stable_id,,,"[""ttp.r014.qa.section-gcd-topology"",""ttp.r014.qa.section-gcd-math"",""ttp.r014.qa.section-gcd-language""]"
r014.backend.record,1.0.0,ttp.r014.unit.sec.gcd.exercise.06,unit,active,ttp.r014.yaintt,ttp.r014.yaintt,ttp.r014.edition.id-id.boundary5,id-ID,2026-08-21T13:53:00+02:00,codex.r014.id-ID,,exercise,ttp.r014.unit.sec.gcd.exercises,6,0006,generated:exercise:gcd:06,Exercise 6,Latihan 6,"{""end_line"":1202,""path"":""authority/downloads/yaintt.tex"",""start_line"":1199}",e60a73ea993e8655fe6608a099c80a6b5b1ebad25a72884bb292483b93e9bcff,"{""end_line"":1324,""path"":""qa/frozen-boundaries/boundary5/yaintt-id.tex"",""start_line"":1320}",bd3078c01f47415fb21cf0573378a31fb9f2f447a4ba86bbf7c45fe52de53095,language_reviewed,rights.yaintt.id-id.derivative.boundary5,"[""ttp.r014.unit.book"",""ttp.r014.unit.chap.woad"",""ttp.r014.unit.sec.gcd"",""ttp.r014.unit.sec.gcd.exercises"",""ttp.r014.unit.sec.gcd.exercise.06""]",ttp.r014.unit.book/ttp.r014.unit.chap.woad/ttp.r014.unit.sec.gcd/ttp.r014.unit.sec.gcd.exercises/ttp.r014.unit.sec.gcd.exercise.06,generated_stable_id,"{""answers"":[],""hints"":[],""solutions"":[],""status"":""source_has_none""}",,"[""ttp.r014.qa.section-gcd-topology"",""ttp.r014.qa.section-gcd-math"",""ttp.r014.qa.section-gcd-language""]"
r014.backend.record,1.0.0,ttp.r014.unit.sec.itc.discussion.03,unit,active,ttp.r014.yaintt,ttp.r014.yaintt,ttp.r014.edition.id-id.boundary7,id-ID,2026-08-21T13:53:00+02:00,codex.r014.id-ID,,discussion,ttp.r014.unit.sec.itc,6,0006,generated:discussion:sec:ItC:03,Coprime-factor divisibility result,Hasil keterbagian dengan faktor relatif prima,"{""end_line"":1473,""path"":""authority/downloads/yaintt.tex"",""start_line"":1471}",6ae2245162e689d46f455691b9546f525fd5784c5124333c04131915c04ec02c,"{""end_line"":1630,""path"":""qa/frozen-boundaries/boundary7/yaintt-id.tex"",""start_line"":1628}",1a62fb3e52442d0272c32979802d5209b6a8526cae48ec988e1aa06e78a9a639,language_reviewed,rights.yaintt.id-id.derivative.boundary7,"[""ttp.r014.unit.book"",""ttp.r014.unit.chap.cs"",""ttp.r014.unit.sec.itc"",""ttp.r014.unit.sec.itc.discussion.03""]",ttp.r014.unit.book/ttp.r014.unit.chap.cs/ttp.r014.unit.sec.itc/ttp.r014.unit.sec.itc.discussion.03,generated_stable_id,,,"[""ttp.r014.qa.section-itc-topology"",""ttp.r014.qa.section-itc-math"",""ttp.r014.qa.section-itc-language""]"
r014.backend.record,1.0.0,ttp.r014.unit.sec.roiidb.exercises,unit,active,ttp.r014.yaintt,ttp.r014.yaintt,ttp.r014.edition.id-id.boundary4,id-ID,2026-08-21T13:53:00+02:00,codex.r014.id-ID,,exercise_group,ttp.r014.unit.sec.roiidb,6,0006,generated:exercise-group:sec:RoIiDB,Exercises for Section 1.4,Latihan untuk §1.4,"{""end_line"":989,""path"":""authority/downloads/yaintt.tex"",""start_line"":964}",f8e7a10fcc159ba9f545a6651e769d6d940bfb7db4cba9ddb980c7f1d3a90717,"{""end_line"":1084,""path"":""qa/frozen-boundaries/boundary4/yaintt-id.tex"",""start_line"":1059}",f5964877614d9fbbac7b249a5a40956b8c8576cda1061e63b5c1af330bd168c9,language_reviewed,rights.yaintt.id-id.derivative.boundary4,"[""ttp.r014.unit.book"",""ttp.r014.unit.chap.woad"",""ttp.r014.unit.sec.roiidb"",""ttp.r014.unit.sec.roiidb.exercises""]",ttp.r014.unit.book/ttp.r014.unit.chap.woad/ttp.r014.unit.sec.roiidb/ttp.r014.unit.sec.roiidb.exercises,generated_stable_id,,,"[""ttp.r014.qa.section-roiidb-topology"",""ttp.r014.qa.section-roiidb-math"",""ttp.r014.qa.section-roiidb-language""]"
r014.backend.record,1.0.0,ttp.r014.unit.sec.wopami.exercise.06,unit,active,ttp.r014.yaintt,ttp.r014.yaintt,ttp.r014.edition.id-id.boundary3,id-ID,2026-08-21T13:53:00+02:00,codex.r014.id-ID,,exercise,ttp.r014.unit.sec.wopami.exercises,6,0006,generated:exercise:sec:WOPaMI:06,Exercise 6,Latihan 6,"{""end_line"":580,""path"":""authority/downloads/yaintt.tex"",""start_line"":578}",14c53d26e448185811685af8a5c2abb9a9fc672a52823ec16d225ed316b41f18,"{""end_line"":632,""path"":""qa/frozen-boundaries/boundary3/yaintt-id.tex"",""start_line"":630}",fa002f0e1287d87a28919720b3fadb1e3d63c1bbcb24c6b74712289bf34e4fda,language_reviewed,rights.yaintt.id-id.derivative,"[""ttp.r014.unit.book"",""ttp.r014.unit.chap.woad"",""ttp.r014.unit.sec.wopami"",""ttp.r014.unit.sec.wopami.exercises"",""ttp.r014.unit.sec.wopami.exercise.06""]",ttp.r014.unit.book/ttp.r014.unit.chap.woad/ttp.r014.unit.sec.wopami/ttp.r014.unit.sec.wopami.exercises/ttp.r014.unit.sec.wopami.exercise.06,generated_stable_id,"{""answers"":[],""hints"":[],""solutions"":[],""status"":""source_has_none""}",,"[""ttp.r014.qa.boundary1-topology"",""ttp.r014.qa.boundary1-math"",""ttp.r014.qa.boundary1-language""]"
r014.backend.record,1.0.0,ttp.r014.unit.thm.phiismultiplicative,unit,active,ttp.r014.yaintt,ttp.r014.yaintt,ttp.r014.edition.id-id.boundary11,id-ID,2026-08-21T13:53:00+02:00,codex.r014.id-ID,,theorem,ttp.r014.unit.sec.ephif,6,0006,thm:phiismultiplicative,Euler's phi function is multiplicative,Fungsi phi Euler bersifat multiplikatif,"{""end_line"":2128,""path"":""authority/downloads/yaintt.tex"",""start_line"":2124}",b3c547192665eaffadda6b1ceffcc80e6f86bf590e2d2533c05922cbba30d7d0,"{""end_line"":2389,""path"":""qa/frozen-boundaries/boundary11/yaintt-id.tex"",""start_line"":2384}",ac30af2bdac0ebfbfa7dcc8e1d3967e737f65ed98207eb4d536fa79b9a8cbd3f,language_reviewed,rights.yaintt.id-id.derivative.boundary11,"[""ttp.r014.unit.book"",""ttp.r014.unit.chap.cs"",""ttp.r014.unit.sec.ephif"",""ttp.r014.unit.thm.phiismultiplicative""]",ttp.r014.unit.book/ttp.r014.unit.chap.cs/ttp.r014.unit.sec.ephif/ttp.r014.unit.thm.phiismultiplicative,source_label,,,"[""ttp.r014.qa.section-ephif-topology"",""ttp.r014.qa.section-ephif-math"",""ttp.r014.qa.section-ephif-language""]"
r014.backend.record,1.0.0,ttp.r014.unit.def.integers-mod-n,unit,active,ttp.r014.yaintt,ttp.r014.yaintt,ttp.r014.edition.id-id.boundary10,id-ID,2026-08-21T13:53:00+02:00,codex.r014.id-ID,,definition,ttp.r014.unit.sec.awtwwc,7,0007,generated:definition:sec:AWtWwC:02,Integers modulo n,Bilangan bulat modulo n,"{""end_line"":1957,""path"":""authority/downloads/yaintt.tex"",""start_line"":1950}",15775d52ea25ad9db3a20acdc8bf049c7fc27872d7d6f83e623db9f2c1798170,"{""end_line"":2197,""path"":""qa/frozen-boundaries/boundary10/yaintt-id.tex"",""start_line"":2190}",efdab7a5b00e4b612faa0adf82d8b97b7f6a644a7033b9ef504d635cf9919cdd,language_reviewed,rights.yaintt.id-id.derivative.boundary10,"[""ttp.r014.unit.book"",""ttp.r014.unit.chap.cs"",""ttp.r014.unit.sec.awtwwc"",""ttp.r014.unit.def.integers-mod-n""]",ttp.r014.unit.book/ttp.r014.unit.chap.cs/ttp.r014.unit.sec.awtwwc/ttp.r014.unit.def.integers-mod-n,generated_stable_id,,,"[""ttp.r014.qa.section-awtwwc-topology"",""ttp.r014.qa.section-awtwwc-math"",""ttp.r014.qa.section-awtwwc-language""]"
r014.backend.record,1.0.0,ttp.r014.unit.eg.ea,unit,active,ttp.r014.yaintt,ttp.r014.yaintt,ttp.r014.edition.id-id.boundary6,id-ID,2026-08-21T13:53:00+02:00,codex.r014.id-ID,,example,ttp.r014.unit.sec.ea,7,0007,eg:EA,GCD of 4147 and 10672,FPB 4147 dan 10672,"{""end_line"":1290,""path"":""authority/downloads/yaintt.tex"",""start_line"":1277}",381e0662586afc9aa3f1e67260c5f7446e38c324f4858b18be79aa1525126013,"{""end_line"":1425,""path"":""qa/frozen-boundaries/boundary6/yaintt-id.tex"",""start_line"":1412}",c0035c95222427ee3255ea8aa2e00327356461138729a35f426ae061f521d91d,language_reviewed,rights.yaintt.id-id.derivative.boundary6,"[""ttp.r014.unit.book"",""ttp.r014.unit.chap.woad"",""ttp.r014.unit.sec.ea"",""ttp.r014.unit.eg.ea""]",ttp.r014.unit.book/ttp.r014.unit.chap.woad/ttp.r014.unit.sec.ea/ttp.r014.unit.eg.ea,source_label,,,"[""ttp.r014.qa.section-ea-topology"",""ttp.r014.qa.section-ea-math"",""ttp.r014.qa.section-ea-language""]"
r014.backend.record,1.0.0,ttp.r014.unit.sec.dada.exercise.07,unit,active,ttp.r014.yaintt,ttp.r014.yaintt,ttp.r014.edition.id-id.boundary3,id-ID,2026-08-21T13:53:00+02:00,codex.r014.id-ID,,exercise,ttp.r014.unit.sec.dada.exercises,7,0007,generated:exercise:sec:DaDA:07,Exercise 7,Latihan 7,"{""end_line"":809,""path"":""authority/downloads/yaintt.tex"",""start_line"":806}",676c7bb97f507e1d993aaf41650a0d0a97dc8cade4468d0b182d1d413d53d7ec,"{""end_line"":890,""path"":""qa/frozen-boundaries/boundary3/yaintt-id.tex"",""start_line"":886}",4761e3512df23ee456ad18f5a36d8c6a17445df456afb826fbbcb1035d20522f,language_reviewed,rights.yaintt.id-id.derivative,"[""ttp.r014.unit.book"",""ttp.r014.unit.chap.woad"",""ttp.r014.unit.sec.dada"",""ttp.r014.unit.sec.dada.exercises"",""ttp.r014.unit.sec.dada.exercise.07""]",ttp.r014.unit.book/ttp.r014.unit.chap.woad/ttp.r014.unit.sec.dada/ttp.r014.unit.sec.dada.exercises/ttp.r014.unit.sec.dada.exercise.07,generated_stable_id,"{""answers"":[],""hints"":[],""solutions"":[],""status"":""source_has_none""}",,"[""ttp.r014.qa.section-dada-topology"",""ttp.r014.qa.section-dada-math"",""ttp.r014.qa.section-dada-language""]"
r014.backend.record,1.0.0,ttp.r014.unit.sec.dada.proposition.absolute-value,unit,active,ttp.r014.yaintt,ttp.r014.yaintt,ttp.r014.edition.id-id.boundary3,id-ID,2026-08-21T13:53:00+02:00,codex.r014.id-ID,,proposition,ttp.r014.unit.sec.dada.subsection.divisibility,7,0007,generated:proposition:sec:DaDA:03,Divisibility and absolute value,Keterbagian dan nilai mutlak,"{""end_line"":686,""path"":""authority/downloads/yaintt.tex"",""start_line"":685}",08c4515291141abdbf60e711263ad23773ceedf71427589f56aa98b4a605f286,"{""end_line"":765,""path"":""qa/frozen-boundaries/boundary3/yaintt-id.tex"",""start_line"":763}",106a60d7255f378ed8bcc1017061589f2e59a7bb86542907375286a872201db9,language_reviewed,rights.yaintt.id-id.derivative,"[""ttp.r014.unit.book"",""ttp.r014.unit.chap.woad"",""ttp.r014.unit.sec.dada"",""ttp.r014.unit.sec.dada.subsection.divisibility"",""ttp.r014.unit.sec.dada.proposition.absolute-value""]",ttp.r014.unit.book/ttp.r014.unit.chap.woad/ttp.r014.unit.sec.dada/ttp.r014.unit.sec.dada.subsection.divisibility/ttp.r014.unit.sec.dada.proposition.absolute-value,generated_stable_id,,,"[""ttp.r014.qa.section-dada-topology"",""ttp.r014.qa.section-dada-math"",""ttp.r014.qa.section-dada-language""]"
r014.backend.record,1.0.0,ttp.r014.unit.sec.ephif.exercises,unit,active,ttp.r014.yaintt,ttp.r014.yaintt,ttp.r014.edition.id-id.boundary11,id-ID,2026-08-21T13:53:00+02:00,codex.r014.id-ID,,exercise_group,ttp.r014.unit.sec.ephif,7,0007,generated:exercise-group:sec:EphiF,Exercises for Section 2.5,Latihan untuk §2.5,"{""end_line"":2210,""path"":""authority/downloads/yaintt.tex"",""start_line"":2193}",8c6fb5ee18b7bcf836e5ea32ccfa878b22e5e1593e78fccae21089b9405f3b5b,"{""end_line"":2490,""path"":""qa/frozen-boundaries/boundary11/yaintt-id.tex"",""start_line"":2474}",c92d490f27de215bd9961047da3533bde5bf034530571cd455b97b36c523d4a2,language_reviewed,rights.yaintt.id-id.derivative.boundary11,"[""ttp.r014.unit.book"",""ttp.r014.unit.chap.cs"",""ttp.r014.unit.sec.ephif"",""ttp.r014.unit.sec.ephif.exercises""]",ttp.r014.unit.book/ttp.r014.unit.chap.cs/ttp.r014.unit.sec.ephif/ttp.r014.unit.sec.ephif.exercises,generated_stable_id,,,"[""ttp.r014.qa.section-ephif-topology"",""ttp.r014.qa.section-ephif-math"",""ttp.r014.qa.section-ephif-language""]"
r014.backend.record,1.0.0,ttp.r014.unit.sec.gcd.exercise.07,unit,active,ttp.r014.yaintt,ttp.r014.yaintt,ttp.r014.edition.id-id.boundary5,id-ID,2026-08-21T13:53:00+02:00,codex.r014.id-ID,,exercise,ttp.r014.unit.sec.gcd.exercises,7,0007,generated:exercise:gcd:07,Exercise 7,Latihan 7,"{""end_line"":1206,""path"":""authority/downloads/yaintt.tex"",""start_line"":1203}",69e262176c200fdd608adc13a5b04bb0d2c7c24289b0c23042e3f3f3a4d770bb,"{""end_line"":1328,""path"":""qa/frozen-boundaries/boundary5/yaintt-id.tex"",""start_line"":1325}",18d9c613471ceab7be681c36b1c36053496523e09508d3d16196682da077609c,language_reviewed,rights.yaintt.id-id.derivative.boundary5,"[""ttp.r014.unit.book"",""ttp.r014.unit.chap.woad"",""ttp.r014.unit.sec.gcd"",""ttp.r014.unit.sec.gcd.exercises"",""ttp.r014.unit.sec.gcd.exercise.07""]",ttp.r014.unit.book/ttp.r014.unit.chap.woad/ttp.r014.unit.sec.gcd/ttp.r014.unit.sec.gcd.exercises/ttp.r014.unit.sec.gcd.exercise.07,generated_stable_id,"{""answers"":[],""hints"":[],""solutions"":[],""status"":""source_has_none""}",,"[""ttp.r014.qa.section-gcd-topology"",""ttp.r014.qa.section-gcd-math"",""ttp.r014.qa.section-gcd-language""]"
r014.backend.record,1.0.0,ttp.r014.unit.sec.lc.discussion.04,unit,active,ttp.r014.yaintt,ttp.r014.yaintt,ttp.r014.edition.id-id.boundary8,id-ID,2026-08-21T13:53:00+02:00,codex.r014.id-ID,,discussion,ttp.r014.unit.sec.lc,7,0007,generated:discussion:sec:LC:04,Congruences as Diophantine equations,Kongruensi sebagai persamaan Diofantin,"{""end_line"":1662,""path"":""authority/downloads/yaintt.tex"",""start_line"":1654}",be9330b641497f4c02cf22105c686cc9125de31bab6f9f4e3439ef7d120f53cd,"{""end_line"":1855,""path"":""qa/frozen-boundaries/boundary8/yaintt-id.tex"",""start_line"":1847}",3b692cf39c2f011be83ec1046af8387cc2bbf433f1bc253e50ef96221545c671,language_reviewed,rights.yaintt.id-id.derivative.boundary8,"[""ttp.r014.unit.book"",""ttp.r014.unit.chap.cs"",""ttp.r014.unit.sec.lc"",""ttp.r014.unit.sec.lc.discussion.04""]",ttp.r014.unit.book/ttp.r014.unit.chap.cs/ttp.r014.unit.sec.lc/ttp.r014.unit.sec.lc.discussion.04,generated_stable_id,,,"[""ttp.r014.qa.section-lc-topology"",""ttp.r014.qa.section-lc-math"",""ttp.r014.qa.section-lc-language""]"
r014.backend.record,1.0.0,ttp.r014.unit.sec.wopami.exercise.07,unit,active,ttp.r014.yaintt,ttp.r014.yaintt,ttp.r014.edition.id-id.boundary3,id-ID,2026-08-21T13:53:00+02:00,codex.r014.id-ID,,exercise,ttp.r014.unit.sec.wopami.exercises,7,0007,generated:exercise:sec:WOPaMI:07,Exercise 7,Latihan 7,"{""end_line"":583,""path"":""authority/downloads/yaintt.tex"",""start_line"":581}",f5d902cc5917df892bbdcde6c0c437e4a082f9ecfe69d757d96ef117306a2479,"{""end_line"":635,""path"":""qa/frozen-boundaries/boundary3/yaintt-id.tex"",""start_line"":633}",5cd6d2ba966dc47c433a9866e5fd15a88ddc42a98306eb2509e31aef50df5ff2,language_reviewed,rights.yaintt.id-id.derivative,"[""ttp.r014.unit.book"",""ttp.r014.unit.chap.woad"",""ttp.r014.unit.sec.wopami"",""ttp.r014.unit.sec.wopami.exercises"",""ttp.r014.unit.sec.wopami.exercise.07""]",ttp.r014.unit.book/ttp.r014.unit.chap.woad/ttp.r014.unit.sec.wopami/ttp.r014.unit.sec.wopami.exercises/ttp.r014.unit.sec.wopami.exercise.07,generated_stable_id,"{""answers"":[],""hints"":[],""solutions"":[],""status"":""source_has_none""}",,"[""ttp.r014.qa.boundary1-topology"",""ttp.r014.qa.boundary1-math"",""ttp.r014.qa.boundary1-language""]"
r014.backend.record,1.0.0,ttp.r014.unit.thm.combing,unit,active,ttp.r014.yaintt,ttp.r014.yaintt,ttp.r014.edition.id-id.boundary7,id-ID,2026-08-21T13:53:00+02:00,codex.r014.id-ID,,theorem,ttp.r014.unit.sec.itc,7,0007,thm:combing,Divisibility by a product of coprime factors,Keterbagian oleh hasil kali faktor relatif prima,"{""end_line"":1478,""path"":""authority/downloads/yaintt.tex"",""start_line"":1474}",ee6043e4a8a7c9b56c5caeeb593fa96322550c995b246710c8a36b46d2eb0017,"{""end_line"":1635,""path"":""qa/frozen-boundaries/boundary7/yaintt-id.tex"",""start_line"":1631}",651ec2cbe589aa2207d4ffa6a45ea7515f4ab4cacd74081b5659feed03a1b5ea,language_reviewed,rights.yaintt.id-id.derivative.boundary7,"[""ttp.r014.unit.book"",""ttp.r014.unit.chap.cs"",""ttp.r014.unit.sec.itc"",""ttp.r014.unit.thm.combing""]",ttp.r014.unit.book/ttp.r014.unit.chap.cs/ttp.r014.unit.sec.itc/ttp.r014.unit.thm.combing,source_label,,,"[""ttp.r014.qa.section-itc-topology"",""ttp.r014.qa.section-itc-math"",""ttp.r014.qa.section-itc-language""]"
r014.backend.record,1.0.0,ttp.r014.unit.thm.dividebygcd,unit,active,ttp.r014.yaintt,ttp.r014.yaintt,ttp.r014.edition.id-id.boundary5,id-ID,2026-08-21T13:53:00+02:00,codex.r014.id-ID,,theorem,ttp.r014.unit.sec.gcd,7,0007,thm:dividebygcd,Reduction by the gcd,Reduksi dengan FPB,"{""end_line"":1037,""path"":""authority/downloads/yaintt.tex"",""start_line"":1034}",741593924ca239cb2744c3ccba99899cb46ca82e218b20ae687cf92e82bcc581,"{""end_line"":1150,""path"":""qa/frozen-boundaries/boundary5/yaintt-id.tex"",""start_line"":1145}",0c2bc340b603d2964f4729d542744e1d974bcf0d9d643e96a5366a0c14518d72,language_reviewed,rights.yaintt.id-id.derivative.boundary5,"[""ttp.r014.unit.book"",""ttp.r014.unit.chap.woad"",""ttp.r014.unit.sec.gcd"",""ttp.r014.unit.thm.dividebygcd""]",ttp.r014.unit.book/ttp.r014.unit.chap.woad/ttp.r014.unit.sec.gcd/ttp.r014.unit.thm.dividebygcd,source_label,,,"[""ttp.r014.qa.section-gcd-topology"",""ttp.r014.qa.section-gcd-math"",""ttp.r014.qa.section-gcd-language""]"
r014.backend.record,1.0.0,ttp.r014.unit.eg.congarith,unit,active,ttp.r014.yaintt,ttp.r014.yaintt,ttp.r014.edition.id-id.boundary7,id-ID,2026-08-21T13:53:00+02:00,codex.r014.id-ID,,example,ttp.r014.unit.sec.itc,8,0008,eg:congarith,Congruence arithmetic examples,Contoh aritmetika kongruensi,"{""end_line"":1507,""path"":""authority/downloads/yaintt.tex"",""start_line"":1489}",301d8b7f4758235f3ac8d9eaac9f0fe6c133b31a419f70adcc1fd163cffa024d,"{""end_line"":1668,""path"":""qa/frozen-boundaries/boundary7/yaintt-id.tex"",""start_line"":1646}",d4d783ce57e358ed7e9a334cfb013bf5e559e4be32c8279dc0f505bd6aa1d00e,language_reviewed,rights.yaintt.id-id.derivative.boundary7,"[""ttp.r014.unit.book"",""ttp.r014.unit.chap.cs"",""ttp.r014.unit.sec.itc"",""ttp.r014.unit.eg.congarith""]",ttp.r014.unit.book/ttp.r014.unit.chap.cs/ttp.r014.unit.sec.itc/ttp.r014.unit.eg.congarith,source_label,,,"[""ttp.r014.qa.section-itc-topology"",""ttp.r014.qa.section-itc-math"",""ttp.r014.qa.section-itc-language""]"
r014.backend.record,1.0.0,ttp.r014.unit.sec.dada.exercise.08,unit,active,ttp.r014.yaintt,ttp.r014.yaintt,ttp.r014.edition.id-id.boundary3,id-ID,2026-08-21T13:53:00+02:00,codex.r014.id-ID,,exercise,ttp.r014.unit.sec.dada.exercises,8,0008,generated:exercise:sec:DaDA:08,Exercise 8,Latihan 8,"{""end_line"":812,""path"":""authority/downloads/yaintt.tex"",""start_line"":810}",51ffea9a8fd4c803447bdc68de58bb9daf71328158a0883d7b8373abe8b4c305,"{""end_line"":893,""path"":""qa/frozen-boundaries/boundary3/yaintt-id.tex"",""start_line"":891}",53931dfc02fdc4eeaf5aa858c7d7a5fb69e5063f4098d7a14908408ecbae8c25,language_reviewed,rights.yaintt.id-id.derivative,"[""ttp.r014.unit.book"",""ttp.r014.unit.chap.woad"",""ttp.r014.unit.sec.dada"",""ttp.r014.unit.sec.dada.exercises"",""ttp.r014.unit.sec.dada.exercise.08""]",ttp.r014.unit.book/ttp.r014.unit.chap.woad/ttp.r014.unit.sec.dada/ttp.r014.unit.sec.dada.exercises/ttp.r014.unit.sec.dada.exercise.08,generated_stable_id,"{""answers"":[],""hints"":[],""solutions"":[],""status"":""source_has_none""}",,"[""ttp.r014.qa.section-dada-topology"",""ttp.r014.qa.section-dada-math"",""ttp.r014.qa.section-dada-language""]"
r014.backend.record,1.0.0,ttp.r014.unit.sec.dada.theorem.transitivity,unit,active,ttp.r014.yaintt,ttp.r014.yaintt,ttp.r014.edition.id-id.boundary3,id-ID,2026-08-21T13:53:00+02:00,codex.r014.id-ID,,theorem,ttp.r014.unit.sec.dada.subsection.divisibility,8,0008,generated:theorem:sec:DaDA:01,Transitivity of divisibility,Transitivitas keterbagian,"{""end_line"":691,""path"":""authority/downloads/yaintt.tex"",""start_line"":688}",5371fd1156cfd834b3865c9105c0a0f7893ddb7e2f62f847a02261f494701728,"{""end_line"":770,""path"":""qa/frozen-boundaries/boundary3/yaintt-id.tex"",""start_line"":767}",1753ac0bb3cfeffbaf98b008b2606e3b45f2d133c47797effdf39255ef782259,language_reviewed,rights.yaintt.id-id.derivative,"[""ttp.r014.unit.book"",""ttp.r014.unit.chap.woad"",""ttp.r014.unit.sec.dada"",""ttp.r014.unit.sec.dada.subsection.divisibility"",""ttp.r014.unit.sec.dada.theorem.transitivity""]",ttp.r014.unit.book/ttp.r014.unit.chap.woad/ttp.r014.unit.sec.dada/ttp.r014.unit.sec.dada.subsection.divisibility/ttp.r014.unit.sec.dada.theorem.transitivity,generated_stable_id,,,"[""ttp.r014.qa.section-dada-topology"",""ttp.r014.qa.section-dada-math"",""ttp.r014.qa.section-dada-language""]"
r014.backend.record,1.0.0,ttp.r014.unit.sec.ea.exercises,unit,active,ttp.r014.yaintt,ttp.r014.yaintt,ttp.r014.edition.id-id.boundary6,id-ID,2026-08-21T13:53:00+02:00,codex.r014.id-ID,,exercise_group,ttp.r014.unit.sec.ea,8,0008,generated:exercise-group:sec:EA,Exercises for Section 1.6,Latihan untuk §1.6,"{""end_line"":1325,""path"":""authority/downloads/yaintt.tex"",""start_line"":1292}",0d633ce970770c88c796a35b51dba9e255117dbc6a870f9f8b2e3b9a364a95bb,"{""end_line"":1463,""path"":""qa/frozen-boundaries/boundary6/yaintt-id.tex"",""start_line"":1427}",1d418c4192f83bea8d7cb221c53241f21a37bc19f953c1467ad791c0c3fa38c2,language_reviewed,rights.yaintt.id-id.derivative.boundary6,"[""ttp.r014.unit.book"",""ttp.r014.unit.chap.woad"",""ttp.r014.unit.sec.ea"",""ttp.r014.unit.sec.ea.exercises""]",ttp.r014.unit.book/ttp.r014.unit.chap.woad/ttp.r014.unit.sec.ea/ttp.r014.unit.sec.ea.exercises,generated_stable_id,,,"[""ttp.r014.qa.section-ea-topology"",""ttp.r014.qa.section-ea-math"",""ttp.r014.qa.section-ea-language""]"
r014.backend.record,1.0.0,ttp.r014.unit.sec.gcd.discussion.03,unit,active,ttp.r014.yaintt,ttp.r014.yaintt,ttp.r014.edition.id-id.boundary5,id-ID,2026-08-21T13:53:00+02:00,codex.r014.id-ID,,discussion,ttp.r014.unit.sec.gcd,8,0008,generated:discussion:gcd:03,GCD invariance introduction,Pengantar invariansi FPB,"{""end_line"":1058,""path"":""authority/downloads/yaintt.tex"",""start_line"":1054}",691f872014bbd5a940503e52543149e3211482d3217d54df81f19004f010f9b8,"{""end_line"":1171,""path"":""qa/frozen-boundaries/boundary5/yaintt-id.tex"",""start_line"":1167}",2a5df1f3aeef40bd3f0b0ef6aac768fc426b23c21437b1f63ae3743839131d1e,language_reviewed,rights.yaintt.id-id.derivative.boundary5,"[""ttp.r014.unit.book"",""ttp.r014.unit.chap.woad"",""ttp.r014.unit.sec.gcd"",""ttp.r014.unit.sec.gcd.discussion.03""]",ttp.r014.unit.book/ttp.r014.unit.chap.woad/ttp.r014.unit.sec.gcd/ttp.r014.unit.sec.gcd.discussion.03,generated_stable_id,,,"[""ttp.r014.qa.section-gcd-topology"",""ttp.r014.qa.section-gcd-math"",""ttp.r014.qa.section-gcd-language""]"
r014.backend.record,1.0.0,ttp.r014.unit.sec.gcd.exercise.08,unit,active,ttp.r014.yaintt,ttp.r014.yaintt,ttp.r014.edition.id-id.boundary5,id-ID,2026-08-21T13:53:00+02:00,codex.r014.id-ID,,exercise,ttp.r014.unit.sec.gcd.exercises,8,0008,generated:exercise:gcd:08,Exercise 8,Latihan 8,"{""end_line"":1210,""path"":""authority/downloads/yaintt.tex"",""start_line"":1207}",edb34eec4ed842553398d53bfc449af2443559949800616734697223de159c42,"{""end_line"":1333,""path"":""qa/frozen-boundaries/boundary5/yaintt-id.tex"",""start_line"":1329}",875c4548b5851b3997f6561f6086a14818658d7b70849c4c86aa86922b72615e,language_reviewed,rights.yaintt.id-id.derivative.boundary5,"[""ttp.r014.unit.book"",""ttp.r014.unit.chap.woad"",""ttp.r014.unit.sec.gcd"",""ttp.r014.unit.sec.gcd.exercises"",""ttp.r014.unit.sec.gcd.exercise.08""]",ttp.r014.unit.book/ttp.r014.unit.chap.woad/ttp.r014.unit.sec.gcd/ttp.r014.unit.sec.gcd.exercises/ttp.r014.unit.sec.gcd.exercise.08,generated_stable_id,"{""answers"":[],""hints"":[],""solutions"":[],""status"":""source_has_none""}",,"[""ttp.r014.qa.section-gcd-topology"",""ttp.r014.qa.section-gcd-math"",""ttp.r014.qa.section-gcd-language""]"
r014.backend.record,1.0.0,ttp.r014.unit.thm.basiclincongs,unit,active,ttp.r014.yaintt,ttp.r014.yaintt,ttp.r014.edition.id-id.boundary8,id-ID,2026-08-21T13:53:00+02:00,codex.r014.id-ID,,theorem,ttp.r014.unit.sec.lc,8,0008,thm:basiclincongs,Existence and number of linear-congruence solutions,Keberadaan dan banyaknya solusi kongruensi linear,"{""end_line"":1675,""path"":""authority/downloads/yaintt.tex"",""start_line"":1663}",8bab6b05efb0073b4c65c1087e4027bd22480592130da67fa12f0d561a0bbe8e,"{""end_line"":1869,""path"":""qa/frozen-boundaries/boundary8/yaintt-id.tex"",""start_line"":1856}",cf2163a3c92fe4799cef8a0b5632d5ba48fee06cd80d138f7e1843fd205584d7,language_reviewed,rights.yaintt.id-id.derivative.boundary8,"[""ttp.r014.unit.book"",""ttp.r014.unit.chap.cs"",""ttp.r014.unit.sec.lc"",""ttp.r014.unit.thm.basiclincongs""]",ttp.r014.unit.book/ttp.r014.unit.chap.cs/ttp.r014.unit.sec.lc/ttp.r014.unit.thm.basiclincongs,source_label,,,"[""ttp.r014.qa.section-lc-topology"",""ttp.r014.qa.section-lc-math"",""ttp.r014.qa.section-lc-language""]"
r014.backend.record,1.0.0,ttp.r014.unit.thm.integers-mod-n-representatives,unit,active,ttp.r014.yaintt,ttp.r014.yaintt,ttp.r014.edition.id-id.boundary10,id-ID,2026-08-21T13:53:00+02:00,codex.r014.id-ID,,theorem,ttp.r014.unit.sec.awtwwc,8,0008,generated:theorem:sec:AWtWwC:02,Representatives of the integers modulo n,Wakil bilangan bulat modulo n,"{""end_line"":1966,""path"":""authority/downloads/yaintt.tex"",""start_line"":1959}",3c3fa2c2ec00ffd535bbc388cdf50888e1c3ddbf49566e7bfef4a0f44d082c93,"{""end_line"":2207,""path"":""qa/frozen-boundaries/boundary10/yaintt-id.tex"",""start_line"":2199}",81c8de05615afd855853d4c11bc199d1a351127339549c2e74dca4e012133eac,language_reviewed,rights.yaintt.id-id.derivative.boundary10,"[""ttp.r014.unit.book"",""ttp.r014.unit.chap.cs"",""ttp.r014.unit.sec.awtwwc"",""ttp.r014.unit.thm.integers-mod-n-representatives""]",ttp.r014.unit.book/ttp.r014.unit.chap.cs/ttp.r014.unit.sec.awtwwc/ttp.r014.unit.thm.integers-mod-n-representatives,generated_stable_id,,,"[""ttp.r014.qa.section-awtwwc-topology"",""ttp.r014.qa.section-awtwwc-math"",""ttp.r014.qa.section-awtwwc-language""]"
r014.backend.record,1.0.0,ttp.r014.unit.eg.divisibility,unit,active,ttp.r014.yaintt,ttp.r014.yaintt,ttp.r014.edition.id-id.boundary3,id-ID,2026-08-21T13:53:00+02:00,codex.r014.id-ID,,example,ttp.r014.unit.sec.dada.subsection.divisibility,9,0009,eg:divisibility,Divisibility transitivity example,Contoh transitivitas keterbagian,"{""end_line"":699,""path"":""authority/downloads/yaintt.tex"",""start_line"":697}",e2c53ec5a98594d7a55ded74b03fca85d4b71253f431f00a82a9646cde12fe9e,"{""end_line"":778,""path"":""qa/frozen-boundaries/boundary3/yaintt-id.tex"",""start_line"":776}",68b3746719aa9f7e89be73925a948287637e1c43fe39461319d21e3d589d5221,language_reviewed,rights.yaintt.id-id.derivative,"[""ttp.r014.unit.book"",""ttp.r014.unit.chap.woad"",""ttp.r014.unit.sec.dada"",""ttp.r014.unit.sec.dada.subsection.divisibility"",""ttp.r014.unit.eg.divisibility""]",ttp.r014.unit.book/ttp.r014.unit.chap.woad/ttp.r014.unit.sec.dada/ttp.r014.unit.sec.dada.subsection.divisibility/ttp.r014.unit.eg.divisibility,source_label,,,"[""ttp.r014.qa.section-dada-topology"",""ttp.r014.qa.section-dada-math"",""ttp.r014.qa.section-dada-language""]"
r014.backend.record,1.0.0,ttp.r014.unit.rem.uniqsolnlincong,unit,active,ttp.r014.yaintt,ttp.r014.yaintt,ttp.r014.edition.id-id.boundary8,id-ID,2026-08-21T13:53:00+02:00,codex.r014.id-ID,,remark,ttp.r014.unit.sec.lc,9,0009,rem:uniqsolnlincong,Unique solution for a coprime coefficient,Solusi tunggal untuk koefisien relatif prima,"{""end_line"":1705,""path"":""authority/downloads/yaintt.tex"",""start_line"":1700}",883d08b56c108748f970ef40058c86f3b7fb83ea2a414ae3ede5eba5035e0595,"{""end_line"":1912,""path"":""qa/frozen-boundaries/boundary8/yaintt-id.tex"",""start_line"":1906}",ca814459eca2e9e2bf2ca3ab6c5f67b49ac103217740fbf7c987e7997889c525,language_reviewed,rights.yaintt.id-id.derivative.boundary8,"[""ttp.r014.unit.book"",""ttp.r014.unit.chap.cs"",""ttp.r014.unit.sec.lc"",""ttp.r014.unit.rem.uniqsolnlincong""]",ttp.r014.unit.book/ttp.r014.unit.chap.cs/ttp.r014.unit.sec.lc/ttp.r014.unit.rem.uniqsolnlincong,source_label,,,"[""ttp.r014.qa.section-lc-topology"",""ttp.r014.qa.section-lc-math"",""ttp.r014.qa.section-lc-language""]"
r014.backend.record,1.0.0,ttp.r014.unit.sec.awtwwc.discussion.03,unit,active,ttp.r014.yaintt,ttp.r014.yaintt,ttp.r014.edition.id-id.boundary10,id-ID,2026-08-21T13:53:00+02:00,codex.r014.id-ID,,discussion,ttp.r014.unit.sec.awtwwc,9,0009,generated:discussion:sec:AWtWwC:03,Arithmetic on congruence classes,Aritmetika pada kelas kongruensi,"{""end_line"":1981,""path"":""authority/downloads/yaintt.tex"",""start_line"":1977}",ac72bc4978632e9e103a94606f5aa9676448b92b4de90b7c5f0e0fc6320c1eef,"{""end_line"":2224,""path"":""qa/frozen-boundaries/boundary10/yaintt-id.tex"",""start_line"":2220}",b0b57b9e12a747f2ff8e74b5fcaec24a59e02499aa17a5515d681510ba886f57,language_reviewed,rights.yaintt.id-id.derivative.boundary10,"[""ttp.r014.unit.book"",""ttp.r014.unit.chap.cs"",""ttp.r014.unit.sec.awtwwc"",""ttp.r014.unit.sec.awtwwc.discussion.03""]",ttp.r014.unit.book/ttp.r014.unit.chap.cs/ttp.r014.unit.sec.awtwwc/ttp.r014.unit.sec.awtwwc.discussion.03,generated_stable_id,,,"[""ttp.r014.qa.section-awtwwc-topology"",""ttp.r014.qa.section-awtwwc-math"",""ttp.r014.qa.section-awtwwc-language""]"
r014.backend.record,1.0.0,ttp.r014.unit.sec.dada.exercise.09,unit,active,ttp.r014.yaintt,ttp.r014.yaintt,ttp.r014.edition.id-id.boundary3,id-ID,2026-08-21T13:53:00+02:00,codex.r014.id-ID,,exercise,ttp.r014.unit.sec.dada.exercises,9,0009,generated:exercise:sec:DaDA:09,Exercise 9,Latihan 9,"{""end_line"":815,""path"":""authority/downloads/yaintt.tex"",""start_line"":813}",f7e07bcec44d881c883f401ad8d9769f2464d5bd777f59192b80fa9083f499ba,"{""end_line"":897,""path"":""qa/frozen-boundaries/boundary3/yaintt-id.tex"",""start_line"":894}",1ff2849b330a88ec4591752e9fa8bc62ff39905e9d622ae515f584baee10bcca,language_reviewed,rights.yaintt.id-id.derivative,"[""ttp.r014.unit.book"",""ttp.r014.unit.chap.woad"",""ttp.r014.unit.sec.dada"",""ttp.r014.unit.sec.dada.exercises"",""ttp.r014.unit.sec.dada.exercise.09""]",ttp.r014.unit.book/ttp.r014.unit.chap.woad/ttp.r014.unit.sec.dada/ttp.r014.unit.sec.dada.exercises/ttp.r014.unit.sec.dada.exercise.09,generated_stable_id,"{""answers"":[],""hints"":[],""solutions"":[],""status"":""source_has_none""}",,"[""ttp.r014.qa.section-dada-topology"",""ttp.r014.qa.section-dada-math"",""ttp.r014.qa.section-dada-language""]"
r014.backend.record,1.0.0,ttp.r014.unit.sec.gcd.exercise.09,unit,active,ttp.r014.yaintt,ttp.r014.yaintt,ttp.r014.edition.id-id.boundary5,id-ID,2026-08-21T13:53:00+02:00,codex.r014.id-ID,,exercise,ttp.r014.unit.sec.gcd.exercises,9,0009,generated:exercise:gcd:09,Exercise 9,Latihan 9,"{""end_line"":1215,""path"":""authority/downloads/yaintt.tex"",""start_line"":1211}",751706589bc86b6acb4b60e032d0058f358611baa9ce2098b7b97c38039450bb,"{""end_line"":1339,""path"":""qa/frozen-boundaries/boundary5/yaintt-id.tex"",""start_line"":1334}",d38a7c837c086442d9e198a17be7043e699753349a9bf5d0c6231d47fceff808,language_reviewed,rights.yaintt.id-id.derivative.boundary5,"[""ttp.r014.unit.book"",""ttp.r014.unit.chap.woad"",""ttp.r014.unit.sec.gcd"",""ttp.r014.unit.sec.gcd.exercises"",""ttp.r014.unit.sec.gcd.exercise.09""]",ttp.r014.unit.book/ttp.r014.unit.chap.woad/ttp.r014.unit.sec.gcd/ttp.r014.unit.sec.gcd.exercises/ttp.r014.unit.sec.gcd.exercise.09,generated_stable_id,"{""answers"":[],""hints"":[],""solutions"":[],""status"":""source_has_none""}",,"[""ttp.r014.qa.section-gcd-topology"",""ttp.r014.qa.section-gcd-math"",""ttp.r014.qa.section-gcd-language""]"
r014.backend.record,1.0.0,ttp.r014.unit.sec.gcd.theorem.invariance,unit,active,ttp.r014.yaintt,ttp.r014.yaintt,ttp.r014.edition.id-id.boundary5,id-ID,2026-08-21T13:53:00+02:00,codex.r014.id-ID,,theorem,ttp.r014.unit.sec.gcd,9,0009,generated:theorem:gcd:01,GCD invariant under adding a multiple,FPB invarian terhadap penambahan kelipatan,"{""end_line"":1062,""path"":""authority/downloads/yaintt.tex"",""start_line"":1060}",a79018791541752a75cdba1c3fdd26bb29af9c9d05e81c428b6d0904d71acd34,"{""end_line"":1175,""path"":""qa/frozen-boundaries/boundary5/yaintt-id.tex"",""start_line"":1173}",0a96fcfaeed02f7ce046b9fd6ae0ecb30d43972b10d27030d183b3fa67f1b5d1,language_reviewed,rights.yaintt.id-id.derivative.boundary5,"[""ttp.r014.unit.book"",""ttp.r014.unit.chap.woad"",""ttp.r014.unit.sec.gcd"",""ttp.r014.unit.sec.gcd.theorem.invariance""]",ttp.r014.unit.book/ttp.r014.unit.chap.woad/ttp.r014.unit.sec.gcd/ttp.r014.unit.sec.gcd.theorem.invariance,generated_stable_id,,,"[""ttp.r014.qa.section-gcd-topology"",""ttp.r014.qa.section-gcd-math"",""ttp.r014.qa.section-gcd-language""]"
r014.backend.record,1.0.0,ttp.r014.unit.sec.itc.discussion.04,unit,active,ttp.r014.yaintt,ttp.r014.yaintt,ttp.r014.edition.id-id.boundary7,id-ID,2026-08-21T13:53:00+02:00,codex.r014.id-ID,,discussion,ttp.r014.unit.sec.itc,9,0009,generated:discussion:sec:ItC:04,Introduction to Euclid's Lemma,Pengantar Lemma Euklides,"{""end_line"":1512,""path"":""authority/downloads/yaintt.tex"",""start_line"":1509}",3f88718612a48e3e255caa8dd4deb754a626c1592e3f1f2f65b8cab3f6ceeff9,"{""end_line"":1673,""path"":""qa/frozen-boundaries/boundary7/yaintt-id.tex"",""start_line"":1670}",1fa9a794a74df60d64ec10158aaf71ede9b0787ec5eea65e089bfceede13f1c3,language_reviewed,rights.yaintt.id-id.derivative.boundary7,"[""ttp.r014.unit.book"",""ttp.r014.unit.chap.cs"",""ttp.r014.unit.sec.itc"",""ttp.r014.unit.sec.itc.discussion.04""]",ttp.r014.unit.book/ttp.r014.unit.chap.cs/ttp.r014.unit.sec.itc/ttp.r014.unit.sec.itc.discussion.04,generated_stable_id,,,"[""ttp.r014.qa.section-itc-topology"",""ttp.r014.qa.section-itc-math"",""ttp.r014.qa.section-itc-language""]"
r014.backend.record,1.0.0,ttp.r014.unit.def.congruence-class-operations,unit,active,ttp.r014.yaintt,ttp.r014.yaintt,ttp.r014.edition.id-id.boundary10,id-ID,2026-08-21T13:53:00+02:00,codex.r014.id-ID,,definition,ttp.r014.unit.sec.awtwwc,10,0010,generated:definition:sec:AWtWwC:03,Addition and multiplication of congruence classes,Penjumlahan dan perkalian kelas kongruensi,"{""end_line"":1989,""path"":""authority/downloads/yaintt.tex"",""start_line"":1983}",7a249b6534da9ae8280fca905684c5888974cb226f77efa5042832bd824b077b,"{""end_line"":2232,""path"":""qa/frozen-boundaries/boundary10/yaintt-id.tex"",""start_line"":2226}",3af353179769641924eb8727d68c22c50c80cd21741c0631d3dc8eced697b374,language_reviewed,rights.yaintt.id-id.derivative.boundary10,"[""ttp.r014.unit.book"",""ttp.r014.unit.chap.cs"",""ttp.r014.unit.sec.awtwwc"",""ttp.r014.unit.def.congruence-class-operations""]",ttp.r014.unit.book/ttp.r014.unit.chap.cs/ttp.r014.unit.sec.awtwwc/ttp.r014.unit.def.congruence-class-operations,generated_stable_id,,,"[""ttp.r014.qa.section-awtwwc-topology"",""ttp.r014.qa.section-awtwwc-math"",""ttp.r014.qa.section-awtwwc-language""]"
r014.backend.record,1.0.0,ttp.r014.unit.eg.gcdc,unit,active,ttp.r014.yaintt,ttp.r014.yaintt,ttp.r014.edition.id-id.boundary5,id-ID,2026-08-21T13:53:00+02:00,codex.r014.id-ID,,example,ttp.r014.unit.sec.gcd,10,0010,eg:gcdc,GCD by subtracting a multiple,FPB melalui pengurangan kelipatan,"{""end_line"":1082,""path"":""authority/downloads/yaintt.tex"",""start_line"":1080}",ce819dfe529d897f70d99a3e4b1181d05554986a37aa9ad0ed984ed43542390a,"{""end_line"":1196,""path"":""qa/frozen-boundaries/boundary5/yaintt-id.tex"",""start_line"":1194}",5d40393ad3ae281cdb5eb79a6b1f0de8fca9138995f3d4757e02d9e3bf1ba59c,language_reviewed,rights.yaintt.id-id.derivative.boundary5,"[""ttp.r014.unit.book"",""ttp.r014.unit.chap.woad"",""ttp.r014.unit.sec.gcd"",""ttp.r014.unit.eg.gcdc""]",ttp.r014.unit.book/ttp.r014.unit.chap.woad/ttp.r014.unit.sec.gcd/ttp.r014.unit.eg.gcdc,source_label,,,"[""ttp.r014.qa.section-gcd-topology"",""ttp.r014.qa.section-gcd-math"",""ttp.r014.qa.section-gcd-language""]"
r014.backend.record,1.0.0,ttp.r014.unit.eg.multiplesolscongs,unit,active,ttp.r014.yaintt,ttp.r014.yaintt,ttp.r014.edition.id-id.boundary8,id-ID,2026-08-21T13:53:00+02:00,codex.r014.id-ID,,example,ttp.r014.unit.sec.lc,10,0010,eg:multiplesolscongs,Three solution classes modulo 6,Tiga kelas solusi modulo 6,"{""end_line"":1715,""path"":""authority/downloads/yaintt.tex"",""start_line"":1707}",d471acbc1b85e53db5d5531ef82852c16825d9cd8eefadc696ac53b6e72fe136,"{""end_line"":1925,""path"":""qa/frozen-boundaries/boundary8/yaintt-id.tex"",""start_line"":1914}",5b3c8a47607e0e35ec1f5275341c850e31b065b4e56f84c8a7f6836fe39f54f8,language_reviewed,rights.yaintt.id-id.derivative.boundary8,"[""ttp.r014.unit.book"",""ttp.r014.unit.chap.cs"",""ttp.r014.unit.sec.lc"",""ttp.r014.unit.eg.multiplesolscongs""]",ttp.r014.unit.book/ttp.r014.unit.chap.cs/ttp.r014.unit.sec.lc/ttp.r014.unit.eg.multiplesolscongs,source_label,,,"[""ttp.r014.qa.section-lc-topology"",""ttp.r014.qa.section-lc-math"",""ttp.r014.qa.section-lc-language""]"
r014.backend.record,1.0.0,ttp.r014.unit.lem.euclids,unit,active,ttp.r014.yaintt,ttp.r014.yaintt,ttp.r014.edition.id-id.boundary7,id-ID,2026-08-21T13:53:00+02:00,codex.r014.id-ID,,lemma,ttp.r014.unit.sec.itc,10,0010,lem:euclids,Euclid's Lemma,Lemma Euklides,"{""end_line"":1517,""path"":""authority/downloads/yaintt.tex"",""start_line"":1513}",9a9450a92a63757365674cda32f1870cdca0a56657443bd9d5d340d02275c3ed,"{""end_line"":1679,""path"":""qa/frozen-boundaries/boundary7/yaintt-id.tex"",""start_line"":1674}",3618ebea8010bb8c5328b46972cc8883da79135ed4825817fe9b5c9851e9c2f4,language_reviewed,rights.yaintt.id-id.derivative.boundary7,"[""ttp.r014.unit.book"",""ttp.r014.unit.chap.cs"",""ttp.r014.unit.sec.itc"",""ttp.r014.unit.lem.euclids""]",ttp.r014.unit.book/ttp.r014.unit.chap.cs/ttp.r014.unit.sec.itc/ttp.r014.unit.lem.euclids,source_label,,,"[""ttp.r014.qa.section-itc-topology"",""ttp.r014.qa.section-itc-math"",""ttp.r014.qa.section-itc-language""]"
r014.backend.record,1.0.0,ttp.r014.unit.sec.dada.discussion.linear-combination,unit,active,ttp.r014.yaintt,ttp.r014.yaintt,ttp.r014.edition.id-id.boundary3,id-ID,2026-08-21T13:53:00+02:00,codex.r014.id-ID,,discussion,ttp.r014.unit.sec.dada.subsection.divisibility,10,0010,generated:discussion:sec:DaDA:03,Linear-combination introduction,Pengantar kombinasi linear,"{""end_line"":704,""path"":""authority/downloads/yaintt.tex"",""start_line"":701}",2c62300c1ccbd6125b1b5f78e38981640995b9c95fce24682e4da25da2de6c63,"{""end_line"":783,""path"":""qa/frozen-boundaries/boundary3/yaintt-id.tex"",""start_line"":780}",ed6eab3d6cc5f997ba637de2b16625d108194e20a05108c66f5c6b14a6492f04,language_reviewed,rights.yaintt.id-id.derivative,"[""ttp.r014.unit.book"",""ttp.r014.unit.chap.woad"",""ttp.r014.unit.sec.dada"",""ttp.r014.unit.sec.dada.subsection.divisibility"",""ttp.r014.unit.sec.dada.discussion.linear-combination""]",ttp.r014.unit.book/ttp.r014.unit.chap.woad/ttp.r014.unit.sec.dada/ttp.r014.unit.sec.dada.subsection.divisibility/ttp.r014.unit.sec.dada.discussion.linear-combination,generated_stable_id,,,"[""ttp.r014.qa.section-dada-topology"",""ttp.r014.qa.section-dada-math"",""ttp.r014.qa.section-dada-language""]"
r014.backend.record,1.0.0,ttp.r014.unit.sec.dada.exercise.10,unit,active,ttp.r014.yaintt,ttp.r014.yaintt,ttp.r014.edition.id-id.boundary3,id-ID,2026-08-21T13:53:00+02:00,codex.r014.id-ID,,exercise,ttp.r014.unit.sec.dada.exercises,10,0010,generated:exercise:sec:DaDA:10,Exercise 10,Latihan 10,"{""end_line"":819,""path"":""authority/downloads/yaintt.tex"",""start_line"":816}",b6931d8906f2fe1d51323ede64f2f143a25009f8645b26ab0dd5982be0c8f5dd,"{""end_line"":902,""path"":""qa/frozen-boundaries/boundary3/yaintt-id.tex"",""start_line"":898}",d714b3c6740922acc054a649904c2c76280727b260e4282864d04daeb6a9f280,language_reviewed,rights.yaintt.id-id.derivative,"[""ttp.r014.unit.book"",""ttp.r014.unit.chap.woad"",""ttp.r014.unit.sec.dada"",""ttp.r014.unit.sec.dada.exercises"",""ttp.r014.unit.sec.dada.exercise.10""]",ttp.r014.unit.book/ttp.r014.unit.chap.woad/ttp.r014.unit.sec.dada/ttp.r014.unit.sec.dada.exercises/ttp.r014.unit.sec.dada.exercise.10,generated_stable_id,"{""answers"":[],""hints"":[],""solutions"":[],""status"":""source_has_none""}",,"[""ttp.r014.qa.section-dada-topology"",""ttp.r014.qa.section-dada-math"",""ttp.r014.qa.section-dada-language""]"
r014.backend.record,1.0.0,ttp.r014.unit.sec.dada.exercise.11,unit,active,ttp.r014.yaintt,ttp.r014.yaintt,ttp.r014.edition.id-id.boundary3,id-ID,2026-08-21T13:53:00+02:00,codex.r014.id-ID,,exercise,ttp.r014.unit.sec.dada.exercises,11,0011,generated:exercise:sec:DaDA:11,Exercise 11,Latihan 11,"{""end_line"":822,""path"":""authority/downloads/yaintt.tex"",""start_line"":820}",1d4b2f25a8707187d35bec9bd3ed653b642494dab17856909a3809a9fbd8c95e,"{""end_line"":905,""path"":""qa/frozen-boundaries/boundary3/yaintt-id.tex"",""start_line"":903}",4c60f88f0e609bb45cf188d5717b909436cc5106b9a305859eeb8b74d61722f7,language_reviewed,rights.yaintt.id-id.derivative,"[""ttp.r014.unit.book"",""ttp.r014.unit.chap.woad"",""ttp.r014.unit.sec.dada"",""ttp.r014.unit.sec.dada.exercises"",""ttp.r014.unit.sec.dada.exercise.11""]",ttp.r014.unit.book/ttp.r014.unit.chap.woad/ttp.r014.unit.sec.dada/ttp.r014.unit.sec.dada.exercises/ttp.r014.unit.sec.dada.exercise.11,generated_stable_id,"{""answers"":[],""hints"":[],""solutions"":[],""status"":""source_has_none""}",,"[""ttp.r014.qa.section-dada-topology"",""ttp.r014.qa.section-dada-math"",""ttp.r014.qa.section-dada-language""]"
r014.backend.record,1.0.0,ttp.r014.unit.sec.gcd.discussion.04,unit,active,ttp.r014.yaintt,ttp.r014.yaintt,ttp.r014.edition.id-id.boundary5,id-ID,2026-08-21T13:53:00+02:00,codex.r014.id-ID,,discussion,ttp.r014.unit.sec.gcd,11,0011,generated:discussion:gcd:04,Linear-combination introduction,Pengantar kombinasi linear,"{""end_line"":1088,""path"":""authority/downloads/yaintt.tex"",""start_line"":1084}",e6e46dcfbe37054fc5e89a69c8abc77f78b9042a95f2c03da0216bd49b219579,"{""end_line"":1202,""path"":""qa/frozen-boundaries/boundary5/yaintt-id.tex"",""start_line"":1198}",010c0913567fe19db3d3282b59a6767f886da70773f72e03ee02f8d45f9f5600,language_reviewed,rights.yaintt.id-id.derivative.boundary5,"[""ttp.r014.unit.book"",""ttp.r014.unit.chap.woad"",""ttp.r014.unit.sec.gcd"",""ttp.r014.unit.sec.gcd.discussion.04""]",ttp.r014.unit.book/ttp.r014.unit.chap.woad/ttp.r014.unit.sec.gcd/ttp.r014.unit.sec.gcd.discussion.04,generated_stable_id,,,"[""ttp.r014.qa.section-gcd-topology"",""ttp.r014.qa.section-gcd-math"",""ttp.r014.qa.section-gcd-language""]"
r014.backend.record,1.0.0,ttp.r014.unit.sec.itc.discussion.05,unit,active,ttp.r014.yaintt,ttp.r014.yaintt,ttp.r014.edition.id-id.boundary7,id-ID,2026-08-21T13:53:00+02:00,codex.r014.id-ID,,discussion,ttp.r014.unit.sec.itc,11,0011,generated:discussion:sec:ItC:05,Dividing congruences,Membagi kongruensi,"{""end_line"":1532,""path"":""authority/downloads/yaintt.tex"",""start_line"":1525}",99d0463e7f91e282b59b3815d1ef2fc923fa66b653d1e28852e63c481a85fece,"{""end_line"":1694,""path"":""qa/frozen-boundaries/boundary7/yaintt-id.tex"",""start_line"":1687}",0828ade4970366b912417a8ae2c1b537cb27664adac9cd964fd9db59219321ee,language_reviewed,rights.yaintt.id-id.derivative.boundary7,"[""ttp.r014.unit.book"",""ttp.r014.unit.chap.cs"",""ttp.r014.unit.sec.itc"",""ttp.r014.unit.sec.itc.discussion.05""]",ttp.r014.unit.book/ttp.r014.unit.chap.cs/ttp.r014.unit.sec.itc/ttp.r014.unit.sec.itc.discussion.05,generated_stable_id,,,"[""ttp.r014.qa.section-itc-topology"",""ttp.r014.qa.section-itc-math"",""ttp.r014.qa.section-itc-language""]"
r014.backend.record,1.0.0,ttp.r014.unit.sec.lc.discussion.05,unit,active,ttp.r014.yaintt,ttp.r014.yaintt,ttp.r014.edition.id-id.boundary8,id-ID,2026-08-21T13:53:00+02:00,codex.r014.id-ID,,discussion,ttp.r014.unit.sec.lc,11,0011,generated:discussion:sec:LC:05,Introduction to modular inverses,Pengantar invers modular,"{""end_line"":1722,""path"":""authority/downloads/yaintt.tex"",""start_line"":1717}",9c1d1aa929c131d748221dd6cadd71773db99d55f70713b0543305ee64ede36f,"{""end_line"":1932,""path"":""qa/frozen-boundaries/boundary8/yaintt-id.tex"",""start_line"":1927}",7cecd5be209e93b189e1eac7a635ff2331dcde4a832be87ccfc30721d760074c,language_reviewed,rights.yaintt.id-id.derivative.boundary8,"[""ttp.r014.unit.book"",""ttp.r014.unit.chap.cs"",""ttp.r014.unit.sec.lc"",""ttp.r014.unit.sec.lc.discussion.05""]",ttp.r014.unit.book/ttp.r014.unit.chap.cs/ttp.r014.unit.sec.lc/ttp.r014.unit.sec.lc.discussion.05,generated_stable_id,,,"[""ttp.r014.qa.section-lc-topology"",""ttp.r014.qa.section-lc-math"",""ttp.r014.qa.section-lc-language""]"
r014.backend.record,1.0.0,ttp.r014.unit.thm.divisibilitylincombs,unit,active,ttp.r014.yaintt,ttp.r014.yaintt,ttp.r014.edition.id-id.boundary3,id-ID,2026-08-21T13:53:00+02:00,codex.r014.id-ID,,theorem,ttp.r014.unit.sec.dada.subsection.divisibility,11,0011,thm:divisibilitylincombs,Divisibility of linear combinations,Keterbagian kombinasi linear,"{""end_line"":708,""path"":""authority/downloads/yaintt.tex"",""start_line"":706}",0337d3ac44a9dc76c4d20a02747680c7ed8247d7ed052c04e5e2043e5ed6115c,"{""end_line"":788,""path"":""qa/frozen-boundaries/boundary3/yaintt-id.tex"",""start_line"":785}",898af25012ae03124fdb2365beddf40e44fe4994ba166607fd22ef23318120e1,language_reviewed,rights.yaintt.id-id.derivative,"[""ttp.r014.unit.book"",""ttp.r014.unit.chap.woad"",""ttp.r014.unit.sec.dada"",""ttp.r014.unit.sec.dada.subsection.divisibility"",""ttp.r014.unit.thm.divisibilitylincombs""]",ttp.r014.unit.book/ttp.r014.unit.chap.woad/ttp.r014.unit.sec.dada/ttp.r014.unit.sec.dada.subsection.divisibility/ttp.r014.unit.thm.divisibilitylincombs,source_label,,,"[""ttp.r014.qa.section-dada-topology"",""ttp.r014.qa.section-dada-math"",""ttp.r014.qa.section-dada-language""]"
r014.backend.record,1.0.0,ttp.r014.unit.thm.plustimeswelldefined,unit,active,ttp.r014.yaintt,ttp.r014.yaintt,ttp.r014.edition.id-id.boundary10,id-ID,2026-08-21T13:53:00+02:00,codex.r014.id-ID,,theorem,ttp.r014.unit.sec.awtwwc,11,0011,thm:plustimeswelldefined,Congruence-class operations are well-defined,Operasi kelas kongruensi terdefinisi dengan baik,"{""end_line"":1995,""path"":""authority/downloads/yaintt.tex"",""start_line"":1991}",1574f3879752da37b83f26627baef4470c786f6352917639aab3c7f9358aca56,"{""end_line"":2238,""path"":""qa/frozen-boundaries/boundary10/yaintt-id.tex"",""start_line"":2234}",0bf622b11e2e85b6e408074a6ea8c534204ec8eb30586572319feb82b80f59a6,language_reviewed,rights.yaintt.id-id.derivative.boundary10,"[""ttp.r014.unit.book"",""ttp.r014.unit.chap.cs"",""ttp.r014.unit.sec.awtwwc"",""ttp.r014.unit.thm.plustimeswelldefined""]",ttp.r014.unit.book/ttp.r014.unit.chap.cs/ttp.r014.unit.sec.awtwwc/ttp.r014.unit.thm.plustimeswelldefined,source_label,,,"[""ttp.r014.qa.section-awtwwc-topology"",""ttp.r014.qa.section-awtwwc-math"",""ttp.r014.qa.section-awtwwc-language""]"
r014.backend.record,1.0.0,ttp.r014.unit.def.modularinverse,unit,active,ttp.r014.yaintt,ttp.r014.yaintt,ttp.r014.edition.id-id.boundary8,id-ID,2026-08-21T13:53:00+02:00,codex.r014.id-ID,,definition,ttp.r014.unit.sec.lc,12,0012,generated:definition:sec:LC:03,Inverse modulo n,Invers modulo n,"{""end_line"":1730,""path"":""authority/downloads/yaintt.tex"",""start_line"":1724}",ce4d770b530b01f9773b9e108e51bb190b514bca0194d7cd0713fec575af75f6,"{""end_line"":1940,""path"":""qa/frozen-boundaries/boundary8/yaintt-id.tex"",""start_line"":1934}",a0ff94539e3adda6e5cd97c82b3d8089affe7b85e284687b9083f980d0f341a9,language_reviewed,rights.yaintt.id-id.derivative.boundary8,"[""ttp.r014.unit.book"",""ttp.r014.unit.chap.cs"",""ttp.r014.unit.sec.lc"",""ttp.r014.unit.def.modularinverse""]",ttp.r014.unit.book/ttp.r014.unit.chap.cs/ttp.r014.unit.sec.lc/ttp.r014.unit.def.modularinverse,generated_stable_id,,,"[""ttp.r014.qa.section-lc-topology"",""ttp.r014.qa.section-lc-math"",""ttp.r014.qa.section-lc-language""]"
r014.backend.record,1.0.0,ttp.r014.unit.sec.awtwwc.discussion.04,unit,active,ttp.r014.yaintt,ttp.r014.yaintt,ttp.r014.edition.id-id.boundary10,id-ID,2026-08-21T13:53:00+02:00,codex.r014.id-ID,,discussion,ttp.r014.unit.sec.awtwwc,12,0012,generated:discussion:sec:AWtWwC:04,Arithmetic properties inherited by congruence classes,Sifat aritmetika yang diwarisi kelas kongruensi,"{""end_line"":2008,""path"":""authority/downloads/yaintt.tex"",""start_line"":2006}",67093dfee3187dd16b78c8455ad47140e948c2babadbc914666162ba98010f60,"{""end_line"":2251,""path"":""qa/frozen-boundaries/boundary10/yaintt-id.tex"",""start_line"":2249}",84ec98d5a0a8cae173f31c493ebbbad85823cbf8a75d36bc0f0357b039b8a008,language_reviewed,rights.yaintt.id-id.derivative.boundary10,"[""ttp.r014.unit.book"",""ttp.r014.unit.chap.cs"",""ttp.r014.unit.sec.awtwwc"",""ttp.r014.unit.sec.awtwwc.discussion.04""]",ttp.r014.unit.book/ttp.r014.unit.chap.cs/ttp.r014.unit.sec.awtwwc/ttp.r014.unit.sec.awtwwc.discussion.04,generated_stable_id,,,"[""ttp.r014.qa.section-awtwwc-topology"",""ttp.r014.qa.section-awtwwc-math"",""ttp.r014.qa.section-awtwwc-language""]"
r014.backend.record,1.0.0,ttp.r014.unit.sec.dada.discussion.finite-combination,unit,active,ttp.r014.yaintt,ttp.r014.yaintt,ttp.r014.edition.id-id.boundary3,id-ID,2026-08-21T13:53:00+02:00,codex.r014.id-ID,,discussion,ttp.r014.unit.sec.dada.subsection.divisibility,12,0012,generated:discussion:sec:DaDA:04,Finite linear combinations,Kombinasi linear berhingga,"{""end_line"":730,""path"":""authority/downloads/yaintt.tex"",""start_line"":718}",3eab23d2cb53b6e9fe9baea4512b5bc10497f204f3c5ce790bed25c5f01e83ce,"{""end_line"":809,""path"":""qa/frozen-boundaries/boundary3/yaintt-id.tex"",""start_line"":798}",2edb834bedd485363c5a9465497345c236df5668704734b8ab853e779deaa183,language_reviewed,rights.yaintt.id-id.derivative,"[""ttp.r014.unit.book"",""ttp.r014.unit.chap.woad"",""ttp.r014.unit.sec.dada"",""ttp.r014.unit.sec.dada.subsection.divisibility"",""ttp.r014.unit.sec.dada.discussion.finite-combination""]",ttp.r014.unit.book/ttp.r014.unit.chap.woad/ttp.r014.unit.sec.dada/ttp.r014.unit.sec.dada.subsection.divisibility/ttp.r014.unit.sec.dada.discussion.finite-combination,generated_stable_id,,,"[""ttp.r014.qa.section-dada-topology"",""ttp.r014.qa.section-dada-math"",""ttp.r014.qa.section-dada-language""]"
r014.backend.record,1.0.0,ttp.r014.unit.sec.dada.exercise.12,unit,active,ttp.r014.yaintt,ttp.r014.yaintt,ttp.r014.edition.id-id.boundary3,id-ID,2026-08-21T13:53:00+02:00,codex.r014.id-ID,,exercise,ttp.r014.unit.sec.dada.exercises,12,0012,generated:exercise:sec:DaDA:12,Exercise 12,Latihan 12,"{""end_line"":825,""path"":""authority/downloads/yaintt.tex"",""start_line"":823}",b6e366be053e7a8a10648604cfdce1bd88db4904608edff3c1b58dd07212cd84,"{""end_line"":908,""path"":""qa/frozen-boundaries/boundary3/yaintt-id.tex"",""start_line"":906}",d637985ed28f9b1941dd76782b7b7781e848344faa9be4d844c6c275ef728b54,language_reviewed,rights.yaintt.id-id.derivative,"[""ttp.r014.unit.book"",""ttp.r014.unit.chap.woad"",""ttp.r014.unit.sec.dada"",""ttp.r014.unit.sec.dada.exercises"",""ttp.r014.unit.sec.dada.exercise.12""]",ttp.r014.unit.book/ttp.r014.unit.chap.woad/ttp.r014.unit.sec.dada/ttp.r014.unit.sec.dada.exercises/ttp.r014.unit.sec.dada.exercise.12,generated_stable_id,"{""answers"":[],""hints"":[],""solutions"":[],""status"":""source_has_none""}",,"[""ttp.r014.qa.section-dada-topology"",""ttp.r014.qa.section-dada-math"",""ttp.r014.qa.section-dada-language""]"
r014.backend.record,1.0.0,ttp.r014.unit.thm.congcanc,unit,active,ttp.r014.yaintt,ttp.r014.yaintt,ttp.r014.edition.id-id.boundary7,id-ID,2026-08-21T13:53:00+02:00,codex.r014.id-ID,,theorem,ttp.r014.unit.sec.itc,12,0012,thm:congcanc,Cancellation in congruences,Pencoretan dalam kongruensi,"{""end_line"":1545,""path"":""authority/downloads/yaintt.tex"",""start_line"":1534}",aee3825efee0f5f2ce10c004ca802dbb99256ba9b3338ff0cabb005b82e43015,"{""end_line"":1709,""path"":""qa/frozen-boundaries/boundary7/yaintt-id.tex"",""start_line"":1696}",ad1b9be843b0ed31d780f7bf5e9ba13fd1eb5222e3337768c1bbd91d202c8237,language_reviewed,rights.yaintt.id-id.derivative.boundary7,"[""ttp.r014.unit.book"",""ttp.r014.unit.chap.cs"",""ttp.r014.unit.sec.itc"",""ttp.r014.unit.thm.congcanc""]",ttp.r014.unit.book/ttp.r014.unit.chap.cs/ttp.r014.unit.sec.itc/ttp.r014.unit.thm.congcanc,source_label,,,"[""ttp.r014.qa.section-itc-topology"",""ttp.r014.qa.section-itc-math"",""ttp.r014.qa.section-itc-language""]"
r014.backend.record,1.0.0,ttp.r014.unit.thm.gcdislincomb,unit,active,ttp.r014.yaintt,ttp.r014.yaintt,ttp.r014.edition.id-id.boundary5,id-ID,2026-08-21T13:53:00+02:00,codex.r014.id-ID,,theorem,ttp.r014.unit.sec.gcd,12,0012,thm:gcdislincomb,GCD as the least positive linear combination,FPB sebagai kombinasi linear positif terkecil,"{""end_line"":1094,""path"":""authority/downloads/yaintt.tex"",""start_line"":1090}",b7908981c1b3640203d54fe7f4d7b28e06291021cf803f14067a1279fcce114d,"{""end_line"":1208,""path"":""qa/frozen-boundaries/boundary5/yaintt-id.tex"",""start_line"":1204}",2e6f2be77437594ed3ba312ad8ee6f96306d5de316be358e3c9f0a25fc499a98,language_reviewed,rights.yaintt.id-id.derivative.boundary5,"[""ttp.r014.unit.book"",""ttp.r014.unit.chap.woad"",""ttp.r014.unit.sec.gcd"",""ttp.r014.unit.thm.gcdislincomb""]",ttp.r014.unit.book/ttp.r014.unit.chap.woad/ttp.r014.unit.sec.gcd/ttp.r014.unit.thm.gcdislincomb,source_label,,,"[""ttp.r014.qa.section-gcd-topology"",""ttp.r014.qa.section-gcd-math"",""ttp.r014.qa.section-gcd-language""]"
r014.backend.record,1.0.0,ttp.r014.unit.eg.solvcongs,unit,active,ttp.r014.yaintt,ttp.r014.yaintt,ttp.r014.edition.id-id.boundary7,id-ID,2026-08-21T13:53:00+02:00,codex.r014.id-ID,,example,ttp.r014.unit.sec.itc,13,0013,eg:solvcongs,Cancelling a congruence,Mencoret faktor dalam kongruensi,"{""end_line"":1565,""path"":""authority/downloads/yaintt.tex"",""start_line"":1562}",b5a5618a92c1fd3181e8e755f06c9b348a7d4a313653a0eb849368f64832af55,"{""end_line"":1731,""path"":""qa/frozen-boundaries/boundary7/yaintt-id.tex"",""start_line"":1727}",d9a95029f102d83df2535c10ee7dc9813eaad20743131b89d9982234b1d68e80,language_reviewed,rights.yaintt.id-id.derivative.boundary7,"[""ttp.r014.unit.book"",""ttp.r014.unit.chap.cs"",""ttp.r014.unit.sec.itc"",""ttp.r014.unit.eg.solvcongs""]",ttp.r014.unit.book/ttp.r014.unit.chap.cs/ttp.r014.unit.sec.itc/ttp.r014.unit.eg.solvcongs,source_label,,,"[""ttp.r014.qa.section-itc-topology"",""ttp.r014.qa.section-itc-math"",""ttp.r014.qa.section-itc-language""]"
r014.backend.record,1.0.0,ttp.r014.unit.sec.gcd.discussion.05,unit,active,ttp.r014.yaintt,ttp.r014.yaintt,ttp.r014.edition.id-id.boundary5,id-ID,2026-08-21T13:53:00+02:00,codex.r014.id-ID,,discussion,ttp.r014.unit.sec.gcd,13,0013,generated:discussion:gcd:05,Relatively-prime corollary introduction,Pengantar akibat relatif prima,"{""end_line"":1132,""path"":""authority/downloads/yaintt.tex"",""start_line"":1130}",8636fd3cf0cf86dab11f99f63408a29f8327b9f2033b0abf43aa4695de416d02,"{""end_line"":1248,""path"":""qa/frozen-boundaries/boundary5/yaintt-id.tex"",""start_line"":1246}",1d4ffbe0098b7e5c2ccc08f1ef044f83b814d81c68866b1682b7ca1a2e08123e,language_reviewed,rights.yaintt.id-id.derivative.boundary5,"[""ttp.r014.unit.book"",""ttp.r014.unit.chap.woad"",""ttp.r014.unit.sec.gcd"",""ttp.r014.unit.sec.gcd.discussion.05""]",ttp.r014.unit.book/ttp.r014.unit.chap.woad/ttp.r014.unit.sec.gcd/ttp.r014.unit.sec.gcd.discussion.05,generated_stable_id,,,"[""ttp.r014.qa.section-gcd-topology"",""ttp.r014.qa.section-gcd-math"",""ttp.r014.qa.section-gcd-language""]"
r014.backend.record,1.0.0,ttp.r014.unit.sec.lc.discussion.06,unit,active,ttp.r014.yaintt,ttp.r014.yaintt,ttp.r014.edition.id-id.boundary8,id-ID,2026-08-21T13:53:00+02:00,codex.r014.id-ID,,discussion,ttp.r014.unit.sec.lc,13,0013,generated:discussion:sec:LC:06,Modular-inverse existence bridge,Jembatan keberadaan invers modular,"{""end_line"":1736,""path"":""authority/downloads/yaintt.tex"",""start_line"":1732}",c27b9b7749b9101f3f60ff93d8ea9c300e195fa754c0ef36e432044591653573,"{""end_line"":1946,""path"":""qa/frozen-boundaries/boundary8/yaintt-id.tex"",""start_line"":1942}",f0c81d142685465f35fcbe6ae5211f6414ca45296ee6375928127227eb55c33e,language_reviewed,rights.yaintt.id-id.derivative.boundary8,"[""ttp.r014.unit.book"",""ttp.r014.unit.chap.cs"",""ttp.r014.unit.sec.lc"",""ttp.r014.unit.sec.lc.discussion.06""]",ttp.r014.unit.book/ttp.r014.unit.chap.cs/ttp.r014.unit.sec.lc/ttp.r014.unit.sec.lc.discussion.06,generated_stable_id,,,"[""ttp.r014.qa.section-lc-topology"",""ttp.r014.qa.section-lc-math"",""ttp.r014.qa.section-lc-language""]"
r014.backend.record,1.0.0,ttp.r014.unit.thm.plustimesproperties,unit,active,ttp.r014.yaintt,ttp.r014.yaintt,ttp.r014.edition.id-id.boundary10,id-ID,2026-08-21T13:53:00+02:00,codex.r014.id-ID,,theorem,ttp.r014.unit.sec.awtwwc,13,0013,thm:plustimesproperties,Arithmetic laws in the integers modulo n,Hukum aritmetika dalam bilangan bulat modulo n,"{""end_line"":2023,""path"":""authority/downloads/yaintt.tex"",""start_line"":2009}",fedbdd73802a50410f95d6f20f537452829119088fa19aa39c64949abdba9188,"{""end_line"":2266,""path"":""qa/frozen-boundaries/boundary10/yaintt-id.tex"",""start_line"":2252}",224b0540ee71fc39b03d894fe41e4d54d0384cd59bab0126eb8db071160ac1b3,language_reviewed,rights.yaintt.id-id.derivative.boundary10,"[""ttp.r014.unit.book"",""ttp.r014.unit.chap.cs"",""ttp.r014.unit.sec.awtwwc"",""ttp.r014.unit.thm.plustimesproperties""]",ttp.r014.unit.book/ttp.r014.unit.chap.cs/ttp.r014.unit.sec.awtwwc/ttp.r014.unit.thm.plustimesproperties,source_label,,,"[""ttp.r014.qa.section-awtwwc-topology"",""ttp.r014.qa.section-awtwwc-math"",""ttp.r014.qa.section-awtwwc-language""]"
r014.backend.record,1.0.0,ttp.r014.unit.cor.intlincombrelprime,unit,active,ttp.r014.yaintt,ttp.r014.yaintt,ttp.r014.edition.id-id.boundary5,id-ID,2026-08-21T13:53:00+02:00,codex.r014.id-ID,,corollary,ttp.r014.unit.sec.gcd,14,0014,cor:intlincombrelprime,Linear combination equal to 1,Kombinasi linear yang sama dengan 1,"{""end_line"":1136,""path"":""authority/downloads/yaintt.tex"",""start_line"":1133}",dd00e4bc8f7ebc4381faa1f12b662f151d5f784c4e990ce86cc095b9a4a83059,"{""end_line"":1252,""path"":""qa/frozen-boundaries/boundary5/yaintt-id.tex"",""start_line"":1249}",9537a49d415259cb57aef64722291a3781691a32732c2569ce16e7ee7bcd7a07,language_reviewed,rights.yaintt.id-id.derivative.boundary5,"[""ttp.r014.unit.book"",""ttp.r014.unit.chap.woad"",""ttp.r014.unit.sec.gcd"",""ttp.r014.unit.cor.intlincombrelprime""]",ttp.r014.unit.book/ttp.r014.unit.chap.woad/ttp.r014.unit.sec.gcd/ttp.r014.unit.cor.intlincombrelprime,source_label,,,"[""ttp.r014.qa.section-gcd-topology"",""ttp.r014.qa.section-gcd-math"",""ttp.r014.qa.section-gcd-language""]"
r014.backend.record,1.0.0,ttp.r014.unit.cor.modinv,unit,active,ttp.r014.yaintt,ttp.r014.yaintt,ttp.r014.edition.id-id.boundary8,id-ID,2026-08-21T13:53:00+02:00,codex.r014.id-ID,,corollary,ttp.r014.unit.sec.lc,14,0014,cor:modinv,Existence and uniqueness of modular inverses,Keberadaan dan ketunggalan invers modular,"{""end_line"":1741,""path"":""authority/downloads/yaintt.tex"",""start_line"":1737}",0d3cd873e636e498f99d30320520b2d648b701dbbc3f83b814230550990e204f,"{""end_line"":1951,""path"":""qa/frozen-boundaries/boundary8/yaintt-id.tex"",""start_line"":1947}",e8d9f0ef19b4cad3547d165ac577967498edcda4b024c02bb036d3533474849f,language_reviewed,rights.yaintt.id-id.derivative.boundary8,"[""ttp.r014.unit.book"",""ttp.r014.unit.chap.cs"",""ttp.r014.unit.sec.lc"",""ttp.r014.unit.cor.modinv""]",ttp.r014.unit.book/ttp.r014.unit.chap.cs/ttp.r014.unit.sec.lc/ttp.r014.unit.cor.modinv,source_label,,,"[""ttp.r014.qa.section-lc-topology"",""ttp.r014.qa.section-lc-math"",""ttp.r014.qa.section-lc-language""]"
r014.backend.record,1.0.0,ttp.r014.unit.sec.awtwwc.discussion.05,unit,active,ttp.r014.yaintt,ttp.r014.yaintt,ttp.r014.edition.id-id.boundary10,id-ID,2026-08-21T13:53:00+02:00,codex.r014.id-ID,,discussion,ttp.r014.unit.sec.awtwwc,14,0014,generated:discussion:sec:AWtWwC:05,Linear congruences as class equations,Kongruensi linear sebagai persamaan kelas,"{""end_line"":2033,""path"":""authority/downloads/yaintt.tex"",""start_line"":2029}",ca50909e9b01166812535fd2a17609947d33eeb2e9fd7431b9f22c74386af5c5,"{""end_line"":2277,""path"":""qa/frozen-boundaries/boundary10/yaintt-id.tex"",""start_line"":2273}",b25f9ab2b0185ff9f29764dc1d52befc43e59fe7a2e27e32cb2e01086ef518a1,language_reviewed,rights.yaintt.id-id.derivative.boundary10,"[""ttp.r014.unit.book"",""ttp.r014.unit.chap.cs"",""ttp.r014.unit.sec.awtwwc"",""ttp.r014.unit.sec.awtwwc.discussion.05""]",ttp.r014.unit.book/ttp.r014.unit.chap.cs/ttp.r014.unit.sec.awtwwc/ttp.r014.unit.sec.awtwwc.discussion.05,generated_stable_id,,,"[""ttp.r014.qa.section-awtwwc-topology"",""ttp.r014.qa.section-awtwwc-math"",""ttp.r014.qa.section-awtwwc-language""]"
r014.backend.record,1.0.0,ttp.r014.unit.sec.itc.discussion.06,unit,active,ttp.r014.yaintt,ttp.r014.yaintt,ttp.r014.edition.id-id.boundary7,id-ID,2026-08-21T13:53:00+02:00,codex.r014.id-ID,,discussion,ttp.r014.unit.sec.itc,14,0014,generated:discussion:sec:ItC:06,Counting zero congruence classes,Menghitung kelas kongruensi nol,"{""end_line"":1569,""path"":""authority/downloads/yaintt.tex"",""start_line"":1567}",c8a9c9723e113c15cae24cdcab1ba5d6ac7617dd6d615d13454a67dff33e4c5a,"{""end_line"":1735,""path"":""qa/frozen-boundaries/boundary7/yaintt-id.tex"",""start_line"":1733}",45955bbe9b40d83862156605260d6e88881e06ea90d0392ee16a80fb4644b13d,language_reviewed,rights.yaintt.id-id.derivative.boundary7,"[""ttp.r014.unit.book"",""ttp.r014.unit.chap.cs"",""ttp.r014.unit.sec.itc"",""ttp.r014.unit.sec.itc.discussion.06""]",ttp.r014.unit.book/ttp.r014.unit.chap.cs/ttp.r014.unit.sec.itc/ttp.r014.unit.sec.itc.discussion.06,generated_stable_id,,,"[""ttp.r014.qa.section-itc-topology"",""ttp.r014.qa.section-itc-math"",""ttp.r014.qa.section-itc-language""]"
r014.backend.record,1.0.0,ttp.r014.unit.eg.modinverses,unit,active,ttp.r014.yaintt,ttp.r014.yaintt,ttp.r014.edition.id-id.boundary8,id-ID,2026-08-21T13:53:00+02:00,codex.r014.id-ID,,example,ttp.r014.unit.sec.lc,15,0015,eg:modinverses,Inverse of 7 modulo 48,Invers 7 modulo 48,"{""end_line"":1746,""path"":""authority/downloads/yaintt.tex"",""start_line"":1743}",7f5a4c7336d5db5db5fefa7f23cbf0a001f08272b2c6a5d1a06d3a7b595f87d3,"{""end_line"":1956,""path"":""qa/frozen-boundaries/boundary8/yaintt-id.tex"",""start_line"":1953}",ecaa22077b1165c92bde7772b967136ee02752a32fe7d734c3dfea731fe8cd00,language_reviewed,rights.yaintt.id-id.derivative.boundary8,"[""ttp.r014.unit.book"",""ttp.r014.unit.chap.cs"",""ttp.r014.unit.sec.lc"",""ttp.r014.unit.eg.modinverses""]",ttp.r014.unit.book/ttp.r014.unit.chap.cs/ttp.r014.unit.sec.lc/ttp.r014.unit.eg.modinverses,source_label,,,"[""ttp.r014.qa.section-lc-topology"",""ttp.r014.qa.section-lc-math"",""ttp.r014.qa.section-lc-language""]"
r014.backend.record,1.0.0,ttp.r014.unit.sec.gcd.definition.gcd-family,unit,active,ttp.r014.yaintt,ttp.r014.yaintt,ttp.r014.edition.id-id.boundary5,id-ID,2026-08-21T13:53:00+02:00,codex.r014.id-ID,,definition,ttp.r014.unit.sec.gcd,15,0015,generated:definition:gcd:03,GCD of a finite family,FPB keluarga berhingga,"{""end_line"":1142,""path"":""authority/downloads/yaintt.tex"",""start_line"":1138}",0e196839d141519ed5073a3011afea5d3e39e4db6188e2a4b7f43a2593b2dc07,"{""end_line"":1259,""path"":""qa/frozen-boundaries/boundary5/yaintt-id.tex"",""start_line"":1254}",dc6d0421c91d016a76ec25a6528805ac7804ea9250ed5db2e70983a05cb01db0,language_reviewed,rights.yaintt.id-id.derivative.boundary5,"[""ttp.r014.unit.book"",""ttp.r014.unit.chap.woad"",""ttp.r014.unit.sec.gcd"",""ttp.r014.unit.sec.gcd.definition.gcd-family""]",ttp.r014.unit.book/ttp.r014.unit.chap.woad/ttp.r014.unit.sec.gcd/ttp.r014.unit.sec.gcd.definition.gcd-family,generated_stable_id,,,"[""ttp.r014.qa.section-gcd-topology"",""ttp.r014.qa.section-gcd-math"",""ttp.r014.qa.section-gcd-language""]"
r014.backend.record,1.0.0,ttp.r014.unit.thm.linear-congruence-classes,unit,active,ttp.r014.yaintt,ttp.r014.yaintt,ttp.r014.edition.id-id.boundary10,id-ID,2026-08-21T13:53:00+02:00,codex.r014.id-ID,,theorem,ttp.r014.unit.sec.awtwwc,15,0015,generated:theorem:sec:AWtWwC:03,Solutions of a linear equation in congruence classes,Solusi persamaan linear dalam kelas kongruensi,"{""end_line"":2045,""path"":""authority/downloads/yaintt.tex"",""start_line"":2034}",a06e38c43a7a62eedb6947fae940aab26a223aac886a64aa704f8c1e4b1446f6,"{""end_line"":2290,""path"":""qa/frozen-boundaries/boundary10/yaintt-id.tex"",""start_line"":2278}",348238a34ff1dd0bc1b3b0962cb43cb0685a1387bc43f66e2fc54f344a016c96,language_reviewed,rights.yaintt.id-id.derivative.boundary10,"[""ttp.r014.unit.book"",""ttp.r014.unit.chap.cs"",""ttp.r014.unit.sec.awtwwc"",""ttp.r014.unit.thm.linear-congruence-classes""]",ttp.r014.unit.book/ttp.r014.unit.chap.cs/ttp.r014.unit.sec.awtwwc/ttp.r014.unit.thm.linear-congruence-classes,generated_stable_id,,,"[""ttp.r014.qa.section-awtwwc-topology"",""ttp.r014.qa.section-awtwwc-math"",""ttp.r014.qa.section-awtwwc-language""]"
r014.backend.record,1.0.0,ttp.r014.unit.thm.numzerosmodafactor,unit,active,ttp.r014.yaintt,ttp.r014.yaintt,ttp.r014.edition.id-id.boundary7,id-ID,2026-08-21T13:53:00+02:00,codex.r014.id-ID,,theorem,ttp.r014.unit.sec.itc,15,0015,thm:numzerosmodafactor,Number of zero classes modulo a factor,Banyaknya kelas nol modulo suatu faktor,"{""end_line"":1574,""path"":""authority/downloads/yaintt.tex"",""start_line"":1570}",8d904f9f817da34f563f8e62f89b93185d8002338aca97a8903217e29b0e1f4a,"{""end_line"":1740,""path"":""qa/frozen-boundaries/boundary7/yaintt-id.tex"",""start_line"":1736}",48a08dd44a4fb0d478a6c3f2e87ca9acaa9435a0dfdef3ed367f2a7125e5d592,language_reviewed,rights.yaintt.id-id.derivative.boundary7,"[""ttp.r014.unit.book"",""ttp.r014.unit.chap.cs"",""ttp.r014.unit.sec.itc"",""ttp.r014.unit.thm.numzerosmodafactor""]",ttp.r014.unit.book/ttp.r014.unit.chap.cs/ttp.r014.unit.sec.itc/ttp.r014.unit.thm.numzerosmodafactor,source_label,,,"[""ttp.r014.qa.section-itc-topology"",""ttp.r014.qa.section-itc-math"",""ttp.r014.qa.section-itc-language""]"
r014.backend.record,1.0.0,ttp.r014.unit.sec.awtwwc.exercises,unit,active,ttp.r014.yaintt,ttp.r014.yaintt,ttp.r014.edition.id-id.boundary10,id-ID,2026-08-21T13:53:00+02:00,codex.r014.id-ID,,exercise_group,ttp.r014.unit.sec.awtwwc,16,0016,generated:exercise-group:sec:AWtWwC,Exercises for Section 2.4,Latihan untuk §2.4,"{""end_line"":2085,""path"":""authority/downloads/yaintt.tex"",""start_line"":2051}",f109d8ceeefe8ba3114733b257d6353dd0f0316bc3d22009fe1146977a45f5c6,"{""end_line"":2332,""path"":""qa/frozen-boundaries/boundary10/yaintt-id.tex"",""start_line"":2296}",51b70818a1d6b52fcc9a99d61a73103a4afbd6519e08e6827122a8c8bf006667,language_reviewed,rights.yaintt.id-id.derivative.boundary10,"[""ttp.r014.unit.book"",""ttp.r014.unit.chap.cs"",""ttp.r014.unit.sec.awtwwc"",""ttp.r014.unit.sec.awtwwc.exercises""]",ttp.r014.unit.book/ttp.r014.unit.chap.cs/ttp.r014.unit.sec.awtwwc/ttp.r014.unit.sec.awtwwc.exercises,generated_stable_id,,,"[""ttp.r014.qa.section-awtwwc-topology"",""ttp.r014.qa.section-awtwwc-math"",""ttp.r014.qa.section-awtwwc-language""]"
r014.backend.record,1.0.0,ttp.r014.unit.sec.gcd.definition.mutually-relatively-prime,unit,active,ttp.r014.yaintt,ttp.r014.yaintt,ttp.r014.edition.id-id.boundary5,id-ID,2026-08-21T13:53:00+02:00,codex.r014.id-ID,,definition,ttp.r014.unit.sec.gcd,16,0016,generated:definition:gcd:04,Mutually relatively prime,Relatif prima secara bersama-sama,"{""end_line"":1147,""path"":""authority/downloads/yaintt.tex"",""start_line"":1143}",5e390f5aeae9b3ec070ddc90a6e61e72bb52a529add3f7cc477cdbed7449d0fa,"{""end_line"":1265,""path"":""qa/frozen-boundaries/boundary5/yaintt-id.tex"",""start_line"":1260}",c73e5027097d649cf1a72cd304c087c13bf5fba4f1f467917b46d82d4a61180d,language_reviewed,rights.yaintt.id-id.derivative.boundary5,"[""ttp.r014.unit.book"",""ttp.r014.unit.chap.woad"",""ttp.r014.unit.sec.gcd"",""ttp.r014.unit.sec.gcd.definition.mutually-relatively-prime""]",ttp.r014.unit.book/ttp.r014.unit.chap.woad/ttp.r014.unit.sec.gcd/ttp.r014.unit.sec.gcd.definition.mutually-relatively-prime,generated_stable_id,,,"[""ttp.r014.qa.section-gcd-topology"",""ttp.r014.qa.section-gcd-math"",""ttp.r014.qa.section-gcd-language""]"
r014.backend.record,1.0.0,ttp.r014.unit.sec.itc.exercises,unit,active,ttp.r014.yaintt,ttp.r014.yaintt,ttp.r014.edition.id-id.boundary7,id-ID,2026-08-21T13:53:00+02:00,codex.r014.id-ID,,exercise_group,ttp.r014.unit.sec.itc,16,0016,generated:exercise-group:sec:ItC,Exercises for Section 2.1,Latihan untuk §2.1,"{""end_line"":1621,""path"":""authority/downloads/yaintt.tex"",""start_line"":1593}",d96060ea8bfe1b122159b6e9601b72e115a54e79531c75c7e7022cb7c576b036,"{""end_line"":1795,""path"":""qa/frozen-boundaries/boundary7/yaintt-id.tex"",""start_line"":1763}",5289086df4db24a96bf43f6dddd9103ad7522c9052cbf0351a2e39a235782e96,language_reviewed,rights.yaintt.id-id.derivative.boundary7,"[""ttp.r014.unit.book"",""ttp.r014.unit.chap.cs"",""ttp.r014.unit.sec.itc"",""ttp.r014.unit.sec.itc.exercises""]",ttp.r014.unit.book/ttp.r014.unit.chap.cs/ttp.r014.unit.sec.itc/ttp.r014.unit.sec.itc.exercises,generated_stable_id,,,"[""ttp.r014.qa.section-itc-topology"",""ttp.r014.qa.section-itc-math"",""ttp.r014.qa.section-itc-language""]"
r014.backend.record,1.0.0,ttp.r014.unit.sec.lc.exercises,unit,active,ttp.r014.yaintt,ttp.r014.yaintt,ttp.r014.edition.id-id.boundary8,id-ID,2026-08-21T13:53:00+02:00,codex.r014.id-ID,,exercise_group,ttp.r014.unit.sec.lc,16,0016,generated:exercise-group:sec:LC,Exercises for Section 2.2,Latihan untuk §2.2,"{""end_line"":1772,""path"":""authority/downloads/yaintt.tex"",""start_line"":1748}",57b6018fe40bf645f7db9da95a8dd2cc6ca2b799d99254fc6ebe16b683411e24,"{""end_line"":1982,""path"":""qa/frozen-boundaries/boundary8/yaintt-id.tex"",""start_line"":1958}",db212ab2f42de8bcfeedcec5eaa2b79e2676be4421815fa8e3bd77e9ce9d65d9,language_reviewed,rights.yaintt.id-id.derivative.boundary8,"[""ttp.r014.unit.book"",""ttp.r014.unit.chap.cs"",""ttp.r014.unit.sec.lc"",""ttp.r014.unit.sec.lc.exercises""]",ttp.r014.unit.book/ttp.r014.unit.chap.cs/ttp.r014.unit.sec.lc/ttp.r014.unit.sec.lc.exercises,generated_stable_id,,,"[""ttp.r014.qa.section-lc-topology"",""ttp.r014.qa.section-lc-math"",""ttp.r014.qa.section-lc-language""]"
r014.backend.record,1.0.0,ttp.r014.unit.eg.mutrelprime,unit,active,ttp.r014.yaintt,ttp.r014.yaintt,ttp.r014.edition.id-id.boundary5,id-ID,2026-08-21T13:53:00+02:00,codex.r014.id-ID,,example,ttp.r014.unit.sec.gcd,17,0017,eg:mutrelprime,Mutually relatively prime example,Contoh relatif prima secara bersama-sama,"{""end_line"":1152,""path"":""authority/downloads/yaintt.tex"",""start_line"":1149}",2443d80e31a2eaba01f528b6eb47ed69a533c74da3e8f23f82b559211f0b4fd4,"{""end_line"":1270,""path"":""qa/frozen-boundaries/boundary5/yaintt-id.tex"",""start_line"":1267}",4d80b8ce9082dbb19abae8cb22c001fff92e5e80d8b5841ad485cb9a9660a702,language_reviewed,rights.yaintt.id-id.derivative.boundary5,"[""ttp.r014.unit.book"",""ttp.r014.unit.chap.woad"",""ttp.r014.unit.sec.gcd"",""ttp.r014.unit.eg.mutrelprime""]",ttp.r014.unit.book/ttp.r014.unit.chap.woad/ttp.r014.unit.sec.gcd/ttp.r014.unit.eg.mutrelprime,source_label,,,"[""ttp.r014.qa.section-gcd-topology"",""ttp.r014.qa.section-gcd-math"",""ttp.r014.qa.section-gcd-language""]"
r014.backend.record,1.0.0,ttp.r014.unit.sec.gcd.definition.pairwise-relatively-prime,unit,active,ttp.r014.yaintt,ttp.r014.yaintt,ttp.r014.edition.id-id.boundary5,id-ID,2026-08-21T13:53:00+02:00,codex.r014.id-ID,,definition,ttp.r014.unit.sec.gcd,18,0018,generated:definition:gcd:05,Pairwise relatively prime,Relatif prima berpasangan,"{""end_line"":1159,""path"":""authority/downloads/yaintt.tex"",""start_line"":1154}",ca83839a72bef49611f74f8de30f51711fb59fb2bbf010ae4fe1d806cf7d221f,"{""end_line"":1277,""path"":""qa/frozen-boundaries/boundary5/yaintt-id.tex"",""start_line"":1272}",94257ccd4d7d96e0beee6e7268bd2f0940ff1e3bb6bdefa04c4a08545bd27dc2,language_reviewed,rights.yaintt.id-id.derivative.boundary5,"[""ttp.r014.unit.book"",""ttp.r014.unit.chap.woad"",""ttp.r014.unit.sec.gcd"",""ttp.r014.unit.sec.gcd.definition.pairwise-relatively-prime""]",ttp.r014.unit.book/ttp.r014.unit.chap.woad/ttp.r014.unit.sec.gcd/ttp.r014.unit.sec.gcd.definition.pairwise-relatively-prime,generated_stable_id,,,"[""ttp.r014.qa.section-gcd-topology"",""ttp.r014.qa.section-gcd-math"",""ttp.r014.qa.section-gcd-language""]"
r014.backend.record,1.0.0,ttp.r014.unit.eg.pairwiserelprime,unit,active,ttp.r014.yaintt,ttp.r014.yaintt,ttp.r014.edition.id-id.boundary5,id-ID,2026-08-21T13:53:00+02:00,codex.r014.id-ID,,example,ttp.r014.unit.sec.gcd,19,0019,eg:pairwiserelprime,Pairwise relatively prime example,Contoh relatif prima berpasangan,"{""end_line"":1164,""path"":""authority/downloads/yaintt.tex"",""start_line"":1161}",e83707d1d92c189ba8b6d19b01ff808cdcc6a90676fc4660debb4163216137f3,"{""end_line"":1282,""path"":""qa/frozen-boundaries/boundary5/yaintt-id.tex"",""start_line"":1279}",9767e20cb1bc7b5e812baf91dcecfd9fd9afa777d4788177ce82148dbda45476,language_reviewed,rights.yaintt.id-id.derivative.boundary5,"[""ttp.r014.unit.book"",""ttp.r014.unit.chap.woad"",""ttp.r014.unit.sec.gcd"",""ttp.r014.unit.eg.pairwiserelprime""]",ttp.r014.unit.book/ttp.r014.unit.chap.woad/ttp.r014.unit.sec.gcd/ttp.r014.unit.eg.pairwiserelprime,source_label,,,"[""ttp.r014.qa.section-gcd-topology"",""ttp.r014.qa.section-gcd-math"",""ttp.r014.qa.section-gcd-language""]"
r014.backend.record,1.0.0,ttp.r014.unit.sec.gcd.proposition.pairwise-implies-mutual,unit,active,ttp.r014.yaintt,ttp.r014.yaintt,ttp.r014.edition.id-id.boundary5,id-ID,2026-08-21T13:53:00+02:00,codex.r014.id-ID,,proposition,ttp.r014.unit.sec.gcd,20,0020,generated:proposition:gcd:01,Pairwise coprimality implies mutual coprimality,Relatif prima berpasangan mengakibatkan relatif prima bersama-sama,"{""end_line"":1169,""path"":""authority/downloads/yaintt.tex"",""start_line"":1166}",3245ae1fa7fdb562041654e9c56adda9b861e092129cc656e0ff1a80d5d91171,"{""end_line"":1288,""path"":""qa/frozen-boundaries/boundary5/yaintt-id.tex"",""start_line"":1284}",101803a60c22bacbeda0c78757ea078082ab167b8fa3354dede753f9b3bbe6a3,language_reviewed,rights.yaintt.id-id.derivative.boundary5,"[""ttp.r014.unit.book"",""ttp.r014.unit.chap.woad"",""ttp.r014.unit.sec.gcd"",""ttp.r014.unit.sec.gcd.proposition.pairwise-implies-mutual""]",ttp.r014.unit.book/ttp.r014.unit.chap.woad/ttp.r014.unit.sec.gcd/ttp.r014.unit.sec.gcd.proposition.pairwise-implies-mutual,generated_stable_id,,,"[""ttp.r014.qa.section-gcd-topology"",""ttp.r014.qa.section-gcd-math"",""ttp.r014.qa.section-gcd-language""]"
r014.backend.record,1.0.0,ttp.r014.unit.sec.gcd.exercises,unit,active,ttp.r014.yaintt,ttp.r014.yaintt,ttp.r014.edition.id-id.boundary5,id-ID,2026-08-21T13:53:00+02:00,codex.r014.id-ID,,exercise_group,ttp.r014.unit.sec.gcd,21,0021,generated:exercise-group:gcd,Exercises for Section 1.5,Latihan untuk §1.5,"{""end_line"":1218,""path"":""authority/downloads/yaintt.tex"",""start_line"":1171}",585b5be89110cab8ed7144d14f96896d203d24bf8d5592a524132a82bdc65ff2,"{""end_line"":1342,""path"":""qa/frozen-boundaries/boundary5/yaintt-id.tex"",""start_line"":1290}",0230c131965aa17d5bcfdb5917f0df6e21acf2cfa3ca24d3be8eba09c74b140f,language_reviewed,rights.yaintt.id-id.derivative.boundary5,"[""ttp.r014.unit.book"",""ttp.r014.unit.chap.woad"",""ttp.r014.unit.sec.gcd"",""ttp.r014.unit.sec.gcd.exercises""]",ttp.r014.unit.book/ttp.r014.unit.chap.woad/ttp.r014.unit.sec.gcd/ttp.r014.unit.sec.gcd.exercises,generated_stable_id,,,"[""ttp.r014.qa.section-gcd-topology"",""ttp.r014.qa.section-gcd-math"",""ttp.r014.qa.section-gcd-language""]"
r014.backend.record,1.0.0,ttp.r014.unit.sec.batfta,unit,active,ttp.r014.yaintt,ttp.r014.yaintt,ttp.r014.edition.id-id.boundary28-r2,id-ID,2026-08-22T03:06:00+02:00,codex.r014.id-ID,,section,ttp.r014.unit.chap.pns,1,12.0001,sec:BatFTA,Basics and the FTA,Dasar-dasar dan Teorema Dasar Aritmetika,"{""end_line"":2372,""path"":""authority/downloads/yaintt.tex"",""start_line"":2220}",450f8586c3603441be36828937324ae2cb0c65dfccdcd421e8bbdb53ef5c1c88,"{""end_line"":2682,""path"":""qa/review-candidates/boundary28-r2/yaintt-id.tex"",""start_line"":2513}",ae2cde42b18366fa23b08f92a43da5bf7d05b0ecce012848a5b2e590b3309093,language_reviewed,rights.yaintt.id-id.derivative.boundary28-r2,"[""ttp.r014.unit.book"",""ttp.r014.unit.chap.pns"",""ttp.r014.unit.sec.batfta""]",ttp.r014.unit.book/ttp.r014.unit.chap.pns/ttp.r014.unit.sec.batfta,source_label,,,"[""ttp.r014.qa.boundary12-build-evidence"",""ttp.r014.qa.boundary12-visual-evidence""]"
r014.backend.record,1.0.0,ttp.r014.unit.sec.batfta.discussion.01,unit,active,ttp.r014.yaintt,ttp.r014.yaintt,ttp.r014.edition.id-id.boundary28-r2,id-ID,2026-08-22T03:06:00+02:00,codex.r014.id-ID,,discussion,ttp.r014.unit.sec.batfta,1,12.0001,generated:discussion:boundary12:01,Discussion 01,Pembahasan 01,"{""end_line"":2218,""path"":""authority/downloads/yaintt.tex"",""start_line"":2213}",47be9dae492a271a9b505b8d37b87faaebe5c64f637ac23cd85dcd61ceb92d11,"{""end_line"":2511,""path"":""qa/review-candidates/boundary28-r2/yaintt-id.tex"",""start_line"":2506}",7de4a8d56d0db2363ed7d3adf1d2a2aec7c11284946ea5360ee1ac460057808b,language_reviewed,rights.yaintt.id-id.derivative.boundary28-r2,"[""ttp.r014.unit.book"",""ttp.r014.unit.chap.pns"",""ttp.r014.unit.sec.batfta"",""ttp.r014.unit.sec.batfta.discussion.01""]",ttp.r014.unit.book/ttp.r014.unit.chap.pns/ttp.r014.unit.sec.batfta/ttp.r014.unit.sec.batfta.discussion.01,generated_stable_id,,,"[""ttp.r014.qa.boundary12-build-evidence"",""ttp.r014.qa.boundary12-visual-evidence""]"
r014.backend.record,1.0.0,ttp.r014.unit.sec.batfta.exercise.01,unit,active,ttp.r014.yaintt,ttp.r014.yaintt,ttp.r014.edition.id-id.boundary28-r2,id-ID,2026-08-22T03:06:00+02:00,codex.r014.id-ID,,exercise,ttp.r014.unit.sec.batfta.exercises,1,12.0001,generated:exercise:boundary12:01,Exercise 01,Latihan 01,"{""end_line"":2359,""path"":""authority/downloads/yaintt.tex"",""start_line"":2357}",f95f932c122d24fd77623f5b68b9e952fd7153b01161be0a131e4d71bb53dc5e,"{""end_line"":2668,""path"":""qa/review-candidates/boundary28-r2/yaintt-id.tex"",""start_line"":2666}",86127716767cf08b94a910295004ff15df1b5b28f66685cab199d29d36bf0542,language_reviewed,rights.yaintt.id-id.derivative.boundary28-r2,"[""ttp.r014.unit.book"",""ttp.r014.unit.chap.pns"",""ttp.r014.unit.sec.batfta"",""ttp.r014.unit.sec.batfta.exercises"",""ttp.r014.unit.sec.batfta.exercise.01""]",ttp.r014.unit.book/ttp.r014.unit.chap.pns/ttp.r014.unit.sec.batfta/ttp.r014.unit.sec.batfta.exercises/ttp.r014.unit.sec.batfta.exercise.01,generated_stable_id,"{""answers"":[],""hints"":[],""solutions"":[],""status"":""source_has_none""}",,"[""ttp.r014.qa.boundary12-build-evidence"",""ttp.r014.qa.boundary12-visual-evidence""]"
r014.backend.record,1.0.0,ttp.r014.unit.sec.batfta.proof.01,unit,active,ttp.r014.yaintt,ttp.r014.yaintt,ttp.r014.edition.id-id.boundary28-r2,id-ID,2026-08-22T03:06:00+02:00,codex.r014.id-ID,,proof,ttp.r014.unit.sec.batfta.theorem.01,1,12.0001,generated:proof:boundary12:01,Proof 01,Bukti 01,"{""end_line"":2268,""path"":""authority/downloads/yaintt.tex"",""start_line"":2258}",d421795fd1d9b478954b95ef50a1223f8eabac5ecafcfe5c6b425ec28318518d,"{""end_line"":2564,""path"":""qa/review-candidates/boundary28-r2/yaintt-id.tex"",""start_line"":2554}",1ab9706a43b9e2c5b00fdd84017bbcd1b0ddd6036dc6871b6301b0cf96eed520,language_reviewed,rights.yaintt.id-id.derivative.boundary28-r2,"[""ttp.r014.unit.book"",""ttp.r014.unit.chap.pns"",""ttp.r014.unit.sec.batfta"",""ttp.r014.unit.sec.batfta.theorem.01"",""ttp.r014.unit.sec.batfta.proof.01""]",ttp.r014.unit.book/ttp.r014.unit.chap.pns/ttp.r014.unit.sec.batfta/ttp.r014.unit.sec.batfta.theorem.01/ttp.r014.unit.sec.batfta.proof.01,generated_stable_id,,,"[""ttp.r014.qa.boundary12-build-evidence"",""ttp.r014.qa.boundary12-visual-evidence""]"
r014.backend.record,1.0.0,ttp.r014.unit.sec.batfta.proof.02,unit,active,ttp.r014.yaintt,ttp.r014.yaintt,ttp.r014.edition.id-id.boundary28-r2,id-ID,2026-08-22T03:06:00+02:00,codex.r014.id-ID,,proof,ttp.r014.unit.sec.batfta.proposition.01,1,12.0001,generated:proof:boundary12:02,Proof 02,Bukti 02,"{""end_line"":2286,""path"":""authority/downloads/yaintt.tex"",""start_line"":2280}",95a0cb0faf2e5c79c46b32d35b47de2a83f85e1969a37431532d1adcaa72af34,"{""end_line"":2583,""path"":""qa/review-candidates/boundary28-r2/yaintt-id.tex"",""start_line"":2576}",09a08b83b9f6a02c07341991f3bd7a96a4832d2ad729b6e103222d553616a89f,language_reviewed,rights.yaintt.id-id.derivative.boundary28-r2,"[""ttp.r014.unit.book"",""ttp.r014.unit.chap.pns"",""ttp.r014.unit.sec.batfta"",""ttp.r014.unit.sec.batfta.proposition.01"",""ttp.r014.unit.sec.batfta.proof.02""]",ttp.r014.unit.book/ttp.r014.unit.chap.pns/ttp.r014.unit.sec.batfta/ttp.r014.unit.sec.batfta.proposition.01/ttp.r014.unit.sec.batfta.proof.02,generated_stable_id,,,"[""ttp.r014.qa.boundary12-build-evidence"",""ttp.r014.qa.boundary12-visual-evidence""]"
r014.backend.record,1.0.0,ttp.r014.unit.sec.batfta.proof.03,unit,active,ttp.r014.yaintt,ttp.r014.yaintt,ttp.r014.edition.id-id.boundary28-r2,id-ID,2026-08-22T03:06:00+02:00,codex.r014.id-ID,,proof,ttp.r014.unit.sec.batfta.corollary.01,1,12.0001,generated:proof:boundary12:03,Proof 03,Bukti 03,"{""end_line"":2298,""path"":""authority/downloads/yaintt.tex"",""start_line"":2296}",036465f6aa11e9c39437b9f86f1e3f0612985ab94b1979b14c2365abf734ecaa,"{""end_line"":2595,""path"":""qa/review-candidates/boundary28-r2/yaintt-id.tex"",""start_line"":2593}",dec98d209ac26b13e866d2ab1f9bae52d060cf9b732d2034989376b70279ddd5,language_reviewed,rights.yaintt.id-id.derivative.boundary28-r2,"[""ttp.r014.unit.book"",""ttp.r014.unit.chap.pns"",""ttp.r014.unit.sec.batfta"",""ttp.r014.unit.sec.batfta.corollary.01"",""ttp.r014.unit.sec.batfta.proof.03""]",ttp.r014.unit.book/ttp.r014.unit.chap.pns/ttp.r014.unit.sec.batfta/ttp.r014.unit.sec.batfta.corollary.01/ttp.r014.unit.sec.batfta.proof.03,generated_stable_id,,,"[""ttp.r014.qa.boundary12-build-evidence"",""ttp.r014.qa.boundary12-visual-evidence""]"
r014.backend.record,1.0.0,ttp.r014.unit.sec.batfta.proof.04,unit,active,ttp.r014.yaintt,ttp.r014.yaintt,ttp.r014.edition.id-id.boundary28-r2,id-ID,2026-08-22T03:06:00+02:00,codex.r014.id-ID,,proof,ttp.r014.unit.sec.batfta.theorem.02,1,12.0001,generated:proof:boundary12:04,Proof 04,Bukti 04,"{""end_line"":2347,""path"":""authority/downloads/yaintt.tex"",""start_line"":2311}",a26986ba79ef0827d039e11e884791b851cada8da59dbd1bf29d1384322d4ffb,"{""end_line"":2656,""path"":""qa/review-candidates/boundary28-r2/yaintt-id.tex"",""start_line"":2609}",45be1fcfe6594d61c6aef916232ca99d09e276ba6306f8f433baf7dc39f52544,language_reviewed,rights.yaintt.id-id.derivative.boundary28-r2,"[""ttp.r014.unit.book"",""ttp.r014.unit.chap.pns"",""ttp.r014.unit.sec.batfta"",""ttp.r014.unit.sec.batfta.theorem.02"",""ttp.r014.unit.sec.batfta.proof.04""]",ttp.r014.unit.book/ttp.r014.unit.chap.pns/ttp.r014.unit.sec.batfta/ttp.r014.unit.sec.batfta.theorem.02/ttp.r014.unit.sec.batfta.proof.04,generated_stable_id,,,"[""ttp.r014.qa.boundary12-build-evidence"",""ttp.r014.qa.boundary12-visual-evidence""]"
r014.backend.record,1.0.0,ttp.r014.unit.sec.batfta.discussion.02,unit,active,ttp.r014.yaintt,ttp.r014.yaintt,ttp.r014.edition.id-id.boundary28-r2,id-ID,2026-08-22T03:06:00+02:00,codex.r014.id-ID,,discussion,ttp.r014.unit.sec.batfta,2,12.0002,generated:discussion:boundary12:02,Discussion 02,Pembahasan 02,"{""end_line"":2224,""path"":""authority/downloads/yaintt.tex"",""start_line"":2222}",66c35b017934f78d4b5c9d864ec0301b3b478de854246abb8307ca0d05c861f6,"{""end_line"":2517,""path"":""qa/review-candidates/boundary28-r2/yaintt-id.tex"",""start_line"":2515}",23846bf0d71a0ad681b872cd6a4353704d8a5244a312160829c84379119f2d22,language_reviewed,rights.yaintt.id-id.derivative.boundary28-r2,"[""ttp.r014.unit.book"",""ttp.r014.unit.chap.pns"",""ttp.r014.unit.sec.batfta"",""ttp.r014.unit.sec.batfta.discussion.02""]",ttp.r014.unit.book/ttp.r014.unit.chap.pns/ttp.r014.unit.sec.batfta/ttp.r014.unit.sec.batfta.discussion.02,generated_stable_id,,,"[""ttp.r014.qa.boundary12-build-evidence"",""ttp.r014.qa.boundary12-visual-evidence""]"
r014.backend.record,1.0.0,ttp.r014.unit.sec.batfta.exercise.02,unit,active,ttp.r014.yaintt,ttp.r014.yaintt,ttp.r014.edition.id-id.boundary28-r2,id-ID,2026-08-22T03:06:00+02:00,codex.r014.id-ID,,exercise,ttp.r014.unit.sec.batfta.exercises,2,12.0002,generated:exercise:boundary12:02,Exercise 02,Latihan 02,"{""end_line"":2363,""path"":""authority/downloads/yaintt.tex"",""start_line"":2360}",88b42328ddbe5981b42c79434fdd9e3cb1be2d0de5e5d903ead88c49944467e9,"{""end_line"":2672,""path"":""qa/review-candidates/boundary28-r2/yaintt-id.tex"",""start_line"":2669}",0e4c25b3a4ee1655ea33cd23c548b636ea86e3b172509255bb244cc59f01feec,language_reviewed,rights.yaintt.id-id.derivative.boundary28-r2,"[""ttp.r014.unit.book"",""ttp.r014.unit.chap.pns"",""ttp.r014.unit.sec.batfta"",""ttp.r014.unit.sec.batfta.exercises"",""ttp.r014.unit.sec.batfta.exercise.02""]",ttp.r014.unit.book/ttp.r014.unit.chap.pns/ttp.r014.unit.sec.batfta/ttp.r014.unit.sec.batfta.exercises/ttp.r014.unit.sec.batfta.exercise.02,generated_stable_id,"{""answers"":[],""hints"":[],""solutions"":[],""status"":""source_has_none""}",,"[""ttp.r014.qa.boundary12-build-evidence"",""ttp.r014.qa.boundary12-visual-evidence""]"
r014.backend.record,1.0.0,ttp.r014.unit.chap.pns,unit,active,ttp.r014.yaintt,ttp.r014.yaintt,ttp.r014.edition.id-id.boundary28-r2,id-ID,2026-08-22T03:06:00+02:00,codex.r014.id-ID,,chapter,ttp.r014.unit.book,3,12.0003,chap:PNs,Prime Numbers,Bilangan Prima,"{""end_line"":2787,""path"":""authority/downloads/yaintt.tex"",""start_line"":2211}",9793ae8662c37314027a2aadc0c846d56d5c5462fed5a0a0a45b555d84627076,"{""end_line"":3185,""path"":""qa/review-candidates/boundary28-r2/yaintt-id.tex"",""start_line"":2504}",cae292e481be53388ae72ce65fa768302c23f172f060b7dc27fb6030dddaa211,language_reviewed,rights.yaintt.id-id.derivative.boundary28-r2,"[""ttp.r014.unit.book"",""ttp.r014.unit.chap.pns""]",ttp.r014.unit.book/ttp.r014.unit.chap.pns,source_label,,,"[""ttp.r014.qa.boundary12-build-evidence"",""ttp.r014.qa.boundary12-visual-evidence""]"
r014.backend.record,1.0.0,ttp.r014.unit.sec.batfta.definition.01,unit,active,ttp.r014.yaintt,ttp.r014.yaintt,ttp.r014.edition.id-id.boundary28-r2,id-ID,2026-08-22T03:06:00+02:00,codex.r014.id-ID,,definition,ttp.r014.unit.sec.batfta,3,12.0003,generated:definition:boundary12:01,Definition 01,Definisi 01,"{""end_line"":2228,""path"":""authority/downloads/yaintt.tex"",""start_line"":2225}",ce0f7ea26f44412201bba3b7be4b9a14c07bd3f46dfd21507c26fbb303111da6,"{""end_line"":2521,""path"":""qa/review-candidates/boundary28-r2/yaintt-id.tex"",""start_line"":2518}",a7e6dbeb5b27bce0aade5bcec5388005eb9529440652c7252719ea20dbdccb1b,language_reviewed,rights.yaintt.id-id.derivative.boundary28-r2,"[""ttp.r014.unit.book"",""ttp.r014.unit.chap.pns"",""ttp.r014.unit.sec.batfta"",""ttp.r014.unit.sec.batfta.definition.01""]",ttp.r014.unit.book/ttp.r014.unit.chap.pns/ttp.r014.unit.sec.batfta/ttp.r014.unit.sec.batfta.definition.01,generated_stable_id,,,"[""ttp.r014.qa.boundary12-build-evidence"",""ttp.r014.qa.boundary12-visual-evidence""]"
r014.backend.record,1.0.0,ttp.r014.unit.sec.batfta.exercise.03,unit,active,ttp.r014.yaintt,ttp.r014.yaintt,ttp.r014.edition.id-id.boundary28-r2,id-ID,2026-08-22T03:06:00+02:00,codex.r014.id-ID,,exercise,ttp.r014.unit.sec.batfta.exercises,3,12.0003,generated:exercise:boundary12:03,Exercise 03,Latihan 03,"{""end_line"":2369,""path"":""authority/downloads/yaintt.tex"",""start_line"":2364}",f49aa44a1e3da5c3ee1243fe55b7bab5ac55de4f5ba972d184cdadbd37812320,"{""end_line"":2678,""path"":""qa/review-candidates/boundary28-r2/yaintt-id.tex"",""start_line"":2673}",b72248dbee136f0f571e743d0e566e6bebd17a34d90a7eb6b0d3bd322c793ca4,language_reviewed,rights.yaintt.id-id.derivative.boundary28-r2,"[""ttp.r014.unit.book"",""ttp.r014.unit.chap.pns"",""ttp.r014.unit.sec.batfta"",""ttp.r014.unit.sec.batfta.exercises"",""ttp.r014.unit.sec.batfta.exercise.03""]",ttp.r014.unit.book/ttp.r014.unit.chap.pns/ttp.r014.unit.sec.batfta/ttp.r014.unit.sec.batfta.exercises/ttp.r014.unit.sec.batfta.exercise.03,generated_stable_id,"{""answers"":[],""hints"":[],""solutions"":[],""status"":""source_has_none""}",,"[""ttp.r014.qa.boundary12-build-evidence"",""ttp.r014.qa.boundary12-visual-evidence""]"
r014.backend.record,1.0.0,ttp.r014.unit.sec.batfta.example.01,unit,active,ttp.r014.yaintt,ttp.r014.yaintt,ttp.r014.edition.id-id.boundary28-r2,id-ID,2026-08-22T03:06:00+02:00,codex.r014.id-ID,,example,ttp.r014.unit.sec.batfta,4,12.0004,eg:primes,Example eg:primes,Contoh eg:primes,"{""end_line"":2241,""path"":""authority/downloads/yaintt.tex"",""start_line"":2230}",431388cc581805dc3d16b16dc38183434d35ceecfda9ac96bc2c727315447c48,"{""end_line"":2537,""path"":""qa/review-candidates/boundary28-r2/yaintt-id.tex"",""start_line"":2523}",b795cea68ba7420d1827229f86f8724f78108aab93135d8997723acfeb777dc9,language_reviewed,rights.yaintt.id-id.derivative.boundary28-r2,"[""ttp.r014.unit.book"",""ttp.r014.unit.chap.pns"",""ttp.r014.unit.sec.batfta"",""ttp.r014.unit.sec.batfta.example.01""]",ttp.r014.unit.book/ttp.r014.unit.chap.pns/ttp.r014.unit.sec.batfta/ttp.r014.unit.sec.batfta.example.01,source_label,,,"[""ttp.r014.qa.boundary12-build-evidence"",""ttp.r014.qa.boundary12-visual-evidence""]"
r014.backend.record,1.0.0,ttp.r014.unit.sec.batfta.definition.02,unit,active,ttp.r014.yaintt,ttp.r014.yaintt,ttp.r014.edition.id-id.boundary28-r2,id-ID,2026-08-22T03:06:00+02:00,codex.r014.id-ID,,definition,ttp.r014.unit.sec.batfta,5,12.0005,generated:definition:boundary12:02,Definition 02,Definisi 02,"{""end_line"":2247,""path"":""authority/downloads/yaintt.tex"",""start_line"":2244}",0a6099d38d802fe0cd380f4084215d1ac22ebf8e70e0244494b4d3e7fc2204aa,"{""end_line"":2543,""path"":""qa/review-candidates/boundary28-r2/yaintt-id.tex"",""start_line"":2540}",1b35a3abf917e9c72665df0bb9600ce8e8ea459dd87527d2552fa0a7fe1b0479,language_reviewed,rights.yaintt.id-id.derivative.boundary28-r2,"[""ttp.r014.unit.book"",""ttp.r014.unit.chap.pns"",""ttp.r014.unit.sec.batfta"",""ttp.r014.unit.sec.batfta.definition.02""]",ttp.r014.unit.book/ttp.r014.unit.chap.pns/ttp.r014.unit.sec.batfta/ttp.r014.unit.sec.batfta.definition.02,generated_stable_id,,,"[""ttp.r014.qa.boundary12-build-evidence"",""ttp.r014.qa.boundary12-visual-evidence""]"
r014.backend.record,1.0.0,ttp.r014.unit.sec.batfta.discussion.03,unit,active,ttp.r014.yaintt,ttp.r014.yaintt,ttp.r014.edition.id-id.boundary28-r2,id-ID,2026-08-22T03:06:00+02:00,codex.r014.id-ID,,discussion,ttp.r014.unit.sec.batfta,6,12.0006,generated:discussion:boundary12:03,Discussion 03,Pembahasan 03,"{""end_line"":2252,""path"":""authority/downloads/yaintt.tex"",""start_line"":2249}",6b75c33e0043b187582b5715a343e93b31ce07b1eacd07133e3271e073973c6f,"{""end_line"":2548,""path"":""qa/review-candidates/boundary28-r2/yaintt-id.tex"",""start_line"":2545}",567fe59f54441ebb884be13f72182d0e6568a8fb79184afaf5eecdd141ab7bce,language_reviewed,rights.yaintt.id-id.derivative.boundary28-r2,"[""ttp.r014.unit.book"",""ttp.r014.unit.chap.pns"",""ttp.r014.unit.sec.batfta"",""ttp.r014.unit.sec.batfta.discussion.03""]",ttp.r014.unit.book/ttp.r014.unit.chap.pns/ttp.r014.unit.sec.batfta/ttp.r014.unit.sec.batfta.discussion.03,generated_stable_id,,,"[""ttp.r014.qa.boundary12-build-evidence"",""ttp.r014.qa.boundary12-visual-evidence""]"
r014.backend.record,1.0.0,ttp.r014.unit.sec.batfta.theorem.01,unit,active,ttp.r014.yaintt,ttp.r014.yaintt,ttp.r014.edition.id-id.boundary28-r2,id-ID,2026-08-22T03:06:00+02:00,codex.r014.id-ID,,theorem,ttp.r014.unit.sec.batfta,7,12.0007,generated:theorem:boundary12:01,Theorem 01,Teorema 01,"{""end_line"":2257,""path"":""authority/downloads/yaintt.tex"",""start_line"":2254}",8f43b6cdb0be344a55a614006596e38a84b09605ef609c1d2d350d6cfae7fc6b,"{""end_line"":2553,""path"":""qa/review-candidates/boundary28-r2/yaintt-id.tex"",""start_line"":2550}",605a6a9b14e73723a4a6e5cfde7c30b95ebc447cb9c3219b7492d2cabfe7d64b,language_reviewed,rights.yaintt.id-id.derivative.boundary28-r2,"[""ttp.r014.unit.book"",""ttp.r014.unit.chap.pns"",""ttp.r014.unit.sec.batfta"",""ttp.r014.unit.sec.batfta.theorem.01""]",ttp.r014.unit.book/ttp.r014.unit.chap.pns/ttp.r014.unit.sec.batfta/ttp.r014.unit.sec.batfta.theorem.01,generated_stable_id,,,"[""ttp.r014.qa.boundary12-build-evidence"",""ttp.r014.qa.boundary12-visual-evidence""]"
r014.backend.record,1.0.0,ttp.r014.unit.sec.batfta.discussion.04,unit,active,ttp.r014.yaintt,ttp.r014.yaintt,ttp.r014.edition.id-id.boundary28-r2,id-ID,2026-08-22T03:06:00+02:00,codex.r014.id-ID,,discussion,ttp.r014.unit.sec.batfta,8,12.0008,generated:discussion:boundary12:04,Discussion 04,Pembahasan 04,"{""end_line"":2273,""path"":""authority/downloads/yaintt.tex"",""start_line"":2270}",be6fd04563a3cfdca43df390efa9829bf6aabbf68058f926cb49b7ccf2c68ab8,"{""end_line"":2569,""path"":""qa/review-candidates/boundary28-r2/yaintt-id.tex"",""start_line"":2566}",f771bea19eccb64c0f0bafc19e919c2e67b67f80588131c2c8e68826f9f31001,language_reviewed,rights.yaintt.id-id.derivative.boundary28-r2,"[""ttp.r014.unit.book"",""ttp.r014.unit.chap.pns"",""ttp.r014.unit.sec.batfta"",""ttp.r014.unit.sec.batfta.discussion.04""]",ttp.r014.unit.book/ttp.r014.unit.chap.pns/ttp.r014.unit.sec.batfta/ttp.r014.unit.sec.batfta.discussion.04,generated_stable_id,,,"[""ttp.r014.qa.boundary12-build-evidence"",""ttp.r014.qa.boundary12-visual-evidence""]"
r014.backend.record,1.0.0,ttp.r014.unit.sec.batfta.proposition.01,unit,active,ttp.r014.yaintt,ttp.r014.yaintt,ttp.r014.edition.id-id.boundary28-r2,id-ID,2026-08-22T03:06:00+02:00,codex.r014.id-ID,,proposition,ttp.r014.unit.sec.batfta,9,12.0009,prop:primesdividingproducts,Proposition prop:primesdividingproducts,Proposisi prop:primesdividingproducts,"{""end_line"":2279,""path"":""authority/downloads/yaintt.tex"",""start_line"":2275}",a71a10d4b11b9d87f921289e36dc1602ee1c9e5be118472d6218716d368f589f,"{""end_line"":2575,""path"":""qa/review-candidates/boundary28-r2/yaintt-id.tex"",""start_line"":2571}",056dd7367c013cf5a3492a81ee10353b0041c8809eb1b1faefb6bcd84955ab13,language_reviewed,rights.yaintt.id-id.derivative.boundary28-r2,"[""ttp.r014.unit.book"",""ttp.r014.unit.chap.pns"",""ttp.r014.unit.sec.batfta"",""ttp.r014.unit.sec.batfta.proposition.01""]",ttp.r014.unit.book/ttp.r014.unit.chap.pns/ttp.r014.unit.sec.batfta/ttp.r014.unit.sec.batfta.proposition.01,source_label,,,"[""ttp.r014.qa.boundary12-build-evidence"",""ttp.r014.qa.boundary12-visual-evidence""]"
r014.backend.record,1.0.0,ttp.r014.unit.sec.batfta.discussion.05,unit,active,ttp.r014.yaintt,ttp.r014.yaintt,ttp.r014.edition.id-id.boundary28-r2,id-ID,2026-08-22T03:06:00+02:00,codex.r014.id-ID,,discussion,ttp.r014.unit.sec.batfta,10,12.0010,generated:discussion:boundary12:05,Discussion 05,Pembahasan 05,"{""end_line"":2290,""path"":""authority/downloads/yaintt.tex"",""start_line"":2288}",d1de582a3524b915f0aa08e373fd88bb8bd9f3eb8922f09239ecf57f4a3a47cf,"{""end_line"":2587,""path"":""qa/review-candidates/boundary28-r2/yaintt-id.tex"",""start_line"":2585}",4661dcb2105d81ce05edf59415bf631d6df2f1751b959acd806559de27749aa7,language_reviewed,rights.yaintt.id-id.derivative.boundary28-r2,"[""ttp.r014.unit.book"",""ttp.r014.unit.chap.pns"",""ttp.r014.unit.sec.batfta"",""ttp.r014.unit.sec.batfta.discussion.05""]",ttp.r014.unit.book/ttp.r014.unit.chap.pns/ttp.r014.unit.sec.batfta/ttp.r014.unit.sec.batfta.discussion.05,generated_stable_id,,,"[""ttp.r014.qa.boundary12-build-evidence"",""ttp.r014.qa.boundary12-visual-evidence""]"
r014.backend.record,1.0.0,ttp.r014.unit.sec.batfta.corollary.01,unit,active,ttp.r014.yaintt,ttp.r014.yaintt,ttp.r014.edition.id-id.boundary28-r2,id-ID,2026-08-22T03:06:00+02:00,codex.r014.id-ID,,corollary,ttp.r014.unit.sec.batfta,11,12.0011,cor:primedivis,Corollary cor:primedivis,Korolari cor:primedivis,"{""end_line"":2295,""path"":""authority/downloads/yaintt.tex"",""start_line"":2291}",13f9afd7ffe649bd26892ee4e923883df62ba990386cb570fe7c5dc4009942e9,"{""end_line"":2592,""path"":""qa/review-candidates/boundary28-r2/yaintt-id.tex"",""start_line"":2588}",3f08024f26895c8d99ed40e7bff7d2c893d7535e5cf609b83ff59c7eac695faa,language_reviewed,rights.yaintt.id-id.derivative.boundary28-r2,"[""ttp.r014.unit.book"",""ttp.r014.unit.chap.pns"",""ttp.r014.unit.sec.batfta"",""ttp.r014.unit.sec.batfta.corollary.01""]",ttp.r014.unit.book/ttp.r014.unit.chap.pns/ttp.r014.unit.sec.batfta/ttp.r014.unit.sec.batfta.corollary.01,source_label,,,"[""ttp.r014.qa.boundary12-build-evidence"",""ttp.r014.qa.boundary12-visual-evidence""]"
r014.backend.record,1.0.0,ttp.r014.unit.sec.batfta.discussion.06,unit,active,ttp.r014.yaintt,ttp.r014.yaintt,ttp.r014.edition.id-id.boundary28-r2,id-ID,2026-08-22T03:06:00+02:00,codex.r014.id-ID,,discussion,ttp.r014.unit.sec.batfta,12,12.0012,generated:discussion:boundary12:06,Discussion 06,Pembahasan 06,"{""end_line"":2302,""path"":""authority/downloads/yaintt.tex"",""start_line"":2300}",03ef597e7424c7cde6b0995e841736364ebd8b3e719e0ff59a53da9c82ec4ed9,"{""end_line"":2599,""path"":""qa/review-candidates/boundary28-r2/yaintt-id.tex"",""start_line"":2597}",89d2cd856c6fe01187e2e4316f689f50855e78965f6f3163b24611741a60df22,language_reviewed,rights.yaintt.id-id.derivative.boundary28-r2,"[""ttp.r014.unit.book"",""ttp.r014.unit.chap.pns"",""ttp.r014.unit.sec.batfta"",""ttp.r014.unit.sec.batfta.discussion.06""]",ttp.r014.unit.book/ttp.r014.unit.chap.pns/ttp.r014.unit.sec.batfta/ttp.r014.unit.sec.batfta.discussion.06,generated_stable_id,,,"[""ttp.r014.qa.boundary12-build-evidence"",""ttp.r014.qa.boundary12-visual-evidence""]"
r014.backend.record,1.0.0,ttp.r014.unit.sec.batfta.theorem.02,unit,active,ttp.r014.yaintt,ttp.r014.yaintt,ttp.r014.edition.id-id.boundary28-r2,id-ID,2026-08-22T03:06:00+02:00,codex.r014.id-ID,,theorem,ttp.r014.unit.sec.batfta,13,12.0013,generated:theorem:boundary12:02,Theorem 02,Teorema 02,"{""end_line"":2310,""path"":""authority/downloads/yaintt.tex"",""start_line"":2303}",d0eb429acebbec60492e9a1180a049a838be165e876dec2aabca857f375e555b,"{""end_line"":2608,""path"":""qa/review-candidates/boundary28-r2/yaintt-id.tex"",""start_line"":2600}",abe672fc50377321cf50b1650176284dedf9417a6838e3c8d8af7daef04fba06,language_reviewed,rights.yaintt.id-id.derivative.boundary28-r2,"[""ttp.r014.unit.book"",""ttp.r014.unit.chap.pns"",""ttp.r014.unit.sec.batfta"",""ttp.r014.unit.sec.batfta.theorem.02""]",ttp.r014.unit.book/ttp.r014.unit.chap.pns/ttp.r014.unit.sec.batfta/ttp.r014.unit.sec.batfta.theorem.02,generated_stable_id,,,"[""ttp.r014.qa.boundary12-build-evidence"",""ttp.r014.qa.boundary12-visual-evidence""]"
r014.backend.record,1.0.0,ttp.r014.unit.sec.batfta.exercises,unit,active,ttp.r014.yaintt,ttp.r014.yaintt,ttp.r014.edition.id-id.boundary28-r2,id-ID,2026-08-22T03:06:00+02:00,codex.r014.id-ID,,exercise_group,ttp.r014.unit.sec.batfta,14,12.0014,generated:exercise-group:boundary12,Exercises,Latihan,"{""end_line"":2372,""path"":""authority/downloads/yaintt.tex"",""start_line"":2354}",ced8948eafa4b9512940c39b6e594fc019037faee1a41b6bf7c392aa758d5d14,"{""end_line"":2682,""path"":""qa/review-candidates/boundary28-r2/yaintt-id.tex"",""start_line"":2663}",068e33d27001d32700ff0bd57c81a62d5c6ac61529d2797bc88fa4a87f2ec347,language_reviewed,rights.yaintt.id-id.derivative.boundary28-r2,"[""ttp.r014.unit.book"",""ttp.r014.unit.chap.pns"",""ttp.r014.unit.sec.batfta"",""ttp.r014.unit.sec.batfta.exercises""]",ttp.r014.unit.book/ttp.r014.unit.chap.pns/ttp.r014.unit.sec.batfta/ttp.r014.unit.sec.batfta.exercises,generated_stable_id,,,"[""ttp.r014.qa.boundary12-build-evidence"",""ttp.r014.qa.boundary12-visual-evidence""]"
r014.backend.record,1.0.0,ttp.r014.unit.sec.wt.discussion.01,unit,active,ttp.r014.yaintt,ttp.r014.yaintt,ttp.r014.edition.id-id.boundary28-r2,id-ID,2026-08-22T03:06:00+02:00,codex.r014.id-ID,,discussion,ttp.r014.unit.sec.wt,1,13.0001,generated:discussion:boundary13:01,Discussion 01,Pembahasan 01,"{""end_line"":2381,""path"":""authority/downloads/yaintt.tex"",""start_line"":2375}",347e632631ba24f3e4bc75ff50ae7bdd68ef61d963c0eccfb052ba0acc2050f6,"{""end_line"":2702,""path"":""qa/review-candidates/boundary28-r2/yaintt-id.tex"",""start_line"":2695}",487a83d8d123a74d2cf65571675fd38a1d4a650fc538e9a9124c21eabbebab8b,language_reviewed,rights.yaintt.id-id.derivative.boundary28-r2,"[""ttp.r014.unit.book"",""ttp.r014.unit.chap.pns"",""ttp.r014.unit.sec.wt"",""ttp.r014.unit.sec.wt.discussion.01""]",ttp.r014.unit.book/ttp.r014.unit.chap.pns/ttp.r014.unit.sec.wt/ttp.r014.unit.sec.wt.discussion.01,generated_stable_id,,,"[""ttp.r014.qa.boundary13-build-evidence"",""ttp.r014.qa.boundary13-visual-evidence""]"
r014.backend.record,1.0.0,ttp.r014.unit.sec.wt.proof.01,unit,active,ttp.r014.yaintt,ttp.r014.yaintt,ttp.r014.edition.id-id.boundary28-r2,id-ID,2026-08-22T03:06:00+02:00,codex.r014.id-ID,,proof,ttp.r014.unit.sec.wt.lemma.01,1,13.0001,generated:proof:boundary13:01,Proof 01,Bukti 01,"{""end_line"":2396,""path"":""authority/downloads/yaintt.tex"",""start_line"":2387}",95c2c78b39a8647cf625ce29b65de8bf4d3271a4753760ee1e97485e73b31abe,"{""end_line"":2718,""path"":""qa/review-candidates/boundary28-r2/yaintt-id.tex"",""start_line"":2709}",b2dcb754513bb2dd81cce60a84d49f818c3297872619d36764ba54336cab4c32,language_reviewed,rights.yaintt.id-id.derivative.boundary28-r2,"[""ttp.r014.unit.book"",""ttp.r014.unit.chap.pns"",""ttp.r014.unit.sec.wt"",""ttp.r014.unit.sec.wt.lemma.01"",""ttp.r014.unit.sec.wt.proof.01""]",ttp.r014.unit.book/ttp.r014.unit.chap.pns/ttp.r014.unit.sec.wt/ttp.r014.unit.sec.wt.lemma.01/ttp.r014.unit.sec.wt.proof.01,generated_stable_id,,,"[""ttp.r014.qa.boundary13-build-evidence"",""ttp.r014.qa.boundary13-visual-evidence""]"
r014.backend.record,1.0.0,ttp.r014.unit.sec.wt.proof.02,unit,active,ttp.r014.yaintt,ttp.r014.yaintt,ttp.r014.edition.id-id.boundary28-r2,id-ID,2026-08-22T03:06:00+02:00,codex.r014.id-ID,,proof,ttp.r014.unit.sec.wt.theorem.01,1,13.0001,generated:proof:boundary13:02,Proof 02,Bukti 02,"{""end_line"":2428,""path"":""authority/downloads/yaintt.tex"",""start_line"":2405}",9c18799d29eac80bd6421eeed90d311b64265598c9cc0e513783d0dd38695648,"{""end_line"":2755,""path"":""qa/review-candidates/boundary28-r2/yaintt-id.tex"",""start_line"":2727}",9266173daace04f5de25f61253e65808f1bec281a38fa5b51b59e85800632684,language_reviewed,rights.yaintt.id-id.derivative.boundary28-r2,"[""ttp.r014.unit.book"",""ttp.r014.unit.chap.pns"",""ttp.r014.unit.sec.wt"",""ttp.r014.unit.sec.wt.theorem.01"",""ttp.r014.unit.sec.wt.proof.02""]",ttp.r014.unit.book/ttp.r014.unit.chap.pns/ttp.r014.unit.sec.wt/ttp.r014.unit.sec.wt.theorem.01/ttp.r014.unit.sec.wt.proof.02,generated_stable_id,,,"[""ttp.r014.qa.boundary13-build-evidence"",""ttp.r014.qa.boundary13-visual-evidence""]"
r014.backend.record,1.0.0,ttp.r014.unit.sec.wt,unit,active,ttp.r014.yaintt,ttp.r014.yaintt,ttp.r014.edition.id-id.boundary28-r2,id-ID,2026-08-22T03:06:00+02:00,codex.r014.id-ID,,section,ttp.r014.unit.chap.pns,2,13.0002,sec:WT,Wilson's Theorem,Teorema Wilson,"{""end_line"":2456,""path"":""authority/downloads/yaintt.tex"",""start_line"":2373}",fb32183e37c93a6f791c03e74f17d3dde52a518282c29c82fa047b5eea312c5e,"{""end_line"":2784,""path"":""qa/review-candidates/boundary28-r2/yaintt-id.tex"",""start_line"":2693}",1e49224d204ca0506326da3f847d04250c7a9943dfb7237ce8af722e98ee1524,language_reviewed,rights.yaintt.id-id.derivative.boundary28-r2,"[""ttp.r014.unit.book"",""ttp.r014.unit.chap.pns"",""ttp.r014.unit.sec.wt""]",ttp.r014.unit.book/ttp.r014.unit.chap.pns/ttp.r014.unit.sec.wt,source_label,,,"[""ttp.r014.qa.boundary13-build-evidence"",""ttp.r014.qa.boundary13-visual-evidence""]"
r014.backend.record,1.0.0,ttp.r014.unit.sec.wt.lemma.01,unit,active,ttp.r014.yaintt,ttp.r014.yaintt,ttp.r014.edition.id-id.boundary28-r2,id-ID,2026-08-22T03:06:00+02:00,codex.r014.id-ID,,lemma,ttp.r014.unit.sec.wt,2,13.0002,lem:selfinversesmodp,Lemma lem:selfinversesmodp,Lemma lem:selfinversesmodp,"{""end_line"":2386,""path"":""authority/downloads/yaintt.tex"",""start_line"":2382}",38586e9f7b87853c5dd0c59fd39e8cf92fcb11ed7957910a3d4ca431884c88da,"{""end_line"":2708,""path"":""qa/review-candidates/boundary28-r2/yaintt-id.tex"",""start_line"":2703}",d764bd4d9adca584e2eb0b554307685f8f94d23a6e268f7cb00a54f6571b196c,language_reviewed,rights.yaintt.id-id.derivative.boundary28-r2,"[""ttp.r014.unit.book"",""ttp.r014.unit.chap.pns"",""ttp.r014.unit.sec.wt"",""ttp.r014.unit.sec.wt.lemma.01""]",ttp.r014.unit.book/ttp.r014.unit.chap.pns/ttp.r014.unit.sec.wt/ttp.r014.unit.sec.wt.lemma.01,source_label,,,"[""ttp.r014.qa.boundary13-build-evidence"",""ttp.r014.qa.boundary13-visual-evidence""]"
r014.backend.record,1.0.0,ttp.r014.unit.sec.wt.discussion.02,unit,active,ttp.r014.yaintt,ttp.r014.yaintt,ttp.r014.edition.id-id.boundary28-r2,id-ID,2026-08-22T03:06:00+02:00,codex.r014.id-ID,,discussion,ttp.r014.unit.sec.wt,3,13.0003,generated:discussion:boundary13:02,Discussion 02,Pembahasan 02,"{""end_line"":2400,""path"":""authority/downloads/yaintt.tex"",""start_line"":2398}",a56622234a757c7452e89741f0d6870caa5a006d140d7faa430710f54d082685,"{""end_line"":2722,""path"":""qa/review-candidates/boundary28-r2/yaintt-id.tex"",""start_line"":2720}",ee0487d25594197e63e53f42be453c14b55fea366b4d46bab39232b6389e27ff,language_reviewed,rights.yaintt.id-id.derivative.boundary28-r2,"[""ttp.r014.unit.book"",""ttp.r014.unit.chap.pns"",""ttp.r014.unit.sec.wt"",""ttp.r014.unit.sec.wt.discussion.02""]",ttp.r014.unit.book/ttp.r014.unit.chap.pns/ttp.r014.unit.sec.wt/ttp.r014.unit.sec.wt.discussion.02,generated_stable_id,,,"[""ttp.r014.qa.boundary13-build-evidence"",""ttp.r014.qa.boundary13-visual-evidence""]"
r014.backend.record,1.0.0,ttp.r014.unit.sec.wt.theorem.01,unit,active,ttp.r014.yaintt,ttp.r014.yaintt,ttp.r014.edition.id-id.boundary28-r2,id-ID,2026-08-22T03:06:00+02:00,codex.r014.id-ID,,theorem,ttp.r014.unit.sec.wt,4,13.0004,thm:wilsons,Theorem thm:wilsons,Teorema thm:wilsons,"{""end_line"":2404,""path"":""authority/downloads/yaintt.tex"",""start_line"":2401}",6bb045e380c973b5d720ca13a44e243678dd426c5db8a20ec41223c94426b35e,"{""end_line"":2726,""path"":""qa/review-candidates/boundary28-r2/yaintt-id.tex"",""start_line"":2723}",5ec3b9018f4789a46940e8f047eca00ed5b6a5f96f37ac2ec682b72de5dc3564,language_reviewed,rights.yaintt.id-id.derivative.boundary28-r2,"[""ttp.r014.unit.book"",""ttp.r014.unit.chap.pns"",""ttp.r014.unit.sec.wt"",""ttp.r014.unit.sec.wt.theorem.01""]",ttp.r014.unit.book/ttp.r014.unit.chap.pns/ttp.r014.unit.sec.wt/ttp.r014.unit.sec.wt.theorem.01,source_label,,,"[""ttp.r014.qa.boundary13-build-evidence"",""ttp.r014.qa.boundary13-visual-evidence""]"
r014.backend.record,1.0.0,ttp.r014.unit.sec.wt.example.01,unit,active,ttp.r014.yaintt,ttp.r014.yaintt,ttp.r014.edition.id-id.boundary28-r2,id-ID,2026-08-22T03:06:00+02:00,codex.r014.id-ID,,example,ttp.r014.unit.sec.wt,5,13.0005,eg:workedproofwilsons,Example eg:workedproofwilsons,Contoh eg:workedproofwilsons,"{""end_line"":2445,""path"":""authority/downloads/yaintt.tex"",""start_line"":2430}",a5d70d06abbd1900e79532219925daea9215e6b3bd597c687220cef5241d0fec,"{""end_line"":2773,""path"":""qa/review-candidates/boundary28-r2/yaintt-id.tex"",""start_line"":2757}",8be02797747e7ea423cc6070bc30b11132ef1da806c5b81a77b69989dfd2a76e,language_reviewed,rights.yaintt.id-id.derivative.boundary28-r2,"[""ttp.r014.unit.book"",""ttp.r014.unit.chap.pns"",""ttp.r014.unit.sec.wt"",""ttp.r014.unit.sec.wt.example.01""]",ttp.r014.unit.book/ttp.r014.unit.chap.pns/ttp.r014.unit.sec.wt/ttp.r014.unit.sec.wt.example.01,source_label,,,"[""ttp.r014.qa.boundary13-build-evidence"",""ttp.r014.qa.boundary13-visual-evidence""]"
r014.backend.record,1.0.0,ttp.r014.unit.sec.wt.discussion.03,unit,active,ttp.r014.yaintt,ttp.r014.yaintt,ttp.r014.edition.id-id.boundary28-r2,id-ID,2026-08-22T03:06:00+02:00,codex.r014.id-ID,,discussion,ttp.r014.unit.sec.wt,6,13.0006,generated:discussion:boundary13:03,Discussion 03,Pembahasan 03,"{""end_line"":2453,""path"":""authority/downloads/yaintt.tex"",""start_line"":2447}",dc19f26c9aefb5f56351d366bdac6daa46c1a6f7cfbe0e8b710ee2f77922346e,"{""end_line"":2781,""path"":""qa/review-candidates/boundary28-r2/yaintt-id.tex"",""start_line"":2775}",ecc2245ca085becacd7d7fb8832d6e774ceea883741ac8bff14b64870b5c22a7,language_reviewed,rights.yaintt.id-id.derivative.boundary28-r2,"[""ttp.r014.unit.book"",""ttp.r014.unit.chap.pns"",""ttp.r014.unit.sec.wt"",""ttp.r014.unit.sec.wt.discussion.03""]",ttp.r014.unit.book/ttp.r014.unit.chap.pns/ttp.r014.unit.sec.wt/ttp.r014.unit.sec.wt.discussion.03,generated_stable_id,,,"[""ttp.r014.qa.boundary13-build-evidence"",""ttp.r014.qa.boundary13-visual-evidence""]"
r014.backend.record,1.0.0,ttp.r014.unit.sec.moaa.discussion.01,unit,active,ttp.r014.yaintt,ttp.r014.yaintt,ttp.r014.edition.id-id.boundary28-r2,id-ID,2026-08-22T03:06:00+02:00,codex.r014.id-ID,,discussion,ttp.r014.unit.sec.moaa,1,14.0001,generated:discussion:boundary14:01,Discussion 01,Pembahasan 01,"{""end_line"":2467,""path"":""authority/downloads/yaintt.tex"",""start_line"":2460}",c60bd6fc5e0f67bd989339de07c13c63b9724b6a1588174711bab6093dec1b8a,"{""end_line"":2806,""path"":""qa/review-candidates/boundary28-r2/yaintt-id.tex"",""start_line"":2798}",a8d142777c159165ba7dde91f5f65b95fa78c396534cfc6cb3b64ea1e1be0ae1,language_reviewed,rights.yaintt.id-id.derivative.boundary28-r2,"[""ttp.r014.unit.book"",""ttp.r014.unit.chap.pns"",""ttp.r014.unit.sec.moaa"",""ttp.r014.unit.sec.moaa.discussion.01""]",ttp.r014.unit.book/ttp.r014.unit.chap.pns/ttp.r014.unit.sec.moaa/ttp.r014.unit.sec.moaa.discussion.01,generated_stable_id,,,"[""ttp.r014.qa.boundary14-build-evidence"",""ttp.r014.qa.boundary14-visual-evidence""]"
r014.backend.record,1.0.0,ttp.r014.unit.sec.moaa.exercise.01,unit,active,ttp.r014.yaintt,ttp.r014.yaintt,ttp.r014.edition.id-id.boundary28-r2,id-ID,2026-08-22T03:06:00+02:00,codex.r014.id-ID,,exercise,ttp.r014.unit.sec.moaa.exercises,1,14.0001,generated:exercise:boundary14:01,Exercise 01,Latihan 01,"{""end_line"":2637,""path"":""authority/downloads/yaintt.tex"",""start_line"":2634}",1c1a5a63a29f865fcabbf5e4a52da159865ce64f0e748e86e931c647e8c05e2b,"{""end_line"":3000,""path"":""qa/review-candidates/boundary28-r2/yaintt-id.tex"",""start_line"":2997}",5376e623547c112e2fc198067b645811581177667b138ff79f4ec5b7fda2330b,language_reviewed,rights.yaintt.id-id.derivative.boundary28-r2,"[""ttp.r014.unit.book"",""ttp.r014.unit.chap.pns"",""ttp.r014.unit.sec.moaa"",""ttp.r014.unit.sec.moaa.exercises"",""ttp.r014.unit.sec.moaa.exercise.01""]",ttp.r014.unit.book/ttp.r014.unit.chap.pns/ttp.r014.unit.sec.moaa/ttp.r014.unit.sec.moaa.exercises/ttp.r014.unit.sec.moaa.exercise.01,generated_stable_id,"{""answers"":[],""hints"":[],""solutions"":[],""status"":""source_has_none""}",,"[""ttp.r014.qa.boundary14-build-evidence"",""ttp.r014.qa.boundary14-visual-evidence""]"
r014.backend.record,1.0.0,ttp.r014.unit.sec.moaa.proof.01,unit,active,ttp.r014.yaintt,ttp.r014.yaintt,ttp.r014.edition.id-id.boundary28-r2,id-ID,2026-08-22T03:06:00+02:00,codex.r014.id-ID,,proof,ttp.r014.unit.sec.moaa.proposition.01,1,14.0001,generated:proof:boundary14:01,Proof 01,Bukti 01,"{""end_line"":2513,""path"":""authority/downloads/yaintt.tex"",""start_line"":2486}",becdc3dc1e8ea3a0982cf59b689cc0bbb91ecc750d0fe8798397ce995e5b5e2a,"{""end_line"":2854,""path"":""qa/review-candidates/boundary28-r2/yaintt-id.tex"",""start_line"":2825}",778fd077136e4afbd6153d4721fbdbef98c778eeab24297f17e64462804be9e1,language_reviewed,rights.yaintt.id-id.derivative.boundary28-r2,"[""ttp.r014.unit.book"",""ttp.r014.unit.chap.pns"",""ttp.r014.unit.sec.moaa"",""ttp.r014.unit.sec.moaa.proposition.01"",""ttp.r014.unit.sec.moaa.proof.01""]",ttp.r014.unit.book/ttp.r014.unit.chap.pns/ttp.r014.unit.sec.moaa/ttp.r014.unit.sec.moaa.proposition.01/ttp.r014.unit.sec.moaa.proof.01,generated_stable_id,,,"[""ttp.r014.qa.boundary14-build-evidence"",""ttp.r014.qa.boundary14-visual-evidence""]"
r014.backend.record,1.0.0,ttp.r014.unit.sec.moaa.proof.02,unit,active,ttp.r014.yaintt,ttp.r014.yaintt,ttp.r014.edition.id-id.boundary28-r2,id-ID,2026-08-22T03:06:00+02:00,codex.r014.id-ID,,proof,ttp.r014.unit.sec.moaa.theorem.01,1,14.0001,generated:proof:boundary14:02,Proof 02,Bukti 02,"{""end_line"":2575,""path"":""authority/downloads/yaintt.tex"",""start_line"":2523}",35597b9295f662c726c57e8e098fe1db201b97c54dffcde7cfaf62956b9f0e99,"{""end_line"":2932,""path"":""qa/review-candidates/boundary28-r2/yaintt-id.tex"",""start_line"":2865}",9b937188ea4cfa07aabaec9c429c6069872291732d142f1272541cefa254c683,language_reviewed,rights.yaintt.id-id.derivative.boundary28-r2,"[""ttp.r014.unit.book"",""ttp.r014.unit.chap.pns"",""ttp.r014.unit.sec.moaa"",""ttp.r014.unit.sec.moaa.theorem.01"",""ttp.r014.unit.sec.moaa.proof.02""]",ttp.r014.unit.book/ttp.r014.unit.chap.pns/ttp.r014.unit.sec.moaa/ttp.r014.unit.sec.moaa.theorem.01/ttp.r014.unit.sec.moaa.proof.02,generated_stable_id,,,"[""ttp.r014.qa.boundary14-build-evidence"",""ttp.r014.qa.boundary14-visual-evidence""]"
r014.backend.record,1.0.0,ttp.r014.unit.sec.moaa.proof.03,unit,active,ttp.r014.yaintt,ttp.r014.yaintt,ttp.r014.edition.id-id.boundary28-r2,id-ID,2026-08-22T03:06:00+02:00,codex.r014.id-ID,,proof,ttp.r014.unit.sec.moaa.theorem.02,1,14.0001,generated:proof:boundary14:03,Proof 03,Bukti 03,"{""end_line"":2596,""path"":""authority/downloads/yaintt.tex"",""start_line"":2588}",b4505b2c3f164e596cb3d999c6c351b108b81bdf7ba8a2b9543dc15a54dc13e1,"{""end_line"":2956,""path"":""qa/review-candidates/boundary28-r2/yaintt-id.tex"",""start_line"":2945}",f5c2a37c0ef4dfa8ebecc9a4ce2ba4d914c62585f556aa3d409896b3d5a28ff8,language_reviewed,rights.yaintt.id-id.derivative.boundary28-r2,"[""ttp.r014.unit.book"",""ttp.r014.unit.chap.pns"",""ttp.r014.unit.sec.moaa"",""ttp.r014.unit.sec.moaa.theorem.02"",""ttp.r014.unit.sec.moaa.proof.03""]",ttp.r014.unit.book/ttp.r014.unit.chap.pns/ttp.r014.unit.sec.moaa/ttp.r014.unit.sec.moaa.theorem.02/ttp.r014.unit.sec.moaa.proof.03,generated_stable_id,,,"[""ttp.r014.qa.boundary14-build-evidence"",""ttp.r014.qa.boundary14-visual-evidence""]"
r014.backend.record,1.0.0,ttp.r014.unit.sec.moaa.proof.04,unit,active,ttp.r014.yaintt,ttp.r014.yaintt,ttp.r014.edition.id-id.boundary28-r2,id-ID,2026-08-22T03:06:00+02:00,codex.r014.id-ID,,proof,ttp.r014.unit.sec.moaa.corollary.01,1,14.0001,generated:proof:boundary14:04,Proof 04,Bukti 04,"{""end_line"":2606,""path"":""authority/downloads/yaintt.tex"",""start_line"":2603}",bdeff82059e5a6dfd64f2db76f5cb7ca7f66a41baa152cbc4b6d228dd0d40a9a,"{""end_line"":2968,""path"":""qa/review-candidates/boundary28-r2/yaintt-id.tex"",""start_line"":2964}",e5ecaa8e1dd4defd81bde0a7f3cc0cc824f041b685a8d5c9ca7fca96bc4c20dc,language_reviewed,rights.yaintt.id-id.derivative.boundary28-r2,"[""ttp.r014.unit.book"",""ttp.r014.unit.chap.pns"",""ttp.r014.unit.sec.moaa"",""ttp.r014.unit.sec.moaa.corollary.01"",""ttp.r014.unit.sec.moaa.proof.04""]",ttp.r014.unit.book/ttp.r014.unit.chap.pns/ttp.r014.unit.sec.moaa/ttp.r014.unit.sec.moaa.corollary.01/ttp.r014.unit.sec.moaa.proof.04,generated_stable_id,,,"[""ttp.r014.qa.boundary14-build-evidence"",""ttp.r014.qa.boundary14-visual-evidence""]"
r014.backend.record,1.0.0,ttp.r014.unit.sec.moaa.proof.05,unit,active,ttp.r014.yaintt,ttp.r014.yaintt,ttp.r014.edition.id-id.boundary28-r2,id-ID,2026-08-22T03:06:00+02:00,codex.r014.id-ID,,proof,ttp.r014.unit.sec.moaa.theorem.03,1,14.0001,generated:proof:boundary14:05,Proof 05,Bukti 05,"{""end_line"":2624,""path"":""authority/downloads/yaintt.tex"",""start_line"":2614}",d96ff85cac9ea944b69fa51dee181e45ebefd868a98920edea43184df1dcf10f,"{""end_line"":2987,""path"":""qa/review-candidates/boundary28-r2/yaintt-id.tex"",""start_line"":2977}",5f1a4a53bb0cc2310871cc5a6477eb115b52f160d13485f4b8cd9855a0e68d65,language_reviewed,rights.yaintt.id-id.derivative.boundary28-r2,"[""ttp.r014.unit.book"",""ttp.r014.unit.chap.pns"",""ttp.r014.unit.sec.moaa"",""ttp.r014.unit.sec.moaa.theorem.03"",""ttp.r014.unit.sec.moaa.proof.05""]",ttp.r014.unit.book/ttp.r014.unit.chap.pns/ttp.r014.unit.sec.moaa/ttp.r014.unit.sec.moaa.theorem.03/ttp.r014.unit.sec.moaa.proof.05,generated_stable_id,,,"[""ttp.r014.qa.boundary14-build-evidence"",""ttp.r014.qa.boundary14-visual-evidence""]"
r014.backend.record,1.0.0,ttp.r014.unit.sec.moaa.definition.01,unit,active,ttp.r014.yaintt,ttp.r014.yaintt,ttp.r014.edition.id-id.boundary28-r2,id-ID,2026-08-22T03:06:00+02:00,codex.r014.id-ID,,definition,ttp.r014.unit.sec.moaa,2,14.0002,def:multorder,Definition def:multorder,Definisi def:multorder,"{""end_line"":2476,""path"":""authority/downloads/yaintt.tex"",""start_line"":2468}",e292b654e0f845a3a585216477cb2b5f3b341f8860dd971a1a913897f66e1d0c,"{""end_line"":2815,""path"":""qa/review-candidates/boundary28-r2/yaintt-id.tex"",""start_line"":2807}",d7976cbecfbc76fd327fc1e691b825ae8f3a3dad3da3b94f014d2728fbccb73a,language_reviewed,rights.yaintt.id-id.derivative.boundary28-r2,"[""ttp.r014.unit.book"",""ttp.r014.unit.chap.pns"",""ttp.r014.unit.sec.moaa"",""ttp.r014.unit.sec.moaa.definition.01""]",ttp.r014.unit.book/ttp.r014.unit.chap.pns/ttp.r014.unit.sec.moaa/ttp.r014.unit.sec.moaa.definition.01,source_label,,,"[""ttp.r014.qa.boundary14-build-evidence"",""ttp.r014.qa.boundary14-visual-evidence""]"
r014.backend.record,1.0.0,ttp.r014.unit.sec.moaa.exercise.02,unit,active,ttp.r014.yaintt,ttp.r014.yaintt,ttp.r014.edition.id-id.boundary28-r2,id-ID,2026-08-22T03:06:00+02:00,codex.r014.id-ID,,exercise,ttp.r014.unit.sec.moaa.exercises,2,14.0002,generated:exercise:boundary14:02,Exercise 02,Latihan 02,"{""end_line"":2641,""path"":""authority/downloads/yaintt.tex"",""start_line"":2638}",a3050392f7f447577f89898683f7046402823e586ea6a0bcbc2feb7e62102398,"{""end_line"":3004,""path"":""qa/review-candidates/boundary28-r2/yaintt-id.tex"",""start_line"":3001}",9db20d6e9addccf84414106c31b708549576b000b8d63a6f80cd9899b8fe0189,language_reviewed,rights.yaintt.id-id.derivative.boundary28-r2,"[""ttp.r014.unit.book"",""ttp.r014.unit.chap.pns"",""ttp.r014.unit.sec.moaa"",""ttp.r014.unit.sec.moaa.exercises"",""ttp.r014.unit.sec.moaa.exercise.02""]",ttp.r014.unit.book/ttp.r014.unit.chap.pns/ttp.r014.unit.sec.moaa/ttp.r014.unit.sec.moaa.exercises/ttp.r014.unit.sec.moaa.exercise.02,generated_stable_id,"{""answers"":[],""hints"":[],""solutions"":[],""status"":""source_has_none""}",,"[""ttp.r014.qa.boundary14-build-evidence"",""ttp.r014.qa.boundary14-visual-evidence""]"
r014.backend.record,1.0.0,ttp.r014.unit.sec.moaa,unit,active,ttp.r014.yaintt,ttp.r014.yaintt,ttp.r014.edition.id-id.boundary28-r2,id-ID,2026-08-22T03:06:00+02:00,codex.r014.id-ID,,section,ttp.r014.unit.chap.pns,3,14.0003,sec:MOaA,Multiplicative Order and Applications,Orde Multiplikatif dan Penerapannya,"{""end_line"":2663,""path"":""authority/downloads/yaintt.tex"",""start_line"":2457}",01362572a552d7f900231706c691132619924e3de4a50eabeee9d92120411c90,"{""end_line"":3028,""path"":""qa/review-candidates/boundary28-r2/yaintt-id.tex"",""start_line"":2795}",0e525d81a463df233c30a5a7747ac97028123325403a46158dea686fa3fc7b51,language_reviewed,rights.yaintt.id-id.derivative.boundary28-r2,"[""ttp.r014.unit.book"",""ttp.r014.unit.chap.pns"",""ttp.r014.unit.sec.moaa""]",ttp.r014.unit.book/ttp.r014.unit.chap.pns/ttp.r014.unit.sec.moaa,source_label,,,"[""ttp.r014.qa.boundary14-build-evidence"",""ttp.r014.qa.boundary14-visual-evidence""]"
r014.backend.record,1.0.0,ttp.r014.unit.sec.moaa.discussion.02,unit,active,ttp.r014.yaintt,ttp.r014.yaintt,ttp.r014.edition.id-id.boundary28-r2,id-ID,2026-08-22T03:06:00+02:00,codex.r014.id-ID,,discussion,ttp.r014.unit.sec.moaa,3,14.0003,generated:discussion:boundary14:02,Discussion 02,Pembahasan 02,"{""end_line"":2481,""path"":""authority/downloads/yaintt.tex"",""start_line"":2478}",7b1d751e4156259bee63b844ccc321cf0fc0bb669510825a24454552fca94f50,"{""end_line"":2820,""path"":""qa/review-candidates/boundary28-r2/yaintt-id.tex"",""start_line"":2817}",af80bee16760815e39ab5a7f36bf12efa84f04b3b0f9c3440162c60dfd6eb7a4,language_reviewed,rights.yaintt.id-id.derivative.boundary28-r2,"[""ttp.r014.unit.book"",""ttp.r014.unit.chap.pns"",""ttp.r014.unit.sec.moaa"",""ttp.r014.unit.sec.moaa.discussion.02""]",ttp.r014.unit.book/ttp.r014.unit.chap.pns/ttp.r014.unit.sec.moaa/ttp.r014.unit.sec.moaa.discussion.02,generated_stable_id,,,"[""ttp.r014.qa.boundary14-build-evidence"",""ttp.r014.qa.boundary14-visual-evidence""]"
r014.backend.record,1.0.0,ttp.r014.unit.sec.moaa.exercise.03,unit,active,ttp.r014.yaintt,ttp.r014.yaintt,ttp.r014.edition.id-id.boundary28-r2,id-ID,2026-08-22T03:06:00+02:00,codex.r014.id-ID,,exercise,ttp.r014.unit.sec.moaa.exercises,3,14.0003,generated:exercise:boundary14:03,Exercise 03,Latihan 03,"{""end_line"":2654,""path"":""authority/downloads/yaintt.tex"",""start_line"":2642}",9577e04deec982bfe3acae3cb08837f3c309b1856ea270e1e70bf8e04711004c,"{""end_line"":3018,""path"":""qa/review-candidates/boundary28-r2/yaintt-id.tex"",""start_line"":3005}",aaee232b1c9a5e18bb4fa4411585ce413cc16913530b9ecd35c16c5e1f1521ab,language_reviewed,rights.yaintt.id-id.derivative.boundary28-r2,"[""ttp.r014.unit.book"",""ttp.r014.unit.chap.pns"",""ttp.r014.unit.sec.moaa"",""ttp.r014.unit.sec.moaa.exercises"",""ttp.r014.unit.sec.moaa.exercise.03""]",ttp.r014.unit.book/ttp.r014.unit.chap.pns/ttp.r014.unit.sec.moaa/ttp.r014.unit.sec.moaa.exercises/ttp.r014.unit.sec.moaa.exercise.03,generated_stable_id,"{""answers"":[],""hints"":[],""solutions"":[],""status"":""source_has_none""}",,"[""ttp.r014.qa.boundary14-build-evidence"",""ttp.r014.qa.boundary14-visual-evidence""]"
r014.backend.record,1.0.0,ttp.r014.unit.sec.moaa.exercise.04,unit,active,ttp.r014.yaintt,ttp.r014.yaintt,ttp.r014.edition.id-id.boundary28-r2,id-ID,2026-08-22T03:06:00+02:00,codex.r014.id-ID,,exercise,ttp.r014.unit.sec.moaa.exercises,4,14.0004,generated:exercise:boundary14:04,Exercise 04,Latihan 04,"{""end_line"":2660,""path"":""authority/downloads/yaintt.tex"",""start_line"":2655}",a1f6f5c0d4ec21b1a768e5a149dce59cf8103c8d6383834ab99e1603c6b6fb8d,"{""end_line"":3025,""path"":""qa/review-candidates/boundary28-r2/yaintt-id.tex"",""start_line"":3019}",d6cbe7b195140a609f31c52546bf2c95cbaf89552feec809841c9140e36de821,language_reviewed,rights.yaintt.id-id.derivative.boundary28-r2,"[""ttp.r014.unit.book"",""ttp.r014.unit.chap.pns"",""ttp.r014.unit.sec.moaa"",""ttp.r014.unit.sec.moaa.exercises"",""ttp.r014.unit.sec.moaa.exercise.04""]",ttp.r014.unit.book/ttp.r014.unit.chap.pns/ttp.r014.unit.sec.moaa/ttp.r014.unit.sec.moaa.exercises/ttp.r014.unit.sec.moaa.exercise.04,generated_stable_id,"{""answers"":[],""hints"":[],""solutions"":[],""status"":""source_has_none""}",,"[""ttp.r014.qa.boundary14-build-evidence"",""ttp.r014.qa.boundary14-visual-evidence""]"
r014.backend.record,1.0.0,ttp.r014.unit.sec.moaa.proposition.01,unit,active,ttp.r014.yaintt,ttp.r014.yaintt,ttp.r014.edition.id-id.boundary28-r2,id-ID,2026-08-22T03:06:00+02:00,codex.r014.id-ID,,proposition,ttp.r014.unit.sec.moaa,4,14.0004,prop:orderwelldefined,Proposition prop:orderwelldefined,Proposisi prop:orderwelldefined,"{""end_line"":2485,""path"":""authority/downloads/yaintt.tex"",""start_line"":2482}",e75600a90270d490da132683081bbe1193128c8cb8cf8eae15f2316eab7e4883,"{""end_line"":2824,""path"":""qa/review-candidates/boundary28-r2/yaintt-id.tex"",""start_line"":2821}",d24ca7fb96ad0fdaf1b119ac300fe81b3457271452db8675feb405bc3ffd17ac,language_reviewed,rights.yaintt.id-id.derivative.boundary28-r2,"[""ttp.r014.unit.book"",""ttp.r014.unit.chap.pns"",""ttp.r014.unit.sec.moaa"",""ttp.r014.unit.sec.moaa.proposition.01""]",ttp.r014.unit.book/ttp.r014.unit.chap.pns/ttp.r014.unit.sec.moaa/ttp.r014.unit.sec.moaa.proposition.01,source_label,,,"[""ttp.r014.qa.boundary14-build-evidence"",""ttp.r014.qa.boundary14-visual-evidence""]"
r014.backend.record,1.0.0,ttp.r014.unit.sec.moaa.discussion.03,unit,active,ttp.r014.yaintt,ttp.r014.yaintt,ttp.r014.edition.id-id.boundary28-r2,id-ID,2026-08-22T03:06:00+02:00,codex.r014.id-ID,,discussion,ttp.r014.unit.sec.moaa,5,14.0005,generated:discussion:boundary14:03,Discussion 03,Pembahasan 03,"{""end_line"":2518,""path"":""authority/downloads/yaintt.tex"",""start_line"":2515}",b4c374d09b8ddd841e8e4acd7b9a2f5e8ddbcef8f50a7616897fcc0c186098b7,"{""end_line"":2859,""path"":""qa/review-candidates/boundary28-r2/yaintt-id.tex"",""start_line"":2856}",f3b61edb0e556add60d1e5ee2a04038398c5074fee801cfb7fdbad0148edc72b,language_reviewed,rights.yaintt.id-id.derivative.boundary28-r2,"[""ttp.r014.unit.book"",""ttp.r014.unit.chap.pns"",""ttp.r014.unit.sec.moaa"",""ttp.r014.unit.sec.moaa.discussion.03""]",ttp.r014.unit.book/ttp.r014.unit.chap.pns/ttp.r014.unit.sec.moaa/ttp.r014.unit.sec.moaa.discussion.03,generated_stable_id,,,"[""ttp.r014.qa.boundary14-build-evidence"",""ttp.r014.qa.boundary14-visual-evidence""]"
r014.backend.record,1.0.0,ttp.r014.unit.sec.moaa.theorem.01,unit,active,ttp.r014.yaintt,ttp.r014.yaintt,ttp.r014.edition.id-id.boundary28-r2,id-ID,2026-08-22T03:06:00+02:00,codex.r014.id-ID,,theorem,ttp.r014.unit.sec.moaa,6,14.0006,thm:orddividesphi,Theorem thm:orddividesphi,Teorema thm:orddividesphi,"{""end_line"":2522,""path"":""authority/downloads/yaintt.tex"",""start_line"":2519}",5155fb494ead57661f07d985841796c3780d71305d6ad95c32ebe16db75bface,"{""end_line"":2864,""path"":""qa/review-candidates/boundary28-r2/yaintt-id.tex"",""start_line"":2860}",2da46972dc2d71f5f7564db38c9d6ff150a2ab850c858e26770e3c43183fae7b,language_reviewed,rights.yaintt.id-id.derivative.boundary28-r2,"[""ttp.r014.unit.book"",""ttp.r014.unit.chap.pns"",""ttp.r014.unit.sec.moaa"",""ttp.r014.unit.sec.moaa.theorem.01""]",ttp.r014.unit.book/ttp.r014.unit.chap.pns/ttp.r014.unit.sec.moaa/ttp.r014.unit.sec.moaa.theorem.01,source_label,,,"[""ttp.r014.qa.boundary14-build-evidence"",""ttp.r014.qa.boundary14-visual-evidence""]"
r014.backend.record,1.0.0,ttp.r014.unit.sec.moaa.discussion.04,unit,active,ttp.r014.yaintt,ttp.r014.yaintt,ttp.r014.edition.id-id.boundary28-r2,id-ID,2026-08-22T03:06:00+02:00,codex.r014.id-ID,,discussion,ttp.r014.unit.sec.moaa,7,14.0007,generated:discussion:boundary14:04,Discussion 04,Pembahasan 04,"{""end_line"":2580,""path"":""authority/downloads/yaintt.tex"",""start_line"":2577}",074a48efb6c01a35640b92013e462b8c86912b685b8ec94a0892558386fa5ff8,"{""end_line"":2937,""path"":""qa/review-candidates/boundary28-r2/yaintt-id.tex"",""start_line"":2934}",7da8a3ddd844b3f158b2276679fb0edff8841662120013ee51a5f34700788f0d,language_reviewed,rights.yaintt.id-id.derivative.boundary28-r2,"[""ttp.r014.unit.book"",""ttp.r014.unit.chap.pns"",""ttp.r014.unit.sec.moaa"",""ttp.r014.unit.sec.moaa.discussion.04""]",ttp.r014.unit.book/ttp.r014.unit.chap.pns/ttp.r014.unit.sec.moaa/ttp.r014.unit.sec.moaa.discussion.04,generated_stable_id,,,"[""ttp.r014.qa.boundary14-build-evidence"",""ttp.r014.qa.boundary14-visual-evidence""]"
r014.backend.record,1.0.0,ttp.r014.unit.sec.moaa.theorem.02,unit,active,ttp.r014.yaintt,ttp.r014.yaintt,ttp.r014.edition.id-id.boundary28-r2,id-ID,2026-08-22T03:06:00+02:00,codex.r014.id-ID,,theorem,ttp.r014.unit.sec.moaa,8,14.0008,thm:eulers,Theorem thm:eulers,Teorema thm:eulers,"{""end_line"":2587,""path"":""authority/downloads/yaintt.tex"",""start_line"":2582}",8ddd7b43c2a4cba32ee9f6e1dbb08404e6377de5569b4adddf35cb05a6c1021a,"{""end_line"":2944,""path"":""qa/review-candidates/boundary28-r2/yaintt-id.tex"",""start_line"":2939}",1bfe7640b9985b84f4d287703a736cefa49c1a03e3c440ced31aab142ebd5621,language_reviewed,rights.yaintt.id-id.derivative.boundary28-r2,"[""ttp.r014.unit.book"",""ttp.r014.unit.chap.pns"",""ttp.r014.unit.sec.moaa"",""ttp.r014.unit.sec.moaa.theorem.02""]",ttp.r014.unit.book/ttp.r014.unit.chap.pns/ttp.r014.unit.sec.moaa/ttp.r014.unit.sec.moaa.theorem.02,source_label,,,"[""ttp.r014.qa.boundary14-build-evidence"",""ttp.r014.qa.boundary14-visual-evidence""]"
r014.backend.record,1.0.0,ttp.r014.unit.sec.moaa.corollary.01,unit,active,ttp.r014.yaintt,ttp.r014.yaintt,ttp.r014.edition.id-id.boundary28-r2,id-ID,2026-08-22T03:06:00+02:00,codex.r014.id-ID,,corollary,ttp.r014.unit.sec.moaa,9,14.0009,cor:FLT,Corollary cor:FLT,Korolari cor:FLT,"{""end_line"":2602,""path"":""authority/downloads/yaintt.tex"",""start_line"":2598}",35eb4f91e9169ed8329bc5bdd2b19c5c44eb32a7f42be0884a00aed971513908,"{""end_line"":2963,""path"":""qa/review-candidates/boundary28-r2/yaintt-id.tex"",""start_line"":2958}",f08e9de29471f6795971f5f07d6cb4f18e8f45a72a0b5566e6bc0a4714a8893e,language_reviewed,rights.yaintt.id-id.derivative.boundary28-r2,"[""ttp.r014.unit.book"",""ttp.r014.unit.chap.pns"",""ttp.r014.unit.sec.moaa"",""ttp.r014.unit.sec.moaa.corollary.01""]",ttp.r014.unit.book/ttp.r014.unit.chap.pns/ttp.r014.unit.sec.moaa/ttp.r014.unit.sec.moaa.corollary.01,source_label,,,"[""ttp.r014.qa.boundary14-build-evidence"",""ttp.r014.qa.boundary14-visual-evidence""]"
r014.backend.record,1.0.0,ttp.r014.unit.sec.moaa.discussion.05,unit,active,ttp.r014.yaintt,ttp.r014.yaintt,ttp.r014.edition.id-id.boundary28-r2,id-ID,2026-08-22T03:06:00+02:00,codex.r014.id-ID,,discussion,ttp.r014.unit.sec.moaa,10,14.0010,generated:discussion:boundary14:05,Discussion 05,Pembahasan 05,"{""end_line"":2610,""path"":""authority/downloads/yaintt.tex"",""start_line"":2608}",5821d52306d2c7aa4aaa9e72f2bb00b9558dfd187a6db43c817600a1617e83dd,"{""end_line"":2972,""path"":""qa/review-candidates/boundary28-r2/yaintt-id.tex"",""start_line"":2970}",60e118351d7c344dcfc1e4ae7115ae7d1c9ea322e6ec2e24594cea69b167d9e7,language_reviewed,rights.yaintt.id-id.derivative.boundary28-r2,"[""ttp.r014.unit.book"",""ttp.r014.unit.chap.pns"",""ttp.r014.unit.sec.moaa"",""ttp.r014.unit.sec.moaa.discussion.05""]",ttp.r014.unit.book/ttp.r014.unit.chap.pns/ttp.r014.unit.sec.moaa/ttp.r014.unit.sec.moaa.discussion.05,generated_stable_id,,,"[""ttp.r014.qa.boundary14-build-evidence"",""ttp.r014.qa.boundary14-visual-evidence""]"
r014.backend.record,1.0.0,ttp.r014.unit.sec.moaa.theorem.03,unit,active,ttp.r014.yaintt,ttp.r014.yaintt,ttp.r014.edition.id-id.boundary28-r2,id-ID,2026-08-22T03:06:00+02:00,codex.r014.id-ID,,theorem,ttp.r014.unit.sec.moaa,11,14.0011,thm:altFLT,Theorem thm:altFLT,Teorema thm:altFLT,"{""end_line"":2613,""path"":""authority/downloads/yaintt.tex"",""start_line"":2611}",fe3ef6731e322a819f44864bc2a088cfade17167b163a303f321fd94795e6791,"{""end_line"":2976,""path"":""qa/review-candidates/boundary28-r2/yaintt-id.tex"",""start_line"":2973}",fd19d273f8f36de457e5fc9d54b6c58604422839f462c4788d635897d621ab01,language_reviewed,rights.yaintt.id-id.derivative.boundary28-r2,"[""ttp.r014.unit.book"",""ttp.r014.unit.chap.pns"",""ttp.r014.unit.sec.moaa"",""ttp.r014.unit.sec.moaa.theorem.03""]",ttp.r014.unit.book/ttp.r014.unit.chap.pns/ttp.r014.unit.sec.moaa/ttp.r014.unit.sec.moaa.theorem.03,source_label,,,"[""ttp.r014.qa.boundary14-build-evidence"",""ttp.r014.qa.boundary14-visual-evidence""]"
r014.backend.record,1.0.0,ttp.r014.unit.sec.moaa.exercises,unit,active,ttp.r014.yaintt,ttp.r014.yaintt,ttp.r014.edition.id-id.boundary28-r2,id-ID,2026-08-22T03:06:00+02:00,codex.r014.id-ID,,exercise_group,ttp.r014.unit.sec.moaa,12,14.0012,generated:exercise-group:boundary14,Exercises,Latihan,"{""end_line"":2663,""path"":""authority/downloads/yaintt.tex"",""start_line"":2631}",923d50453aa867f988e11d857ea93a2cb88ed5e2c93c3c8834ef47df50fcb712,"{""end_line"":3028,""path"":""qa/review-candidates/boundary28-r2/yaintt-id.tex"",""start_line"":2994}",e72cfaf51b40bc6183971e6d67179c0ce339c4794ffd33637f164b403d03f944,language_reviewed,rights.yaintt.id-id.derivative.boundary28-r2,"[""ttp.r014.unit.book"",""ttp.r014.unit.chap.pns"",""ttp.r014.unit.sec.moaa"",""ttp.r014.unit.sec.moaa.exercises""]",ttp.r014.unit.book/ttp.r014.unit.chap.pns/ttp.r014.unit.sec.moaa/ttp.r014.unit.sec.moaa.exercises,generated_stable_id,,,"[""ttp.r014.qa.boundary14-build-evidence"",""ttp.r014.qa.boundary14-visual-evidence""]"
r014.backend.record,1.0.0,ttp.r014.unit.sec.aatflaet.discussion.01,unit,active,ttp.r014.yaintt,ttp.r014.yaintt,ttp.r014.edition.id-id.boundary28-r2,id-ID,2026-08-22T03:06:00+02:00,codex.r014.id-ID,,discussion,ttp.r014.unit.sec.aatflaet,1,15.0001,generated:discussion:boundary15:01,Discussion 01,Pembahasan 01,"{""end_line"":2673,""path"":""authority/downloads/yaintt.tex"",""start_line"":2667}",3280787ad946da83ca15d4830bc9a598b0c05d3cde7101f6da6375e379f0bcc6,"{""end_line"":3049,""path"":""qa/review-candidates/boundary28-r2/yaintt-id.tex"",""start_line"":3042}",8281ec1e9b936cf8579567b0320296e1d0427f576ed70f73eeb0db79348891f7,language_reviewed,rights.yaintt.id-id.derivative.boundary28-r2,"[""ttp.r014.unit.book"",""ttp.r014.unit.chap.pns"",""ttp.r014.unit.sec.aatflaet"",""ttp.r014.unit.sec.aatflaet.discussion.01""]",ttp.r014.unit.book/ttp.r014.unit.chap.pns/ttp.r014.unit.sec.aatflaet/ttp.r014.unit.sec.aatflaet.discussion.01,generated_stable_id,,,"[""ttp.r014.qa.boundary15-build-evidence"",""ttp.r014.qa.boundary15-visual-evidence""]"
r014.backend.record,1.0.0,ttp.r014.unit.sec.aatflaet.exercise.01,unit,active,ttp.r014.yaintt,ttp.r014.yaintt,ttp.r014.edition.id-id.boundary28-r2,id-ID,2026-08-22T03:06:00+02:00,codex.r014.id-ID,,exercise,ttp.r014.unit.sec.aatflaet.exercises,1,15.0001,generated:exercise:boundary15:01,Exercise 01,Latihan 01,"{""end_line"":2786,""path"":""authority/downloads/yaintt.tex"",""start_line"":2783}",403d2a2b013e71189e599b62fbef3a31c9224c3a424d7efca0df424d4e540690,"{""end_line"":3174,""path"":""qa/review-candidates/boundary28-r2/yaintt-id.tex"",""start_line"":3170}",496ac7df1ffc9b125fbd2d1faed2536a11a935cfd9dbc52199e8cb3e4d41aebd,language_reviewed,rights.yaintt.id-id.derivative.boundary28-r2,"[""ttp.r014.unit.book"",""ttp.r014.unit.chap.pns"",""ttp.r014.unit.sec.aatflaet"",""ttp.r014.unit.sec.aatflaet.exercises"",""ttp.r014.unit.sec.aatflaet.exercise.01""]",ttp.r014.unit.book/ttp.r014.unit.chap.pns/ttp.r014.unit.sec.aatflaet/ttp.r014.unit.sec.aatflaet.exercises/ttp.r014.unit.sec.aatflaet.exercise.01,generated_stable_id,"{""answers"":[],""hints"":[],""solutions"":[],""status"":""source_has_none""}",,"[""ttp.r014.qa.boundary15-build-evidence"",""ttp.r014.qa.boundary15-visual-evidence""]"
r014.backend.record,1.0.0,ttp.r014.unit.sec.aatflaet.proof.01,unit,active,ttp.r014.yaintt,ttp.r014.yaintt,ttp.r014.edition.id-id.boundary28-r2,id-ID,2026-08-22T03:06:00+02:00,codex.r014.id-ID,,proof,ttp.r014.unit.sec.aatflaet.theorem.01,1,15.0001,generated:proof:boundary15:01,Proof 01,Bukti 01,"{""end_line"":2717,""path"":""authority/downloads/yaintt.tex"",""start_line"":2680}",3faafdefa0a0ae95022d6d98f719a2b2ad579b3a6f603f937d35757ce0082a01,"{""end_line"":3097,""path"":""qa/review-candidates/boundary28-r2/yaintt-id.tex"",""start_line"":3057}",d031de1814132e61f8fd9bce1459556ce2bf28d98d2d7e44a0564c509dd755b7,language_reviewed,rights.yaintt.id-id.derivative.boundary28-r2,"[""ttp.r014.unit.book"",""ttp.r014.unit.chap.pns"",""ttp.r014.unit.sec.aatflaet"",""ttp.r014.unit.sec.aatflaet.theorem.01"",""ttp.r014.unit.sec.aatflaet.proof.01""]",ttp.r014.unit.book/ttp.r014.unit.chap.pns/ttp.r014.unit.sec.aatflaet/ttp.r014.unit.sec.aatflaet.theorem.01/ttp.r014.unit.sec.aatflaet.proof.01,generated_stable_id,,,"[""ttp.r014.qa.boundary15-build-evidence"",""ttp.r014.qa.boundary15-visual-evidence""]"
r014.backend.record,1.0.0,ttp.r014.unit.sec.aatflaet.proof.02,unit,active,ttp.r014.yaintt,ttp.r014.yaintt,ttp.r014.edition.id-id.boundary28-r2,id-ID,2026-08-22T03:06:00+02:00,codex.r014.id-ID,,proof,ttp.r014.unit.sec.aatflaet.theorem.02,1,15.0001,generated:proof:boundary15:02,Proof 02,Bukti 02,"{""end_line"":2773,""path"":""authority/downloads/yaintt.tex"",""start_line"":2730}",c1a06e4251f8e78e42e7e2775488ace9e27d100248874aa0b7eca93b12d98c47,"{""end_line"":3160,""path"":""qa/review-candidates/boundary28-r2/yaintt-id.tex"",""start_line"":3111}",027c06dd2497168373bc746e3a890882dc89ae6af41b33a1b80ebaa4aef814d9,language_reviewed,rights.yaintt.id-id.derivative.boundary28-r2,"[""ttp.r014.unit.book"",""ttp.r014.unit.chap.pns"",""ttp.r014.unit.sec.aatflaet"",""ttp.r014.unit.sec.aatflaet.theorem.02"",""ttp.r014.unit.sec.aatflaet.proof.02""]",ttp.r014.unit.book/ttp.r014.unit.chap.pns/ttp.r014.unit.sec.aatflaet/ttp.r014.unit.sec.aatflaet.theorem.02/ttp.r014.unit.sec.aatflaet.proof.02,generated_stable_id,,,"[""ttp.r014.qa.boundary15-build-evidence"",""ttp.r014.qa.boundary15-visual-evidence""]"
r014.backend.record,1.0.0,ttp.r014.unit.sec.aatflaet.theorem.01,unit,active,ttp.r014.yaintt,ttp.r014.yaintt,ttp.r014.edition.id-id.boundary28-r2,id-ID,2026-08-22T03:06:00+02:00,codex.r014.id-ID,,theorem,ttp.r014.unit.sec.aatflaet,2,15.0002,thm:FLT2,Theorem thm:FLT2,Teorema thm:FLT2,"{""end_line"":2679,""path"":""authority/downloads/yaintt.tex"",""start_line"":2675}",28fa48ccbb846e044697175f36777a23d625c352ef4ce7205ac4085eb260ac0b,"{""end_line"":3056,""path"":""qa/review-candidates/boundary28-r2/yaintt-id.tex"",""start_line"":3051}",6d30e58170757e115e553c0d47bad393447e9a5d61009c5bc65d21bd0342d6df,language_reviewed,rights.yaintt.id-id.derivative.boundary28-r2,"[""ttp.r014.unit.book"",""ttp.r014.unit.chap.pns"",""ttp.r014.unit.sec.aatflaet"",""ttp.r014.unit.sec.aatflaet.theorem.01""]",ttp.r014.unit.book/ttp.r014.unit.chap.pns/ttp.r014.unit.sec.aatflaet/ttp.r014.unit.sec.aatflaet.theorem.01,source_label,,,"[""ttp.r014.qa.boundary15-build-evidence"",""ttp.r014.qa.boundary15-visual-evidence""]"
r014.backend.record,1.0.0,ttp.r014.unit.sec.aatflaet.discussion.02,unit,active,ttp.r014.yaintt,ttp.r014.yaintt,ttp.r014.edition.id-id.boundary28-r2,id-ID,2026-08-22T03:06:00+02:00,codex.r014.id-ID,,discussion,ttp.r014.unit.sec.aatflaet,3,15.0003,generated:discussion:boundary15:02,Discussion 02,Pembahasan 02,"{""end_line"":2723,""path"":""authority/downloads/yaintt.tex"",""start_line"":2719}",c6dcfee2a66520aa1b7b67336bd5c4946cd47a6a62fb876e789bc20a9a603a38,"{""end_line"":3104,""path"":""qa/review-candidates/boundary28-r2/yaintt-id.tex"",""start_line"":3099}",e828d8fe60b5450f5376f625614925551cac50eff63bca70d9dd3ba976084382,language_reviewed,rights.yaintt.id-id.derivative.boundary28-r2,"[""ttp.r014.unit.book"",""ttp.r014.unit.chap.pns"",""ttp.r014.unit.sec.aatflaet"",""ttp.r014.unit.sec.aatflaet.discussion.02""]",ttp.r014.unit.book/ttp.r014.unit.chap.pns/ttp.r014.unit.sec.aatflaet/ttp.r014.unit.sec.aatflaet.discussion.02,generated_stable_id,,,"[""ttp.r014.qa.boundary15-build-evidence"",""ttp.r014.qa.boundary15-visual-evidence""]"
r014.backend.record,1.0.0,ttp.r014.unit.sec.aatflaet,unit,active,ttp.r014.yaintt,ttp.r014.yaintt,ttp.r014.edition.id-id.boundary28-r2,id-ID,2026-08-22T03:06:00+02:00,codex.r014.id-ID,,section,ttp.r014.unit.chap.pns,4,15.0004,sec:AAtFLaET,Another Approach to Fermat's Little and Euler's Theorems,Pendekatan Lain terhadap Teorema Kecil Fermat dan Teorema Euler,"{""end_line"":2787,""path"":""authority/downloads/yaintt.tex"",""start_line"":2664}",3a46ad0e273fa5518e728f4b817fdb112114b2b8b12756e85937d9f79eca13d6,"{""end_line"":3175,""path"":""qa/review-candidates/boundary28-r2/yaintt-id.tex"",""start_line"":3039}",f1a6a2462e0214bd2112fb9dd4db895c1aa5e48d1243de7a8f02ec47ff835828,language_reviewed,rights.yaintt.id-id.derivative.boundary28-r2,"[""ttp.r014.unit.book"",""ttp.r014.unit.chap.pns"",""ttp.r014.unit.sec.aatflaet""]",ttp.r014.unit.book/ttp.r014.unit.chap.pns/ttp.r014.unit.sec.aatflaet,source_label,,,"[""ttp.r014.qa.boundary15-build-evidence"",""ttp.r014.qa.boundary15-visual-evidence""]"
r014.backend.record,1.0.0,ttp.r014.unit.sec.aatflaet.theorem.02,unit,active,ttp.r014.yaintt,ttp.r014.yaintt,ttp.r014.edition.id-id.boundary28-r2,id-ID,2026-08-22T03:06:00+02:00,codex.r014.id-ID,,theorem,ttp.r014.unit.sec.aatflaet,4,15.0004,thm:eulers2,Theorem thm:eulers2,Teorema thm:eulers2,"{""end_line"":2729,""path"":""authority/downloads/yaintt.tex"",""start_line"":2724}",6e46b7218154edd7467a89abf6d9ae301bce61f9440b2992eb397a8d71335d77,"{""end_line"":3110,""path"":""qa/review-candidates/boundary28-r2/yaintt-id.tex"",""start_line"":3105}",5eb6b71676c750f7c9d41a622f5ce20c8afec1a63152232645f02467d737250a,language_reviewed,rights.yaintt.id-id.derivative.boundary28-r2,"[""ttp.r014.unit.book"",""ttp.r014.unit.chap.pns"",""ttp.r014.unit.sec.aatflaet"",""ttp.r014.unit.sec.aatflaet.theorem.02""]",ttp.r014.unit.book/ttp.r014.unit.chap.pns/ttp.r014.unit.sec.aatflaet/ttp.r014.unit.sec.aatflaet.theorem.02,source_label,,,"[""ttp.r014.qa.boundary15-build-evidence"",""ttp.r014.qa.boundary15-visual-evidence""]"
r014.backend.record,1.0.0,ttp.r014.unit.sec.aatflaet.exercises,unit,active,ttp.r014.yaintt,ttp.r014.yaintt,ttp.r014.edition.id-id.boundary28-r2,id-ID,2026-08-22T03:06:00+02:00,codex.r014.id-ID,,exercise_group,ttp.r014.unit.sec.aatflaet,5,15.0005,generated:exercise-group:boundary15,Exercises,Latihan,"{""end_line"":2787,""path"":""authority/downloads/yaintt.tex"",""start_line"":2780}",0b0d4a9247df7c77955f40246cde8847ae6f6baf9a57e1e7db51c10b0be0bbfb,"{""end_line"":3175,""path"":""qa/review-candidates/boundary28-r2/yaintt-id.tex"",""start_line"":3167}",ffe5385abd2bd4c0351be221f2507ec228f9de70e75256b455cc043d2b29eb70,language_reviewed,rights.yaintt.id-id.derivative.boundary28-r2,"[""ttp.r014.unit.book"",""ttp.r014.unit.chap.pns"",""ttp.r014.unit.sec.aatflaet"",""ttp.r014.unit.sec.aatflaet.exercises""]",ttp.r014.unit.book/ttp.r014.unit.chap.pns/ttp.r014.unit.sec.aatflaet/ttp.r014.unit.sec.aatflaet.exercises,generated_stable_id,,,"[""ttp.r014.qa.boundary15-build-evidence"",""ttp.r014.qa.boundary15-visual-evidence""]"
r014.backend.record,1.0.0,ttp.r014.unit.sec.ssh,unit,active,ttp.r014.yaintt,ttp.r014.yaintt,ttp.r014.edition.id-id.boundary28-r2,id-ID,2026-08-22T03:06:00+02:00,codex.r014.id-ID,,section,ttp.r014.unit.id-id.chap.crypto,1,16.0001,sec:SSH,Some Speculative History,Sedikit Sejarah Spekulatif,"{""end_line"":3064,""path"":""authority/downloads/yaintt.tex"",""start_line"":2832}",01a29fce78db38f2e519c368f6cdbe6f4a876bc4e5c74d29debd691810f3d9ab,"{""end_line"":3470,""path"":""qa/review-candidates/boundary28-r2/yaintt-id.tex"",""start_line"":3231}",cef9f11a1dc196d2e9a06d3b25ad7495e6272a3b3dd1085732bcb92b97c224e1,language_reviewed,rights.yaintt.id-id.derivative.boundary28-r2,"[""ttp.r014.unit.book"",""ttp.r014.unit.id-id.chap.crypto"",""ttp.r014.unit.sec.ssh""]",ttp.r014.unit.book/ttp.r014.unit.id-id.chap.crypto/ttp.r014.unit.sec.ssh,source_label,,,"[""ttp.r014.qa.boundary16-build-evidence"",""ttp.r014.qa.boundary16-visual-evidence""]"
r014.backend.record,1.0.0,ttp.r014.unit.sec.ssh.discussion.01,unit,active,ttp.r014.yaintt,ttp.r014.yaintt,ttp.r014.edition.id-id.boundary28-r2,id-ID,2026-08-22T03:06:00+02:00,codex.r014.id-ID,,discussion,ttp.r014.unit.sec.ssh,1,16.0001,generated:discussion:boundary16:01,Discussion 01,Pembahasan 01,"{""end_line"":2802,""path"":""authority/downloads/yaintt.tex"",""start_line"":2790}",b0eea22ae7e45c37f8f288750323837032ea03755ffe9f95675d1cd8adea4556,"{""end_line"":3201,""path"":""qa/review-candidates/boundary28-r2/yaintt-id.tex"",""start_line"":3188}",0e64b393b59db9fc34747c81ab1268a4d6925d77ca7e9695a14faf9553eef770,language_reviewed,rights.yaintt.id-id.derivative.boundary28-r2,"[""ttp.r014.unit.book"",""ttp.r014.unit.id-id.chap.crypto"",""ttp.r014.unit.sec.ssh"",""ttp.r014.unit.sec.ssh.discussion.01""]",ttp.r014.unit.book/ttp.r014.unit.id-id.chap.crypto/ttp.r014.unit.sec.ssh/ttp.r014.unit.sec.ssh.discussion.01,generated_stable_id,,,"[""ttp.r014.qa.boundary16-build-evidence"",""ttp.r014.qa.boundary16-visual-evidence""]"
r014.backend.record,1.0.0,ttp.r014.unit.sec.ssh.exercise.01,unit,active,ttp.r014.yaintt,ttp.r014.yaintt,ttp.r014.edition.id-id.boundary28-r2,id-ID,2026-08-22T03:06:00+02:00,codex.r014.id-ID,,exercise,ttp.r014.unit.sec.ssh.exercises,1,16.0001,generated:exercise:boundary16:01,Exercise 01,Latihan 01,"{""end_line"":3052,""path"":""authority/downloads/yaintt.tex"",""start_line"":3043}",fedfdf87d5d1b203f133957edf45b4ab64700e9a93c3442681568c37a09a5712,"{""end_line"":3457,""path"":""qa/review-candidates/boundary28-r2/yaintt-id.tex"",""start_line"":3447}",4c9ec5d1df8cdae245174f0035e7d61b64b1b8b4a2445f668db4617798db5a68,language_reviewed,rights.yaintt.id-id.derivative.boundary28-r2,"[""ttp.r014.unit.book"",""ttp.r014.unit.id-id.chap.crypto"",""ttp.r014.unit.sec.ssh"",""ttp.r014.unit.sec.ssh.exercises"",""ttp.r014.unit.sec.ssh.exercise.01""]",ttp.r014.unit.book/ttp.r014.unit.id-id.chap.crypto/ttp.r014.unit.sec.ssh/ttp.r014.unit.sec.ssh.exercises/ttp.r014.unit.sec.ssh.exercise.01,generated_stable_id,"{""answers"":[],""hints"":[],""solutions"":[],""status"":""source_has_none""}",,"[""ttp.r014.qa.boundary16-build-evidence"",""ttp.r014.qa.boundary16-visual-evidence""]"
r014.backend.record,1.0.0,ttp.r014.unit.sec.ssh.discussion.02,unit,active,ttp.r014.yaintt,ttp.r014.yaintt,ttp.r014.edition.id-id.boundary28-r2,id-ID,2026-08-22T03:06:00+02:00,codex.r014.id-ID,,discussion,ttp.r014.unit.sec.ssh,2,16.0002,generated:discussion:boundary16:02,Discussion 02,Pembahasan 02,"{""end_line"":2830,""path"":""authority/downloads/yaintt.tex"",""start_line"":2816}",9cdbd8912d7d7231d70cfdc4ba0c2d31d35df9463ffb31a63b98e06ab6ca4677,"{""end_line"":3229,""path"":""qa/review-candidates/boundary28-r2/yaintt-id.tex"",""start_line"":3215}",088c640d42bdb360a5d6325b3525a9c7283f371c78f5aa6504493e29fd6754ab,language_reviewed,rights.yaintt.id-id.derivative.boundary28-r2,"[""ttp.r014.unit.book"",""ttp.r014.unit.id-id.chap.crypto"",""ttp.r014.unit.sec.ssh"",""ttp.r014.unit.sec.ssh.discussion.02""]",ttp.r014.unit.book/ttp.r014.unit.id-id.chap.crypto/ttp.r014.unit.sec.ssh/ttp.r014.unit.sec.ssh.discussion.02,generated_stable_id,,,"[""ttp.r014.qa.boundary16-build-evidence"",""ttp.r014.qa.boundary16-visual-evidence""]"
r014.backend.record,1.0.0,ttp.r014.unit.sec.ssh.exercise.02,unit,active,ttp.r014.yaintt,ttp.r014.yaintt,ttp.r014.edition.id-id.boundary28-r2,id-ID,2026-08-22T03:06:00+02:00,codex.r014.id-ID,,exercise,ttp.r014.unit.sec.ssh.exercises,2,16.0002,generated:exercise:boundary16:02,Exercise 02,Latihan 02,"{""end_line"":3058,""path"":""authority/downloads/yaintt.tex"",""start_line"":3053}",8f09639ff8a177c5bc62b1127e7525ac0186c4b3a670847f2034ea92dba4eb31,"{""end_line"":3463,""path"":""qa/review-candidates/boundary28-r2/yaintt-id.tex"",""start_line"":3458}",31575319ddcbd9f9d3984c8925d091c75a69d879e5998f8fbcc2a43a8fdebd4d,language_reviewed,rights.yaintt.id-id.derivative.boundary28-r2,"[""ttp.r014.unit.book"",""ttp.r014.unit.id-id.chap.crypto"",""ttp.r014.unit.sec.ssh"",""ttp.r014.unit.sec.ssh.exercises"",""ttp.r014.unit.sec.ssh.exercise.02""]",ttp.r014.unit.book/ttp.r014.unit.id-id.chap.crypto/ttp.r014.unit.sec.ssh/ttp.r014.unit.sec.ssh.exercises/ttp.r014.unit.sec.ssh.exercise.02,generated_stable_id,"{""answers"":[],""hints"":[],""solutions"":[],""status"":""source_has_none""}",,"[""ttp.r014.qa.boundary16-build-evidence"",""ttp.r014.qa.boundary16-visual-evidence""]"
r014.backend.record,1.0.0,ttp.r014.unit.sec.ssh.discussion.03,unit,active,ttp.r014.yaintt,ttp.r014.yaintt,ttp.r014.edition.id-id.boundary28-r2,id-ID,2026-08-22T03:06:00+02:00,codex.r014.id-ID,,discussion,ttp.r014.unit.sec.ssh,3,16.0003,generated:discussion:boundary16:03,Discussion 03,Pembahasan 03,"{""end_line"":2874,""path"":""authority/downloads/yaintt.tex"",""start_line"":2835}",94c1e349f0832e1b7e9ccbfbd6582e160a0f17be6ac7d5351747e32ac9daa5c6,"{""end_line"":3272,""path"":""qa/review-candidates/boundary28-r2/yaintt-id.tex"",""start_line"":3234}",e2a4be23b81a20b12dffd0a6f1cd590b4140c2419604bce852a9964a834b1ed3,language_reviewed,rights.yaintt.id-id.derivative.boundary28-r2,"[""ttp.r014.unit.book"",""ttp.r014.unit.id-id.chap.crypto"",""ttp.r014.unit.sec.ssh"",""ttp.r014.unit.sec.ssh.discussion.03""]",ttp.r014.unit.book/ttp.r014.unit.id-id.chap.crypto/ttp.r014.unit.sec.ssh/ttp.r014.unit.sec.ssh.discussion.03,generated_stable_id,,,"[""ttp.r014.qa.boundary16-build-evidence"",""ttp.r014.qa.boundary16-visual-evidence""]"
r014.backend.record,1.0.0,ttp.r014.unit.sec.ssh.exercise.03,unit,active,ttp.r014.yaintt,ttp.r014.yaintt,ttp.r014.edition.id-id.boundary28-r2,id-ID,2026-08-22T03:06:00+02:00,codex.r014.id-ID,,exercise,ttp.r014.unit.sec.ssh.exercises,3,16.0003,generated:exercise:boundary16:03,Exercise 03,Latihan 03,"{""end_line"":3061,""path"":""authority/downloads/yaintt.tex"",""start_line"":3059}",6a008b2d7fa0dc223e73ace08bbd4e31ccafb9e3d44346bc9717ff41ac1a8e4f,"{""end_line"":3467,""path"":""qa/review-candidates/boundary28-r2/yaintt-id.tex"",""start_line"":3464}",bd5d2ba96a60a7d1279ea1b0d27595a340ea7715247b599da3529b9e9b76b150,language_reviewed,rights.yaintt.id-id.derivative.boundary28-r2,"[""ttp.r014.unit.book"",""ttp.r014.unit.id-id.chap.crypto"",""ttp.r014.unit.sec.ssh"",""ttp.r014.unit.sec.ssh.exercises"",""ttp.r014.unit.sec.ssh.exercise.03""]",ttp.r014.unit.book/ttp.r014.unit.id-id.chap.crypto/ttp.r014.unit.sec.ssh/ttp.r014.unit.sec.ssh.exercises/ttp.r014.unit.sec.ssh.exercise.03,generated_stable_id,"{""answers"":[],""hints"":[],""solutions"":[],""status"":""source_has_none""}",,"[""ttp.r014.qa.boundary16-build-evidence"",""ttp.r014.qa.boundary16-visual-evidence""]"
r014.backend.record,1.0.0,ttp.r014.unit.id-id.chap.crypto,unit,active,ttp.r014.yaintt,ttp.r014.yaintt,ttp.r014.edition.id-id.boundary28-r2,id-ID,2026-08-22T03:06:00+02:00,codex.r014.id-ID,ttp.r014.unit.chap.crypto,chapter,ttp.r014.unit.book,4,16.0004,chap:Crypto,Cryptology,Kriptologi,"{""end_line"":4476,""path"":""authority/downloads/yaintt.tex"",""start_line"":2788}",ed48cd5554fdb4eb719b43381027a9bcd9118b156cc3fdb8e4f3f116820e4667,"{""end_line"":5018,""path"":""qa/review-candidates/boundary28-r2/yaintt-id.tex"",""start_line"":3186}",426cabd7588299bf51828d2ba294492e7db36d9ceb8e637269e06ba79b0b829a,language_reviewed,rights.yaintt.id-id.derivative.boundary28-r2,"[""ttp.r014.unit.book"",""ttp.r014.unit.id-id.chap.crypto""]",ttp.r014.unit.book/ttp.r014.unit.id-id.chap.crypto,source_label,,,"[""ttp.r014.qa.boundary16-build-evidence"",""ttp.r014.qa.boundary16-visual-evidence""]"
r014.backend.record,1.0.0,ttp.r014.unit.sec.ssh.definition.01,unit,active,ttp.r014.yaintt,ttp.r014.yaintt,ttp.r014.edition.id-id.boundary28-r2,id-ID,2026-08-22T03:06:00+02:00,codex.r014.id-ID,,definition,ttp.r014.unit.sec.ssh,4,16.0004,def:confidentiality,Definition def:confidentiality,Definisi def:confidentiality,"{""end_line"":2881,""path"":""authority/downloads/yaintt.tex"",""start_line"":2875}",5106a4365615eb6cd6b044ae04ddd0a899bca3bcf8368ce2d89f0005472bf7c3,"{""end_line"":3279,""path"":""qa/review-candidates/boundary28-r2/yaintt-id.tex"",""start_line"":3273}",ab25718264659eee936a5e97b17dd309be66f92d2b7493e245930e437438eab2,language_reviewed,rights.yaintt.id-id.derivative.boundary28-r2,"[""ttp.r014.unit.book"",""ttp.r014.unit.id-id.chap.crypto"",""ttp.r014.unit.sec.ssh"",""ttp.r014.unit.sec.ssh.definition.01""]",ttp.r014.unit.book/ttp.r014.unit.id-id.chap.crypto/ttp.r014.unit.sec.ssh/ttp.r014.unit.sec.ssh.definition.01,source_label,,,"[""ttp.r014.qa.boundary16-build-evidence"",""ttp.r014.qa.boundary16-visual-evidence""]"
r014.backend.record,1.0.0,ttp.r014.unit.sec.ssh.definition.02,unit,active,ttp.r014.yaintt,ttp.r014.yaintt,ttp.r014.edition.id-id.boundary28-r2,id-ID,2026-08-22T03:06:00+02:00,codex.r014.id-ID,,definition,ttp.r014.unit.sec.ssh,5,16.0005,def:integrity,Definition def:integrity,Definisi def:integrity,"{""end_line"":2888,""path"":""authority/downloads/yaintt.tex"",""start_line"":2883}",07e91041a56f72a750c5ae1d279e31d874ed0138525cdbbae8ca6311220c2720,"{""end_line"":3286,""path"":""qa/review-candidates/boundary28-r2/yaintt-id.tex"",""start_line"":3281}",50bc0d314c157ef96ee72d5eb38acdccda7e819b31b2e4dcdd2bbee01aec251e,language_reviewed,rights.yaintt.id-id.derivative.boundary28-r2,"[""ttp.r014.unit.book"",""ttp.r014.unit.id-id.chap.crypto"",""ttp.r014.unit.sec.ssh"",""ttp.r014.unit.sec.ssh.definition.02""]",ttp.r014.unit.book/ttp.r014.unit.id-id.chap.crypto/ttp.r014.unit.sec.ssh/ttp.r014.unit.sec.ssh.definition.02,source_label,,,"[""ttp.r014.qa.boundary16-build-evidence"",""ttp.r014.qa.boundary16-visual-evidence""]"
r014.backend.record,1.0.0,ttp.r014.unit.sec.ssh.definition.03,unit,active,ttp.r014.yaintt,ttp.r014.yaintt,ttp.r014.edition.id-id.boundary28-r2,id-ID,2026-08-22T03:06:00+02:00,codex.r014.id-ID,,definition,ttp.r014.unit.sec.ssh,6,16.0006,def:authentication,Definition def:authentication,Definisi def:authentication,"{""end_line"":2895,""path"":""authority/downloads/yaintt.tex"",""start_line"":2890}",5aeb3749381900179ca12ed5408534495c7d635df89f091d0ea7bbf1944dd03b,"{""end_line"":3293,""path"":""qa/review-candidates/boundary28-r2/yaintt-id.tex"",""start_line"":3288}",d9eb6cf485a3bcf161541b5ab2eab156e61cf3f62995b730ff5c9eb546396773,language_reviewed,rights.yaintt.id-id.derivative.boundary28-r2,"[""ttp.r014.unit.book"",""ttp.r014.unit.id-id.chap.crypto"",""ttp.r014.unit.sec.ssh"",""ttp.r014.unit.sec.ssh.definition.03""]",ttp.r014.unit.book/ttp.r014.unit.id-id.chap.crypto/ttp.r014.unit.sec.ssh/ttp.r014.unit.sec.ssh.definition.03,source_label,,,"[""ttp.r014.qa.boundary16-build-evidence"",""ttp.r014.qa.boundary16-visual-evidence""]"
r014.backend.record,1.0.0,ttp.r014.unit.sec.ssh.definition.04,unit,active,ttp.r014.yaintt,ttp.r014.yaintt,ttp.r014.edition.id-id.boundary28-r2,id-ID,2026-08-22T03:06:00+02:00,codex.r014.id-ID,,definition,ttp.r014.unit.sec.ssh,7,16.0007,def:non-repudiation,Definition def:non-repudiation,Definisi def:non-repudiation,"{""end_line"":2901,""path"":""authority/downloads/yaintt.tex"",""start_line"":2897}",e572a477557b7a1272743c661347305bcf6ad7df336678941ffd5ef7a22b8705,"{""end_line"":3300,""path"":""qa/review-candidates/boundary28-r2/yaintt-id.tex"",""start_line"":3295}",0a211b32efbb404c0c098c1513160ba61e0bba333790b83bba9efae24bd368ca,language_reviewed,rights.yaintt.id-id.derivative.boundary28-r2,"[""ttp.r014.unit.book"",""ttp.r014.unit.id-id.chap.crypto"",""ttp.r014.unit.sec.ssh"",""ttp.r014.unit.sec.ssh.definition.04""]",ttp.r014.unit.book/ttp.r014.unit.id-id.chap.crypto/ttp.r014.unit.sec.ssh/ttp.r014.unit.sec.ssh.definition.04,source_label,,,"[""ttp.r014.qa.boundary16-build-evidence"",""ttp.r014.qa.boundary16-visual-evidence""]"
r014.backend.record,1.0.0,ttp.r014.unit.sec.ssh.discussion.04,unit,active,ttp.r014.yaintt,ttp.r014.yaintt,ttp.r014.edition.id-id.boundary28-r2,id-ID,2026-08-22T03:06:00+02:00,codex.r014.id-ID,,discussion,ttp.r014.unit.sec.ssh,8,16.0008,generated:discussion:boundary16:04,Discussion 04,Pembahasan 04,"{""end_line"":2919,""path"":""authority/downloads/yaintt.tex"",""start_line"":2902}",b2f1bf78e419fdfbf4e387fa1a359424d62290aa1d8dd424b57646b24cf45708,"{""end_line"":3320,""path"":""qa/review-candidates/boundary28-r2/yaintt-id.tex"",""start_line"":3301}",ac4f3b45ca5b26f0df8fe4ce0f33b6a0c652350960e4b47bb0a5fb2099e4e4db,language_reviewed,rights.yaintt.id-id.derivative.boundary28-r2,"[""ttp.r014.unit.book"",""ttp.r014.unit.id-id.chap.crypto"",""ttp.r014.unit.sec.ssh"",""ttp.r014.unit.sec.ssh.discussion.04""]",ttp.r014.unit.book/ttp.r014.unit.id-id.chap.crypto/ttp.r014.unit.sec.ssh/ttp.r014.unit.sec.ssh.discussion.04,generated_stable_id,,,"[""ttp.r014.qa.boundary16-build-evidence"",""ttp.r014.qa.boundary16-visual-evidence""]"
r014.backend.record,1.0.0,ttp.r014.unit.sec.ssh.figure.01,unit,active,ttp.r014.yaintt,ttp.r014.yaintt,ttp.r014.edition.id-id.boundary28-r2,id-ID,2026-08-22T03:06:00+02:00,codex.r014.id-ID,,figure,ttp.r014.unit.sec.ssh,9,16.0009,generated:figure:boundary16:01,Figure 01,Gambar 01,"{""end_line"":2929,""path"":""authority/downloads/yaintt.tex"",""start_line"":2924}",f47a118c4b330e834170c7adeea478ec25b27a8cf9336e3c0e7806f8cb71c128,"{""end_line"":3330,""path"":""qa/review-candidates/boundary28-r2/yaintt-id.tex"",""start_line"":3325}",7b4bd71245eb7e275a58450bee4d8855b530667bad6ccc62e442b5635a261ac1,language_reviewed,rights.yaintt.id-id.derivative.boundary28-r2,"[""ttp.r014.unit.book"",""ttp.r014.unit.id-id.chap.crypto"",""ttp.r014.unit.sec.ssh"",""ttp.r014.unit.sec.ssh.figure.01""]",ttp.r014.unit.book/ttp.r014.unit.id-id.chap.crypto/ttp.r014.unit.sec.ssh/ttp.r014.unit.sec.ssh.figure.01,generated_stable_id,,,"[""ttp.r014.qa.boundary16-build-evidence"",""ttp.r014.qa.boundary16-visual-evidence""]"
r014.backend.record,1.0.0,ttp.r014.unit.sec.ssh.discussion.05,unit,active,ttp.r014.yaintt,ttp.r014.yaintt,ttp.r014.edition.id-id.boundary28-r2,id-ID,2026-08-22T03:06:00+02:00,codex.r014.id-ID,,discussion,ttp.r014.unit.sec.ssh,10,16.0010,generated:discussion:boundary16:05,Discussion 05,Pembahasan 05,"{""end_line"":2942,""path"":""authority/downloads/yaintt.tex"",""start_line"":2940}",4d536c196591d7a65653ab183bb37f7a6783eef64fd3a2a76a64a4d8c87458f7,"{""end_line"":3344,""path"":""qa/review-candidates/boundary28-r2/yaintt-id.tex"",""start_line"":3342}",586bec98395671ccd23703a6196066c4949d83d1ffa51bb1cfe32e3ed62f4f58,language_reviewed,rights.yaintt.id-id.derivative.boundary28-r2,"[""ttp.r014.unit.book"",""ttp.r014.unit.id-id.chap.crypto"",""ttp.r014.unit.sec.ssh"",""ttp.r014.unit.sec.ssh.discussion.05""]",ttp.r014.unit.book/ttp.r014.unit.id-id.chap.crypto/ttp.r014.unit.sec.ssh/ttp.r014.unit.sec.ssh.discussion.05,generated_stable_id,,,"[""ttp.r014.qa.boundary16-build-evidence"",""ttp.r014.qa.boundary16-visual-evidence""]"
r014.backend.record,1.0.0,ttp.r014.unit.sec.ssh.definition.05,unit,active,ttp.r014.yaintt,ttp.r014.yaintt,ttp.r014.edition.id-id.boundary28-r2,id-ID,2026-08-22T03:06:00+02:00,codex.r014.id-ID,,definition,ttp.r014.unit.sec.ssh,11,16.0011,def:clearplaintext,Definition def:clearplaintext,Definisi def:clearplaintext,"{""end_line"":2948,""path"":""authority/downloads/yaintt.tex"",""start_line"":2943}",e1681b2c378d36a103bf6c8966ca8767e02b0f1e7cb56547935833f79e67fc36,"{""end_line"":3350,""path"":""qa/review-candidates/boundary28-r2/yaintt-id.tex"",""start_line"":3345}",8e39fd8fc1fff11c5b940dbadd07533f3b3a33e1de54cc51db3082b68d45315f,language_reviewed,rights.yaintt.id-id.derivative.boundary28-r2,"[""ttp.r014.unit.book"",""ttp.r014.unit.id-id.chap.crypto"",""ttp.r014.unit.sec.ssh"",""ttp.r014.unit.sec.ssh.definition.05""]",ttp.r014.unit.book/ttp.r014.unit.id-id.chap.crypto/ttp.r014.unit.sec.ssh/ttp.r014.unit.sec.ssh.definition.05,source_label,,,"[""ttp.r014.qa.boundary16-build-evidence"",""ttp.r014.qa.boundary16-visual-evidence""]"
r014.backend.record,1.0.0,ttp.r014.unit.sec.ssh.definition.06,unit,active,ttp.r014.yaintt,ttp.r014.yaintt,ttp.r014.edition.id-id.boundary28-r2,id-ID,2026-08-22T03:06:00+02:00,codex.r014.id-ID,,definition,ttp.r014.unit.sec.ssh,12,16.0012,def:encryptioncipher,Definition def:encryptioncipher,Definisi def:encryptioncipher,"{""end_line"":2955,""path"":""authority/downloads/yaintt.tex"",""start_line"":2949}",fbf0b2aa1c54434f8f2c0891587c075a2ced94932c11bf921d64594c5a396448,"{""end_line"":3357,""path"":""qa/review-candidates/boundary28-r2/yaintt-id.tex"",""start_line"":3351}",902b8f426ea5469c4d02385758ce481ce221d0cd86d87d6f6d6906a9d3411cfb,language_reviewed,rights.yaintt.id-id.derivative.boundary28-r2,"[""ttp.r014.unit.book"",""ttp.r014.unit.id-id.chap.crypto"",""ttp.r014.unit.sec.ssh"",""ttp.r014.unit.sec.ssh.definition.06""]",ttp.r014.unit.book/ttp.r014.unit.id-id.chap.crypto/ttp.r014.unit.sec.ssh/ttp.r014.unit.sec.ssh.definition.06,source_label,,,"[""ttp.r014.qa.boundary16-build-evidence"",""ttp.r014.qa.boundary16-visual-evidence""]"
r014.backend.record,1.0.0,ttp.r014.unit.sec.ssh.definition.07,unit,active,ttp.r014.yaintt,ttp.r014.yaintt,ttp.r014.edition.id-id.boundary28-r2,id-ID,2026-08-22T03:06:00+02:00,codex.r014.id-ID,,definition,ttp.r014.unit.sec.ssh,13,16.0013,def:ciphertext,Definition def:ciphertext,Definisi def:ciphertext,"{""end_line"":2959,""path"":""authority/downloads/yaintt.tex"",""start_line"":2956}",75d3e717db38c6690713fbf68fec97b8113ed6791a4e22810c91ad2cc1e5f731,"{""end_line"":3362,""path"":""qa/review-candidates/boundary28-r2/yaintt-id.tex"",""start_line"":3358}",30d230760c781264e0a7f43e7ad157b8d7a942b413296fc0a931f19bb4cb23a3,language_reviewed,rights.yaintt.id-id.derivative.boundary28-r2,"[""ttp.r014.unit.book"",""ttp.r014.unit.id-id.chap.crypto"",""ttp.r014.unit.sec.ssh"",""ttp.r014.unit.sec.ssh.definition.07""]",ttp.r014.unit.book/ttp.r014.unit.id-id.chap.crypto/ttp.r014.unit.sec.ssh/ttp.r014.unit.sec.ssh.definition.07,source_label,,,"[""ttp.r014.qa.boundary16-build-evidence"",""ttp.r014.qa.boundary16-visual-evidence""]"
r014.backend.record,1.0.0,ttp.r014.unit.sec.ssh.definition.08,unit,active,ttp.r014.yaintt,ttp.r014.yaintt,ttp.r014.edition.id-id.boundary28-r2,id-ID,2026-08-22T03:06:00+02:00,codex.r014.id-ID,,definition,ttp.r014.unit.sec.ssh,14,16.0014,def:decrypt,Definition def:decrypt,Definisi def:decrypt,"{""end_line"":2964,""path"":""authority/downloads/yaintt.tex"",""start_line"":2960}",09e000b67f3e4c507bbbf694a4175daeea7769dd4bd5027893e9602a1b20ce99,"{""end_line"":3367,""path"":""qa/review-candidates/boundary28-r2/yaintt-id.tex"",""start_line"":3363}",8532c5bcb569b427f9a2453539b694aa8ffe4aa7a82b21ec2c3f0a06632946a1,language_reviewed,rights.yaintt.id-id.derivative.boundary28-r2,"[""ttp.r014.unit.book"",""ttp.r014.unit.id-id.chap.crypto"",""ttp.r014.unit.sec.ssh"",""ttp.r014.unit.sec.ssh.definition.08""]",ttp.r014.unit.book/ttp.r014.unit.id-id.chap.crypto/ttp.r014.unit.sec.ssh/ttp.r014.unit.sec.ssh.definition.08,source_label,,,"[""ttp.r014.qa.boundary16-build-evidence"",""ttp.r014.qa.boundary16-visual-evidence""]"
r014.backend.record,1.0.0,ttp.r014.unit.sec.ssh.discussion.06,unit,active,ttp.r014.yaintt,ttp.r014.yaintt,ttp.r014.edition.id-id.boundary28-r2,id-ID,2026-08-22T03:06:00+02:00,codex.r014.id-ID,,discussion,ttp.r014.unit.sec.ssh,15,16.0015,generated:discussion:boundary16:06,Discussion 06,Pembahasan 06,"{""end_line"":2969,""path"":""authority/downloads/yaintt.tex"",""start_line"":2967}",c0c0bd93ac40fda5bdcd14fd4da9bf5177300e0322091bce2eb3723cdbf2c820,"{""end_line"":3372,""path"":""qa/review-candidates/boundary28-r2/yaintt-id.tex"",""start_line"":3370}",cf1ee2b028fc2d604a4d019324dbd5582c81e09a0aa3fea4cc34280c043b27eb,language_reviewed,rights.yaintt.id-id.derivative.boundary28-r2,"[""ttp.r014.unit.book"",""ttp.r014.unit.id-id.chap.crypto"",""ttp.r014.unit.sec.ssh"",""ttp.r014.unit.sec.ssh.discussion.06""]",ttp.r014.unit.book/ttp.r014.unit.id-id.chap.crypto/ttp.r014.unit.sec.ssh/ttp.r014.unit.sec.ssh.discussion.06,generated_stable_id,,,"[""ttp.r014.qa.boundary16-build-evidence"",""ttp.r014.qa.boundary16-visual-evidence""]"
r014.backend.record,1.0.0,ttp.r014.unit.sec.ssh.tabular.01,unit,active,ttp.r014.yaintt,ttp.r014.yaintt,ttp.r014.edition.id-id.boundary28-r2,id-ID,2026-08-22T03:06:00+02:00,codex.r014.id-ID,,tabular,ttp.r014.unit.sec.ssh,16,16.0016,generated:tabular:boundary16:01,Tabular data 01,Data tabular 01,"{""end_line"":2983,""path"":""authority/downloads/yaintt.tex"",""start_line"":2971}",61071157a339ce9edfa496ec5e0d5d5595163ee834e892da5f3b47e563b9bd56,"{""end_line"":3386,""path"":""qa/review-candidates/boundary28-r2/yaintt-id.tex"",""start_line"":3374}",fcc870cc83fb254c104b239182eb2e6a7de1e3a1cc1033f2f4e2e2c997d7ad7a,language_reviewed,rights.yaintt.id-id.derivative.boundary28-r2,"[""ttp.r014.unit.book"",""ttp.r014.unit.id-id.chap.crypto"",""ttp.r014.unit.sec.ssh"",""ttp.r014.unit.sec.ssh.tabular.01""]",ttp.r014.unit.book/ttp.r014.unit.id-id.chap.crypto/ttp.r014.unit.sec.ssh/ttp.r014.unit.sec.ssh.tabular.01,generated_stable_id,,,"[""ttp.r014.qa.boundary16-build-evidence"",""ttp.r014.qa.boundary16-visual-evidence""]"
r014.backend.record,1.0.0,ttp.r014.unit.sec.ssh.discussion.07,unit,active,ttp.r014.yaintt,ttp.r014.yaintt,ttp.r014.edition.id-id.boundary28-r2,id-ID,2026-08-22T03:06:00+02:00,codex.r014.id-ID,,discussion,ttp.r014.unit.sec.ssh,17,16.0017,generated:discussion:boundary16:07,Discussion 07,Pembahasan 07,"{""end_line"":2993,""path"":""authority/downloads/yaintt.tex"",""start_line"":2985}",5ef49db685f5e47b862a2f501e80e647ed7c9e5120af891523ae2def6e2f9203,"{""end_line"":3396,""path"":""qa/review-candidates/boundary28-r2/yaintt-id.tex"",""start_line"":3388}",c74f23f3a06134ad040cd9328561fb77c7e13db2f25db7e11ced420f921c5f86,language_reviewed,rights.yaintt.id-id.derivative.boundary28-r2,"[""ttp.r014.unit.book"",""ttp.r014.unit.id-id.chap.crypto"",""ttp.r014.unit.sec.ssh"",""ttp.r014.unit.sec.ssh.discussion.07""]",ttp.r014.unit.book/ttp.r014.unit.id-id.chap.crypto/ttp.r014.unit.sec.ssh/ttp.r014.unit.sec.ssh.discussion.07,generated_stable_id,,,"[""ttp.r014.qa.boundary16-build-evidence"",""ttp.r014.qa.boundary16-visual-evidence""]"
r014.backend.record,1.0.0,ttp.r014.unit.sec.ssh.definition.09,unit,active,ttp.r014.yaintt,ttp.r014.yaintt,ttp.r014.edition.id-id.boundary28-r2,id-ID,2026-08-22T03:06:00+02:00,codex.r014.id-ID,,definition,ttp.r014.unit.sec.ssh,18,16.0018,def:key,Definition def:key,Definisi def:key,"{""end_line"":2998,""path"":""authority/downloads/yaintt.tex"",""start_line"":2994}",e90ab190925992765640914d1bb23c3407ab343fe50c293127154488273d02e0,"{""end_line"":3401,""path"":""qa/review-candidates/boundary28-r2/yaintt-id.tex"",""start_line"":3397}",045cbf4f71a8a904756ae666d6f66aede5b42e2ab70d5c219cbfada585f4c392,language_reviewed,rights.yaintt.id-id.derivative.boundary28-r2,"[""ttp.r014.unit.book"",""ttp.r014.unit.id-id.chap.crypto"",""ttp.r014.unit.sec.ssh"",""ttp.r014.unit.sec.ssh.definition.09""]",ttp.r014.unit.book/ttp.r014.unit.id-id.chap.crypto/ttp.r014.unit.sec.ssh/ttp.r014.unit.sec.ssh.definition.09,source_label,,,"[""ttp.r014.qa.boundary16-build-evidence"",""ttp.r014.qa.boundary16-visual-evidence""]"
r014.backend.record,1.0.0,ttp.r014.unit.sec.ssh.discussion.08,unit,active,ttp.r014.yaintt,ttp.r014.yaintt,ttp.r014.edition.id-id.boundary28-r2,id-ID,2026-08-22T03:06:00+02:00,codex.r014.id-ID,,discussion,ttp.r014.unit.sec.ssh,19,16.0019,generated:discussion:boundary16:08,Discussion 08,Pembahasan 08,"{""end_line"":3025,""path"":""authority/downloads/yaintt.tex"",""start_line"":2999}",f2999865d096e2ba9aa77d5afcb5703407b0cc2b35b04268518c0550c82637ac,"{""end_line"":3428,""path"":""qa/review-candidates/boundary28-r2/yaintt-id.tex"",""start_line"":3402}",a8c94ef746d76ee17ce3ff037314236aa3046c66fce11cebfa6103809438066e,language_reviewed,rights.yaintt.id-id.derivative.boundary28-r2,"[""ttp.r014.unit.book"",""ttp.r014.unit.id-id.chap.crypto"",""ttp.r014.unit.sec.ssh"",""ttp.r014.unit.sec.ssh.discussion.08""]",ttp.r014.unit.book/ttp.r014.unit.id-id.chap.crypto/ttp.r014.unit.sec.ssh/ttp.r014.unit.sec.ssh.discussion.08,generated_stable_id,,,"[""ttp.r014.qa.boundary16-build-evidence"",""ttp.r014.qa.boundary16-visual-evidence""]"
r014.backend.record,1.0.0,ttp.r014.unit.sec.ssh.exercises,unit,active,ttp.r014.yaintt,ttp.r014.yaintt,ttp.r014.edition.id-id.boundary28-r2,id-ID,2026-08-22T03:06:00+02:00,codex.r014.id-ID,,exercise_group,ttp.r014.unit.sec.ssh,20,16.0020,generated:exercise-group:boundary16,Exercises,Latihan,"{""end_line"":3064,""path"":""authority/downloads/yaintt.tex"",""start_line"":3040}",a30cbd6907cb2231c354797ebfd99f35bd6a84634b2182d5ac391b832b60b0b6,"{""end_line"":3470,""path"":""qa/review-candidates/boundary28-r2/yaintt-id.tex"",""start_line"":3444}",52f940f7b8ca44f0004071201d09ebaa61d80ed41bfead97b10fa8c1834389ff,language_reviewed,rights.yaintt.id-id.derivative.boundary28-r2,"[""ttp.r014.unit.book"",""ttp.r014.unit.id-id.chap.crypto"",""ttp.r014.unit.sec.ssh"",""ttp.r014.unit.sec.ssh.exercises""]",ttp.r014.unit.book/ttp.r014.unit.id-id.chap.crypto/ttp.r014.unit.sec.ssh/ttp.r014.unit.sec.ssh.exercises,generated_stable_id,,,"[""ttp.r014.qa.boundary16-build-evidence"",""ttp.r014.qa.boundary16-visual-evidence""]"
r014.backend.record,1.0.0,ttp.r014.unit.sec.ccaiv.discussion.01,unit,active,ttp.r014.yaintt,ttp.r014.yaintt,ttp.r014.edition.id-id.boundary28-r2,id-ID,2026-08-22T03:06:00+02:00,codex.r014.id-ID,,discussion,ttp.r014.unit.sec.ccaiv,1,17.0001,generated:discussion:boundary17:01,Discussion 01,Pembahasan 01,"{""end_line"":3070,""path"":""authority/downloads/yaintt.tex"",""start_line"":3067}",e8f7795645b6206063d547cff7e613f8915daa27c7b36687da9ba96a010e140b,"{""end_line"":3485,""path"":""qa/review-candidates/boundary28-r2/yaintt-id.tex"",""start_line"":3483}",6a7b11112659f5e1fc39f5ef607b83e13e76f32b60017a8b7875d15e358bdb95,language_reviewed,rights.yaintt.id-id.derivative.boundary28-r2,"[""ttp.r014.unit.book"",""ttp.r014.unit.id-id.chap.crypto"",""ttp.r014.unit.sec.ccaiv"",""ttp.r014.unit.sec.ccaiv.discussion.01""]",ttp.r014.unit.book/ttp.r014.unit.id-id.chap.crypto/ttp.r014.unit.sec.ccaiv/ttp.r014.unit.sec.ccaiv.discussion.01,generated_stable_id,,,"[""ttp.r014.qa.boundary17-build-evidence"",""ttp.r014.qa.boundary17-visual-evidence""]"
r014.backend.record,1.0.0,ttp.r014.unit.sec.ccaiv.exercise.01,unit,active,ttp.r014.yaintt,ttp.r014.yaintt,ttp.r014.edition.id-id.boundary28-r2,id-ID,2026-08-22T03:06:00+02:00,codex.r014.id-ID,,exercise,ttp.r014.unit.sec.ccaiv.exercises,1,17.0001,generated:exercise:boundary17:01,Exercise 01,Latihan 01,"{""end_line"":3241,""path"":""authority/downloads/yaintt.tex"",""start_line"":3227}",6039943a4e4a12b755ea139528d6435d28af63c5e2cc9e927ce5dbbd09fdb45f,"{""end_line"":3662,""path"":""qa/review-candidates/boundary28-r2/yaintt-id.tex"",""start_line"":3647}",a8c909d5ff11617c5c59d1a88adec927c2dc7c25d424611b7ebd078ba4112f33,language_reviewed,rights.yaintt.id-id.derivative.boundary28-r2,"[""ttp.r014.unit.book"",""ttp.r014.unit.id-id.chap.crypto"",""ttp.r014.unit.sec.ccaiv"",""ttp.r014.unit.sec.ccaiv.exercises"",""ttp.r014.unit.sec.ccaiv.exercise.01""]",ttp.r014.unit.book/ttp.r014.unit.id-id.chap.crypto/ttp.r014.unit.sec.ccaiv/ttp.r014.unit.sec.ccaiv.exercises/ttp.r014.unit.sec.ccaiv.exercise.01,generated_stable_id,"{""answers"":[],""hints"":[],""solutions"":[],""status"":""source_has_none""}",,"[""ttp.r014.qa.boundary17-build-evidence"",""ttp.r014.qa.boundary17-visual-evidence""]"
r014.backend.record,1.0.0,ttp.r014.unit.sec.ccaiv,unit,active,ttp.r014.yaintt,ttp.r014.yaintt,ttp.r014.edition.id-id.boundary28-r2,id-ID,2026-08-22T03:06:00+02:00,codex.r014.id-ID,,section,ttp.r014.unit.id-id.chap.crypto,2,17.0002,sec:CCaIV,The Caesar Cipher and Its Variants,Cipher Caesar dan Varian-Variannya,"{""end_line"":3281,""path"":""authority/downloads/yaintt.tex"",""start_line"":3065}",3de915114b0c32a61b4cd86cc83c5e0044517b7a5ad757013543fba2d6afb77b,"{""end_line"":3704,""path"":""qa/review-candidates/boundary28-r2/yaintt-id.tex"",""start_line"":3481}",e3b1aa9d3a71f0c51f3d8176fb9749320a7109a89c2208e4a269e1ffaabd4377,language_reviewed,rights.yaintt.id-id.derivative.boundary28-r2,"[""ttp.r014.unit.book"",""ttp.r014.unit.id-id.chap.crypto"",""ttp.r014.unit.sec.ccaiv""]",ttp.r014.unit.book/ttp.r014.unit.id-id.chap.crypto/ttp.r014.unit.sec.ccaiv,source_label,,,"[""ttp.r014.qa.boundary17-build-evidence"",""ttp.r014.qa.boundary17-visual-evidence""]"
r014.backend.record,1.0.0,ttp.r014.unit.sec.ccaiv.definition.01,unit,active,ttp.r014.yaintt,ttp.r014.yaintt,ttp.r014.edition.id-id.boundary28-r2,id-ID,2026-08-22T03:06:00+02:00,codex.r014.id-ID,,definition,ttp.r014.unit.sec.ccaiv,2,17.0002,def:caesarcipher,Definition def:caesarcipher,Definisi def:caesarcipher,"{""end_line"":3085,""path"":""authority/downloads/yaintt.tex"",""start_line"":3071}",b5ed181c17e2d9c3a0362e379559ecdecb703998377bd41de0961058bd596edc,"{""end_line"":3500,""path"":""qa/review-candidates/boundary28-r2/yaintt-id.tex"",""start_line"":3486}",c421cf22df271267422c2f19c1fd9da5e393630ab822fe3daadcd3999295e221,language_reviewed,rights.yaintt.id-id.derivative.boundary28-r2,"[""ttp.r014.unit.book"",""ttp.r014.unit.id-id.chap.crypto"",""ttp.r014.unit.sec.ccaiv"",""ttp.r014.unit.sec.ccaiv.definition.01""]",ttp.r014.unit.book/ttp.r014.unit.id-id.chap.crypto/ttp.r014.unit.sec.ccaiv/ttp.r014.unit.sec.ccaiv.definition.01,source_label,,,"[""ttp.r014.qa.boundary17-build-evidence"",""ttp.r014.qa.boundary17-visual-evidence""]"
r014.backend.record,1.0.0,ttp.r014.unit.sec.ccaiv.exercise.02,unit,active,ttp.r014.yaintt,ttp.r014.yaintt,ttp.r014.edition.id-id.boundary28-r2,id-ID,2026-08-22T03:06:00+02:00,codex.r014.id-ID,,exercise,ttp.r014.unit.sec.ccaiv.exercises,2,17.0002,generated:exercise:boundary17:02,Exercise 02,Latihan 02,"{""end_line"":3254,""path"":""authority/downloads/yaintt.tex"",""start_line"":3243}",d336777f794266cb7155d2e6406b99773f8daa1cd34909752e5ccd4e9e719487,"{""end_line"":3676,""path"":""qa/review-candidates/boundary28-r2/yaintt-id.tex"",""start_line"":3664}",f8b6b81ae3ddb64def1ba446576900ca3413ac20c197d51ee290dfeb91ff09bd,language_reviewed,rights.yaintt.id-id.derivative.boundary28-r2,"[""ttp.r014.unit.book"",""ttp.r014.unit.id-id.chap.crypto"",""ttp.r014.unit.sec.ccaiv"",""ttp.r014.unit.sec.ccaiv.exercises"",""ttp.r014.unit.sec.ccaiv.exercise.02""]",ttp.r014.unit.book/ttp.r014.unit.id-id.chap.crypto/ttp.r014.unit.sec.ccaiv/ttp.r014.unit.sec.ccaiv.exercises/ttp.r014.unit.sec.ccaiv.exercise.02,generated_stable_id,"{""answers"":[],""hints"":[],""solutions"":[],""status"":""source_has_none""}",,"[""ttp.r014.qa.boundary17-build-evidence"",""ttp.r014.qa.boundary17-visual-evidence""]"
r014.backend.record,1.0.0,ttp.r014.unit.sec.ccaiv.discussion.02,unit,active,ttp.r014.yaintt,ttp.r014.yaintt,ttp.r014.edition.id-id.boundary28-r2,id-ID,2026-08-22T03:06:00+02:00,codex.r014.id-ID,,discussion,ttp.r014.unit.sec.ccaiv,3,17.0003,generated:discussion:boundary17:02,Discussion 02,Pembahasan 02,"{""end_line"":3115,""path"":""authority/downloads/yaintt.tex"",""start_line"":3086}",2266debd59da8a247a9d680b91bf9254c32c3cf8c8f261e956f8bfcc955304a9,"{""end_line"":3529,""path"":""qa/review-candidates/boundary28-r2/yaintt-id.tex"",""start_line"":3501}",9f39e1e89dfd7e9016f354d48937c7e543646bff295d4860e27242c215f42c2c,language_reviewed,rights.yaintt.id-id.derivative.boundary28-r2,"[""ttp.r014.unit.book"",""ttp.r014.unit.id-id.chap.crypto"",""ttp.r014.unit.sec.ccaiv"",""ttp.r014.unit.sec.ccaiv.discussion.02""]",ttp.r014.unit.book/ttp.r014.unit.id-id.chap.crypto/ttp.r014.unit.sec.ccaiv/ttp.r014.unit.sec.ccaiv.discussion.02,generated_stable_id,,,"[""ttp.r014.qa.boundary17-build-evidence"",""ttp.r014.qa.boundary17-visual-evidence""]"
r014.backend.record,1.0.0,ttp.r014.unit.sec.ccaiv.exercise.03,unit,active,ttp.r014.yaintt,ttp.r014.yaintt,ttp.r014.edition.id-id.boundary28-r2,id-ID,2026-08-22T03:06:00+02:00,codex.r014.id-ID,,exercise,ttp.r014.unit.sec.ccaiv.exercises,3,17.0003,generated:exercise:boundary17:03,Exercise 03,Latihan 03,"{""end_line"":3278,""path"":""authority/downloads/yaintt.tex"",""start_line"":3256}",d872fe5845d0a2d07804f8f7ddc0c642858d6044097f8ff66a09629a4caef3d4,"{""end_line"":3701,""path"":""qa/review-candidates/boundary28-r2/yaintt-id.tex"",""start_line"":3678}",1442e4f575e7d62a66e125e0e95e5b3861ef80127a8f65a0eac9078c9356873a,language_reviewed,rights.yaintt.id-id.derivative.boundary28-r2,"[""ttp.r014.unit.book"",""ttp.r014.unit.id-id.chap.crypto"",""ttp.r014.unit.sec.ccaiv"",""ttp.r014.unit.sec.ccaiv.exercises"",""ttp.r014.unit.sec.ccaiv.exercise.03""]",ttp.r014.unit.book/ttp.r014.unit.id-id.chap.crypto/ttp.r014.unit.sec.ccaiv/ttp.r014.unit.sec.ccaiv.exercises/ttp.r014.unit.sec.ccaiv.exercise.03,generated_stable_id,"{""answers"":[],""hints"":[],""solutions"":[],""status"":""source_has_none""}",,"[""ttp.r014.qa.boundary17-build-evidence"",""ttp.r014.qa.boundary17-visual-evidence""]"
r014.backend.record,1.0.0,ttp.r014.unit.sec.ccaiv.definition.02,unit,active,ttp.r014.yaintt,ttp.r014.yaintt,ttp.r014.edition.id-id.boundary28-r2,id-ID,2026-08-22T03:06:00+02:00,codex.r014.id-ID,,definition,ttp.r014.unit.sec.ccaiv,4,17.0004,def:vigenerecipher,Definition def:vigenerecipher,Definisi def:vigenerecipher,"{""end_line"":3135,""path"":""authority/downloads/yaintt.tex"",""start_line"":3116}",96ad8b6163ce8c083f71ac64cd15279d2abd9c6870578329efed48fb463b8784,"{""end_line"":3551,""path"":""qa/review-candidates/boundary28-r2/yaintt-id.tex"",""start_line"":3530}",031fbb7b5ada4504385bcdf6ac58fcfc3bbf8d65f09191f7adfbc974bd858772,language_reviewed,rights.yaintt.id-id.derivative.boundary28-r2,"[""ttp.r014.unit.book"",""ttp.r014.unit.id-id.chap.crypto"",""ttp.r014.unit.sec.ccaiv"",""ttp.r014.unit.sec.ccaiv.definition.02""]",ttp.r014.unit.book/ttp.r014.unit.id-id.chap.crypto/ttp.r014.unit.sec.ccaiv/ttp.r014.unit.sec.ccaiv.definition.02,source_label,,,"[""ttp.r014.qa.boundary17-build-evidence"",""ttp.r014.qa.boundary17-visual-evidence""]"
r014.backend.record,1.0.0,ttp.r014.unit.sec.ccaiv.discussion.03,unit,active,ttp.r014.yaintt,ttp.r014.yaintt,ttp.r014.edition.id-id.boundary28-r2,id-ID,2026-08-22T03:06:00+02:00,codex.r014.id-ID,,discussion,ttp.r014.unit.sec.ccaiv,5,17.0005,generated:discussion:boundary17:03,Discussion 03,Pembahasan 03,"{""end_line"":3157,""path"":""authority/downloads/yaintt.tex"",""start_line"":3136}",6ecac5de350c2d2c1cd169918f785df00c69b8d04e7744c5db934f9c8261c0e9,"{""end_line"":3573,""path"":""qa/review-candidates/boundary28-r2/yaintt-id.tex"",""start_line"":3552}",1d68587fb11377008ecf283f492a9f0585fbfab5427a2b7ae6eb3be9a316a537,language_reviewed,rights.yaintt.id-id.derivative.boundary28-r2,"[""ttp.r014.unit.book"",""ttp.r014.unit.id-id.chap.crypto"",""ttp.r014.unit.sec.ccaiv"",""ttp.r014.unit.sec.ccaiv.discussion.03""]",ttp.r014.unit.book/ttp.r014.unit.id-id.chap.crypto/ttp.r014.unit.sec.ccaiv/ttp.r014.unit.sec.ccaiv.discussion.03,generated_stable_id,,,"[""ttp.r014.qa.boundary17-build-evidence"",""ttp.r014.qa.boundary17-visual-evidence""]"
r014.backend.record,1.0.0,ttp.r014.unit.sec.ccaiv.definition.03,unit,active,ttp.r014.yaintt,ttp.r014.yaintt,ttp.r014.edition.id-id.boundary28-r2,id-ID,2026-08-22T03:06:00+02:00,codex.r014.id-ID,,definition,ttp.r014.unit.sec.ccaiv,6,17.0006,def:onetimepad,Definition def:onetimepad,Definisi def:onetimepad,"{""end_line"":3164,""path"":""authority/downloads/yaintt.tex"",""start_line"":3158}",dbf2be21ed89a880d715bd12b2f93e4a16ca09827cf06f037b51fa55174ec867,"{""end_line"":3581,""path"":""qa/review-candidates/boundary28-r2/yaintt-id.tex"",""start_line"":3574}",7a7665e40c5ccffc8a017e51cd63fb64c16981b42833a55035d7d71e1517b6f8,language_reviewed,rights.yaintt.id-id.derivative.boundary28-r2,"[""ttp.r014.unit.book"",""ttp.r014.unit.id-id.chap.crypto"",""ttp.r014.unit.sec.ccaiv"",""ttp.r014.unit.sec.ccaiv.definition.03""]",ttp.r014.unit.book/ttp.r014.unit.id-id.chap.crypto/ttp.r014.unit.sec.ccaiv/ttp.r014.unit.sec.ccaiv.definition.03,source_label,,,"[""ttp.r014.qa.boundary17-build-evidence"",""ttp.r014.qa.boundary17-visual-evidence""]"
r014.backend.record,1.0.0,ttp.r014.unit.sec.ccaiv.discussion.04,unit,active,ttp.r014.yaintt,ttp.r014.yaintt,ttp.r014.edition.id-id.boundary28-r2,id-ID,2026-08-22T03:06:00+02:00,codex.r014.id-ID,,discussion,ttp.r014.unit.sec.ccaiv,7,17.0007,generated:discussion:boundary17:04,Discussion 04,Pembahasan 04,"{""end_line"":3217,""path"":""authority/downloads/yaintt.tex"",""start_line"":3165}",67217d530399354a82dfb85832b5ab4eff41e05dff35116ab6dd6f6394c93068,"{""end_line"":3637,""path"":""qa/review-candidates/boundary28-r2/yaintt-id.tex"",""start_line"":3582}",5776dba6fdec98aba10905480c3290f78a53e002390ec95e6ea16cb2cb80413a,language_reviewed,rights.yaintt.id-id.derivative.boundary28-r2,"[""ttp.r014.unit.book"",""ttp.r014.unit.id-id.chap.crypto"",""ttp.r014.unit.sec.ccaiv"",""ttp.r014.unit.sec.ccaiv.discussion.04""]",ttp.r014.unit.book/ttp.r014.unit.id-id.chap.crypto/ttp.r014.unit.sec.ccaiv/ttp.r014.unit.sec.ccaiv.discussion.04,generated_stable_id,,,"[""ttp.r014.qa.boundary17-build-evidence"",""ttp.r014.qa.boundary17-visual-evidence""]"
r014.backend.record,1.0.0,ttp.r014.unit.sec.ccaiv.exercises,unit,active,ttp.r014.yaintt,ttp.r014.yaintt,ttp.r014.edition.id-id.boundary28-r2,id-ID,2026-08-22T03:06:00+02:00,codex.r014.id-ID,,exercise_group,ttp.r014.unit.sec.ccaiv,8,17.0008,generated:exercise-group:boundary17,Exercises,Latihan,"{""end_line"":3281,""path"":""authority/downloads/yaintt.tex"",""start_line"":3224}",91f147d034706e9bf534f5672ac337061eaadc2b8eaf88dadad7732e07d28b1d,"{""end_line"":3704,""path"":""qa/review-candidates/boundary28-r2/yaintt-id.tex"",""start_line"":3644}",3561853e2d63067c248b4c74e7914f3220a97f9e658dad0fa04f8e4db637231c,language_reviewed,rights.yaintt.id-id.derivative.boundary28-r2,"[""ttp.r014.unit.book"",""ttp.r014.unit.id-id.chap.crypto"",""ttp.r014.unit.sec.ccaiv"",""ttp.r014.unit.sec.ccaiv.exercises""]",ttp.r014.unit.book/ttp.r014.unit.id-id.chap.crypto/ttp.r014.unit.sec.ccaiv/ttp.r014.unit.sec.ccaiv.exercises,generated_stable_id,,,"[""ttp.r014.qa.boundary17-build-evidence"",""ttp.r014.qa.boundary17-visual-evidence""]"
r014.backend.record,1.0.0,ttp.r014.unit.sec.frequency.discussion.01,unit,active,ttp.r014.yaintt,ttp.r014.yaintt,ttp.r014.edition.id-id.boundary28-r2,id-ID,2026-08-22T03:06:00+02:00,codex.r014.id-ID,,discussion,ttp.r014.unit.sec.frequency,1,18.0001,generated:discussion:boundary18:01,Discussion 01,Pembahasan 01,"{""end_line"":3307,""path"":""authority/downloads/yaintt.tex"",""start_line"":3285}",a39d32de4af40f31ca14342b887ecb0adef306e92356465fb5e5fd2d22e3ced2,"{""end_line"":3743,""path"":""qa/review-candidates/boundary28-r2/yaintt-id.tex"",""start_line"":3718}",c8867533a9ffb6bac97d076c76f767300fd46455ec3451c74abf6e4207367967,language_reviewed,rights.yaintt.id-id.derivative.boundary28-r2,"[""ttp.r014.unit.book"",""ttp.r014.unit.id-id.chap.crypto"",""ttp.r014.unit.sec.frequency"",""ttp.r014.unit.sec.frequency.discussion.01""]",ttp.r014.unit.book/ttp.r014.unit.id-id.chap.crypto/ttp.r014.unit.sec.frequency/ttp.r014.unit.sec.frequency.discussion.01,generated_stable_id,,,"[""ttp.r014.qa.boundary18-build-evidence"",""ttp.r014.qa.boundary18-visual-evidence""]"
r014.backend.record,1.0.0,ttp.r014.unit.sec.frequency.exercise.01,unit,active,ttp.r014.yaintt,ttp.r014.yaintt,ttp.r014.edition.id-id.boundary28-r2,id-ID,2026-08-22T03:06:00+02:00,codex.r014.id-ID,,exercise,ttp.r014.unit.sec.frequency.exercises,1,18.0001,exer:twocaesardecrypts,Exercise exer:twocaesardecrypts,Latihan exer:twocaesardecrypts,"{""end_line"":3602,""path"":""authority/downloads/yaintt.tex"",""start_line"":3598}",ac0456678d975986154ebd48ceb5984395db245aae91e29cf8f37406542a16c5,"{""end_line"":4045,""path"":""qa/review-candidates/boundary28-r2/yaintt-id.tex"",""start_line"":4041}",9dd13c9318bd258a1df873d8cfc080da9a25ac5dc2a64d9490a4e7da1d86ae17,language_reviewed,rights.yaintt.id-id.derivative.boundary28-r2,"[""ttp.r014.unit.book"",""ttp.r014.unit.id-id.chap.crypto"",""ttp.r014.unit.sec.frequency"",""ttp.r014.unit.sec.frequency.exercises"",""ttp.r014.unit.sec.frequency.exercise.01""]",ttp.r014.unit.book/ttp.r014.unit.id-id.chap.crypto/ttp.r014.unit.sec.frequency/ttp.r014.unit.sec.frequency.exercises/ttp.r014.unit.sec.frequency.exercise.01,source_label,"{""answers"":[],""hints"":[],""solutions"":[],""status"":""source_has_none""}",,"[""ttp.r014.qa.boundary18-build-evidence"",""ttp.r014.qa.boundary18-visual-evidence""]"
r014.backend.record,1.0.0,ttp.r014.unit.sec.frequency.figure.01,unit,active,ttp.r014.yaintt,ttp.r014.yaintt,ttp.r014.edition.id-id.boundary28-r2,id-ID,2026-08-22T03:06:00+02:00,codex.r014.id-ID,,figure,ttp.r014.unit.sec.frequency.discussion.03,1,18.0001,generated:figure:boundary18:01,Figure 01,Gambar 01,"{""end_line"":3408,""path"":""authority/downloads/yaintt.tex"",""start_line"":3403}",169351d830156d7d7c505d7cc55be51f1feca5edbfc91924eb5084854a86a7c9,"{""end_line"":3845,""path"":""qa/review-candidates/boundary28-r2/yaintt-id.tex"",""start_line"":3840}",47b57a5eda78d9240dbaa61b91dace9fac45c9a01344e57deb894c86dbc085a3,language_reviewed,rights.yaintt.id-id.derivative.boundary28-r2,"[""ttp.r014.unit.book"",""ttp.r014.unit.id-id.chap.crypto"",""ttp.r014.unit.sec.frequency"",""ttp.r014.unit.sec.frequency.discussion.03"",""ttp.r014.unit.sec.frequency.figure.01""]",ttp.r014.unit.book/ttp.r014.unit.id-id.chap.crypto/ttp.r014.unit.sec.frequency/ttp.r014.unit.sec.frequency.discussion.03/ttp.r014.unit.sec.frequency.figure.01,generated_stable_id,,,"[""ttp.r014.qa.boundary18-build-evidence"",""ttp.r014.qa.boundary18-visual-evidence""]"
r014.backend.record,1.0.0,ttp.r014.unit.sec.frequency.figure.03,unit,active,ttp.r014.yaintt,ttp.r014.yaintt,ttp.r014.edition.id-id.boundary28-r2,id-ID,2026-08-22T03:06:00+02:00,codex.r014.id-ID,,figure,ttp.r014.unit.sec.frequency.discussion.04,1,18.0001,generated:figure:boundary18:03,Figure 03,Gambar 03,"{""end_line"":3469,""path"":""authority/downloads/yaintt.tex"",""start_line"":3464}",65c9ee83df16c119149e9f1f7301ea71f300bcf7d45d7e80225087a8b472f183,"{""end_line"":3905,""path"":""qa/review-candidates/boundary28-r2/yaintt-id.tex"",""start_line"":3900}",8f9bf5a05f431a089ec3a03f70819aa99130d4311355f2e551161fd15ec52c7a,language_reviewed,rights.yaintt.id-id.derivative.boundary28-r2,"[""ttp.r014.unit.book"",""ttp.r014.unit.id-id.chap.crypto"",""ttp.r014.unit.sec.frequency"",""ttp.r014.unit.sec.frequency.discussion.04"",""ttp.r014.unit.sec.frequency.figure.03""]",ttp.r014.unit.book/ttp.r014.unit.id-id.chap.crypto/ttp.r014.unit.sec.frequency/ttp.r014.unit.sec.frequency.discussion.04/ttp.r014.unit.sec.frequency.figure.03,generated_stable_id,,,"[""ttp.r014.qa.boundary18-build-evidence"",""ttp.r014.qa.boundary18-visual-evidence""]"
r014.backend.record,1.0.0,ttp.r014.unit.sec.frequency.verbatim.01,unit,active,ttp.r014.yaintt,ttp.r014.yaintt,ttp.r014.edition.id-id.boundary28-r2,id-ID,2026-08-22T03:06:00+02:00,codex.r014.id-ID,,verbatim,ttp.r014.unit.sec.frequency.discussion.01,1,18.0001,generated:verbatim:boundary18:01,Verbatim block 01,Blok verbatim 01,"{""end_line"":3294,""path"":""authority/downloads/yaintt.tex"",""start_line"":3288}",33633c36d263bff9665d23ab43c7ff9926792aeac3817bca1a244f4a23c8b20c,"{""end_line"":3727,""path"":""qa/review-candidates/boundary28-r2/yaintt-id.tex"",""start_line"":3721}",33633c36d263bff9665d23ab43c7ff9926792aeac3817bca1a244f4a23c8b20c,language_reviewed,rights.yaintt.id-id.derivative.boundary28-r2,"[""ttp.r014.unit.book"",""ttp.r014.unit.id-id.chap.crypto"",""ttp.r014.unit.sec.frequency"",""ttp.r014.unit.sec.frequency.discussion.01"",""ttp.r014.unit.sec.frequency.verbatim.01""]",ttp.r014.unit.book/ttp.r014.unit.id-id.chap.crypto/ttp.r014.unit.sec.frequency/ttp.r014.unit.sec.frequency.discussion.01/ttp.r014.unit.sec.frequency.verbatim.01,generated_stable_id,,,"[""ttp.r014.qa.boundary18-build-evidence"",""ttp.r014.qa.boundary18-visual-evidence""]"
r014.backend.record,1.0.0,ttp.r014.unit.sec.frequency.definition.01,unit,active,ttp.r014.yaintt,ttp.r014.yaintt,ttp.r014.edition.id-id.boundary28-r2,id-ID,2026-08-22T03:06:00+02:00,codex.r014.id-ID,,definition,ttp.r014.unit.sec.frequency,2,18.0002,def:keyspace,Definition def:keyspace,Definisi def:keyspace,"{""end_line"":3310,""path"":""authority/downloads/yaintt.tex"",""start_line"":3308}",c9292b265e4f8794c66850d0f5f0f310ae08f92df00823e63a29f97665a015e7,"{""end_line"":3747,""path"":""qa/review-candidates/boundary28-r2/yaintt-id.tex"",""start_line"":3744}",77b74b70a2bc8bde41345f121d74aa10a2d15e6ba74ed9118d847c8d1b1d6493,language_reviewed,rights.yaintt.id-id.derivative.boundary28-r2,"[""ttp.r014.unit.book"",""ttp.r014.unit.id-id.chap.crypto"",""ttp.r014.unit.sec.frequency"",""ttp.r014.unit.sec.frequency.definition.01""]",ttp.r014.unit.book/ttp.r014.unit.id-id.chap.crypto/ttp.r014.unit.sec.frequency/ttp.r014.unit.sec.frequency.definition.01,source_label,,,"[""ttp.r014.qa.boundary18-build-evidence"",""ttp.r014.qa.boundary18-visual-evidence""]"
r014.backend.record,1.0.0,ttp.r014.unit.sec.frequency.exercise.02,unit,active,ttp.r014.yaintt,ttp.r014.yaintt,ttp.r014.edition.id-id.boundary28-r2,id-ID,2026-08-22T03:06:00+02:00,codex.r014.id-ID,,exercise,ttp.r014.unit.sec.frequency.exercises,2,18.0002,generated:exercise:boundary18:02,Exercise 02,Latihan 02,"{""end_line"":3608,""path"":""authority/downloads/yaintt.tex"",""start_line"":3604}",800f26df3738d9fd876d0ec35a58ebe04b3c4a51588f39098b43eef41ecb0ef0,"{""end_line"":4050,""path"":""qa/review-candidates/boundary28-r2/yaintt-id.tex"",""start_line"":4047}",fa7c9956551dad7a845610b8f7579874f4d2e13f126e9f9633816d244bb7363a,language_reviewed,rights.yaintt.id-id.derivative.boundary28-r2,"[""ttp.r014.unit.book"",""ttp.r014.unit.id-id.chap.crypto"",""ttp.r014.unit.sec.frequency"",""ttp.r014.unit.sec.frequency.exercises"",""ttp.r014.unit.sec.frequency.exercise.02""]",ttp.r014.unit.book/ttp.r014.unit.id-id.chap.crypto/ttp.r014.unit.sec.frequency/ttp.r014.unit.sec.frequency.exercises/ttp.r014.unit.sec.frequency.exercise.02,generated_stable_id,"{""answers"":[],""hints"":[],""solutions"":[],""status"":""source_has_none""}",,"[""ttp.r014.qa.boundary18-build-evidence"",""ttp.r014.qa.boundary18-visual-evidence""]"
r014.backend.record,1.0.0,ttp.r014.unit.sec.frequency.verbatim.02,unit,active,ttp.r014.yaintt,ttp.r014.yaintt,ttp.r014.edition.id-id.boundary28-r2,id-ID,2026-08-22T03:06:00+02:00,codex.r014.id-ID,,verbatim,ttp.r014.unit.sec.frequency.discussion.03,2,18.0002,generated:verbatim:boundary18:02,Verbatim block 02,Blok verbatim 02,"{""end_line"":3420,""path"":""authority/downloads/yaintt.tex"",""start_line"":3414}",d1d7c9cf50dad47fae13997ffb51bd6dda74430351ec5776d086784952ce9010,"{""end_line"":3857,""path"":""qa/review-candidates/boundary28-r2/yaintt-id.tex"",""start_line"":3851}",d1d7c9cf50dad47fae13997ffb51bd6dda74430351ec5776d086784952ce9010,language_reviewed,rights.yaintt.id-id.derivative.boundary28-r2,"[""ttp.r014.unit.book"",""ttp.r014.unit.id-id.chap.crypto"",""ttp.r014.unit.sec.frequency"",""ttp.r014.unit.sec.frequency.discussion.03"",""ttp.r014.unit.sec.frequency.verbatim.02""]",ttp.r014.unit.book/ttp.r014.unit.id-id.chap.crypto/ttp.r014.unit.sec.frequency/ttp.r014.unit.sec.frequency.discussion.03/ttp.r014.unit.sec.frequency.verbatim.02,generated_stable_id,,,"[""ttp.r014.qa.boundary18-build-evidence"",""ttp.r014.qa.boundary18-visual-evidence""]"
r014.backend.record,1.0.0,ttp.r014.unit.sec.frequency.verbatim.03,unit,active,ttp.r014.yaintt,ttp.r014.yaintt,ttp.r014.edition.id-id.boundary28-r2,id-ID,2026-08-22T03:06:00+02:00,codex.r014.id-ID,,verbatim,ttp.r014.unit.sec.frequency.discussion.04,2,18.0002,generated:verbatim:boundary18:03,Verbatim block 03,Blok verbatim 03,"{""end_line"":3479,""path"":""authority/downloads/yaintt.tex"",""start_line"":3473}",b2db03d520a2b931e14fb3634e348aebeb9b50bc99df71737418cf7f5b8f909e,"{""end_line"":3915,""path"":""qa/review-candidates/boundary28-r2/yaintt-id.tex"",""start_line"":3909}",b2db03d520a2b931e14fb3634e348aebeb9b50bc99df71737418cf7f5b8f909e,language_reviewed,rights.yaintt.id-id.derivative.boundary28-r2,"[""ttp.r014.unit.book"",""ttp.r014.unit.id-id.chap.crypto"",""ttp.r014.unit.sec.frequency"",""ttp.r014.unit.sec.frequency.discussion.04"",""ttp.r014.unit.sec.frequency.verbatim.03""]",ttp.r014.unit.book/ttp.r014.unit.id-id.chap.crypto/ttp.r014.unit.sec.frequency/ttp.r014.unit.sec.frequency.discussion.04/ttp.r014.unit.sec.frequency.verbatim.03,generated_stable_id,,,"[""ttp.r014.qa.boundary18-build-evidence"",""ttp.r014.qa.boundary18-visual-evidence""]"
r014.backend.record,1.0.0,ttp.r014.unit.sec.frequency,unit,active,ttp.r014.yaintt,ttp.r014.yaintt,ttp.r014.edition.id-id.boundary28-r2,id-ID,2026-08-22T03:06:00+02:00,codex.r014.id-ID,,section,ttp.r014.unit.id-id.chap.crypto,3,18.0003,sec:FSiCFA,First Steps into Cryptanalysis: Frequency Analysis,Langkah Awal dalam Kriptanalisis: Analisis Frekuensi,"{""end_line"":3624,""path"":""authority/downloads/yaintt.tex"",""start_line"":3282}",19a6dab7f0d55ce2cb38da39c61ff56cc582d915394e52ee6874c5ffc4a1af8b,"{""end_line"":4068,""path"":""qa/review-candidates/boundary28-r2/yaintt-id.tex"",""start_line"":3715}",2a118a9a4991fd8395c2ab251cf995a8adc02250b282351f2beddcc7fcabc7e9,language_reviewed,rights.yaintt.id-id.derivative.boundary28-r2,"[""ttp.r014.unit.book"",""ttp.r014.unit.id-id.chap.crypto"",""ttp.r014.unit.sec.frequency""]",ttp.r014.unit.book/ttp.r014.unit.id-id.chap.crypto/ttp.r014.unit.sec.frequency,source_label,,,"[""ttp.r014.qa.boundary18-build-evidence"",""ttp.r014.qa.boundary18-visual-evidence""]"
r014.backend.record,1.0.0,ttp.r014.unit.sec.frequency.example.01,unit,active,ttp.r014.yaintt,ttp.r014.yaintt,ttp.r014.edition.id-id.boundary28-r2,id-ID,2026-08-22T03:06:00+02:00,codex.r014.id-ID,,example,ttp.r014.unit.sec.frequency,3,18.0003,eg:keyspaceCaesar,Example eg:keyspaceCaesar,Contoh eg:keyspaceCaesar,"{""end_line"":3313,""path"":""authority/downloads/yaintt.tex"",""start_line"":3311}",0199879671ca335981d953036ea2fdcccb00fd73b345ee15355dcf446aad1833,"{""end_line"":3750,""path"":""qa/review-candidates/boundary28-r2/yaintt-id.tex"",""start_line"":3748}",ab2169e39c90474366397245a1be8c0304d28e9848e3cfed7bbb72ca3549a99a,language_reviewed,rights.yaintt.id-id.derivative.boundary28-r2,"[""ttp.r014.unit.book"",""ttp.r014.unit.id-id.chap.crypto"",""ttp.r014.unit.sec.frequency"",""ttp.r014.unit.sec.frequency.example.01""]",ttp.r014.unit.book/ttp.r014.unit.id-id.chap.crypto/ttp.r014.unit.sec.frequency/ttp.r014.unit.sec.frequency.example.01,source_label,,,"[""ttp.r014.qa.boundary18-build-evidence"",""ttp.r014.qa.boundary18-visual-evidence""]"
r014.backend.record,1.0.0,ttp.r014.unit.sec.frequency.exercise.03,unit,active,ttp.r014.yaintt,ttp.r014.yaintt,ttp.r014.edition.id-id.boundary28-r2,id-ID,2026-08-22T03:06:00+02:00,codex.r014.id-ID,,exercise,ttp.r014.unit.sec.frequency.exercises,3,18.0003,generated:exercise:boundary18:03,Exercise 03,Latihan 03,"{""end_line"":3621,""path"":""authority/downloads/yaintt.tex"",""start_line"":3610}",2b7d4bfd018555edda36ad975b4b9bb36043d46b7481aa7cf61d22eb0d292100,"{""end_line"":4065,""path"":""qa/review-candidates/boundary28-r2/yaintt-id.tex"",""start_line"":4052}",464246a59ec853bd49a3ac90a7b45dabdad96577f15260372e53c830af8f048d,language_reviewed,rights.yaintt.id-id.derivative.boundary28-r2,"[""ttp.r014.unit.book"",""ttp.r014.unit.id-id.chap.crypto"",""ttp.r014.unit.sec.frequency"",""ttp.r014.unit.sec.frequency.exercises"",""ttp.r014.unit.sec.frequency.exercise.03""]",ttp.r014.unit.book/ttp.r014.unit.id-id.chap.crypto/ttp.r014.unit.sec.frequency/ttp.r014.unit.sec.frequency.exercises/ttp.r014.unit.sec.frequency.exercise.03,generated_stable_id,"{""answers"":[],""hints"":[],""solutions"":[],""status"":""source_has_none""}",,"[""ttp.r014.qa.boundary18-build-evidence"",""ttp.r014.qa.boundary18-visual-evidence""]"
r014.backend.record,1.0.0,ttp.r014.unit.sec.frequency.figure.02,unit,active,ttp.r014.yaintt,ttp.r014.yaintt,ttp.r014.edition.id-id.boundary28-r2,id-ID,2026-08-22T03:06:00+02:00,codex.r014.id-ID,,figure,ttp.r014.unit.sec.frequency.discussion.03,3,18.0003,generated:figure:boundary18:02,Figure 02,Gambar 02,"{""end_line"":3431,""path"":""authority/downloads/yaintt.tex"",""start_line"":3426}",5779cb391322070ba6b933c3ef4c92df30f19e3ab1cdfa2ba3baf9297c979e86,"{""end_line"":3867,""path"":""qa/review-candidates/boundary28-r2/yaintt-id.tex"",""start_line"":3862}",d509be5fac586263e82602000b7e7be1a87c7953fcf05d1b856cc4a6ba17d5b4,language_reviewed,rights.yaintt.id-id.derivative.boundary28-r2,"[""ttp.r014.unit.book"",""ttp.r014.unit.id-id.chap.crypto"",""ttp.r014.unit.sec.frequency"",""ttp.r014.unit.sec.frequency.discussion.03"",""ttp.r014.unit.sec.frequency.figure.02""]",ttp.r014.unit.book/ttp.r014.unit.id-id.chap.crypto/ttp.r014.unit.sec.frequency/ttp.r014.unit.sec.frequency.discussion.03/ttp.r014.unit.sec.frequency.figure.02,generated_stable_id,,,"[""ttp.r014.qa.boundary18-build-evidence"",""ttp.r014.qa.boundary18-visual-evidence""]"
r014.backend.record,1.0.0,ttp.r014.unit.sec.frequency.figure.04,unit,active,ttp.r014.yaintt,ttp.r014.yaintt,ttp.r014.edition.id-id.boundary28-r2,id-ID,2026-08-22T03:06:00+02:00,codex.r014.id-ID,,figure,ttp.r014.unit.sec.frequency.discussion.04,3,18.0003,generated:figure:boundary18:04,Figure 04,Gambar 04,"{""end_line"":3495,""path"":""authority/downloads/yaintt.tex"",""start_line"":3489}",863593fb5588c19b5ca041e0b8e505d1c791a75a6056107fd9ab87bf37c69907,"{""end_line"":3931,""path"":""qa/review-candidates/boundary28-r2/yaintt-id.tex"",""start_line"":3925}",24b590347c490cd1a31abbbda2a8bfb78b3f3f42e3bf2d1d1f85461ccf955f44,language_reviewed,rights.yaintt.id-id.derivative.boundary28-r2,"[""ttp.r014.unit.book"",""ttp.r014.unit.id-id.chap.crypto"",""ttp.r014.unit.sec.frequency"",""ttp.r014.unit.sec.frequency.discussion.04"",""ttp.r014.unit.sec.frequency.figure.04""]",ttp.r014.unit.book/ttp.r014.unit.id-id.chap.crypto/ttp.r014.unit.sec.frequency/ttp.r014.unit.sec.frequency.discussion.04/ttp.r014.unit.sec.frequency.figure.04,generated_stable_id,,,"[""ttp.r014.qa.boundary18-build-evidence"",""ttp.r014.qa.boundary18-visual-evidence""]"
r014.backend.record,1.0.0,ttp.r014.unit.sec.frequency.example.02,unit,active,ttp.r014.yaintt,ttp.r014.yaintt,ttp.r014.edition.id-id.boundary28-r2,id-ID,2026-08-22T03:06:00+02:00,codex.r014.id-ID,,example,ttp.r014.unit.sec.frequency,4,18.0004,eg:keyspaceVigenere,Example eg:keyspaceVigenere,Contoh eg:keyspaceVigenere,"{""end_line"":3320,""path"":""authority/downloads/yaintt.tex"",""start_line"":3314}",681d97023e3a5f860fee4e68444f855bd87fbd7251d5bfbe1e406ad2c9b141b0,"{""end_line"":3757,""path"":""qa/review-candidates/boundary28-r2/yaintt-id.tex"",""start_line"":3751}",29fb2a445c770543e35a3b40ccc67e67de064c791aec287cc9a29dab38609e10,language_reviewed,rights.yaintt.id-id.derivative.boundary28-r2,"[""ttp.r014.unit.book"",""ttp.r014.unit.id-id.chap.crypto"",""ttp.r014.unit.sec.frequency"",""ttp.r014.unit.sec.frequency.example.02""]",ttp.r014.unit.book/ttp.r014.unit.id-id.chap.crypto/ttp.r014.unit.sec.frequency/ttp.r014.unit.sec.frequency.example.02,source_label,,,"[""ttp.r014.qa.boundary18-build-evidence"",""ttp.r014.qa.boundary18-visual-evidence""]"
r014.backend.record,1.0.0,ttp.r014.unit.sec.frequency.verbatim.04,unit,active,ttp.r014.yaintt,ttp.r014.yaintt,ttp.r014.edition.id-id.boundary28-r2,id-ID,2026-08-22T03:06:00+02:00,codex.r014.id-ID,,verbatim,ttp.r014.unit.sec.frequency.discussion.04,4,18.0004,generated:verbatim:boundary18:04,Verbatim block 04,Blok verbatim 04,"{""end_line"":3530,""path"":""authority/downloads/yaintt.tex"",""start_line"":3524}",d02e69ec1260a139fc9a338f35af4c26950d783cfcdab8afa4479cd058c48757,"{""end_line"":3968,""path"":""qa/review-candidates/boundary28-r2/yaintt-id.tex"",""start_line"":3962}",d02e69ec1260a139fc9a338f35af4c26950d783cfcdab8afa4479cd058c48757,language_reviewed,rights.yaintt.id-id.derivative.boundary28-r2,"[""ttp.r014.unit.book"",""ttp.r014.unit.id-id.chap.crypto"",""ttp.r014.unit.sec.frequency"",""ttp.r014.unit.sec.frequency.discussion.04"",""ttp.r014.unit.sec.frequency.verbatim.04""]",ttp.r014.unit.book/ttp.r014.unit.id-id.chap.crypto/ttp.r014.unit.sec.frequency/ttp.r014.unit.sec.frequency.discussion.04/ttp.r014.unit.sec.frequency.verbatim.04,generated_stable_id,,,"[""ttp.r014.qa.boundary18-build-evidence"",""ttp.r014.qa.boundary18-visual-evidence""]"
r014.backend.record,1.0.0,ttp.r014.unit.sec.frequency.example.03,unit,active,ttp.r014.yaintt,ttp.r014.yaintt,ttp.r014.edition.id-id.boundary28-r2,id-ID,2026-08-22T03:06:00+02:00,codex.r014.id-ID,,example,ttp.r014.unit.sec.frequency,5,18.0005,eg:keyspaceOTP,Example eg:keyspaceOTP,Contoh eg:keyspaceOTP,"{""end_line"":3325,""path"":""authority/downloads/yaintt.tex"",""start_line"":3321}",0dd311135880555f13cca10dd9f5b361a8383d3b599ea4619d465937b1a342e6,"{""end_line"":3763,""path"":""qa/review-candidates/boundary28-r2/yaintt-id.tex"",""start_line"":3758}",efcabffd3ce021c8b96a21cf300f71cbdfc2420deda434cab8046e5dc549f4bf,language_reviewed,rights.yaintt.id-id.derivative.boundary28-r2,"[""ttp.r014.unit.book"",""ttp.r014.unit.id-id.chap.crypto"",""ttp.r014.unit.sec.frequency"",""ttp.r014.unit.sec.frequency.example.03""]",ttp.r014.unit.book/ttp.r014.unit.id-id.chap.crypto/ttp.r014.unit.sec.frequency/ttp.r014.unit.sec.frequency.example.03,source_label,,,"[""ttp.r014.qa.boundary18-build-evidence"",""ttp.r014.qa.boundary18-visual-evidence""]"
r014.backend.record,1.0.0,ttp.r014.unit.sec.frequency.figure.05,unit,active,ttp.r014.yaintt,ttp.r014.yaintt,ttp.r014.edition.id-id.boundary28-r2,id-ID,2026-08-22T03:06:00+02:00,codex.r014.id-ID,,figure,ttp.r014.unit.sec.frequency.discussion.04,5,18.0005,generated:figure:boundary18:05,Figure 05,Gambar 05,"{""end_line"":3539,""path"":""authority/downloads/yaintt.tex"",""start_line"":3533}",0ab1a72675407a6ff789051d78c6a563c987d6b63a7222deeea4040b38542b7b,"{""end_line"":3977,""path"":""qa/review-candidates/boundary28-r2/yaintt-id.tex"",""start_line"":3971}",03f06d1a46afa7844ade22f897999e8eaf3abbf93d3918829d3aecd0dca1a605,language_reviewed,rights.yaintt.id-id.derivative.boundary28-r2,"[""ttp.r014.unit.book"",""ttp.r014.unit.id-id.chap.crypto"",""ttp.r014.unit.sec.frequency"",""ttp.r014.unit.sec.frequency.discussion.04"",""ttp.r014.unit.sec.frequency.figure.05""]",ttp.r014.unit.book/ttp.r014.unit.id-id.chap.crypto/ttp.r014.unit.sec.frequency/ttp.r014.unit.sec.frequency.discussion.04/ttp.r014.unit.sec.frequency.figure.05,generated_stable_id,,,"[""ttp.r014.qa.boundary18-build-evidence"",""ttp.r014.qa.boundary18-visual-evidence""]"
r014.backend.record,1.0.0,ttp.r014.unit.sec.frequency.discussion.02,unit,active,ttp.r014.yaintt,ttp.r014.yaintt,ttp.r014.edition.id-id.boundary28-r2,id-ID,2026-08-22T03:06:00+02:00,codex.r014.id-ID,,discussion,ttp.r014.unit.sec.frequency,6,18.0006,generated:discussion:boundary18:02,Discussion 02,Pembahasan 02,"{""end_line"":3356,""path"":""authority/downloads/yaintt.tex"",""start_line"":3327}",70a8ad36f00855e04879c0afb82bcd7b9e9730df2cabd675a7a85884cbccaed9,"{""end_line"":3793,""path"":""qa/review-candidates/boundary28-r2/yaintt-id.tex"",""start_line"":3765}",583949a950b32abf94db5cdfe0850c2cc72c6df926c749fa456ae1080b0c2970,language_reviewed,rights.yaintt.id-id.derivative.boundary28-r2,"[""ttp.r014.unit.book"",""ttp.r014.unit.id-id.chap.crypto"",""ttp.r014.unit.sec.frequency"",""ttp.r014.unit.sec.frequency.discussion.02""]",ttp.r014.unit.book/ttp.r014.unit.id-id.chap.crypto/ttp.r014.unit.sec.frequency/ttp.r014.unit.sec.frequency.discussion.02,generated_stable_id,,,"[""ttp.r014.qa.boundary18-build-evidence"",""ttp.r014.qa.boundary18-visual-evidence""]"
r014.backend.record,1.0.0,ttp.r014.unit.sec.frequency.figure.06,unit,active,ttp.r014.yaintt,ttp.r014.yaintt,ttp.r014.edition.id-id.boundary28-r2,id-ID,2026-08-22T03:06:00+02:00,codex.r014.id-ID,,figure,ttp.r014.unit.sec.frequency.discussion.04,6,18.0006,generated:figure:boundary18:06,Figure 06,Gambar 06,"{""end_line"":3571,""path"":""authority/downloads/yaintt.tex"",""start_line"":3564}",b6400ea18b9ed641111f0dd04021863609920d7527bba292b4f27df93155f5af,"{""end_line"":4012,""path"":""qa/review-candidates/boundary28-r2/yaintt-id.tex"",""start_line"":4004}",cfc4217eff32a0104fe7461e86e955d73143b2950b108eb7f6df9d438dd993da,language_reviewed,rights.yaintt.id-id.derivative.boundary28-r2,"[""ttp.r014.unit.book"",""ttp.r014.unit.id-id.chap.crypto"",""ttp.r014.unit.sec.frequency"",""ttp.r014.unit.sec.frequency.discussion.04"",""ttp.r014.unit.sec.frequency.figure.06""]",ttp.r014.unit.book/ttp.r014.unit.id-id.chap.crypto/ttp.r014.unit.sec.frequency/ttp.r014.unit.sec.frequency.discussion.04/ttp.r014.unit.sec.frequency.figure.06,generated_stable_id,,,"[""ttp.r014.qa.boundary18-build-evidence"",""ttp.r014.qa.boundary18-visual-evidence""]"
r014.backend.record,1.0.0,ttp.r014.unit.sec.frequency.definition.02,unit,active,ttp.r014.yaintt,ttp.r014.yaintt,ttp.r014.edition.id-id.boundary28-r2,id-ID,2026-08-22T03:06:00+02:00,codex.r014.id-ID,,definition,ttp.r014.unit.sec.frequency,7,18.0007,def:messagespace,Definition def:messagespace,Definisi def:messagespace,"{""end_line"":3360,""path"":""authority/downloads/yaintt.tex"",""start_line"":3357}",5f479fd4ac4aa8e27aa90dd331e8e7ea8ec17b5a48d29315d54be349e800a445,"{""end_line"":3797,""path"":""qa/review-candidates/boundary28-r2/yaintt-id.tex"",""start_line"":3794}",4708cf9ac264f0dbf3c2a2280185018f2b52c292215b839a5f9cbd446fff93d0,language_reviewed,rights.yaintt.id-id.derivative.boundary28-r2,"[""ttp.r014.unit.book"",""ttp.r014.unit.id-id.chap.crypto"",""ttp.r014.unit.sec.frequency"",""ttp.r014.unit.sec.frequency.definition.02""]",ttp.r014.unit.book/ttp.r014.unit.id-id.chap.crypto/ttp.r014.unit.sec.frequency/ttp.r014.unit.sec.frequency.definition.02,source_label,,,"[""ttp.r014.qa.boundary18-build-evidence"",""ttp.r014.qa.boundary18-visual-evidence""]"
r014.backend.record,1.0.0,ttp.r014.unit.sec.frequency.discussion.03,unit,active,ttp.r014.yaintt,ttp.r014.yaintt,ttp.r014.edition.id-id.boundary28-r2,id-ID,2026-08-22T03:06:00+02:00,codex.r014.id-ID,,discussion,ttp.r014.unit.sec.frequency,8,18.0008,generated:discussion:boundary18:03,Discussion 03,Pembahasan 03,"{""end_line"":3447,""path"":""authority/downloads/yaintt.tex"",""start_line"":3361}",d0b63a74cc8343a74fb92e9e9b413b17658336f5e74c1bddff6383d50eb68930,"{""end_line"":3883,""path"":""qa/review-candidates/boundary28-r2/yaintt-id.tex"",""start_line"":3798}",872979fde0c0cc6cf86890d4e8967c42be148798d1e0ff5c9123e699daa13080,language_reviewed,rights.yaintt.id-id.derivative.boundary28-r2,"[""ttp.r014.unit.book"",""ttp.r014.unit.id-id.chap.crypto"",""ttp.r014.unit.sec.frequency"",""ttp.r014.unit.sec.frequency.discussion.03""]",ttp.r014.unit.book/ttp.r014.unit.id-id.chap.crypto/ttp.r014.unit.sec.frequency/ttp.r014.unit.sec.frequency.discussion.03,generated_stable_id,,,"[""ttp.r014.qa.boundary18-build-evidence"",""ttp.r014.qa.boundary18-visual-evidence""]"
r014.backend.record,1.0.0,ttp.r014.unit.sec.frequency.definition.03,unit,active,ttp.r014.yaintt,ttp.r014.yaintt,ttp.r014.edition.id-id.boundary28-r2,id-ID,2026-08-22T03:06:00+02:00,codex.r014.id-ID,,definition,ttp.r014.unit.sec.frequency,9,18.0009,generated:definition:boundary18:03,Definition 03,Definisi 03,"{""end_line"":3457,""path"":""authority/downloads/yaintt.tex"",""start_line"":3448}",e86808595118b0b01dd4912e64b372bf75daa5e5f0efe8b87a0b036cbbc663b7,"{""end_line"":3893,""path"":""qa/review-candidates/boundary28-r2/yaintt-id.tex"",""start_line"":3884}",a70467eebbc961c789e24b34a64012c0bda93619b2d0fa179e101a4fe1ae24c7,language_reviewed,rights.yaintt.id-id.derivative.boundary28-r2,"[""ttp.r014.unit.book"",""ttp.r014.unit.id-id.chap.crypto"",""ttp.r014.unit.sec.frequency"",""ttp.r014.unit.sec.frequency.definition.03""]",ttp.r014.unit.book/ttp.r014.unit.id-id.chap.crypto/ttp.r014.unit.sec.frequency/ttp.r014.unit.sec.frequency.definition.03,generated_stable_id,,,"[""ttp.r014.qa.boundary18-build-evidence"",""ttp.r014.qa.boundary18-visual-evidence""]"
r014.backend.record,1.0.0,ttp.r014.unit.sec.frequency.discussion.04,unit,active,ttp.r014.yaintt,ttp.r014.yaintt,ttp.r014.edition.id-id.boundary28-r2,id-ID,2026-08-22T03:06:00+02:00,codex.r014.id-ID,,discussion,ttp.r014.unit.sec.frequency,10,18.0010,generated:discussion:boundary18:04,Discussion 04,Pembahasan 04,"{""end_line"":3588,""path"":""authority/downloads/yaintt.tex"",""start_line"":3458}",d14a2ad93b9670b534fac05ff766a77bf0a0a17e9535942119012a12de10f392,"{""end_line"":4031,""path"":""qa/review-candidates/boundary28-r2/yaintt-id.tex"",""start_line"":3894}",4817c64b074900c3b6d14dbc104874e9108360c78fcc5644f3785c60fa2c9c76,language_reviewed,rights.yaintt.id-id.derivative.boundary28-r2,"[""ttp.r014.unit.book"",""ttp.r014.unit.id-id.chap.crypto"",""ttp.r014.unit.sec.frequency"",""ttp.r014.unit.sec.frequency.discussion.04""]",ttp.r014.unit.book/ttp.r014.unit.id-id.chap.crypto/ttp.r014.unit.sec.frequency/ttp.r014.unit.sec.frequency.discussion.04,generated_stable_id,,,"[""ttp.r014.qa.boundary18-build-evidence"",""ttp.r014.qa.boundary18-visual-evidence""]"
r014.backend.record,1.0.0,ttp.r014.unit.sec.frequency.exercises,unit,active,ttp.r014.yaintt,ttp.r014.yaintt,ttp.r014.edition.id-id.boundary28-r2,id-ID,2026-08-22T03:06:00+02:00,codex.r014.id-ID,,exercise_group,ttp.r014.unit.sec.frequency,11,18.0011,generated:exercise-group:boundary18,Exercises,Latihan,"{""end_line"":3624,""path"":""authority/downloads/yaintt.tex"",""start_line"":3595}",f5d4e2681b8d223b2e7b7a37aafdf21a6b9057dce76dbd070d8a3b666398b42f,"{""end_line"":4068,""path"":""qa/review-candidates/boundary28-r2/yaintt-id.tex"",""start_line"":4038}",73724ec9bbd2a2b03c641ddb4ed72e4221eaeaee7fdc6094e5e431a324def391,language_reviewed,rights.yaintt.id-id.derivative.boundary28-r2,"[""ttp.r014.unit.book"",""ttp.r014.unit.id-id.chap.crypto"",""ttp.r014.unit.sec.frequency"",""ttp.r014.unit.sec.frequency.exercises""]",ttp.r014.unit.book/ttp.r014.unit.id-id.chap.crypto/ttp.r014.unit.sec.frequency/ttp.r014.unit.sec.frequency.exercises,generated_stable_id,,,"[""ttp.r014.qa.boundary18-build-evidence"",""ttp.r014.qa.boundary18-visual-evidence""]"
r014.backend.record,1.0.0,ttp.r014.unit.sec.rsa.discussion.01,unit,active,ttp.r014.yaintt,ttp.r014.yaintt,ttp.r014.edition.id-id.boundary28-r2,id-ID,2026-08-22T03:06:00+02:00,codex.r014.id-ID,,discussion,ttp.r014.unit.sec.rsa,1,19.0001,generated:discussion:boundary19:01,Discussion 01,Pembahasan 01,"{""end_line"":3636,""path"":""authority/downloads/yaintt.tex"",""start_line"":3628}",4dd041dd1f19f9f22d07381bff6ce8e7298caebc0b8d80e2d3744310450c9518,"{""end_line"":4088,""path"":""qa/review-candidates/boundary28-r2/yaintt-id.tex"",""start_line"":4082}",08720f42e6450d303d09a448cea72550c7008387faa6ab18fdf31734050a2662,language_reviewed,rights.yaintt.id-id.derivative.boundary28-r2,"[""ttp.r014.unit.book"",""ttp.r014.unit.id-id.chap.crypto"",""ttp.r014.unit.sec.rsa"",""ttp.r014.unit.sec.rsa.discussion.01""]",ttp.r014.unit.book/ttp.r014.unit.id-id.chap.crypto/ttp.r014.unit.sec.rsa/ttp.r014.unit.sec.rsa.discussion.01,generated_stable_id,,,"[""ttp.r014.qa.boundary19-build-evidence"",""ttp.r014.qa.boundary19-visual-evidence""]"
r014.backend.record,1.0.0,ttp.r014.unit.sec.rsa.exercise.01,unit,active,ttp.r014.yaintt,ttp.r014.yaintt,ttp.r014.edition.id-id.boundary28-r2,id-ID,2026-08-22T03:06:00+02:00,codex.r014.id-ID,,exercise,ttp.r014.unit.sec.rsa.exercises,1,19.0001,exc:RSAmessagecommonfactor,Exercise exc:RSAmessagecommonfactor,Latihan exc:RSAmessagecommonfactor,"{""end_line"":4032,""path"":""authority/downloads/yaintt.tex"",""start_line"":4016}",f7ba501a4cf118e052b6713ca91ebe58cc1268eabb568ccd5d4aa528e11243ad,"{""end_line"":4505,""path"":""qa/review-candidates/boundary28-r2/yaintt-id.tex"",""start_line"":4487}",59178e2ecdd9ed881bb380d4e5e6569906a5bb174f3fa127765c9123c460911c,language_reviewed,rights.yaintt.id-id.derivative.boundary28-r2,"[""ttp.r014.unit.book"",""ttp.r014.unit.id-id.chap.crypto"",""ttp.r014.unit.sec.rsa"",""ttp.r014.unit.sec.rsa.exercises"",""ttp.r014.unit.sec.rsa.exercise.01""]",ttp.r014.unit.book/ttp.r014.unit.id-id.chap.crypto/ttp.r014.unit.sec.rsa/ttp.r014.unit.sec.rsa.exercises/ttp.r014.unit.sec.rsa.exercise.01,source_label,"{""answers"":[],""hints"":[],""solutions"":[],""status"":""source_has_none""}",,"[""ttp.r014.qa.boundary19-build-evidence"",""ttp.r014.qa.boundary19-visual-evidence""]"
r014.backend.record,1.0.0,ttp.r014.unit.sec.rsa.proof.01,unit,active,ttp.r014.yaintt,ttp.r014.yaintt,ttp.r014.edition.id-id.boundary28-r2,id-ID,2026-08-22T03:06:00+02:00,codex.r014.id-ID,,proof,ttp.r014.unit.sec.rsa.proposition.01,1,19.0001,generated:proof:boundary19:01,Proof 01,Bukti 01,"{""end_line"":3908,""path"":""authority/downloads/yaintt.tex"",""start_line"":3890}",9442b144a0ec7eb40dd887534f86fc0db37a5152dac212cab97e7fd7d4b4d070,"{""end_line"":4378,""path"":""qa/review-candidates/boundary28-r2/yaintt-id.tex"",""start_line"":4359}",88ea07fcaca2db06459ba46221ec354fcbfdba534e44bcfc1765c809757314c1,language_reviewed,rights.yaintt.id-id.derivative.boundary28-r2,"[""ttp.r014.unit.book"",""ttp.r014.unit.id-id.chap.crypto"",""ttp.r014.unit.sec.rsa"",""ttp.r014.unit.sec.rsa.proposition.01"",""ttp.r014.unit.sec.rsa.proof.01""]",ttp.r014.unit.book/ttp.r014.unit.id-id.chap.crypto/ttp.r014.unit.sec.rsa/ttp.r014.unit.sec.rsa.proposition.01/ttp.r014.unit.sec.rsa.proof.01,generated_stable_id,,,"[""ttp.r014.qa.boundary19-build-evidence"",""ttp.r014.qa.boundary19-visual-evidence""]"
r014.backend.record,1.0.0,ttp.r014.unit.sec.rsa.definition.01,unit,active,ttp.r014.yaintt,ttp.r014.yaintt,ttp.r014.edition.id-id.boundary28-r2,id-ID,2026-08-22T03:06:00+02:00,codex.r014.id-ID,,definition,ttp.r014.unit.sec.rsa,2,19.0002,def:symmetric cipher,Definition def:symmetric cipher,Definisi def:symmetric cipher,"{""end_line"":3654,""path"":""authority/downloads/yaintt.tex"",""start_line"":3637}",0df614bb6e2673b0778b6a1d19f544173a2a12ad5cc0ac77be2d4e65c5c5443f,"{""end_line"":4107,""path"":""qa/review-candidates/boundary28-r2/yaintt-id.tex"",""start_line"":4089}",bf37f50c86fb36c676bdf293b16d8603d00c941da945f05a56fe701be2466dae,language_reviewed,rights.yaintt.id-id.derivative.boundary28-r2,"[""ttp.r014.unit.book"",""ttp.r014.unit.id-id.chap.crypto"",""ttp.r014.unit.sec.rsa"",""ttp.r014.unit.sec.rsa.definition.01""]",ttp.r014.unit.book/ttp.r014.unit.id-id.chap.crypto/ttp.r014.unit.sec.rsa/ttp.r014.unit.sec.rsa.definition.01,source_label,,,"[""ttp.r014.qa.boundary19-build-evidence"",""ttp.r014.qa.boundary19-visual-evidence""]"
r014.backend.record,1.0.0,ttp.r014.unit.sec.rsa.exercise.02,unit,active,ttp.r014.yaintt,ttp.r014.yaintt,ttp.r014.edition.id-id.boundary28-r2,id-ID,2026-08-22T03:06:00+02:00,codex.r014.id-ID,,exercise,ttp.r014.unit.sec.rsa.exercises,2,19.0002,generated:exercise:boundary19:02,Exercise 02,Latihan 02,"{""end_line"":4064,""path"":""authority/downloads/yaintt.tex"",""start_line"":4034}",92763ca9284882472bf5af8724850ca6a58b7adbb841e21040d78d61f2c98ee1,"{""end_line"":4536,""path"":""qa/review-candidates/boundary28-r2/yaintt-id.tex"",""start_line"":4507}",99b373de09220d6341b598e3b620cc53c8e9c71143633644a699fe08da3b6efd,language_reviewed,rights.yaintt.id-id.derivative.boundary28-r2,"[""ttp.r014.unit.book"",""ttp.r014.unit.id-id.chap.crypto"",""ttp.r014.unit.sec.rsa"",""ttp.r014.unit.sec.rsa.exercises"",""ttp.r014.unit.sec.rsa.exercise.02""]",ttp.r014.unit.book/ttp.r014.unit.id-id.chap.crypto/ttp.r014.unit.sec.rsa/ttp.r014.unit.sec.rsa.exercises/ttp.r014.unit.sec.rsa.exercise.02,generated_stable_id,"{""answers"":[],""hints"":[],""solutions"":[],""status"":""source_has_none""}",,"[""ttp.r014.qa.boundary19-build-evidence"",""ttp.r014.qa.boundary19-visual-evidence""]"
r014.backend.record,1.0.0,ttp.r014.unit.sec.rsa.discussion.02,unit,active,ttp.r014.yaintt,ttp.r014.yaintt,ttp.r014.edition.id-id.boundary28-r2,id-ID,2026-08-22T03:06:00+02:00,codex.r014.id-ID,,discussion,ttp.r014.unit.sec.rsa,3,19.0003,generated:discussion:boundary19:02,Discussion 02,Pembahasan 02,"{""end_line"":3658,""path"":""authority/downloads/yaintt.tex"",""start_line"":3656}",c0c0bd93ac40fda5bdcd14fd4da9bf5177300e0322091bce2eb3723cdbf2c820,"{""end_line"":4111,""path"":""qa/review-candidates/boundary28-r2/yaintt-id.tex"",""start_line"":4109}",cf1ee2b028fc2d604a4d019324dbd5582c81e09a0aa3fea4cc34280c043b27eb,language_reviewed,rights.yaintt.id-id.derivative.boundary28-r2,"[""ttp.r014.unit.book"",""ttp.r014.unit.id-id.chap.crypto"",""ttp.r014.unit.sec.rsa"",""ttp.r014.unit.sec.rsa.discussion.02""]",ttp.r014.unit.book/ttp.r014.unit.id-id.chap.crypto/ttp.r014.unit.sec.rsa/ttp.r014.unit.sec.rsa.discussion.02,generated_stable_id,,,"[""ttp.r014.qa.boundary19-build-evidence"",""ttp.r014.qa.boundary19-visual-evidence""]"
r014.backend.record,1.0.0,ttp.r014.unit.sec.rsa.exercise.03,unit,active,ttp.r014.yaintt,ttp.r014.yaintt,ttp.r014.edition.id-id.boundary28-r2,id-ID,2026-08-22T03:06:00+02:00,codex.r014.id-ID,,exercise,ttp.r014.unit.sec.rsa.exercises,3,19.0003,exc:EAcomplexitybound,Exercise exc:EAcomplexitybound,Latihan exc:EAcomplexitybound,"{""end_line"":4093,""path"":""authority/downloads/yaintt.tex"",""start_line"":4066}",d67f41ad8bb7a633d87c927f910143609a88169dd7ad9c79f5c902aed9e8e0a8,"{""end_line"":4568,""path"":""qa/review-candidates/boundary28-r2/yaintt-id.tex"",""start_line"":4538}",5b7ae585bbd727dc9e7c66211812465f0c97c4b42af11206e498b40c49c6a836,language_reviewed,rights.yaintt.id-id.derivative.boundary28-r2,"[""ttp.r014.unit.book"",""ttp.r014.unit.id-id.chap.crypto"",""ttp.r014.unit.sec.rsa"",""ttp.r014.unit.sec.rsa.exercises"",""ttp.r014.unit.sec.rsa.exercise.03""]",ttp.r014.unit.book/ttp.r014.unit.id-id.chap.crypto/ttp.r014.unit.sec.rsa/ttp.r014.unit.sec.rsa.exercises/ttp.r014.unit.sec.rsa.exercise.03,source_label,"{""answers"":[],""hints"":[],""solutions"":[],""status"":""source_has_none""}",,"[""ttp.r014.qa.boundary19-build-evidence"",""ttp.r014.qa.boundary19-visual-evidence""]"
r014.backend.record,1.0.0,ttp.r014.unit.sec.rsa,unit,active,ttp.r014.yaintt,ttp.r014.yaintt,ttp.r014.edition.id-id.boundary28-r2,id-ID,2026-08-22T03:06:00+02:00,codex.r014.id-ID,,section,ttp.r014.unit.id-id.chap.crypto,4,19.0004,sec:tRSAC,Public-Key Crypto: the RSA Cryptosystem,Kripto Kunci Publik: Kriptosistem RSA,"{""end_line"":4096,""path"":""authority/downloads/yaintt.tex"",""start_line"":3625}",b22d573b2ea5cfa25d9deb19bd2cb4980b48ff6a6449d42ff7548df33bcaabe0,"{""end_line"":4571,""path"":""qa/review-candidates/boundary28-r2/yaintt-id.tex"",""start_line"":4079}",d0cce4efc610125c46422e056145010b6d923301d54940abc90153c3a797684b,language_reviewed,rights.yaintt.id-id.derivative.boundary28-r2,"[""ttp.r014.unit.book"",""ttp.r014.unit.id-id.chap.crypto"",""ttp.r014.unit.sec.rsa""]",ttp.r014.unit.book/ttp.r014.unit.id-id.chap.crypto/ttp.r014.unit.sec.rsa,source_label,,,"[""ttp.r014.qa.boundary19-build-evidence"",""ttp.r014.qa.boundary19-visual-evidence""]"
r014.backend.record,1.0.0,ttp.r014.unit.sec.rsa.tabular.01,unit,active,ttp.r014.yaintt,ttp.r014.yaintt,ttp.r014.edition.id-id.boundary28-r2,id-ID,2026-08-22T03:06:00+02:00,codex.r014.id-ID,,tabular,ttp.r014.unit.sec.rsa,4,19.0004,generated:tabular:boundary19:01,Tabular data 01,Data tabular 01,"{""end_line"":3682,""path"":""authority/downloads/yaintt.tex"",""start_line"":3661}",edfb532e06dd656e082a7aaad975c4a47152a1cb38430fba8f2e72dd14d3fc5a,"{""end_line"":4136,""path"":""qa/review-candidates/boundary28-r2/yaintt-id.tex"",""start_line"":4114}",d0cde8224646e9d134a4977d023328d2f69e53efd724f6bcddd7a8d34afbe20b,language_reviewed,rights.yaintt.id-id.derivative.boundary28-r2,"[""ttp.r014.unit.book"",""ttp.r014.unit.id-id.chap.crypto"",""ttp.r014.unit.sec.rsa"",""ttp.r014.unit.sec.rsa.tabular.01""]",ttp.r014.unit.book/ttp.r014.unit.id-id.chap.crypto/ttp.r014.unit.sec.rsa/ttp.r014.unit.sec.rsa.tabular.01,generated_stable_id,,,"[""ttp.r014.qa.boundary19-build-evidence"",""ttp.r014.qa.boundary19-visual-evidence""]"
r014.backend.record,1.0.0,ttp.r014.unit.sec.rsa.discussion.03,unit,active,ttp.r014.yaintt,ttp.r014.yaintt,ttp.r014.edition.id-id.boundary28-r2,id-ID,2026-08-22T03:06:00+02:00,codex.r014.id-ID,,discussion,ttp.r014.unit.sec.rsa,5,19.0005,generated:discussion:boundary19:03,Discussion 03,Pembahasan 03,"{""end_line"":3698,""path"":""authority/downloads/yaintt.tex"",""start_line"":3684}",2a6cf829ea0f1a354d0f6dcba15bfdabb2f171ef0c70ee4c85204404ef782af0,"{""end_line"":4150,""path"":""qa/review-candidates/boundary28-r2/yaintt-id.tex"",""start_line"":4138}",003803a5392cece5e5c0c1278e232bf031e69db05fe18cf7e12e3fea5d394b3d,language_reviewed,rights.yaintt.id-id.derivative.boundary28-r2,"[""ttp.r014.unit.book"",""ttp.r014.unit.id-id.chap.crypto"",""ttp.r014.unit.sec.rsa"",""ttp.r014.unit.sec.rsa.discussion.03""]",ttp.r014.unit.book/ttp.r014.unit.id-id.chap.crypto/ttp.r014.unit.sec.rsa/ttp.r014.unit.sec.rsa.discussion.03,generated_stable_id,,,"[""ttp.r014.qa.boundary19-build-evidence"",""ttp.r014.qa.boundary19-visual-evidence""]"
r014.backend.record,1.0.0,ttp.r014.unit.sec.rsa.definition.02,unit,active,ttp.r014.yaintt,ttp.r014.yaintt,ttp.r014.edition.id-id.boundary28-r2,id-ID,2026-08-22T03:06:00+02:00,codex.r014.id-ID,,definition,ttp.r014.unit.sec.rsa,6,19.0006,def:asymmetric cipher,Definition def:asymmetric cipher,Definisi def:asymmetric cipher,"{""end_line"":3721,""path"":""authority/downloads/yaintt.tex"",""start_line"":3699}",0dc4b6ba9644eaabb52b28912f5224252d76ae47def040aa4a19b0676ccc9848,"{""end_line"":4176,""path"":""qa/review-candidates/boundary28-r2/yaintt-id.tex"",""start_line"":4151}",3845bc4fde77f92a3ce08d11d47d3d0b5421a0d76f1db0a382080aef934d582a,language_reviewed,rights.yaintt.id-id.derivative.boundary28-r2,"[""ttp.r014.unit.book"",""ttp.r014.unit.id-id.chap.crypto"",""ttp.r014.unit.sec.rsa"",""ttp.r014.unit.sec.rsa.definition.02""]",ttp.r014.unit.book/ttp.r014.unit.id-id.chap.crypto/ttp.r014.unit.sec.rsa/ttp.r014.unit.sec.rsa.definition.02,source_label,,,"[""ttp.r014.qa.boundary19-build-evidence"",""ttp.r014.qa.boundary19-visual-evidence""]"
r014.backend.record,1.0.0,ttp.r014.unit.sec.rsa.discussion.04,unit,active,ttp.r014.yaintt,ttp.r014.yaintt,ttp.r014.edition.id-id.boundary28-r2,id-ID,2026-08-22T03:06:00+02:00,codex.r014.id-ID,,discussion,ttp.r014.unit.sec.rsa,7,19.0007,generated:discussion:boundary19:04,Discussion 04,Pembahasan 04,"{""end_line"":3725,""path"":""authority/downloads/yaintt.tex"",""start_line"":3723}",c0c0bd93ac40fda5bdcd14fd4da9bf5177300e0322091bce2eb3723cdbf2c820,"{""end_line"":4180,""path"":""qa/review-candidates/boundary28-r2/yaintt-id.tex"",""start_line"":4178}",cf1ee2b028fc2d604a4d019324dbd5582c81e09a0aa3fea4cc34280c043b27eb,language_reviewed,rights.yaintt.id-id.derivative.boundary28-r2,"[""ttp.r014.unit.book"",""ttp.r014.unit.id-id.chap.crypto"",""ttp.r014.unit.sec.rsa"",""ttp.r014.unit.sec.rsa.discussion.04""]",ttp.r014.unit.book/ttp.r014.unit.id-id.chap.crypto/ttp.r014.unit.sec.rsa/ttp.r014.unit.sec.rsa.discussion.04,generated_stable_id,,,"[""ttp.r014.qa.boundary19-build-evidence"",""ttp.r014.qa.boundary19-visual-evidence""]"
r014.backend.record,1.0.0,ttp.r014.unit.sec.rsa.tabular.02,unit,active,ttp.r014.yaintt,ttp.r014.yaintt,ttp.r014.edition.id-id.boundary28-r2,id-ID,2026-08-22T03:06:00+02:00,codex.r014.id-ID,,tabular,ttp.r014.unit.sec.rsa,8,19.0008,generated:tabular:boundary19:02,Tabular data 02,Data tabular 02,"{""end_line"":3742,""path"":""authority/downloads/yaintt.tex"",""start_line"":3728}",c681a79e8da0ae1af7116d6f5c439e9c62d2faa2ea330d83ef5b5858ba958409,"{""end_line"":4197,""path"":""qa/review-candidates/boundary28-r2/yaintt-id.tex"",""start_line"":4183}",0cb9985b0a543b087e9d50c3ce7fe4fd38fc259a69d7412e5a848cc8cc35995b,language_reviewed,rights.yaintt.id-id.derivative.boundary28-r2,"[""ttp.r014.unit.book"",""ttp.r014.unit.id-id.chap.crypto"",""ttp.r014.unit.sec.rsa"",""ttp.r014.unit.sec.rsa.tabular.02""]",ttp.r014.unit.book/ttp.r014.unit.id-id.chap.crypto/ttp.r014.unit.sec.rsa/ttp.r014.unit.sec.rsa.tabular.02,generated_stable_id,,,"[""ttp.r014.qa.boundary19-build-evidence"",""ttp.r014.qa.boundary19-visual-evidence""]"
r014.backend.record,1.0.0,ttp.r014.unit.sec.rsa.discussion.05,unit,active,ttp.r014.yaintt,ttp.r014.yaintt,ttp.r014.edition.id-id.boundary28-r2,id-ID,2026-08-22T03:06:00+02:00,codex.r014.id-ID,,discussion,ttp.r014.unit.sec.rsa,9,19.0009,generated:discussion:boundary19:05,Discussion 05,Pembahasan 05,"{""end_line"":3755,""path"":""authority/downloads/yaintt.tex"",""start_line"":3744}",8166df82c5eaec75e70722a0a36d73ba1fd948f8fe3244d45637427ad36844e4,"{""end_line"":4210,""path"":""qa/review-candidates/boundary28-r2/yaintt-id.tex"",""start_line"":4199}",21710767c255b6131f96a7fa64a9e13232a5caaf0836e46afe21f18165b11fdf,language_reviewed,rights.yaintt.id-id.derivative.boundary28-r2,"[""ttp.r014.unit.book"",""ttp.r014.unit.id-id.chap.crypto"",""ttp.r014.unit.sec.rsa"",""ttp.r014.unit.sec.rsa.discussion.05""]",ttp.r014.unit.book/ttp.r014.unit.id-id.chap.crypto/ttp.r014.unit.sec.rsa/ttp.r014.unit.sec.rsa.discussion.05,generated_stable_id,,,"[""ttp.r014.qa.boundary19-build-evidence"",""ttp.r014.qa.boundary19-visual-evidence""]"
r014.backend.record,1.0.0,ttp.r014.unit.sec.rsa.definition.03,unit,active,ttp.r014.yaintt,ttp.r014.yaintt,ttp.r014.edition.id-id.boundary28-r2,id-ID,2026-08-22T03:06:00+02:00,codex.r014.id-ID,,definition,ttp.r014.unit.sec.rsa,10,19.0010,generated:definition:boundary19:03,Definition 03,Definisi 03,"{""end_line"":3760,""path"":""authority/downloads/yaintt.tex"",""start_line"":3756}",2c99a964cca32086093f0bc6d2d4fbb0e2f2bdaaab9a938bc4671cd555958dcb,"{""end_line"":4215,""path"":""qa/review-candidates/boundary28-r2/yaintt-id.tex"",""start_line"":4211}",5372f00167091f2ab29b21364f2cbefb5cb8eb7cef0964e26d5ec0b0f117c862,language_reviewed,rights.yaintt.id-id.derivative.boundary28-r2,"[""ttp.r014.unit.book"",""ttp.r014.unit.id-id.chap.crypto"",""ttp.r014.unit.sec.rsa"",""ttp.r014.unit.sec.rsa.definition.03""]",ttp.r014.unit.book/ttp.r014.unit.id-id.chap.crypto/ttp.r014.unit.sec.rsa/ttp.r014.unit.sec.rsa.definition.03,generated_stable_id,,,"[""ttp.r014.qa.boundary19-build-evidence"",""ttp.r014.qa.boundary19-visual-evidence""]"
r014.backend.record,1.0.0,ttp.r014.unit.sec.rsa.discussion.06,unit,active,ttp.r014.yaintt,ttp.r014.yaintt,ttp.r014.edition.id-id.boundary28-r2,id-ID,2026-08-22T03:06:00+02:00,codex.r014.id-ID,,discussion,ttp.r014.unit.sec.rsa,11,19.0011,generated:discussion:boundary19:06,Discussion 06,Pembahasan 06,"{""end_line"":3779,""path"":""authority/downloads/yaintt.tex"",""start_line"":3761}",eee8fb4bdd2f53086513b78b729c34a64c24af5ffd5ada37f642b3bf63981d16,"{""end_line"":4238,""path"":""qa/review-candidates/boundary28-r2/yaintt-id.tex"",""start_line"":4216}",d9cba11433c5f2ba83969aa87779e9c24ce100143965d000ef264a0b634f4e79,language_reviewed,rights.yaintt.id-id.derivative.boundary28-r2,"[""ttp.r014.unit.book"",""ttp.r014.unit.id-id.chap.crypto"",""ttp.r014.unit.sec.rsa"",""ttp.r014.unit.sec.rsa.discussion.06""]",ttp.r014.unit.book/ttp.r014.unit.id-id.chap.crypto/ttp.r014.unit.sec.rsa/ttp.r014.unit.sec.rsa.discussion.06,generated_stable_id,,,"[""ttp.r014.qa.boundary19-build-evidence"",""ttp.r014.qa.boundary19-visual-evidence""]"
r014.backend.record,1.0.0,ttp.r014.unit.sec.rsa.definition.04,unit,active,ttp.r014.yaintt,ttp.r014.yaintt,ttp.r014.edition.id-id.boundary28-r2,id-ID,2026-08-22T03:06:00+02:00,codex.r014.id-ID,,definition,ttp.r014.unit.sec.rsa,12,19.0012,def:onewayfcn,Definition def:onewayfcn,Definisi def:onewayfcn,"{""end_line"":3785,""path"":""authority/downloads/yaintt.tex"",""start_line"":3780}",18e00277ecea03e30c88ef77d79bd33f8992e17a6358fe202b636fcbdf91754c,"{""end_line"":4243,""path"":""qa/review-candidates/boundary28-r2/yaintt-id.tex"",""start_line"":4239}",21bbb48896ebf8b35e5e59f1767259e975d4c4f248df9711de724d14c35997cb,language_reviewed,rights.yaintt.id-id.derivative.boundary28-r2,"[""ttp.r014.unit.book"",""ttp.r014.unit.id-id.chap.crypto"",""ttp.r014.unit.sec.rsa"",""ttp.r014.unit.sec.rsa.definition.04""]",ttp.r014.unit.book/ttp.r014.unit.id-id.chap.crypto/ttp.r014.unit.sec.rsa/ttp.r014.unit.sec.rsa.definition.04,source_label,,,"[""ttp.r014.qa.boundary19-build-evidence"",""ttp.r014.qa.boundary19-visual-evidence""]"
r014.backend.record,1.0.0,ttp.r014.unit.sec.rsa.discussion.07,unit,active,ttp.r014.yaintt,ttp.r014.yaintt,ttp.r014.edition.id-id.boundary28-r2,id-ID,2026-08-22T03:06:00+02:00,codex.r014.id-ID,,discussion,ttp.r014.unit.sec.rsa,13,19.0013,generated:discussion:boundary19:07,Discussion 07,Pembahasan 07,"{""end_line"":3814,""path"":""authority/downloads/yaintt.tex"",""start_line"":3786}",0b9d315092e40bb342942001463d4df7707ebb334e39349a3ad0943373a13f59,"{""end_line"":4277,""path"":""qa/review-candidates/boundary28-r2/yaintt-id.tex"",""start_line"":4244}",1c0da412effa05e802753710a76c280ea28fa38c6948020f4b67d4ea31aeb03a,language_reviewed,rights.yaintt.id-id.derivative.boundary28-r2,"[""ttp.r014.unit.book"",""ttp.r014.unit.id-id.chap.crypto"",""ttp.r014.unit.sec.rsa"",""ttp.r014.unit.sec.rsa.discussion.07""]",ttp.r014.unit.book/ttp.r014.unit.id-id.chap.crypto/ttp.r014.unit.sec.rsa/ttp.r014.unit.sec.rsa.discussion.07,generated_stable_id,,,"[""ttp.r014.qa.boundary19-build-evidence"",""ttp.r014.qa.boundary19-visual-evidence""]"
r014.backend.record,1.0.0,ttp.r014.unit.sec.rsa.definition.05,unit,active,ttp.r014.yaintt,ttp.r014.yaintt,ttp.r014.edition.id-id.boundary28-r2,id-ID,2026-08-22T03:06:00+02:00,codex.r014.id-ID,,definition,ttp.r014.unit.sec.rsa,14,19.0014,def:rsacryptosystem,Definition def:rsacryptosystem,Definisi def:rsacryptosystem,"{""end_line"":3852,""path"":""authority/downloads/yaintt.tex"",""start_line"":3815}",81b6c687f291a52ead51bc13dc2c61ccbd0fd84132c707315b25136490f3cadb,"{""end_line"":4320,""path"":""qa/review-candidates/boundary28-r2/yaintt-id.tex"",""start_line"":4278}",56fc6f6b6d67cb96c17ed83aec2c8bf7613d3938683c6a6de529bf59905c299e,language_reviewed,rights.yaintt.id-id.derivative.boundary28-r2,"[""ttp.r014.unit.book"",""ttp.r014.unit.id-id.chap.crypto"",""ttp.r014.unit.sec.rsa"",""ttp.r014.unit.sec.rsa.definition.05""]",ttp.r014.unit.book/ttp.r014.unit.id-id.chap.crypto/ttp.r014.unit.sec.rsa/ttp.r014.unit.sec.rsa.definition.05,source_label,,,"[""ttp.r014.qa.boundary19-build-evidence"",""ttp.r014.qa.boundary19-visual-evidence""]"
r014.backend.record,1.0.0,ttp.r014.unit.sec.rsa.discussion.08,unit,active,ttp.r014.yaintt,ttp.r014.yaintt,ttp.r014.edition.id-id.boundary28-r2,id-ID,2026-08-22T03:06:00+02:00,codex.r014.id-ID,,discussion,ttp.r014.unit.sec.rsa,15,19.0015,generated:discussion:boundary19:08,Discussion 08,Pembahasan 08,"{""end_line"":3856,""path"":""authority/downloads/yaintt.tex"",""start_line"":3854}",c0c0bd93ac40fda5bdcd14fd4da9bf5177300e0322091bce2eb3723cdbf2c820,"{""end_line"":4324,""path"":""qa/review-candidates/boundary28-r2/yaintt-id.tex"",""start_line"":4322}",cf1ee2b028fc2d604a4d019324dbd5582c81e09a0aa3fea4cc34280c043b27eb,language_reviewed,rights.yaintt.id-id.derivative.boundary28-r2,"[""ttp.r014.unit.book"",""ttp.r014.unit.id-id.chap.crypto"",""ttp.r014.unit.sec.rsa"",""ttp.r014.unit.sec.rsa.discussion.08""]",ttp.r014.unit.book/ttp.r014.unit.id-id.chap.crypto/ttp.r014.unit.sec.rsa/ttp.r014.unit.sec.rsa.discussion.08,generated_stable_id,,,"[""ttp.r014.qa.boundary19-build-evidence"",""ttp.r014.qa.boundary19-visual-evidence""]"
r014.backend.record,1.0.0,ttp.r014.unit.sec.rsa.tabular.03,unit,active,ttp.r014.yaintt,ttp.r014.yaintt,ttp.r014.edition.id-id.boundary28-r2,id-ID,2026-08-22T03:06:00+02:00,codex.r014.id-ID,,tabular,ttp.r014.unit.sec.rsa,16,19.0016,generated:tabular:boundary19:03,Tabular data 03,Data tabular 03,"{""end_line"":3878,""path"":""authority/downloads/yaintt.tex"",""start_line"":3859}",6eb35dad938318cd1c0742fd5db87d8c54afd913155b32885e1e9aaca228185f,"{""end_line"":4347,""path"":""qa/review-candidates/boundary28-r2/yaintt-id.tex"",""start_line"":4327}",a2eb35577360455d531e98bf4117c576cf5b5520f544770875d3662a2a013bb8,language_reviewed,rights.yaintt.id-id.derivative.boundary28-r2,"[""ttp.r014.unit.book"",""ttp.r014.unit.id-id.chap.crypto"",""ttp.r014.unit.sec.rsa"",""ttp.r014.unit.sec.rsa.tabular.03""]",ttp.r014.unit.book/ttp.r014.unit.id-id.chap.crypto/ttp.r014.unit.sec.rsa/ttp.r014.unit.sec.rsa.tabular.03,generated_stable_id,,,"[""ttp.r014.qa.boundary19-build-evidence"",""ttp.r014.qa.boundary19-visual-evidence""]"
r014.backend.record,1.0.0,ttp.r014.unit.sec.rsa.discussion.09,unit,active,ttp.r014.yaintt,ttp.r014.yaintt,ttp.r014.edition.id-id.boundary28-r2,id-ID,2026-08-22T03:06:00+02:00,codex.r014.id-ID,,discussion,ttp.r014.unit.sec.rsa,17,19.0017,generated:discussion:boundary19:09,Discussion 09,Pembahasan 09,"{""end_line"":3885,""path"":""authority/downloads/yaintt.tex"",""start_line"":3880}",6e0c64f69ea3007c8a8087cb2bbff8546fdeade1a7c16aae595e1bcef898ac9a,"{""end_line"":4354,""path"":""qa/review-candidates/boundary28-r2/yaintt-id.tex"",""start_line"":4349}",76330db03254c6c84bbca1ce66ee313d799aa3452c8ae489e4a0d7b3b15fb68f,language_reviewed,rights.yaintt.id-id.derivative.boundary28-r2,"[""ttp.r014.unit.book"",""ttp.r014.unit.id-id.chap.crypto"",""ttp.r014.unit.sec.rsa"",""ttp.r014.unit.sec.rsa.discussion.09""]",ttp.r014.unit.book/ttp.r014.unit.id-id.chap.crypto/ttp.r014.unit.sec.rsa/ttp.r014.unit.sec.rsa.discussion.09,generated_stable_id,,,"[""ttp.r014.qa.boundary19-build-evidence"",""ttp.r014.qa.boundary19-visual-evidence""]"
r014.backend.record,1.0.0,ttp.r014.unit.sec.rsa.proposition.01,unit,active,ttp.r014.yaintt,ttp.r014.yaintt,ttp.r014.edition.id-id.boundary28-r2,id-ID,2026-08-22T03:06:00+02:00,codex.r014.id-ID,,proposition,ttp.r014.unit.sec.rsa,18,19.0018,prop:RSAworks,Proposition prop:RSAworks,Proposisi prop:RSAworks,"{""end_line"":3889,""path"":""authority/downloads/yaintt.tex"",""start_line"":3886}",9d1207f7024dcf6a6211c3638469d19d9c52ddfd40daf19b21a83a59985e328b,"{""end_line"":4358,""path"":""qa/review-candidates/boundary28-r2/yaintt-id.tex"",""start_line"":4355}",f750e3aae6b6e1676c0ae6b104a7a6e131982a91815847175af8cf13ac5f4778,language_reviewed,rights.yaintt.id-id.derivative.boundary28-r2,"[""ttp.r014.unit.book"",""ttp.r014.unit.id-id.chap.crypto"",""ttp.r014.unit.sec.rsa"",""ttp.r014.unit.sec.rsa.proposition.01""]",ttp.r014.unit.book/ttp.r014.unit.id-id.chap.crypto/ttp.r014.unit.sec.rsa/ttp.r014.unit.sec.rsa.proposition.01,source_label,,,"[""ttp.r014.qa.boundary19-build-evidence"",""ttp.r014.qa.boundary19-visual-evidence""]"
r014.backend.record,1.0.0,ttp.r014.unit.sec.rsa.discussion.10,unit,active,ttp.r014.yaintt,ttp.r014.yaintt,ttp.r014.edition.id-id.boundary28-r2,id-ID,2026-08-22T03:06:00+02:00,codex.r014.id-ID,,discussion,ttp.r014.unit.sec.rsa,19,19.0019,generated:discussion:boundary19:10,Discussion 10,Pembahasan 10,"{""end_line"":3914,""path"":""authority/downloads/yaintt.tex"",""start_line"":3909}",c45b4395f9b2a6ac7e6f53d54f0e3f3eaede93f6dc542fc53d0315b0d131742e,"{""end_line"":4384,""path"":""qa/review-candidates/boundary28-r2/yaintt-id.tex"",""start_line"":4379}",4c5237467a11025ec2a2b87c384c733eda1a48603624ffa4eb9f2d911eb4d879,language_reviewed,rights.yaintt.id-id.derivative.boundary28-r2,"[""ttp.r014.unit.book"",""ttp.r014.unit.id-id.chap.crypto"",""ttp.r014.unit.sec.rsa"",""ttp.r014.unit.sec.rsa.discussion.10""]",ttp.r014.unit.book/ttp.r014.unit.id-id.chap.crypto/ttp.r014.unit.sec.rsa/ttp.r014.unit.sec.rsa.discussion.10,generated_stable_id,,,"[""ttp.r014.qa.boundary19-build-evidence"",""ttp.r014.qa.boundary19-visual-evidence""]"
r014.backend.record,1.0.0,ttp.r014.unit.sec.rsa.discussion.11,unit,active,ttp.r014.yaintt,ttp.r014.yaintt,ttp.r014.edition.id-id.boundary28-r2,id-ID,2026-08-22T03:06:00+02:00,codex.r014.id-ID,,discussion,ttp.r014.unit.sec.rsa,20,19.0020,generated:discussion:boundary19:11,Discussion 11,Pembahasan 11,"{""end_line"":3926,""path"":""authority/downloads/yaintt.tex"",""start_line"":3916}",0c0f13d9e3763b49a45886e914200c1bb57806a1dc7c0c2d29d5ed77982f5a65,"{""end_line"":4396,""path"":""qa/review-candidates/boundary28-r2/yaintt-id.tex"",""start_line"":4386}",9e7ff2b841d376028939b1fc46c32094527ab0e858a67d596c0449eb559066d1,language_reviewed,rights.yaintt.id-id.derivative.boundary28-r2,"[""ttp.r014.unit.book"",""ttp.r014.unit.id-id.chap.crypto"",""ttp.r014.unit.sec.rsa"",""ttp.r014.unit.sec.rsa.discussion.11""]",ttp.r014.unit.book/ttp.r014.unit.id-id.chap.crypto/ttp.r014.unit.sec.rsa/ttp.r014.unit.sec.rsa.discussion.11,generated_stable_id,,,"[""ttp.r014.qa.boundary19-build-evidence"",""ttp.r014.qa.boundary19-visual-evidence""]"
r014.backend.record,1.0.0,ttp.r014.unit.sec.rsa.theorem.01,unit,active,ttp.r014.yaintt,ttp.r014.yaintt,ttp.r014.edition.id-id.boundary28-r2,id-ID,2026-08-22T03:06:00+02:00,codex.r014.id-ID,,theorem,ttp.r014.unit.sec.rsa,21,19.0021,thm:primenumber,Theorem thm:primenumber,Teorema thm:primenumber,"{""end_line"":3933,""path"":""authority/downloads/yaintt.tex"",""start_line"":3927}",59751a18d29010427b4dbf1ba784e74bbfb4328abbac1688ffac7cf15a13a0db,"{""end_line"":4404,""path"":""qa/review-candidates/boundary28-r2/yaintt-id.tex"",""start_line"":4397}",ddaef2d3665cf4d86b907b9c0e21935dddf2326fa10ce31ad60cc6c91b01df44,language_reviewed,rights.yaintt.id-id.derivative.boundary28-r2,"[""ttp.r014.unit.book"",""ttp.r014.unit.id-id.chap.crypto"",""ttp.r014.unit.sec.rsa"",""ttp.r014.unit.sec.rsa.theorem.01""]",ttp.r014.unit.book/ttp.r014.unit.id-id.chap.crypto/ttp.r014.unit.sec.rsa/ttp.r014.unit.sec.rsa.theorem.01,source_label,,,"[""ttp.r014.qa.boundary19-build-evidence"",""ttp.r014.qa.boundary19-visual-evidence""]"
r014.backend.record,1.0.0,ttp.r014.unit.sec.rsa.discussion.12,unit,active,ttp.r014.yaintt,ttp.r014.yaintt,ttp.r014.edition.id-id.boundary28-r2,id-ID,2026-08-22T03:06:00+02:00,codex.r014.id-ID,,discussion,ttp.r014.unit.sec.rsa,22,19.0022,generated:discussion:boundary19:12,Discussion 12,Pembahasan 12,"{""end_line"":4005,""path"":""authority/downloads/yaintt.tex"",""start_line"":3934}",0f9aef3fdfaf10815895dd7b20c0fb2e78e925d6c7093f1ff5f1431c290bc5fa,"{""end_line"":4476,""path"":""qa/review-candidates/boundary28-r2/yaintt-id.tex"",""start_line"":4405}",3f9e49ff7e52cd86078eed1c64dd70090602ed338283fbcda87ce2d66736c8d8,language_reviewed,rights.yaintt.id-id.derivative.boundary28-r2,"[""ttp.r014.unit.book"",""ttp.r014.unit.id-id.chap.crypto"",""ttp.r014.unit.sec.rsa"",""ttp.r014.unit.sec.rsa.discussion.12""]",ttp.r014.unit.book/ttp.r014.unit.id-id.chap.crypto/ttp.r014.unit.sec.rsa/ttp.r014.unit.sec.rsa.discussion.12,generated_stable_id,,,"[""ttp.r014.qa.boundary19-build-evidence"",""ttp.r014.qa.boundary19-visual-evidence""]"
r014.backend.record,1.0.0,ttp.r014.unit.sec.rsa.exercises,unit,active,ttp.r014.yaintt,ttp.r014.yaintt,ttp.r014.edition.id-id.boundary28-r2,id-ID,2026-08-22T03:06:00+02:00,codex.r014.id-ID,,exercise_group,ttp.r014.unit.sec.rsa,23,19.0023,generated:exercise-group:boundary19,Exercises,Latihan,"{""end_line"":4096,""path"":""authority/downloads/yaintt.tex"",""start_line"":4013}",b30ba9c33c36f3533ba1e7b34f532687272e606655f84cbbb6f00310d6b2b285,"{""end_line"":4571,""path"":""qa/review-candidates/boundary28-r2/yaintt-id.tex"",""start_line"":4484}",6dfd26a9672ba5034320dd1a8765f691f2a4fe67ad882964ac8b297dc83ca785,language_reviewed,rights.yaintt.id-id.derivative.boundary28-r2,"[""ttp.r014.unit.book"",""ttp.r014.unit.id-id.chap.crypto"",""ttp.r014.unit.sec.rsa"",""ttp.r014.unit.sec.rsa.exercises""]",ttp.r014.unit.book/ttp.r014.unit.id-id.chap.crypto/ttp.r014.unit.sec.rsa/ttp.r014.unit.sec.rsa.exercises,generated_stable_id,,,"[""ttp.r014.qa.boundary19-build-evidence"",""ttp.r014.qa.boundary19-visual-evidence""]"
r014.backend.record,1.0.0,ttp.r014.unit.sec.digital-signatures.discussion.01,unit,active,ttp.r014.yaintt,ttp.r014.yaintt,ttp.r014.edition.id-id.boundary28-r2,id-ID,2026-08-22T03:06:00+02:00,codex.r014.id-ID,,discussion,ttp.r014.unit.sec.digital-signatures,1,20.0001,generated:discussion:boundary20:01,Discussion 01,Pembahasan 01,"{""end_line"":4130,""path"":""authority/downloads/yaintt.tex"",""start_line"":4100}",f1399893a5224bd431a451f78abb7e7197cbfbaa6ec2bb2f2de76e9f397d394b,"{""end_line"":4629,""path"":""qa/review-candidates/boundary28-r2/yaintt-id.tex"",""start_line"":4585}",395285167b46dfc68e22bb7e2382264c7c959df76765da7b6fdcc56b59169561,language_reviewed,rights.yaintt.id-id.derivative.boundary28-r2,"[""ttp.r014.unit.book"",""ttp.r014.unit.id-id.chap.crypto"",""ttp.r014.unit.sec.digital-signatures"",""ttp.r014.unit.sec.digital-signatures.discussion.01""]",ttp.r014.unit.book/ttp.r014.unit.id-id.chap.crypto/ttp.r014.unit.sec.digital-signatures/ttp.r014.unit.sec.digital-signatures.discussion.01,generated_stable_id,,,"[""ttp.r014.qa.boundary20-build-evidence"",""ttp.r014.qa.boundary20-visual-evidence""]"
r014.backend.record,1.0.0,ttp.r014.unit.sec.digital-signatures.exercise.01,unit,active,ttp.r014.yaintt,ttp.r014.yaintt,ttp.r014.edition.id-id.boundary28-r2,id-ID,2026-08-22T03:06:00+02:00,codex.r014.id-ID,,exercise,ttp.r014.unit.sec.digital-signatures.exercises,1,20.0001,generated:exercise:boundary20:01,Exercise 01,Latihan 01,"{""end_line"":4310,""path"":""authority/downloads/yaintt.tex"",""start_line"":4305}",5b34f9c4d68f5c85b175798006f694fbeab562bf31351e8bf1466c3e2b90d782,"{""end_line"":4819,""path"":""qa/review-candidates/boundary28-r2/yaintt-id.tex"",""start_line"":4814}",66a7f2e603182cd7ac53818ebc77f86c2453c1ff78d66749cad6f338c0531987,language_reviewed,rights.yaintt.id-id.derivative.boundary28-r2,"[""ttp.r014.unit.book"",""ttp.r014.unit.id-id.chap.crypto"",""ttp.r014.unit.sec.digital-signatures"",""ttp.r014.unit.sec.digital-signatures.exercises"",""ttp.r014.unit.sec.digital-signatures.exercise.01""]",ttp.r014.unit.book/ttp.r014.unit.id-id.chap.crypto/ttp.r014.unit.sec.digital-signatures/ttp.r014.unit.sec.digital-signatures.exercises/ttp.r014.unit.sec.digital-signatures.exercise.01,generated_stable_id,"{""answers"":[],""hints"":[],""solutions"":[],""status"":""source_has_none""}",,"[""ttp.r014.qa.boundary20-build-evidence"",""ttp.r014.qa.boundary20-visual-evidence""]"
r014.backend.record,1.0.0,ttp.r014.unit.sec.digital-signatures.exercise.02,unit,active,ttp.r014.yaintt,ttp.r014.yaintt,ttp.r014.edition.id-id.boundary28-r2,id-ID,2026-08-22T03:06:00+02:00,codex.r014.id-ID,,exercise,ttp.r014.unit.sec.digital-signatures.exercises,2,20.0002,generated:exercise:boundary20:02,Exercise 02,Latihan 02,"{""end_line"":4316,""path"":""authority/downloads/yaintt.tex"",""start_line"":4312}",77692ffba8f9459e92eef6df9baee520d70afc690f6aee86fb5cc3ecf82a37f7,"{""end_line"":4825,""path"":""qa/review-candidates/boundary28-r2/yaintt-id.tex"",""start_line"":4821}",86dafe5ba13916297a11ac518f4fe178661c5fd695e67364620856c225853234,language_reviewed,rights.yaintt.id-id.derivative.boundary28-r2,"[""ttp.r014.unit.book"",""ttp.r014.unit.id-id.chap.crypto"",""ttp.r014.unit.sec.digital-signatures"",""ttp.r014.unit.sec.digital-signatures.exercises"",""ttp.r014.unit.sec.digital-signatures.exercise.02""]",ttp.r014.unit.book/ttp.r014.unit.id-id.chap.crypto/ttp.r014.unit.sec.digital-signatures/ttp.r014.unit.sec.digital-signatures.exercises/ttp.r014.unit.sec.digital-signatures.exercise.02,generated_stable_id,"{""answers"":[],""hints"":[],""solutions"":[],""status"":""source_has_none""}",,"[""ttp.r014.qa.boundary20-build-evidence"",""ttp.r014.qa.boundary20-visual-evidence""]"
r014.backend.record,1.0.0,ttp.r014.unit.sec.digital-signatures.tabular.01,unit,active,ttp.r014.yaintt,ttp.r014.yaintt,ttp.r014.edition.id-id.boundary28-r2,id-ID,2026-08-22T03:06:00+02:00,codex.r014.id-ID,,tabular,ttp.r014.unit.sec.digital-signatures,2,20.0002,generated:tabular:boundary20:01,Tabular data 01,Data tabular 01,"{""end_line"":4150,""path"":""authority/downloads/yaintt.tex"",""start_line"":4132}",4a82af8650c02272777669bac7a43db1c703b46af7dae5ed2496017f0f2a9b49,"{""end_line"":4650,""path"":""qa/review-candidates/boundary28-r2/yaintt-id.tex"",""start_line"":4632}",e6c756624ae724223c87fc815395ce6d7e40ac3c1c6fd1679046c0f3fb507fbf,language_reviewed,rights.yaintt.id-id.derivative.boundary28-r2,"[""ttp.r014.unit.book"",""ttp.r014.unit.id-id.chap.crypto"",""ttp.r014.unit.sec.digital-signatures"",""ttp.r014.unit.sec.digital-signatures.tabular.01""]",ttp.r014.unit.book/ttp.r014.unit.id-id.chap.crypto/ttp.r014.unit.sec.digital-signatures/ttp.r014.unit.sec.digital-signatures.tabular.01,generated_stable_id,,,"[""ttp.r014.qa.boundary20-build-evidence"",""ttp.r014.qa.boundary20-visual-evidence""]"
r014.backend.record,1.0.0,ttp.r014.unit.sec.digital-signatures.discussion.02,unit,active,ttp.r014.yaintt,ttp.r014.yaintt,ttp.r014.edition.id-id.boundary28-r2,id-ID,2026-08-22T03:06:00+02:00,codex.r014.id-ID,,discussion,ttp.r014.unit.sec.digital-signatures,3,20.0003,generated:discussion:boundary20:02,Discussion 02,Pembahasan 02,"{""end_line"":4166,""path"":""authority/downloads/yaintt.tex"",""start_line"":4152}",fb6f714ed72fb63e414b4d48893657532deff6628e33c6cc3abe6e5f2fe913d3,"{""end_line"":4666,""path"":""qa/review-candidates/boundary28-r2/yaintt-id.tex"",""start_line"":4653}",bde0a18d7b1d782529cd19145a080bb804bb049652ecfe6e5134934e837918ee,language_reviewed,rights.yaintt.id-id.derivative.boundary28-r2,"[""ttp.r014.unit.book"",""ttp.r014.unit.id-id.chap.crypto"",""ttp.r014.unit.sec.digital-signatures"",""ttp.r014.unit.sec.digital-signatures.discussion.02""]",ttp.r014.unit.book/ttp.r014.unit.id-id.chap.crypto/ttp.r014.unit.sec.digital-signatures/ttp.r014.unit.sec.digital-signatures.discussion.02,generated_stable_id,,,"[""ttp.r014.qa.boundary20-build-evidence"",""ttp.r014.qa.boundary20-visual-evidence""]"
r014.backend.record,1.0.0,ttp.r014.unit.sec.digital-signatures.definition.01,unit,active,ttp.r014.yaintt,ttp.r014.yaintt,ttp.r014.edition.id-id.boundary28-r2,id-ID,2026-08-22T03:06:00+02:00,codex.r014.id-ID,,definition,ttp.r014.unit.sec.digital-signatures,4,20.0004,def:cryptohashfcn,Definition def:cryptohashfcn,Definisi def:cryptohashfcn,"{""end_line"":4189,""path"":""authority/downloads/yaintt.tex"",""start_line"":4167}",71a457b401b2e90cabdb2ec38a1159b5bbc5250873100bc8c1edbe727af9f458,"{""end_line"":4688,""path"":""qa/review-candidates/boundary28-r2/yaintt-id.tex"",""start_line"":4667}",6c0e2475eb6c58e38c282a0b5fc7912736be1400d8a8f35a45145465084b10c6,language_reviewed,rights.yaintt.id-id.derivative.boundary28-r2,"[""ttp.r014.unit.book"",""ttp.r014.unit.id-id.chap.crypto"",""ttp.r014.unit.sec.digital-signatures"",""ttp.r014.unit.sec.digital-signatures.definition.01""]",ttp.r014.unit.book/ttp.r014.unit.id-id.chap.crypto/ttp.r014.unit.sec.digital-signatures/ttp.r014.unit.sec.digital-signatures.definition.01,source_label,,,"[""ttp.r014.qa.boundary20-build-evidence"",""ttp.r014.qa.boundary20-visual-evidence""]"
r014.backend.record,1.0.0,ttp.r014.unit.sec.digital-signatures,unit,active,ttp.r014.yaintt,ttp.r014.yaintt,ttp.r014.edition.id-id.boundary28-r2,id-ID,2026-08-22T03:06:00+02:00,codex.r014.id-ID,,section,ttp.r014.unit.id-id.chap.crypto,5,20.0005,sec:DSs,Digital Signatures,Tanda Tangan Digital,"{""end_line"":4319,""path"":""authority/downloads/yaintt.tex"",""start_line"":4097}",a15035f0055dcd76716c49c64b7a37d8613779e830b2301e499aa813bca8676f,"{""end_line"":4828,""path"":""qa/review-candidates/boundary28-r2/yaintt-id.tex"",""start_line"":4582}",8f95ad8388f1e72596cc017e50f8348081d365f470d85c69298cd0b18830e4a7,language_reviewed,rights.yaintt.id-id.derivative.boundary28-r2,"[""ttp.r014.unit.book"",""ttp.r014.unit.id-id.chap.crypto"",""ttp.r014.unit.sec.digital-signatures""]",ttp.r014.unit.book/ttp.r014.unit.id-id.chap.crypto/ttp.r014.unit.sec.digital-signatures,source_label,,,"[""ttp.r014.qa.boundary20-build-evidence"",""ttp.r014.qa.boundary20-visual-evidence""]"
r014.backend.record,1.0.0,ttp.r014.unit.sec.digital-signatures.discussion.03,unit,active,ttp.r014.yaintt,ttp.r014.yaintt,ttp.r014.edition.id-id.boundary28-r2,id-ID,2026-08-22T03:06:00+02:00,codex.r014.id-ID,,discussion,ttp.r014.unit.sec.digital-signatures,5,20.0005,generated:discussion:boundary20:03,Discussion 03,Pembahasan 03,"{""end_line"":4203,""path"":""authority/downloads/yaintt.tex"",""start_line"":4190}",596e98125b5b9034b441a8a47f836eb38db9bde3c8c4c688e5bcffcef185a2f2,"{""end_line"":4702,""path"":""qa/review-candidates/boundary28-r2/yaintt-id.tex"",""start_line"":4689}",bbc3a4d305abe823a1bbccefcc537905f81b25b034bc54bed30e85765a16de81,language_reviewed,rights.yaintt.id-id.derivative.boundary28-r2,"[""ttp.r014.unit.book"",""ttp.r014.unit.id-id.chap.crypto"",""ttp.r014.unit.sec.digital-signatures"",""ttp.r014.unit.sec.digital-signatures.discussion.03""]",ttp.r014.unit.book/ttp.r014.unit.id-id.chap.crypto/ttp.r014.unit.sec.digital-signatures/ttp.r014.unit.sec.digital-signatures.discussion.03,generated_stable_id,,,"[""ttp.r014.qa.boundary20-build-evidence"",""ttp.r014.qa.boundary20-visual-evidence""]"
r014.backend.record,1.0.0,ttp.r014.unit.sec.digital-signatures.example.01,unit,active,ttp.r014.yaintt,ttp.r014.yaintt,ttp.r014.edition.id-id.boundary28-r2,id-ID,2026-08-22T03:06:00+02:00,codex.r014.id-ID,,example,ttp.r014.unit.sec.digital-signatures,6,20.0006,eg:md5,Example eg:md5,Contoh eg:md5,"{""end_line"":4218,""path"":""authority/downloads/yaintt.tex"",""start_line"":4204}",3afdc9f47409d4aed9c8594d4cb1a58ea151acc10821d833c74d042e4ca6dd0e,"{""end_line"":4717,""path"":""qa/review-candidates/boundary28-r2/yaintt-id.tex"",""start_line"":4703}",8504e62bea367594f7a6e516531dba918badc9bb7c10065d3c7cfd9823556908,language_reviewed,rights.yaintt.id-id.derivative.boundary28-r2,"[""ttp.r014.unit.book"",""ttp.r014.unit.id-id.chap.crypto"",""ttp.r014.unit.sec.digital-signatures"",""ttp.r014.unit.sec.digital-signatures.example.01""]",ttp.r014.unit.book/ttp.r014.unit.id-id.chap.crypto/ttp.r014.unit.sec.digital-signatures/ttp.r014.unit.sec.digital-signatures.example.01,source_label,,,"[""ttp.r014.qa.boundary20-build-evidence"",""ttp.r014.qa.boundary20-visual-evidence""]"
r014.backend.record,1.0.0,ttp.r014.unit.sec.digital-signatures.example.02,unit,active,ttp.r014.yaintt,ttp.r014.yaintt,ttp.r014.edition.id-id.boundary28-r2,id-ID,2026-08-22T03:06:00+02:00,codex.r014.id-ID,,example,ttp.r014.unit.sec.digital-signatures,7,20.0007,eg:SHA1,Example eg:SHA1,Contoh eg:SHA1,"{""end_line"":4236,""path"":""authority/downloads/yaintt.tex"",""start_line"":4220}",f0926ff4da65b9e827e7e516c2f6f9bc3ba9ff2d2e5c1e74a775a8d5a109ce8e,"{""end_line"":4735,""path"":""qa/review-candidates/boundary28-r2/yaintt-id.tex"",""start_line"":4719}",392c678101b497f81d2b7508e8379bca99277275485ed2fcf94f5f4e0468175c,language_reviewed,rights.yaintt.id-id.derivative.boundary28-r2,"[""ttp.r014.unit.book"",""ttp.r014.unit.id-id.chap.crypto"",""ttp.r014.unit.sec.digital-signatures"",""ttp.r014.unit.sec.digital-signatures.example.02""]",ttp.r014.unit.book/ttp.r014.unit.id-id.chap.crypto/ttp.r014.unit.sec.digital-signatures/ttp.r014.unit.sec.digital-signatures.example.02,source_label,,,"[""ttp.r014.qa.boundary20-build-evidence"",""ttp.r014.qa.boundary20-visual-evidence""]"
r014.backend.record,1.0.0,ttp.r014.unit.sec.digital-signatures.example.03,unit,active,ttp.r014.yaintt,ttp.r014.yaintt,ttp.r014.edition.id-id.boundary28-r2,id-ID,2026-08-22T03:06:00+02:00,codex.r014.id-ID,,example,ttp.r014.unit.sec.digital-signatures,8,20.0008,eg:SHA2,Example eg:SHA2,Contoh eg:SHA2,"{""end_line"":4245,""path"":""authority/downloads/yaintt.tex"",""start_line"":4238}",84a228f4f4ccab8d9c6d62d3e10467885aaf5b5b06b121a61734212fbd88fcd3,"{""end_line"":4744,""path"":""qa/review-candidates/boundary28-r2/yaintt-id.tex"",""start_line"":4737}",85fe234961524e51b03df068643c4dde44d7331f98d610d5e9d14037d0f4424b,language_reviewed,rights.yaintt.id-id.derivative.boundary28-r2,"[""ttp.r014.unit.book"",""ttp.r014.unit.id-id.chap.crypto"",""ttp.r014.unit.sec.digital-signatures"",""ttp.r014.unit.sec.digital-signatures.example.03""]",ttp.r014.unit.book/ttp.r014.unit.id-id.chap.crypto/ttp.r014.unit.sec.digital-signatures/ttp.r014.unit.sec.digital-signatures.example.03,source_label,,,"[""ttp.r014.qa.boundary20-build-evidence"",""ttp.r014.qa.boundary20-visual-evidence""]"
r014.backend.record,1.0.0,ttp.r014.unit.sec.digital-signatures.discussion.04,unit,active,ttp.r014.yaintt,ttp.r014.yaintt,ttp.r014.edition.id-id.boundary28-r2,id-ID,2026-08-22T03:06:00+02:00,codex.r014.id-ID,,discussion,ttp.r014.unit.sec.digital-signatures,9,20.0009,generated:discussion:boundary20:04,Discussion 04,Pembahasan 04,"{""end_line"":4251,""path"":""authority/downloads/yaintt.tex"",""start_line"":4248}",6ad75dea0232edc58e4a996c74ab11b875d9f00d2841f3c4effb550fdcb9a7ee,"{""end_line"":4756,""path"":""qa/review-candidates/boundary28-r2/yaintt-id.tex"",""start_line"":4753}",16a9d28e3ddd1be0b39d11508928c375fef8737f6f965baafc01abc456c707a3,language_reviewed,rights.yaintt.id-id.derivative.boundary28-r2,"[""ttp.r014.unit.book"",""ttp.r014.unit.id-id.chap.crypto"",""ttp.r014.unit.sec.digital-signatures"",""ttp.r014.unit.sec.digital-signatures.discussion.04""]",ttp.r014.unit.book/ttp.r014.unit.id-id.chap.crypto/ttp.r014.unit.sec.digital-signatures/ttp.r014.unit.sec.digital-signatures.discussion.04,generated_stable_id,,,"[""ttp.r014.qa.boundary20-build-evidence"",""ttp.r014.qa.boundary20-visual-evidence""]"
r014.backend.record,1.0.0,ttp.r014.unit.sec.digital-signatures.tabular.02,unit,active,ttp.r014.yaintt,ttp.r014.yaintt,ttp.r014.edition.id-id.boundary28-r2,id-ID,2026-08-22T03:06:00+02:00,codex.r014.id-ID,,tabular,ttp.r014.unit.sec.digital-signatures,10,20.0010,generated:tabular:boundary20:02,Tabular data 02,Data tabular 02,"{""end_line"":4270,""path"":""authority/downloads/yaintt.tex"",""start_line"":4253}",8627899f8930cf45afeebdceca8fdf9417ed2aac1a3974cb3e5e7a0c78ee029b,"{""end_line"":4776,""path"":""qa/review-candidates/boundary28-r2/yaintt-id.tex"",""start_line"":4759}",ce003c718ad51f1ff6d7ce8f5640837681d2f0b481739b63d4fdfd03169a9226,language_reviewed,rights.yaintt.id-id.derivative.boundary28-r2,"[""ttp.r014.unit.book"",""ttp.r014.unit.id-id.chap.crypto"",""ttp.r014.unit.sec.digital-signatures"",""ttp.r014.unit.sec.digital-signatures.tabular.02""]",ttp.r014.unit.book/ttp.r014.unit.id-id.chap.crypto/ttp.r014.unit.sec.digital-signatures/ttp.r014.unit.sec.digital-signatures.tabular.02,generated_stable_id,,,"[""ttp.r014.qa.boundary20-build-evidence"",""ttp.r014.qa.boundary20-visual-evidence""]"
r014.backend.record,1.0.0,ttp.r014.unit.sec.digital-signatures.discussion.05,unit,active,ttp.r014.yaintt,ttp.r014.yaintt,ttp.r014.edition.id-id.boundary28-r2,id-ID,2026-08-22T03:06:00+02:00,codex.r014.id-ID,,discussion,ttp.r014.unit.sec.digital-signatures,11,20.0011,generated:discussion:boundary20:05,Discussion 05,Pembahasan 05,"{""end_line"":4275,""path"":""authority/downloads/yaintt.tex"",""start_line"":4272}",406127c94cb8a2648460c724d534e3a81c40c19cf1f5e80622d6b13ff7666604,"{""end_line"":4783,""path"":""qa/review-candidates/boundary28-r2/yaintt-id.tex"",""start_line"":4779}",092db25223b4b8a76a22533dc822973fbdedf12799a08d3b228ec918f40f24a9,language_reviewed,rights.yaintt.id-id.derivative.boundary28-r2,"[""ttp.r014.unit.book"",""ttp.r014.unit.id-id.chap.crypto"",""ttp.r014.unit.sec.digital-signatures"",""ttp.r014.unit.sec.digital-signatures.discussion.05""]",ttp.r014.unit.book/ttp.r014.unit.id-id.chap.crypto/ttp.r014.unit.sec.digital-signatures/ttp.r014.unit.sec.digital-signatures.discussion.05,generated_stable_id,,,"[""ttp.r014.qa.boundary20-build-evidence"",""ttp.r014.qa.boundary20-visual-evidence""]"
r014.backend.record,1.0.0,ttp.r014.unit.sec.digital-signatures.definition.02,unit,active,ttp.r014.yaintt,ttp.r014.yaintt,ttp.r014.edition.id-id.boundary28-r2,id-ID,2026-08-22T03:06:00+02:00,codex.r014.id-ID,,definition,ttp.r014.unit.sec.digital-signatures,12,20.0012,def:RSAdigsigs,Definition def:RSAdigsigs,Definisi def:RSAdigsigs,"{""end_line"":4295,""path"":""authority/downloads/yaintt.tex"",""start_line"":4276}",7ded8566d480254c270140b4dccb882cbf3e400a883406996c13f87666186db1,"{""end_line"":4804,""path"":""qa/review-candidates/boundary28-r2/yaintt-id.tex"",""start_line"":4784}",5a51f6bb86d0c8deffc4ae02a0cc02993004c0b038042c68e01c80212498c151,language_reviewed,rights.yaintt.id-id.derivative.boundary28-r2,"[""ttp.r014.unit.book"",""ttp.r014.unit.id-id.chap.crypto"",""ttp.r014.unit.sec.digital-signatures"",""ttp.r014.unit.sec.digital-signatures.definition.02""]",ttp.r014.unit.book/ttp.r014.unit.id-id.chap.crypto/ttp.r014.unit.sec.digital-signatures/ttp.r014.unit.sec.digital-signatures.definition.02,source_label,,,"[""ttp.r014.qa.boundary20-build-evidence"",""ttp.r014.qa.boundary20-visual-evidence""]"
r014.backend.record,1.0.0,ttp.r014.unit.sec.digital-signatures.exercises,unit,active,ttp.r014.yaintt,ttp.r014.yaintt,ttp.r014.edition.id-id.boundary28-r2,id-ID,2026-08-22T03:06:00+02:00,codex.r014.id-ID,,exercise_group,ttp.r014.unit.sec.digital-signatures,13,20.0013,generated:exercise-group:boundary20,Exercises,Latihan,"{""end_line"":4319,""path"":""authority/downloads/yaintt.tex"",""start_line"":4302}",c698a2b3166290ccd0b3723f4003de83906cfc177a9772a5fc208df1d660379a,"{""end_line"":4828,""path"":""qa/review-candidates/boundary28-r2/yaintt-id.tex"",""start_line"":4811}",f425848523fc2be98f01fe5717bb7be4417a1fc1ad25a3233d3ec24a3148d2aa,language_reviewed,rights.yaintt.id-id.derivative.boundary28-r2,"[""ttp.r014.unit.book"",""ttp.r014.unit.id-id.chap.crypto"",""ttp.r014.unit.sec.digital-signatures"",""ttp.r014.unit.sec.digital-signatures.exercises""]",ttp.r014.unit.book/ttp.r014.unit.id-id.chap.crypto/ttp.r014.unit.sec.digital-signatures/ttp.r014.unit.sec.digital-signatures.exercises,generated_stable_id,,,"[""ttp.r014.qa.boundary20-build-evidence"",""ttp.r014.qa.boundary20-visual-evidence""]"
r014.backend.record,1.0.0,ttp.r014.unit.sec.mitm-certificates-trust.discussion.01,unit,active,ttp.r014.yaintt,ttp.r014.yaintt,ttp.r014.edition.id-id.boundary28-r2,id-ID,2026-08-22T03:06:00+02:00,codex.r014.id-ID,,discussion,ttp.r014.unit.sec.mitm-certificates-trust,1,21.0001,generated:discussion:boundary21:01,Discussion 01,Pembahasan 01,"{""end_line"":4367,""path"":""authority/downloads/yaintt.tex"",""start_line"":4323}",831430f641d877fbbb0f84f6ea12cd3499445d7fef41594df45b1b30acca0897,"{""end_line"":4885,""path"":""qa/review-candidates/boundary28-r2/yaintt-id.tex"",""start_line"":4842}",0c9c8502e95fcdf571f1c612e5f63e002a067901eb77dbf60833a1c7adf3bf28,language_reviewed,rights.yaintt.id-id.derivative.boundary28-r2,"[""ttp.r014.unit.book"",""ttp.r014.unit.id-id.chap.crypto"",""ttp.r014.unit.sec.mitm-certificates-trust"",""ttp.r014.unit.sec.mitm-certificates-trust.discussion.01""]",ttp.r014.unit.book/ttp.r014.unit.id-id.chap.crypto/ttp.r014.unit.sec.mitm-certificates-trust/ttp.r014.unit.sec.mitm-certificates-trust.discussion.01,generated_stable_id,,,"[""ttp.r014.qa.boundary21-build-evidence"",""ttp.r014.qa.boundary21-visual-evidence""]"
r014.backend.record,1.0.0,ttp.r014.unit.sec.mitm-certificates-trust.tabular.01,unit,active,ttp.r014.yaintt,ttp.r014.yaintt,ttp.r014.edition.id-id.boundary28-r2,id-ID,2026-08-22T03:06:00+02:00,codex.r014.id-ID,,tabular,ttp.r014.unit.sec.mitm-certificates-trust,2,21.0002,generated:tabular:boundary21:01,Tabular data 01,Data tabular 01,"{""end_line"":4395,""path"":""authority/downloads/yaintt.tex"",""start_line"":4369}",e3283a8ca246c8aca9e8da39c641b93b2f08a76d6bfee9861690c5b33409f7a3,"{""end_line"":4913,""path"":""qa/review-candidates/boundary28-r2/yaintt-id.tex"",""start_line"":4887}",90c7d141a58cfc2e7476b898d298c4804c537f6956d84ff4320a105dae305833,language_reviewed,rights.yaintt.id-id.derivative.boundary28-r2,"[""ttp.r014.unit.book"",""ttp.r014.unit.id-id.chap.crypto"",""ttp.r014.unit.sec.mitm-certificates-trust"",""ttp.r014.unit.sec.mitm-certificates-trust.tabular.01""]",ttp.r014.unit.book/ttp.r014.unit.id-id.chap.crypto/ttp.r014.unit.sec.mitm-certificates-trust/ttp.r014.unit.sec.mitm-certificates-trust.tabular.01,generated_stable_id,,,"[""ttp.r014.qa.boundary21-build-evidence"",""ttp.r014.qa.boundary21-visual-evidence""]"
r014.backend.record,1.0.0,ttp.r014.unit.sec.mitm-certificates-trust.discussion.02,unit,active,ttp.r014.yaintt,ttp.r014.yaintt,ttp.r014.edition.id-id.boundary28-r2,id-ID,2026-08-22T03:06:00+02:00,codex.r014.id-ID,,discussion,ttp.r014.unit.sec.mitm-certificates-trust,3,21.0003,generated:discussion:boundary21:02,Discussion 02,Pembahasan 02,"{""end_line"":4420,""path"":""authority/downloads/yaintt.tex"",""start_line"":4397}",d3d726daf60ed75cee1c47fbec87aee3dbc3f0895a2315d526c7bc129afcd1e5,"{""end_line"":4939,""path"":""qa/review-candidates/boundary28-r2/yaintt-id.tex"",""start_line"":4915}",8c1b0986f421a73bac77449d7c615da014b81cfe81df4dd3e92cbccb50c7735b,language_reviewed,rights.yaintt.id-id.derivative.boundary28-r2,"[""ttp.r014.unit.book"",""ttp.r014.unit.id-id.chap.crypto"",""ttp.r014.unit.sec.mitm-certificates-trust"",""ttp.r014.unit.sec.mitm-certificates-trust.discussion.02""]",ttp.r014.unit.book/ttp.r014.unit.id-id.chap.crypto/ttp.r014.unit.sec.mitm-certificates-trust/ttp.r014.unit.sec.mitm-certificates-trust.discussion.02,generated_stable_id,,,"[""ttp.r014.qa.boundary21-build-evidence"",""ttp.r014.qa.boundary21-visual-evidence""]"
r014.backend.record,1.0.0,ttp.r014.unit.sec.mitm-certificates-trust.definition.01,unit,active,ttp.r014.yaintt,ttp.r014.yaintt,ttp.r014.edition.id-id.boundary28-r2,id-ID,2026-08-22T03:06:00+02:00,codex.r014.id-ID,,definition,ttp.r014.unit.sec.mitm-certificates-trust,4,21.0004,def:certificate,Definition def:certificate,Definisi def:certificate,"{""end_line"":4436,""path"":""authority/downloads/yaintt.tex"",""start_line"":4421}",cfa5a1715ec1a372b8c408b5393ee585ecb475e1649d4a97a771446d44019e45,"{""end_line"":4960,""path"":""qa/review-candidates/boundary28-r2/yaintt-id.tex"",""start_line"":4940}",0e3c16c46631980a476dffc853fbdd6dba7c393dbd6c80429f9d8cf1bbcc2fbc,language_reviewed,rights.yaintt.id-id.derivative.boundary28-r2,"[""ttp.r014.unit.book"",""ttp.r014.unit.id-id.chap.crypto"",""ttp.r014.unit.sec.mitm-certificates-trust"",""ttp.r014.unit.sec.mitm-certificates-trust.definition.01""]",ttp.r014.unit.book/ttp.r014.unit.id-id.chap.crypto/ttp.r014.unit.sec.mitm-certificates-trust/ttp.r014.unit.sec.mitm-certificates-trust.definition.01,source_label,,,"[""ttp.r014.qa.boundary21-build-evidence"",""ttp.r014.qa.boundary21-visual-evidence""]"
r014.backend.record,1.0.0,ttp.r014.unit.sec.mitm-certificates-trust.discussion.03,unit,active,ttp.r014.yaintt,ttp.r014.yaintt,ttp.r014.edition.id-id.boundary28-r2,id-ID,2026-08-22T03:06:00+02:00,codex.r014.id-ID,,discussion,ttp.r014.unit.sec.mitm-certificates-trust,5,21.0005,generated:discussion:boundary21:03,Discussion 03,Pembahasan 03,"{""end_line"":4475,""path"":""authority/downloads/yaintt.tex"",""start_line"":4437}",ffd1dfa7968f104d2d3f93e01b09e45bc7a839410c430689ba7c37838a3a8fcf,"{""end_line"":5006,""path"":""qa/review-candidates/boundary28-r2/yaintt-id.tex"",""start_line"":4961}",466dc9c65821a384d2b1f3c678b451e37fc298c226d90290129737550537d993,language_reviewed,rights.yaintt.id-id.derivative.boundary28-r2,"[""ttp.r014.unit.book"",""ttp.r014.unit.id-id.chap.crypto"",""ttp.r014.unit.sec.mitm-certificates-trust"",""ttp.r014.unit.sec.mitm-certificates-trust.discussion.03""]",ttp.r014.unit.book/ttp.r014.unit.id-id.chap.crypto/ttp.r014.unit.sec.mitm-certificates-trust/ttp.r014.unit.sec.mitm-certificates-trust.discussion.03,generated_stable_id,,,"[""ttp.r014.qa.boundary21-build-evidence"",""ttp.r014.qa.boundary21-visual-evidence""]"
r014.backend.record,1.0.0,ttp.r014.unit.sec.mitm-certificates-trust,unit,active,ttp.r014.yaintt,ttp.r014.yaintt,ttp.r014.edition.id-id.boundary28-r2,id-ID,2026-08-22T03:06:00+02:00,codex.r014.id-ID,,section,ttp.r014.unit.id-id.chap.crypto,6,21.0006,sec:MitMAaPKI,"Man-in-the-Middle Attacks, Certificates, and Trust","Serangan Man-in-the-Middle, Sertifikat, dan Kepercayaan","{""end_line"":4476,""path"":""authority/downloads/yaintt.tex"",""start_line"":4320}",a4db716f1f3f32d45b45aeab1bcea070959ea9c344b2c807ec2dc0cb247751d7,"{""end_line"":5007,""path"":""qa/review-candidates/boundary28-r2/yaintt-id.tex"",""start_line"":4839}",68e422605f745f053fe8b540f00f6ac4d0cadc76b4ff7907e143f429de018bd3,language_reviewed,rights.yaintt.id-id.derivative.boundary28-r2,"[""ttp.r014.unit.book"",""ttp.r014.unit.id-id.chap.crypto"",""ttp.r014.unit.sec.mitm-certificates-trust""]",ttp.r014.unit.book/ttp.r014.unit.id-id.chap.crypto/ttp.r014.unit.sec.mitm-certificates-trust,source_label,,,"[""ttp.r014.qa.boundary21-build-evidence"",""ttp.r014.qa.boundary21-visual-evidence""]"
r014.backend.record,1.0.0,ttp.r014.unit.id-id.chap.ieqdl.discussion.01,unit,active,ttp.r014.yaintt,ttp.r014.yaintt,ttp.r014.edition.id-id.boundary28-r2,id-ID,2026-08-22T03:06:00+02:00,codex.r014.id-ID,,discussion,ttp.r014.unit.id-id.chap.ieqdl,1,22.0001,generated:discussion:boundary22:01,Discussion 01,Pembahasan 01,"{""end_line"":4489,""path"":""authority/downloads/yaintt.tex"",""start_line"":4481}",1706e706171375e1422bd18821fe7d91fdd86ce370f257700d60eeced325f058,"{""end_line"":5030,""path"":""qa/review-candidates/boundary28-r2/yaintt-id.tex"",""start_line"":5023}",0b5d6faaa5f3bb61340a90d319fae01f08986224ca5923835f358bfd49ad97b0,language_reviewed,rights.yaintt.id-id.derivative.boundary28-r2,"[""ttp.r014.unit.book"",""ttp.r014.unit.id-id.chap.ieqdl"",""ttp.r014.unit.id-id.chap.ieqdl.discussion.01""]",ttp.r014.unit.book/ttp.r014.unit.id-id.chap.ieqdl/ttp.r014.unit.id-id.chap.ieqdl.discussion.01,generated_stable_id,,,"[""ttp.r014.qa.boundary22-build-evidence"",""ttp.r014.qa.boundary22-visual-evidence""]"
r014.backend.record,1.0.0,ttp.r014.unit.id-id.chap.ieqdl.tabular.01,unit,active,ttp.r014.yaintt,ttp.r014.yaintt,ttp.r014.edition.id-id.boundary28-r2,id-ID,2026-08-22T03:06:00+02:00,codex.r014.id-ID,,tabular,ttp.r014.unit.id-id.chap.ieqdl.table.01,1,22.0001,generated:tabular:boundary22:01,Tabular data 01,Data tabular 01,"{""end_line"":4523,""path"":""authority/downloads/yaintt.tex"",""start_line"":4491}",b2655f5a40992d55e12112a1328e3081c97b627e4166f681c6cc47e45e84b58a,"{""end_line"":5064,""path"":""qa/review-candidates/boundary28-r2/yaintt-id.tex"",""start_line"":5032}",b2655f5a40992d55e12112a1328e3081c97b627e4166f681c6cc47e45e84b58a,language_reviewed,rights.yaintt.id-id.derivative.boundary28-r2,"[""ttp.r014.unit.book"",""ttp.r014.unit.id-id.chap.ieqdl"",""ttp.r014.unit.id-id.chap.ieqdl.table.01"",""ttp.r014.unit.id-id.chap.ieqdl.tabular.01""]",ttp.r014.unit.book/ttp.r014.unit.id-id.chap.ieqdl/ttp.r014.unit.id-id.chap.ieqdl.table.01/ttp.r014.unit.id-id.chap.ieqdl.tabular.01,generated_stable_id,,,"[""ttp.r014.qa.boundary22-build-evidence"",""ttp.r014.qa.boundary22-visual-evidence""]"
r014.backend.record,1.0.0,ttp.r014.unit.id-id.chap.ieqdl.tabular.02,unit,active,ttp.r014.yaintt,ttp.r014.yaintt,ttp.r014.edition.id-id.boundary28-r2,id-ID,2026-08-22T03:06:00+02:00,codex.r014.id-ID,,tabular,ttp.r014.unit.id-id.chap.ieqdl.table.02,1,22.0001,generated:tabular:boundary22:02,Tabular data 02,Data tabular 02,"{""end_line"":4586,""path"":""authority/downloads/yaintt.tex"",""start_line"":4556}",88a651a112a42e1ffca92ab334ebb7c3736ef91121f7acf2557579ae36e6d2e6,"{""end_line"":5127,""path"":""qa/review-candidates/boundary28-r2/yaintt-id.tex"",""start_line"":5097}",88a651a112a42e1ffca92ab334ebb7c3736ef91121f7acf2557579ae36e6d2e6,language_reviewed,rights.yaintt.id-id.derivative.boundary28-r2,"[""ttp.r014.unit.book"",""ttp.r014.unit.id-id.chap.ieqdl"",""ttp.r014.unit.id-id.chap.ieqdl.table.02"",""ttp.r014.unit.id-id.chap.ieqdl.tabular.02""]",ttp.r014.unit.book/ttp.r014.unit.id-id.chap.ieqdl/ttp.r014.unit.id-id.chap.ieqdl.table.02/ttp.r014.unit.id-id.chap.ieqdl.tabular.02,generated_stable_id,,,"[""ttp.r014.qa.boundary22-build-evidence"",""ttp.r014.qa.boundary22-visual-evidence""]"
r014.backend.record,1.0.0,ttp.r014.unit.id-id.chap.ieqdl.table.01,unit,active,ttp.r014.yaintt,ttp.r014.yaintt,ttp.r014.edition.id-id.boundary28-r2,id-ID,2026-08-22T03:06:00+02:00,codex.r014.id-ID,,table,ttp.r014.unit.id-id.chap.ieqdl,2,22.0002,generated:table:boundary22:01,Table 01,Tabel 01,"{""end_line"":4526,""path"":""authority/downloads/yaintt.tex"",""start_line"":4490}",918fdb437f4d61a7199cac645aec10a93bafc4b8a515f8f7c059dc65409200d2,"{""end_line"":5067,""path"":""qa/review-candidates/boundary28-r2/yaintt-id.tex"",""start_line"":5031}",143092fd8fe12325c547dfd475c5350726b641ac764c63be0d8b9953f3e56dda,language_reviewed,rights.yaintt.id-id.derivative.boundary28-r2,"[""ttp.r014.unit.book"",""ttp.r014.unit.id-id.chap.ieqdl"",""ttp.r014.unit.id-id.chap.ieqdl.table.01""]",ttp.r014.unit.book/ttp.r014.unit.id-id.chap.ieqdl/ttp.r014.unit.id-id.chap.ieqdl.table.01,generated_stable_id,,,"[""ttp.r014.qa.boundary22-build-evidence"",""ttp.r014.qa.boundary22-visual-evidence""]"
r014.backend.record,1.0.0,ttp.r014.unit.id-id.chap.ieqdl.discussion.02,unit,active,ttp.r014.yaintt,ttp.r014.yaintt,ttp.r014.edition.id-id.boundary28-r2,id-ID,2026-08-22T03:06:00+02:00,codex.r014.id-ID,,discussion,ttp.r014.unit.id-id.chap.ieqdl,3,22.0003,generated:discussion:boundary22:02,Discussion 02,Pembahasan 02,"{""end_line"":4554,""path"":""authority/downloads/yaintt.tex"",""start_line"":4527}",56c39a2489202a0b4384f86e69741c3b9ba5956df183a66c3c37fd5cbaab03d6,"{""end_line"":5095,""path"":""qa/review-candidates/boundary28-r2/yaintt-id.tex"",""start_line"":5068}",1fbb93c4c45546721c00921abfad6ebbf90397f517bb7fe2b33fd1465611219d,language_reviewed,rights.yaintt.id-id.derivative.boundary28-r2,"[""ttp.r014.unit.book"",""ttp.r014.unit.id-id.chap.ieqdl"",""ttp.r014.unit.id-id.chap.ieqdl.discussion.02""]",ttp.r014.unit.book/ttp.r014.unit.id-id.chap.ieqdl/ttp.r014.unit.id-id.chap.ieqdl.discussion.02,generated_stable_id,,,"[""ttp.r014.qa.boundary22-build-evidence"",""ttp.r014.qa.boundary22-visual-evidence""]"
r014.backend.record,1.0.0,ttp.r014.unit.id-id.chap.ieqdl.table.02,unit,active,ttp.r014.yaintt,ttp.r014.yaintt,ttp.r014.edition.id-id.boundary28-r2,id-ID,2026-08-22T03:06:00+02:00,codex.r014.id-ID,,table,ttp.r014.unit.id-id.chap.ieqdl,4,22.0004,generated:table:boundary22:02,Table 02,Tabel 02,"{""end_line"":4589,""path"":""authority/downloads/yaintt.tex"",""start_line"":4555}",50ddf41809fb91e239b1f3d71c48d999de516f7b18eae95299ad3315054f1a38,"{""end_line"":5130,""path"":""qa/review-candidates/boundary28-r2/yaintt-id.tex"",""start_line"":5096}",aaa0f655a32a073e0f9ff2ccdd9e5849d9894df3ab6281e6aa12b6d68e4ef71e,language_reviewed,rights.yaintt.id-id.derivative.boundary28-r2,"[""ttp.r014.unit.book"",""ttp.r014.unit.id-id.chap.ieqdl"",""ttp.r014.unit.id-id.chap.ieqdl.table.02""]",ttp.r014.unit.book/ttp.r014.unit.id-id.chap.ieqdl/ttp.r014.unit.id-id.chap.ieqdl.table.02,generated_stable_id,,,"[""ttp.r014.qa.boundary22-build-evidence"",""ttp.r014.qa.boundary22-visual-evidence""]"
r014.backend.record,1.0.0,ttp.r014.unit.id-id.chap.ieqdl,unit,active,ttp.r014.yaintt,ttp.r014.yaintt,ttp.r014.edition.id-id.boundary28-r2,id-ID,2026-08-22T03:06:00+02:00,codex.r014.id-ID,ttp.r014.unit.chap.ieqdl,chapter,ttp.r014.unit.book,5,22.0005,chap:IeqDL,Indices = Discrete Logarithms,Indeks = Logaritma Diskret,"{""end_line"":5993,""path"":""authority/downloads/yaintt.tex"",""start_line"":4477}",5af70a43b1680cfbb403316801235b767d731d1365851df3e8919919075aaaab,"{""end_line"":6671,""path"":""qa/review-candidates/boundary28-r2/yaintt-id.tex"",""start_line"":5019}",814c12a771f983c8d389c9e2818b8011cc636f91906c076a61df6ce77ac3c0b8,language_reviewed,rights.yaintt.id-id.derivative.boundary28-r2,"[""ttp.r014.unit.book"",""ttp.r014.unit.id-id.chap.ieqdl""]",ttp.r014.unit.book/ttp.r014.unit.id-id.chap.ieqdl,source_label,,,"[""ttp.r014.qa.boundary22-build-evidence"",""ttp.r014.qa.boundary22-visual-evidence""]"
r014.backend.record,1.0.0,ttp.r014.unit.id-id.chap.ieqdl.discussion.03,unit,active,ttp.r014.yaintt,ttp.r014.yaintt,ttp.r014.edition.id-id.boundary28-r2,id-ID,2026-08-22T03:06:00+02:00,codex.r014.id-ID,,discussion,ttp.r014.unit.id-id.chap.ieqdl,5,22.0005,generated:discussion:boundary22:03,Discussion 03,Pembahasan 03,"{""end_line"":4602,""path"":""authority/downloads/yaintt.tex"",""start_line"":4590}",4ba639a521e07b2e83d472e3232b986589940c2b5334ef42de0957dff7835468,"{""end_line"":5144,""path"":""qa/review-candidates/boundary28-r2/yaintt-id.tex"",""start_line"":5131}",7f9a9e1be687e9e6c5d9d003c6e20933feeb653fb580d9dd928208594e458fc7,language_reviewed,rights.yaintt.id-id.derivative.boundary28-r2,"[""ttp.r014.unit.book"",""ttp.r014.unit.id-id.chap.ieqdl"",""ttp.r014.unit.id-id.chap.ieqdl.discussion.03""]",ttp.r014.unit.book/ttp.r014.unit.id-id.chap.ieqdl/ttp.r014.unit.id-id.chap.ieqdl.discussion.03,generated_stable_id,,,"[""ttp.r014.qa.boundary22-build-evidence"",""ttp.r014.qa.boundary22-visual-evidence""]"
r014.backend.record,1.0.0,ttp.r014.unit.sec.multiplicative-order-properties,unit,active,ttp.r014.yaintt,ttp.r014.yaintt,ttp.r014.edition.id-id.boundary28-r2,id-ID,2026-08-22T03:06:00+02:00,codex.r014.id-ID,,section,ttp.r014.unit.id-id.chap.ieqdl,1,23.0001,sec:MPoMO,More Properties of Multiplicative Order,Sifat-Sifat Lain Orde Multiplikatif,"{""end_line"":4782,""path"":""authority/downloads/yaintt.tex"",""start_line"":4603}",80d0435c01c1412fbba24b2a5b5815de92486f28e20eceeba0b00a4ebc548470,"{""end_line"":5349,""path"":""qa/review-candidates/boundary28-r2/yaintt-id.tex"",""start_line"":5155}",f217c6cce4f8a4dbf7e56368543e7a4b8ae7404e7583d23d913c42d461dbc2ad,language_reviewed,rights.yaintt.id-id.derivative.boundary28-r2,"[""ttp.r014.unit.book"",""ttp.r014.unit.id-id.chap.ieqdl"",""ttp.r014.unit.sec.multiplicative-order-properties""]",ttp.r014.unit.book/ttp.r014.unit.id-id.chap.ieqdl/ttp.r014.unit.sec.multiplicative-order-properties,source_label,,,"[""ttp.r014.qa.boundary23-build-evidence"",""ttp.r014.qa.boundary23-visual-evidence""]"
r014.backend.record,1.0.0,ttp.r014.unit.sec.multiplicative-order-properties.discussion.01,unit,active,ttp.r014.yaintt,ttp.r014.yaintt,ttp.r014.edition.id-id.boundary28-r2,id-ID,2026-08-22T03:06:00+02:00,codex.r014.id-ID,,discussion,ttp.r014.unit.sec.multiplicative-order-properties,1,23.0001,generated:discussion:boundary23:01,Discussion 01,Pembahasan 01,"{""end_line"":4609,""path"":""authority/downloads/yaintt.tex"",""start_line"":4606}",2b2970d39cdcdc7c39e4be836ee1adc144413e1cc400a7b80c9044f12c86d50c,"{""end_line"":5161,""path"":""qa/review-candidates/boundary28-r2/yaintt-id.tex"",""start_line"":5158}",e38970f550c9839393c9c6c6ca015838c340b7e6e73dda9bb057b1bbab617d10,language_reviewed,rights.yaintt.id-id.derivative.boundary28-r2,"[""ttp.r014.unit.book"",""ttp.r014.unit.id-id.chap.ieqdl"",""ttp.r014.unit.sec.multiplicative-order-properties"",""ttp.r014.unit.sec.multiplicative-order-properties.discussion.01""]",ttp.r014.unit.book/ttp.r014.unit.id-id.chap.ieqdl/ttp.r014.unit.sec.multiplicative-order-properties/ttp.r014.unit.sec.multiplicative-order-properties.discussion.01,generated_stable_id,,,"[""ttp.r014.qa.boundary23-build-evidence"",""ttp.r014.qa.boundary23-visual-evidence""]"
r014.backend.record,1.0.0,ttp.r014.unit.sec.multiplicative-order-properties.exercise.01,unit,active,ttp.r014.yaintt,ttp.r014.yaintt,ttp.r014.edition.id-id.boundary28-r2,id-ID,2026-08-22T03:06:00+02:00,codex.r014.id-ID,,exercise,ttp.r014.unit.sec.multiplicative-order-properties.exercises,1,23.0001,generated:exercise:boundary23:01,Exercise 01,Latihan 01,"{""end_line"":4750,""path"":""authority/downloads/yaintt.tex"",""start_line"":4747}",e03b368378ccd6f075902384563708b33ae920f8f8e486cd3f245e6c092575c7,"{""end_line"":5314,""path"":""qa/review-candidates/boundary28-r2/yaintt-id.tex"",""start_line"":5311}",6429443e7ab10b69cc7b1fb3bfbd80a2ef525c3947f0c43bbc5d23eda5e7cf05,language_reviewed,rights.yaintt.id-id.derivative.boundary28-r2,"[""ttp.r014.unit.book"",""ttp.r014.unit.id-id.chap.ieqdl"",""ttp.r014.unit.sec.multiplicative-order-properties"",""ttp.r014.unit.sec.multiplicative-order-properties.exercises"",""ttp.r014.unit.sec.multiplicative-order-properties.exercise.01""]",ttp.r014.unit.book/ttp.r014.unit.id-id.chap.ieqdl/ttp.r014.unit.sec.multiplicative-order-properties/ttp.r014.unit.sec.multiplicative-order-properties.exercises/ttp.r014.unit.sec.multiplicative-order-properties.exercise.01,generated_stable_id,"{""answers"":[],""hints"":[],""solutions"":[],""status"":""source_has_none""}",,"[""ttp.r014.qa.boundary23-build-evidence"",""ttp.r014.qa.boundary23-visual-evidence""]"
r014.backend.record,1.0.0,ttp.r014.unit.sec.multiplicative-order-properties.proof.01,unit,active,ttp.r014.yaintt,ttp.r014.yaintt,ttp.r014.edition.id-id.boundary28-r2,id-ID,2026-08-22T03:06:00+02:00,codex.r014.id-ID,,proof,ttp.r014.unit.sec.multiplicative-order-properties.theorem.01,1,23.0001,generated:proof:boundary23:01,Proof 01,Bukti 01,"{""end_line"":4633,""path"":""authority/downloads/yaintt.tex"",""start_line"":4616}",32567478896c05154c597fb84ec5a27970cae0244996e30d489ba4c2e18ad29d,"{""end_line"":5188,""path"":""qa/review-candidates/boundary28-r2/yaintt-id.tex"",""start_line"":5169}",14b6d64e3b986098fb9a3e8c5ff29ddab4b769a7ed1578324ad281bc492d1b31,language_reviewed,rights.yaintt.id-id.derivative.boundary28-r2,"[""ttp.r014.unit.book"",""ttp.r014.unit.id-id.chap.ieqdl"",""ttp.r014.unit.sec.multiplicative-order-properties"",""ttp.r014.unit.sec.multiplicative-order-properties.theorem.01"",""ttp.r014.unit.sec.multiplicative-order-properties.proof.01""]",ttp.r014.unit.book/ttp.r014.unit.id-id.chap.ieqdl/ttp.r014.unit.sec.multiplicative-order-properties/ttp.r014.unit.sec.multiplicative-order-properties.theorem.01/ttp.r014.unit.sec.multiplicative-order-properties.proof.01,generated_stable_id,,,"[""ttp.r014.qa.boundary23-build-evidence"",""ttp.r014.qa.boundary23-visual-evidence""]"
r014.backend.record,1.0.0,ttp.r014.unit.sec.multiplicative-order-properties.proof.02,unit,active,ttp.r014.yaintt,ttp.r014.yaintt,ttp.r014.edition.id-id.boundary28-r2,id-ID,2026-08-22T03:06:00+02:00,codex.r014.id-ID,,proof,ttp.r014.unit.sec.multiplicative-order-properties.theorem.02,1,23.0001,generated:proof:boundary23:02,Proof 02,Bukti 02,"{""end_line"":4659,""path"":""authority/downloads/yaintt.tex"",""start_line"":4645}",7d1dca69087f14e1987b15a57ab02a317e7b52db0327778dc015fabc932cdc34,"{""end_line"":5219,""path"":""qa/review-candidates/boundary28-r2/yaintt-id.tex"",""start_line"":5201}",96d5c88653e45583e0a7d5c20921030872e0adcd217359b16cab147d30b1bcf6,language_reviewed,rights.yaintt.id-id.derivative.boundary28-r2,"[""ttp.r014.unit.book"",""ttp.r014.unit.id-id.chap.ieqdl"",""ttp.r014.unit.sec.multiplicative-order-properties"",""ttp.r014.unit.sec.multiplicative-order-properties.theorem.02"",""ttp.r014.unit.sec.multiplicative-order-properties.proof.02""]",ttp.r014.unit.book/ttp.r014.unit.id-id.chap.ieqdl/ttp.r014.unit.sec.multiplicative-order-properties/ttp.r014.unit.sec.multiplicative-order-properties.theorem.02/ttp.r014.unit.sec.multiplicative-order-properties.proof.02,generated_stable_id,,,"[""ttp.r014.qa.boundary23-build-evidence"",""ttp.r014.qa.boundary23-visual-evidence""]"
r014.backend.record,1.0.0,ttp.r014.unit.sec.multiplicative-order-properties.proof.03,unit,active,ttp.r014.yaintt,ttp.r014.yaintt,ttp.r014.edition.id-id.boundary28-r2,id-ID,2026-08-22T03:06:00+02:00,codex.r014.id-ID,,proof,ttp.r014.unit.sec.multiplicative-order-properties.theorem.03,1,23.0001,generated:proof:boundary23:03,Proof 03,Bukti 03,"{""end_line"":4737,""path"":""authority/downloads/yaintt.tex"",""start_line"":4697}",7a0f20d1f0029ce84f11bfaddc0bb5cc30ac100ccc837f75d62c6ac080a01ac3,"{""end_line"":5301,""path"":""qa/review-candidates/boundary28-r2/yaintt-id.tex"",""start_line"":5258}",b73040ababf2f3acd5a190ed84d0acc2c7e6428f5bdde5fe9eed6a1b1171b7c6,language_reviewed,rights.yaintt.id-id.derivative.boundary28-r2,"[""ttp.r014.unit.book"",""ttp.r014.unit.id-id.chap.ieqdl"",""ttp.r014.unit.sec.multiplicative-order-properties"",""ttp.r014.unit.sec.multiplicative-order-properties.theorem.03"",""ttp.r014.unit.sec.multiplicative-order-properties.proof.03""]",ttp.r014.unit.book/ttp.r014.unit.id-id.chap.ieqdl/ttp.r014.unit.sec.multiplicative-order-properties/ttp.r014.unit.sec.multiplicative-order-properties.theorem.03/ttp.r014.unit.sec.multiplicative-order-properties.proof.03,generated_stable_id,,,"[""ttp.r014.qa.boundary23-build-evidence"",""ttp.r014.qa.boundary23-visual-evidence""]"
r014.backend.record,1.0.0,ttp.r014.unit.sec.multiplicative-order-properties.exercise.02,unit,active,ttp.r014.yaintt,ttp.r014.yaintt,ttp.r014.edition.id-id.boundary28-r2,id-ID,2026-08-22T03:06:00+02:00,codex.r014.id-ID,,exercise,ttp.r014.unit.sec.multiplicative-order-properties.exercises,2,23.0002,generated:exercise:boundary23:02,Exercise 02,Latihan 02,"{""end_line"":4756,""path"":""authority/downloads/yaintt.tex"",""start_line"":4752}",7880f3b214cd14f8721fbf6af825e5679428a40ee9e54c135737d03f2e8d5f2b,"{""end_line"":5321,""path"":""qa/review-candidates/boundary28-r2/yaintt-id.tex"",""start_line"":5316}",362e05fe496f43af7273140577176be0e8e1766053d844c73342b7d22ce772b9,language_reviewed,rights.yaintt.id-id.derivative.boundary28-r2,"[""ttp.r014.unit.book"",""ttp.r014.unit.id-id.chap.ieqdl"",""ttp.r014.unit.sec.multiplicative-order-properties"",""ttp.r014.unit.sec.multiplicative-order-properties.exercises"",""ttp.r014.unit.sec.multiplicative-order-properties.exercise.02""]",ttp.r014.unit.book/ttp.r014.unit.id-id.chap.ieqdl/ttp.r014.unit.sec.multiplicative-order-properties/ttp.r014.unit.sec.multiplicative-order-properties.exercises/ttp.r014.unit.sec.multiplicative-order-properties.exercise.02,generated_stable_id,"{""answers"":[],""hints"":[],""solutions"":[],""status"":""source_has_none""}",,"[""ttp.r014.qa.boundary23-build-evidence"",""ttp.r014.qa.boundary23-visual-evidence""]"
r014.backend.record,1.0.0,ttp.r014.unit.sec.multiplicative-order-properties.theorem.01,unit,active,ttp.r014.yaintt,ttp.r014.yaintt,ttp.r014.edition.id-id.boundary28-r2,id-ID,2026-08-22T03:06:00+02:00,codex.r014.id-ID,,theorem,ttp.r014.unit.sec.multiplicative-order-properties,2,23.0002,thm:ordersdivide,Theorem thm:ordersdivide,Teorema thm:ordersdivide,"{""end_line"":4615,""path"":""authority/downloads/yaintt.tex"",""start_line"":4611}",fb4599ac5b888e765c639015653acdf57aa4a09bb1cf4085f714255c744686b7,"{""end_line"":5168,""path"":""qa/review-candidates/boundary28-r2/yaintt-id.tex"",""start_line"":5163}",391e1a5e1db8162fc899f923172e8472f6b470a437f806a6596a6827ade491e9,language_reviewed,rights.yaintt.id-id.derivative.boundary28-r2,"[""ttp.r014.unit.book"",""ttp.r014.unit.id-id.chap.ieqdl"",""ttp.r014.unit.sec.multiplicative-order-properties"",""ttp.r014.unit.sec.multiplicative-order-properties.theorem.01""]",ttp.r014.unit.book/ttp.r014.unit.id-id.chap.ieqdl/ttp.r014.unit.sec.multiplicative-order-properties/ttp.r014.unit.sec.multiplicative-order-properties.theorem.01,source_label,,,"[""ttp.r014.qa.boundary23-build-evidence"",""ttp.r014.qa.boundary23-visual-evidence""]"
r014.backend.record,1.0.0,ttp.r014.unit.sec.multiplicative-order-properties.discussion.02,unit,active,ttp.r014.yaintt,ttp.r014.yaintt,ttp.r014.edition.id-id.boundary28-r2,id-ID,2026-08-22T03:06:00+02:00,codex.r014.id-ID,,discussion,ttp.r014.unit.sec.multiplicative-order-properties,3,23.0003,generated:discussion:boundary23:02,Discussion 02,Pembahasan 02,"{""end_line"":4639,""path"":""authority/downloads/yaintt.tex"",""start_line"":4635}",0dd34f478dfda72575fb554813215e9e5e5d6f72c01983562485d2c77e341cf9,"{""end_line"":5194,""path"":""qa/review-candidates/boundary28-r2/yaintt-id.tex"",""start_line"":5190}",0d650323387a97f06ab4ddd5874fc057f9fe71b62601d922c6b5cf040ce7ff8f,language_reviewed,rights.yaintt.id-id.derivative.boundary28-r2,"[""ttp.r014.unit.book"",""ttp.r014.unit.id-id.chap.ieqdl"",""ttp.r014.unit.sec.multiplicative-order-properties"",""ttp.r014.unit.sec.multiplicative-order-properties.discussion.02""]",ttp.r014.unit.book/ttp.r014.unit.id-id.chap.ieqdl/ttp.r014.unit.sec.multiplicative-order-properties/ttp.r014.unit.sec.multiplicative-order-properties.discussion.02,generated_stable_id,,,"[""ttp.r014.qa.boundary23-build-evidence"",""ttp.r014.qa.boundary23-visual-evidence""]"
r014.backend.record,1.0.0,ttp.r014.unit.sec.multiplicative-order-properties.exercise.03,unit,active,ttp.r014.yaintt,ttp.r014.yaintt,ttp.r014.edition.id-id.boundary28-r2,id-ID,2026-08-22T03:06:00+02:00,codex.r014.id-ID,,exercise,ttp.r014.unit.sec.multiplicative-order-properties.exercises,3,23.0003,generated:exercise:boundary23:03,Exercise 03,Latihan 03,"{""end_line"":4764,""path"":""authority/downloads/yaintt.tex"",""start_line"":4758}",46f78c73691a7306c47201796f338d9b98cadce4318ce7bb3f41fef8a34ab31d,"{""end_line"":5329,""path"":""qa/review-candidates/boundary28-r2/yaintt-id.tex"",""start_line"":5323}",bd2e5c2453cfee56f597540da7586470407401fbe8910a21a99ee8a25737bcf9,language_reviewed,rights.yaintt.id-id.derivative.boundary28-r2,"[""ttp.r014.unit.book"",""ttp.r014.unit.id-id.chap.ieqdl"",""ttp.r014.unit.sec.multiplicative-order-properties"",""ttp.r014.unit.sec.multiplicative-order-properties.exercises"",""ttp.r014.unit.sec.multiplicative-order-properties.exercise.03""]",ttp.r014.unit.book/ttp.r014.unit.id-id.chap.ieqdl/ttp.r014.unit.sec.multiplicative-order-properties/ttp.r014.unit.sec.multiplicative-order-properties.exercises/ttp.r014.unit.sec.multiplicative-order-properties.exercise.03,generated_stable_id,"{""answers"":[],""hints"":[],""solutions"":[],""status"":""source_has_none""}",,"[""ttp.r014.qa.boundary23-build-evidence"",""ttp.r014.qa.boundary23-visual-evidence""]"
r014.backend.record,1.0.0,ttp.r014.unit.sec.multiplicative-order-properties.exercise.04,unit,active,ttp.r014.yaintt,ttp.r014.yaintt,ttp.r014.edition.id-id.boundary28-r2,id-ID,2026-08-22T03:06:00+02:00,codex.r014.id-ID,,exercise,ttp.r014.unit.sec.multiplicative-order-properties.exercises,4,23.0004,generated:exercise:boundary23:04,Exercise 04,Latihan 04,"{""end_line"":4779,""path"":""authority/downloads/yaintt.tex"",""start_line"":4766}",c4e6f56f02595a71b64ddde064a98151030c655a3e45de04045ae60ce90e022e,"{""end_line"":5345,""path"":""qa/review-candidates/boundary28-r2/yaintt-id.tex"",""start_line"":5331}",04b250eba2ba517bcf975f3afa7f7c22e494f6012d534702dd6dac175938f384,language_reviewed,rights.yaintt.id-id.derivative.boundary28-r2,"[""ttp.r014.unit.book"",""ttp.r014.unit.id-id.chap.ieqdl"",""ttp.r014.unit.sec.multiplicative-order-properties"",""ttp.r014.unit.sec.multiplicative-order-properties.exercises"",""ttp.r014.unit.sec.multiplicative-order-properties.exercise.04""]",ttp.r014.unit.book/ttp.r014.unit.id-id.chap.ieqdl/ttp.r014.unit.sec.multiplicative-order-properties/ttp.r014.unit.sec.multiplicative-order-properties.exercises/ttp.r014.unit.sec.multiplicative-order-properties.exercise.04,generated_stable_id,"{""answers"":[],""hints"":[],""solutions"":[],""status"":""source_has_none""}",,"[""ttp.r014.qa.boundary23-build-evidence"",""ttp.r014.qa.boundary23-visual-evidence""]"
r014.backend.record,1.0.0,ttp.r014.unit.sec.multiplicative-order-properties.theorem.02,unit,active,ttp.r014.yaintt,ttp.r014.yaintt,ttp.r014.edition.id-id.boundary28-r2,id-ID,2026-08-22T03:06:00+02:00,codex.r014.id-ID,,theorem,ttp.r014.unit.sec.multiplicative-order-properties,4,23.0004,thm:powersinmodordna,Theorem thm:powersinmodordna,Teorema thm:powersinmodordna,"{""end_line"":4644,""path"":""authority/downloads/yaintt.tex"",""start_line"":4640}",dfeb3015cbe19a989f0fd718aaa53a6e96fd4b4de356cd9a333b8df4382c5a03,"{""end_line"":5200,""path"":""qa/review-candidates/boundary28-r2/yaintt-id.tex"",""start_line"":5195}",5d1396639d9934c9e8aa652ab6b9f5af1f0a251131416672d5aae0f207fecc8a,language_reviewed,rights.yaintt.id-id.derivative.boundary28-r2,"[""ttp.r014.unit.book"",""ttp.r014.unit.id-id.chap.ieqdl"",""ttp.r014.unit.sec.multiplicative-order-properties"",""ttp.r014.unit.sec.multiplicative-order-properties.theorem.02""]",ttp.r014.unit.book/ttp.r014.unit.id-id.chap.ieqdl/ttp.r014.unit.sec.multiplicative-order-properties/ttp.r014.unit.sec.multiplicative-order-properties.theorem.02,source_label,,,"[""ttp.r014.qa.boundary23-build-evidence"",""ttp.r014.qa.boundary23-visual-evidence""]"
r014.backend.record,1.0.0,ttp.r014.unit.sec.multiplicative-order-properties.example.01,unit,active,ttp.r014.yaintt,ttp.r014.yaintt,ttp.r014.edition.id-id.boundary28-r2,id-ID,2026-08-22T03:06:00+02:00,codex.r014.id-ID,,example,ttp.r014.unit.sec.multiplicative-order-properties,5,23.0005,eg:powersincyclicgrps,Example eg:powersincyclicgrps,Contoh eg:powersincyclicgrps,"{""end_line"":4683,""path"":""authority/downloads/yaintt.tex"",""start_line"":4661}",ce7eada310dc9b9b2b5a2c5d23d3fc36607ec4361fc293e1d74239af6e58f6a1,"{""end_line"":5243,""path"":""qa/review-candidates/boundary28-r2/yaintt-id.tex"",""start_line"":5221}",fe04b1b062f79b4533df07713f8fb455d41219a9f94eaa3800c2bc49a280d42c,language_reviewed,rights.yaintt.id-id.derivative.boundary28-r2,"[""ttp.r014.unit.book"",""ttp.r014.unit.id-id.chap.ieqdl"",""ttp.r014.unit.sec.multiplicative-order-properties"",""ttp.r014.unit.sec.multiplicative-order-properties.example.01""]",ttp.r014.unit.book/ttp.r014.unit.id-id.chap.ieqdl/ttp.r014.unit.sec.multiplicative-order-properties/ttp.r014.unit.sec.multiplicative-order-properties.example.01,source_label,,,"[""ttp.r014.qa.boundary23-build-evidence"",""ttp.r014.qa.boundary23-visual-evidence""]"
r014.backend.record,1.0.0,ttp.r014.unit.sec.multiplicative-order-properties.discussion.03,unit,active,ttp.r014.yaintt,ttp.r014.yaintt,ttp.r014.edition.id-id.boundary28-r2,id-ID,2026-08-22T03:06:00+02:00,codex.r014.id-ID,,discussion,ttp.r014.unit.sec.multiplicative-order-properties,6,23.0006,generated:discussion:boundary23:03,Discussion 03,Pembahasan 03,"{""end_line"":4690,""path"":""authority/downloads/yaintt.tex"",""start_line"":4685}",b0d9d569487973c5293ad148c7360dbaf9eea97474f45ce24ebc9e53468b48b9,"{""end_line"":5250,""path"":""qa/review-candidates/boundary28-r2/yaintt-id.tex"",""start_line"":5245}",a59b9ff1b9c7d76d4c663de60e2e9c98474360c8239f04ed2fe0cedd023f2715,language_reviewed,rights.yaintt.id-id.derivative.boundary28-r2,"[""ttp.r014.unit.book"",""ttp.r014.unit.id-id.chap.ieqdl"",""ttp.r014.unit.sec.multiplicative-order-properties"",""ttp.r014.unit.sec.multiplicative-order-properties.discussion.03""]",ttp.r014.unit.book/ttp.r014.unit.id-id.chap.ieqdl/ttp.r014.unit.sec.multiplicative-order-properties/ttp.r014.unit.sec.multiplicative-order-properties.discussion.03,generated_stable_id,,,"[""ttp.r014.qa.boundary23-build-evidence"",""ttp.r014.qa.boundary23-visual-evidence""]"
r014.backend.record,1.0.0,ttp.r014.unit.sec.multiplicative-order-properties.theorem.03,unit,active,ttp.r014.yaintt,ttp.r014.yaintt,ttp.r014.edition.id-id.boundary28-r2,id-ID,2026-08-22T03:06:00+02:00,codex.r014.id-ID,,theorem,ttp.r014.unit.sec.multiplicative-order-properties,7,23.0007,thm:ordersofpowers,Theorem thm:ordersofpowers,Teorema thm:ordersofpowers,"{""end_line"":4696,""path"":""authority/downloads/yaintt.tex"",""start_line"":4692}",e33e0b3cd3051a3a0cf03665cb60ce160dc23d1a0dc3e24741a8bc2bde2db560,"{""end_line"":5257,""path"":""qa/review-candidates/boundary28-r2/yaintt-id.tex"",""start_line"":5252}",38669e48112b6e5b83dc9e5c54cda2d6532fbce918074b5912c62db31cc255bf,language_reviewed,rights.yaintt.id-id.derivative.boundary28-r2,"[""ttp.r014.unit.book"",""ttp.r014.unit.id-id.chap.ieqdl"",""ttp.r014.unit.sec.multiplicative-order-properties"",""ttp.r014.unit.sec.multiplicative-order-properties.theorem.03""]",ttp.r014.unit.book/ttp.r014.unit.id-id.chap.ieqdl/ttp.r014.unit.sec.multiplicative-order-properties/ttp.r014.unit.sec.multiplicative-order-properties.theorem.03,source_label,,,"[""ttp.r014.qa.boundary23-build-evidence"",""ttp.r014.qa.boundary23-visual-evidence""]"
r014.backend.record,1.0.0,ttp.r014.unit.sec.multiplicative-order-properties.exercises,unit,active,ttp.r014.yaintt,ttp.r014.yaintt,ttp.r014.edition.id-id.boundary28-r2,id-ID,2026-08-22T03:06:00+02:00,codex.r014.id-ID,,exercise_group,ttp.r014.unit.sec.multiplicative-order-properties,8,23.0008,generated:exercise-group:boundary23,Exercises,Latihan,"{""end_line"":4782,""path"":""authority/downloads/yaintt.tex"",""start_line"":4744}",35e2b6c4c54c2374f3d0ab13ad5ecf3a886c32d5a20becbdc1980fc38130bcc8,"{""end_line"":5349,""path"":""qa/review-candidates/boundary28-r2/yaintt-id.tex"",""start_line"":5308}",79bd85f2975bc0f55d6b13b6231e3fa7694a44edda535d4868eee9c625f94fcf,language_reviewed,rights.yaintt.id-id.derivative.boundary28-r2,"[""ttp.r014.unit.book"",""ttp.r014.unit.id-id.chap.ieqdl"",""ttp.r014.unit.sec.multiplicative-order-properties"",""ttp.r014.unit.sec.multiplicative-order-properties.exercises""]",ttp.r014.unit.book/ttp.r014.unit.id-id.chap.ieqdl/ttp.r014.unit.sec.multiplicative-order-properties/ttp.r014.unit.sec.multiplicative-order-properties.exercises,generated_stable_id,,,"[""ttp.r014.qa.boundary23-build-evidence"",""ttp.r014.qa.boundary23-visual-evidence""]"
r014.backend.record,1.0.0,ttp.r014.unit.sec.gauss-totient-sum.discussion.01,unit,active,ttp.r014.yaintt,ttp.r014.yaintt,ttp.r014.edition.id-id.boundary28-r2,id-ID,2026-08-22T03:06:00+02:00,codex.r014.id-ID,,discussion,ttp.r014.unit.sec.gauss-totient-sum,1,24.0001,generated:discussion:boundary24:01,Discussion 01,Pembahasan 01,"{""end_line"":4789,""path"":""authority/downloads/yaintt.tex"",""start_line"":4786}",0f235c1c379a31e4ee45e849edcf6d85e68b87a64c93b6c911522557f43e8aa1,"{""end_line"":5366,""path"":""qa/review-candidates/boundary28-r2/yaintt-id.tex"",""start_line"":5363}",1e1de98cf4dc769d41840b254a7b0ed4f4873f4f0a15f91836a723bb79091042,language_reviewed,rights.yaintt.id-id.derivative.boundary28-r2,"[""ttp.r014.unit.book"",""ttp.r014.unit.id-id.chap.ieqdl"",""ttp.r014.unit.sec.gauss-totient-sum"",""ttp.r014.unit.sec.gauss-totient-sum.discussion.01""]",ttp.r014.unit.book/ttp.r014.unit.id-id.chap.ieqdl/ttp.r014.unit.sec.gauss-totient-sum/ttp.r014.unit.sec.gauss-totient-sum.discussion.01,generated_stable_id,,,"[""ttp.r014.qa.boundary24-build-evidence"",""ttp.r014.qa.boundary24-visual-evidence""]"
r014.backend.record,1.0.0,ttp.r014.unit.sec.gauss-totient-sum.exercise.01,unit,active,ttp.r014.yaintt,ttp.r014.yaintt,ttp.r014.edition.id-id.boundary28-r2,id-ID,2026-08-22T03:06:00+02:00,codex.r014.id-ID,,exercise,ttp.r014.unit.sec.gauss-totient-sum.exercises,1,24.0001,generated:exercise:boundary24:01,Exercise 01,Latihan 01,"{""end_line"":4895,""path"":""authority/downloads/yaintt.tex"",""start_line"":4892}",8ba11a9094aeb9efe222771ab580b3d50f0e77ffe7e4826c668565fa665ecb68,"{""end_line"":5475,""path"":""qa/review-candidates/boundary28-r2/yaintt-id.tex"",""start_line"":5472}",2122eaaf7a401452750173284430b3f8fe49a3a49fb9d86120547e04b442fddd,language_reviewed,rights.yaintt.id-id.derivative.boundary28-r2,"[""ttp.r014.unit.book"",""ttp.r014.unit.id-id.chap.ieqdl"",""ttp.r014.unit.sec.gauss-totient-sum"",""ttp.r014.unit.sec.gauss-totient-sum.exercises"",""ttp.r014.unit.sec.gauss-totient-sum.exercise.01""]",ttp.r014.unit.book/ttp.r014.unit.id-id.chap.ieqdl/ttp.r014.unit.sec.gauss-totient-sum/ttp.r014.unit.sec.gauss-totient-sum.exercises/ttp.r014.unit.sec.gauss-totient-sum.exercise.01,generated_stable_id,"{""answers"":[],""hints"":[],""solutions"":[],""status"":""source_has_none""}",,"[""ttp.r014.qa.boundary24-build-evidence"",""ttp.r014.qa.boundary24-visual-evidence""]"
r014.backend.record,1.0.0,ttp.r014.unit.sec.gauss-totient-sum.proof.01,unit,active,ttp.r014.yaintt,ttp.r014.yaintt,ttp.r014.edition.id-id.boundary28-r2,id-ID,2026-08-22T03:06:00+02:00,codex.r014.id-ID,,proof,ttp.r014.unit.sec.gauss-totient-sum.theorem.01,1,24.0001,generated:proof:boundary24:01,Proof 01,Bukti 01,"{""end_line"":4835,""path"":""authority/downloads/yaintt.tex"",""start_line"":4797}",58b8dbdac421cd41742503849679a2949de575c3f39fe6d9f9b48bde3a35141d,"{""end_line"":5413,""path"":""qa/review-candidates/boundary28-r2/yaintt-id.tex"",""start_line"":5374}",54e7566007451ad445c1c880010c8b464301724a5c94cbefb499509a7c641b16,language_reviewed,rights.yaintt.id-id.derivative.boundary28-r2,"[""ttp.r014.unit.book"",""ttp.r014.unit.id-id.chap.ieqdl"",""ttp.r014.unit.sec.gauss-totient-sum"",""ttp.r014.unit.sec.gauss-totient-sum.theorem.01"",""ttp.r014.unit.sec.gauss-totient-sum.proof.01""]",ttp.r014.unit.book/ttp.r014.unit.id-id.chap.ieqdl/ttp.r014.unit.sec.gauss-totient-sum/ttp.r014.unit.sec.gauss-totient-sum.theorem.01/ttp.r014.unit.sec.gauss-totient-sum.proof.01,generated_stable_id,,,"[""ttp.r014.qa.boundary24-build-evidence"",""ttp.r014.qa.boundary24-visual-evidence""]"
r014.backend.record,1.0.0,ttp.r014.unit.sec.gauss-totient-sum,unit,active,ttp.r014.yaintt,ttp.r014.yaintt,ttp.r014.edition.id-id.boundary28-r2,id-ID,2026-08-22T03:06:00+02:00,codex.r014.id-ID,,section,ttp.r014.unit.id-id.chap.ieqdl,2,24.0002,sec:aNDGToSoEF,A Necessary Digression: Gauss's Theorem on Sums of Euler's Function,Selingan yang Diperlukan: Teorema Gauss tentang Jumlah Nilai Fungsi Phi Euler,"{""end_line"":4898,""path"":""authority/downloads/yaintt.tex"",""start_line"":4783}",472194e840bc5a5e5f367e53ca3ff4a530397ed9602ee3a97bbe114b1572d478,"{""end_line"":5479,""path"":""qa/review-candidates/boundary28-r2/yaintt-id.tex"",""start_line"":5360}",2c13bb3da00822eab891cd5671f849ec14df34fe40244959727a3aac4c53380e,language_reviewed,rights.yaintt.id-id.derivative.boundary28-r2,"[""ttp.r014.unit.book"",""ttp.r014.unit.id-id.chap.ieqdl"",""ttp.r014.unit.sec.gauss-totient-sum""]",ttp.r014.unit.book/ttp.r014.unit.id-id.chap.ieqdl/ttp.r014.unit.sec.gauss-totient-sum,source_label,,,"[""ttp.r014.qa.boundary24-build-evidence"",""ttp.r014.qa.boundary24-visual-evidence""]"
r014.backend.record,1.0.0,ttp.r014.unit.sec.gauss-totient-sum.proof.02,unit,active,ttp.r014.yaintt,ttp.r014.yaintt,ttp.r014.edition.id-id.boundary28-r2,id-ID,2026-08-22T03:06:00+02:00,codex.r014.id-ID,,proof,ttp.r014.unit.sec.gauss-totient-sum.theorem.01,2,24.0002,generated:proof:boundary24:02,Proof 02,Bukti 02,"{""end_line"":4881,""path"":""authority/downloads/yaintt.tex"",""start_line"":4836}",b004609d124425ca61caecd8af0ecbebc95aae251fbb5a973446dcd72c4b1770,"{""end_line"":5461,""path"":""qa/review-candidates/boundary28-r2/yaintt-id.tex"",""start_line"":5414}",5209729dbee3dc1d4cdbaff4e8a9281e4c6441715aa01dca7aa3023dd8b40f34,language_reviewed,rights.yaintt.id-id.derivative.boundary28-r2,"[""ttp.r014.unit.book"",""ttp.r014.unit.id-id.chap.ieqdl"",""ttp.r014.unit.sec.gauss-totient-sum"",""ttp.r014.unit.sec.gauss-totient-sum.theorem.01"",""ttp.r014.unit.sec.gauss-totient-sum.proof.02""]",ttp.r014.unit.book/ttp.r014.unit.id-id.chap.ieqdl/ttp.r014.unit.sec.gauss-totient-sum/ttp.r014.unit.sec.gauss-totient-sum.theorem.01/ttp.r014.unit.sec.gauss-totient-sum.proof.02,generated_stable_id,,,"[""ttp.r014.qa.boundary24-build-evidence"",""ttp.r014.qa.boundary24-visual-evidence""]"
r014.backend.record,1.0.0,ttp.r014.unit.sec.gauss-totient-sum.theorem.01,unit,active,ttp.r014.yaintt,ttp.r014.yaintt,ttp.r014.edition.id-id.boundary28-r2,id-ID,2026-08-22T03:06:00+02:00,codex.r014.id-ID,,theorem,ttp.r014.unit.sec.gauss-totient-sum,2,24.0002,thm:gausss,Theorem thm:gausss,Teorema thm:gausss,"{""end_line"":4793,""path"":""authority/downloads/yaintt.tex"",""start_line"":4790}",4601bc5eedfb47c5c231c29677fff85ee377987195f9d82fff803cb224562835,"{""end_line"":5370,""path"":""qa/review-candidates/boundary28-r2/yaintt-id.tex"",""start_line"":5367}",db5664ac2b971fd28a1851b3d27a2a616fe40cf7c53777e580ea10ed372c4f3a,language_reviewed,rights.yaintt.id-id.derivative.boundary28-r2,"[""ttp.r014.unit.book"",""ttp.r014.unit.id-id.chap.ieqdl"",""ttp.r014.unit.sec.gauss-totient-sum"",""ttp.r014.unit.sec.gauss-totient-sum.theorem.01""]",ttp.r014.unit.book/ttp.r014.unit.id-id.chap.ieqdl/ttp.r014.unit.sec.gauss-totient-sum/ttp.r014.unit.sec.gauss-totient-sum.theorem.01,source_label,,,"[""ttp.r014.qa.boundary24-build-evidence"",""ttp.r014.qa.boundary24-visual-evidence""]"
r014.backend.record,1.0.0,ttp.r014.unit.sec.gauss-totient-sum.discussion.02,unit,active,ttp.r014.yaintt,ttp.r014.yaintt,ttp.r014.edition.id-id.boundary28-r2,id-ID,2026-08-22T03:06:00+02:00,codex.r014.id-ID,,discussion,ttp.r014.unit.sec.gauss-totient-sum,3,24.0003,generated:discussion:boundary24:02,Discussion 02,Pembahasan 02,"{""end_line"":4796,""path"":""authority/downloads/yaintt.tex"",""start_line"":4794}",ed74dae96de372014d717a005d046fd0ab1c08d37ba9cf43cc3ba2953eea1f32,"{""end_line"":5373,""path"":""qa/review-candidates/boundary28-r2/yaintt-id.tex"",""start_line"":5371}",68fdefd8d1a9bb0a5b4a1f6699efa8ddfcb6c3528fbe2f93e8ce093be5935094,language_reviewed,rights.yaintt.id-id.derivative.boundary28-r2,"[""ttp.r014.unit.book"",""ttp.r014.unit.id-id.chap.ieqdl"",""ttp.r014.unit.sec.gauss-totient-sum"",""ttp.r014.unit.sec.gauss-totient-sum.discussion.02""]",ttp.r014.unit.book/ttp.r014.unit.id-id.chap.ieqdl/ttp.r014.unit.sec.gauss-totient-sum/ttp.r014.unit.sec.gauss-totient-sum.discussion.02,generated_stable_id,,,"[""ttp.r014.qa.boundary24-build-evidence"",""ttp.r014.qa.boundary24-visual-evidence""]"
r014.backend.record,1.0.0,ttp.r014.unit.sec.gauss-totient-sum.exercises,unit,active,ttp.r014.yaintt,ttp.r014.yaintt,ttp.r014.edition.id-id.boundary28-r2,id-ID,2026-08-22T03:06:00+02:00,codex.r014.id-ID,,exercise_group,ttp.r014.unit.sec.gauss-totient-sum,4,24.0004,generated:exercise-group:boundary24,Exercises,Latihan,"{""end_line"":4898,""path"":""authority/downloads/yaintt.tex"",""start_line"":4889}",bf46ad0e210006a76fc3c6b3192970826a2fdf35c5fada73e1c4fcc08b609364,"{""end_line"":5479,""path"":""qa/review-candidates/boundary28-r2/yaintt-id.tex"",""start_line"":5469}",e62c56d2129eb41829b0cf70e9427b3a290a1f9bc205585577c2d73bbc38b92e,language_reviewed,rights.yaintt.id-id.derivative.boundary28-r2,"[""ttp.r014.unit.book"",""ttp.r014.unit.id-id.chap.ieqdl"",""ttp.r014.unit.sec.gauss-totient-sum"",""ttp.r014.unit.sec.gauss-totient-sum.exercises""]",ttp.r014.unit.book/ttp.r014.unit.id-id.chap.ieqdl/ttp.r014.unit.sec.gauss-totient-sum/ttp.r014.unit.sec.gauss-totient-sum.exercises,generated_stable_id,,,"[""ttp.r014.qa.boundary24-build-evidence"",""ttp.r014.qa.boundary24-visual-evidence""]"
r014.backend.record,1.0.0,ttp.r014.unit.sec.primitive-roots.discussion.01,unit,active,ttp.r014.yaintt,ttp.r014.yaintt,ttp.r014.edition.id-id.boundary28-r2,id-ID,2026-08-22T03:06:00+02:00,codex.r014.id-ID,,discussion,ttp.r014.unit.sec.primitive-roots,1,25.0001,generated:discussion:boundary25:01,Discussion 01,Pembahasan 01,"{""end_line"":4905,""path"":""authority/downloads/yaintt.tex"",""start_line"":4902}",2488097d6dd8b67e9b725d0032bc354dbdcab8e95c6d73dc999cdd91563f65d7,"{""end_line"":5497,""path"":""qa/review-candidates/boundary28-r2/yaintt-id.tex"",""start_line"":5493}",232aad1902a306270c58ba567bfd1f2e2d87279b281c09324fd40f876d721b55,language_reviewed,rights.yaintt.id-id.derivative.boundary28-r2,"[""ttp.r014.unit.book"",""ttp.r014.unit.id-id.chap.ieqdl"",""ttp.r014.unit.sec.primitive-roots"",""ttp.r014.unit.sec.primitive-roots.discussion.01""]",ttp.r014.unit.book/ttp.r014.unit.id-id.chap.ieqdl/ttp.r014.unit.sec.primitive-roots/ttp.r014.unit.sec.primitive-roots.discussion.01,generated_stable_id,,,"[""ttp.r014.qa.boundary25-translation-review-evidence"",""ttp.r014.qa.boundary25-build-pending""]"
r014.backend.record,1.0.0,ttp.r014.unit.sec.primitive-roots.exercise.01,unit,active,ttp.r014.yaintt,ttp.r014.yaintt,ttp.r014.edition.id-id.boundary28-r2,id-ID,2026-08-22T03:06:00+02:00,codex.r014.id-ID,,exercise,ttp.r014.unit.sec.primitive-roots.exercises,1,25.0001,generated:exercise:boundary25:01,Exercise 01,Latihan 01,"{""end_line"":5237,""path"":""authority/downloads/yaintt.tex"",""start_line"":5235}",875c39df9a0334114c37432eff3b8948931a1e57e32bfe5ed6f43f0b29c35dcc,"{""end_line"":5848,""path"":""qa/review-candidates/boundary28-r2/yaintt-id.tex"",""start_line"":5846}",19981b051721f5c1071583e34e079ff0c03ff8fbeed4640515b1830a2c435906,language_reviewed,rights.yaintt.id-id.derivative.boundary28-r2,"[""ttp.r014.unit.book"",""ttp.r014.unit.id-id.chap.ieqdl"",""ttp.r014.unit.sec.primitive-roots"",""ttp.r014.unit.sec.primitive-roots.exercises"",""ttp.r014.unit.sec.primitive-roots.exercise.01""]",ttp.r014.unit.book/ttp.r014.unit.id-id.chap.ieqdl/ttp.r014.unit.sec.primitive-roots/ttp.r014.unit.sec.primitive-roots.exercises/ttp.r014.unit.sec.primitive-roots.exercise.01,generated_stable_id,"{""answers"":[],""hints"":[],""solutions"":[],""status"":""source_has_none""}",,"[""ttp.r014.qa.boundary25-translation-review-evidence"",""ttp.r014.qa.boundary25-build-pending""]"
r014.backend.record,1.0.0,ttp.r014.unit.sec.primitive-roots.proof.01,unit,active,ttp.r014.yaintt,ttp.r014.yaintt,ttp.r014.edition.id-id.boundary28-r2,id-ID,2026-08-22T03:06:00+02:00,codex.r014.id-ID,,proof,ttp.r014.unit.sec.primitive-roots.theorem.01,1,25.0001,generated:proof:boundary25:01,Proof 01,Bukti 01,"{""end_line"":4985,""path"":""authority/downloads/yaintt.tex"",""start_line"":4964}",1676a4f6a66b13cb523540e65c1f4292359617438ef2068b597d8cb4cfedb6c3,"{""end_line"":5582,""path"":""qa/review-candidates/boundary28-r2/yaintt-id.tex"",""start_line"":5559}",c8f3019c316bb5a98ec6753409a0117f5f6ca3412803ff6830d7093c6e543028,language_reviewed,rights.yaintt.id-id.derivative.boundary28-r2,"[""ttp.r014.unit.book"",""ttp.r014.unit.id-id.chap.ieqdl"",""ttp.r014.unit.sec.primitive-roots"",""ttp.r014.unit.sec.primitive-roots.theorem.01"",""ttp.r014.unit.sec.primitive-roots.proof.01""]",ttp.r014.unit.book/ttp.r014.unit.id-id.chap.ieqdl/ttp.r014.unit.sec.primitive-roots/ttp.r014.unit.sec.primitive-roots.theorem.01/ttp.r014.unit.sec.primitive-roots.proof.01,generated_stable_id,,,"[""ttp.r014.qa.boundary25-translation-review-evidence"",""ttp.r014.qa.boundary25-build-pending""]"
r014.backend.record,1.0.0,ttp.r014.unit.sec.primitive-roots.proof.02,unit,active,ttp.r014.yaintt,ttp.r014.yaintt,ttp.r014.edition.id-id.boundary28-r2,id-ID,2026-08-22T03:06:00+02:00,codex.r014.id-ID,,proof,ttp.r014.unit.sec.primitive-roots.theorem.02,1,25.0001,generated:proof:boundary25:02,Proof 02,Bukti 02,"{""end_line"":5068,""path"":""authority/downloads/yaintt.tex"",""start_line"":5007}",d788e799f8b9a1777de46ad4e6c2423d557e4dbdaf735f2b813f9f8d6c374d09,"{""end_line"":5667,""path"":""qa/review-candidates/boundary28-r2/yaintt-id.tex"",""start_line"":5604}",9af96b61261d279ea01ae9a8a33a15434e97a67b5f69c8b3e80c335860889f31,language_reviewed,rights.yaintt.id-id.derivative.boundary28-r2,"[""ttp.r014.unit.book"",""ttp.r014.unit.id-id.chap.ieqdl"",""ttp.r014.unit.sec.primitive-roots"",""ttp.r014.unit.sec.primitive-roots.theorem.02"",""ttp.r014.unit.sec.primitive-roots.proof.02""]",ttp.r014.unit.book/ttp.r014.unit.id-id.chap.ieqdl/ttp.r014.unit.sec.primitive-roots/ttp.r014.unit.sec.primitive-roots.theorem.02/ttp.r014.unit.sec.primitive-roots.proof.02,generated_stable_id,,,"[""ttp.r014.qa.boundary25-translation-review-evidence"",""ttp.r014.qa.boundary25-build-pending""]"
r014.backend.record,1.0.0,ttp.r014.unit.sec.primitive-roots.proof.03,unit,active,ttp.r014.yaintt,ttp.r014.yaintt,ttp.r014.edition.id-id.boundary28-r2,id-ID,2026-08-22T03:06:00+02:00,codex.r014.id-ID,,proof,ttp.r014.unit.sec.primitive-roots.theorem.03,1,25.0001,generated:proof:boundary25:03,Proof 03,Bukti 03,"{""end_line"":5100,""path"":""authority/downloads/yaintt.tex"",""start_line"":5081}",bee38ead9cdd9163a540ad3ec89b2dd2b8764d4226290310360157adc45957b1,"{""end_line"":5703,""path"":""qa/review-candidates/boundary28-r2/yaintt-id.tex"",""start_line"":5681}",fb9eb44497f3290204c13549a9376858a35995b3fe4c43d841ae2e4cc3f72c3d,language_reviewed,rights.yaintt.id-id.derivative.boundary28-r2,"[""ttp.r014.unit.book"",""ttp.r014.unit.id-id.chap.ieqdl"",""ttp.r014.unit.sec.primitive-roots"",""ttp.r014.unit.sec.primitive-roots.theorem.03"",""ttp.r014.unit.sec.primitive-roots.proof.03""]",ttp.r014.unit.book/ttp.r014.unit.id-id.chap.ieqdl/ttp.r014.unit.sec.primitive-roots/ttp.r014.unit.sec.primitive-roots.theorem.03/ttp.r014.unit.sec.primitive-roots.proof.03,generated_stable_id,,,"[""ttp.r014.qa.boundary25-translation-review-evidence"",""ttp.r014.qa.boundary25-build-pending""]"
r014.backend.record,1.0.0,ttp.r014.unit.sec.primitive-roots.proof.04,unit,active,ttp.r014.yaintt,ttp.r014.yaintt,ttp.r014.edition.id-id.boundary28-r2,id-ID,2026-08-22T03:06:00+02:00,codex.r014.id-ID,,proof,ttp.r014.unit.sec.primitive-roots.theorem.04,1,25.0001,generated:proof:boundary25:04,Proof 04,Bukti 04,"{""end_line"":5163,""path"":""authority/downloads/yaintt.tex"",""start_line"":5110}",e9294dee8b595cc5977acbcb79d3a2dfcade57c464a32837f072ee464be9182d,"{""end_line"":5770,""path"":""qa/review-candidates/boundary28-r2/yaintt-id.tex"",""start_line"":5715}",47011f2435be190831f118d32081ef9d6f9c5d234c5de22b77ea0ebdb2756f60,language_reviewed,rights.yaintt.id-id.derivative.boundary28-r2,"[""ttp.r014.unit.book"",""ttp.r014.unit.id-id.chap.ieqdl"",""ttp.r014.unit.sec.primitive-roots"",""ttp.r014.unit.sec.primitive-roots.theorem.04"",""ttp.r014.unit.sec.primitive-roots.proof.04""]",ttp.r014.unit.book/ttp.r014.unit.id-id.chap.ieqdl/ttp.r014.unit.sec.primitive-roots/ttp.r014.unit.sec.primitive-roots.theorem.04/ttp.r014.unit.sec.primitive-roots.proof.04,generated_stable_id,,,"[""ttp.r014.qa.boundary25-translation-review-evidence"",""ttp.r014.qa.boundary25-build-pending""]"
r014.backend.record,1.0.0,ttp.r014.unit.sec.primitive-roots.proof.05,unit,active,ttp.r014.yaintt,ttp.r014.yaintt,ttp.r014.edition.id-id.boundary28-r2,id-ID,2026-08-22T03:06:00+02:00,codex.r014.id-ID,,proof,ttp.r014.unit.sec.primitive-roots.corollary.01,1,25.0001,generated:proof:boundary25:05,Proof 05,Bukti 05,"{""end_line"":5173,""path"":""authority/downloads/yaintt.tex"",""start_line"":5171}",f2a98aa230a3edb8f2b2c58b22f628defb35505726657256e6fbd4e5a3458cfa,"{""end_line"":5782,""path"":""qa/review-candidates/boundary28-r2/yaintt-id.tex"",""start_line"":5780}",0222583cb9a30e5c285b31d2bb72e42c9ac3f57b25b2c561a6815d872db0c5d1,language_reviewed,rights.yaintt.id-id.derivative.boundary28-r2,"[""ttp.r014.unit.book"",""ttp.r014.unit.id-id.chap.ieqdl"",""ttp.r014.unit.sec.primitive-roots"",""ttp.r014.unit.sec.primitive-roots.corollary.01"",""ttp.r014.unit.sec.primitive-roots.proof.05""]",ttp.r014.unit.book/ttp.r014.unit.id-id.chap.ieqdl/ttp.r014.unit.sec.primitive-roots/ttp.r014.unit.sec.primitive-roots.corollary.01/ttp.r014.unit.sec.primitive-roots.proof.05,generated_stable_id,,,"[""ttp.r014.qa.boundary25-translation-review-evidence"",""ttp.r014.qa.boundary25-build-pending""]"
r014.backend.record,1.0.0,ttp.r014.unit.sec.primitive-roots.proof.06,unit,active,ttp.r014.yaintt,ttp.r014.yaintt,ttp.r014.edition.id-id.boundary28-r2,id-ID,2026-08-22T03:06:00+02:00,codex.r014.id-ID,,proof,ttp.r014.unit.sec.primitive-roots.theorem.05,1,25.0001,generated:proof:boundary25:06,Proof 06,Bukti 06,"{""end_line"":5220,""path"":""authority/downloads/yaintt.tex"",""start_line"":5182}",ca7fd5981477ac921abe6e8005d9a881b757f6c3ffeace3280dab372ae1d393e,"{""end_line"":5831,""path"":""qa/review-candidates/boundary28-r2/yaintt-id.tex"",""start_line"":5791}",391ccd3eadb3380cbb76eb938cc0eb47e3744e9cc33036a011b38ce18dad090d,language_reviewed,rights.yaintt.id-id.derivative.boundary28-r2,"[""ttp.r014.unit.book"",""ttp.r014.unit.id-id.chap.ieqdl"",""ttp.r014.unit.sec.primitive-roots"",""ttp.r014.unit.sec.primitive-roots.theorem.05"",""ttp.r014.unit.sec.primitive-roots.proof.06""]",ttp.r014.unit.book/ttp.r014.unit.id-id.chap.ieqdl/ttp.r014.unit.sec.primitive-roots/ttp.r014.unit.sec.primitive-roots.theorem.05/ttp.r014.unit.sec.primitive-roots.proof.06,generated_stable_id,,,"[""ttp.r014.qa.boundary25-translation-review-evidence"",""ttp.r014.qa.boundary25-build-pending""]"
r014.backend.record,1.0.0,ttp.r014.unit.sec.primitive-roots.table.01,unit,active,ttp.r014.yaintt,ttp.r014.yaintt,ttp.r014.edition.id-id.boundary28-r2,id-ID,2026-08-22T03:06:00+02:00,codex.r014.id-ID,,table,ttp.r014.unit.sec.primitive-roots.example.01,1,25.0001,generated:table:boundary25:01,Table 01,Tabel 01,"{""end_line"":4945,""path"":""authority/downloads/yaintt.tex"",""start_line"":4917}",c4a502569bb6230f223b5bf80559b979951eb715072edcaa7c4f30fac48e6f5d,"{""end_line"":5539,""path"":""qa/review-candidates/boundary28-r2/yaintt-id.tex"",""start_line"":5510}",a63d6ff6c8360b8bd30a902a95dfd964191835396264641d70e733669e17e480,language_reviewed,rights.yaintt.id-id.derivative.boundary28-r2,"[""ttp.r014.unit.book"",""ttp.r014.unit.id-id.chap.ieqdl"",""ttp.r014.unit.sec.primitive-roots"",""ttp.r014.unit.sec.primitive-roots.example.01"",""ttp.r014.unit.sec.primitive-roots.table.01""]",ttp.r014.unit.book/ttp.r014.unit.id-id.chap.ieqdl/ttp.r014.unit.sec.primitive-roots/ttp.r014.unit.sec.primitive-roots.example.01/ttp.r014.unit.sec.primitive-roots.table.01,generated_stable_id,,,"[""ttp.r014.qa.boundary25-translation-review-evidence"",""ttp.r014.qa.boundary25-build-pending""]"
r014.backend.record,1.0.0,ttp.r014.unit.sec.primitive-roots.tabular.01,unit,active,ttp.r014.yaintt,ttp.r014.yaintt,ttp.r014.edition.id-id.boundary28-r2,id-ID,2026-08-22T03:06:00+02:00,codex.r014.id-ID,,tabular,ttp.r014.unit.sec.primitive-roots.table.01,1,25.0001,generated:tabular:boundary25:01,Tabular data 01,Data tabular 01,"{""end_line"":4942,""path"":""authority/downloads/yaintt.tex"",""start_line"":4918}",6f044e5a32bb176fa5f884601641e7456b9cfd91e6ac051c8358f017d3d9a6bb,"{""end_line"":5535,""path"":""qa/review-candidates/boundary28-r2/yaintt-id.tex"",""start_line"":5511}",3d0786ff2a068c0f7fc452815018da86ef16cadc61a02f995523d06441a1a25a,language_reviewed,rights.yaintt.id-id.derivative.boundary28-r2,"[""ttp.r014.unit.book"",""ttp.r014.unit.id-id.chap.ieqdl"",""ttp.r014.unit.sec.primitive-roots"",""ttp.r014.unit.sec.primitive-roots.example.01"",""ttp.r014.unit.sec.primitive-roots.table.01"",""ttp.r014.unit.sec.primitive-roots.tabular.01""]",ttp.r014.unit.book/ttp.r014.unit.id-id.chap.ieqdl/ttp.r014.unit.sec.primitive-roots/ttp.r014.unit.sec.primitive-roots.example.01/ttp.r014.unit.sec.primitive-roots.table.01/ttp.r014.unit.sec.primitive-roots.tabular.01,generated_stable_id,,,"[""ttp.r014.qa.boundary25-translation-review-evidence"",""ttp.r014.qa.boundary25-build-pending""]"
r014.backend.record,1.0.0,ttp.r014.unit.sec.primitive-roots.definition.01,unit,active,ttp.r014.yaintt,ttp.r014.yaintt,ttp.r014.edition.id-id.boundary28-r2,id-ID,2026-08-22T03:06:00+02:00,codex.r014.id-ID,,definition,ttp.r014.unit.sec.primitive-roots,2,25.0002,def:primitiveroot,Definition def:primitiveroot,Definisi def:primitiveroot,"{""end_line"":4912,""path"":""authority/downloads/yaintt.tex"",""start_line"":4906}",5f8136aa15e49bc94293f37e7f84379aaac232de72167e9e20d245d3e27b6a85,"{""end_line"":5505,""path"":""qa/review-candidates/boundary28-r2/yaintt-id.tex"",""start_line"":5498}",3d466f9be94af139ff15f039b4e286311f6bbf22e1809f1846c983e66c62c440,language_reviewed,rights.yaintt.id-id.derivative.boundary28-r2,"[""ttp.r014.unit.book"",""ttp.r014.unit.id-id.chap.ieqdl"",""ttp.r014.unit.sec.primitive-roots"",""ttp.r014.unit.sec.primitive-roots.definition.01""]",ttp.r014.unit.book/ttp.r014.unit.id-id.chap.ieqdl/ttp.r014.unit.sec.primitive-roots/ttp.r014.unit.sec.primitive-roots.definition.01,source_label,,,"[""ttp.r014.qa.boundary25-translation-review-evidence"",""ttp.r014.qa.boundary25-build-pending""]"
r014.backend.record,1.0.0,ttp.r014.unit.sec.primitive-roots.discussion.02,unit,active,ttp.r014.yaintt,ttp.r014.yaintt,ttp.r014.edition.id-id.boundary28-r2,id-ID,2026-08-22T03:06:00+02:00,codex.r014.id-ID,,discussion,ttp.r014.unit.sec.primitive-roots.example.01,2,25.0002,generated:discussion:boundary25:02,Discussion 02,Pembahasan 02,"{""end_line"":4953,""path"":""authority/downloads/yaintt.tex"",""start_line"":4948}",8946be1bfc8d73ce19091522d0add66917d537a1860bc72ba28195b858ca5add,"{""end_line"":5547,""path"":""qa/review-candidates/boundary28-r2/yaintt-id.tex"",""start_line"":5542}",2fc4a4eac3f0177a9112978f2348daa963d2747495b543345a20e4bb64f8654c,language_reviewed,rights.yaintt.id-id.derivative.boundary28-r2,"[""ttp.r014.unit.book"",""ttp.r014.unit.id-id.chap.ieqdl"",""ttp.r014.unit.sec.primitive-roots"",""ttp.r014.unit.sec.primitive-roots.example.01"",""ttp.r014.unit.sec.primitive-roots.discussion.02""]",ttp.r014.unit.book/ttp.r014.unit.id-id.chap.ieqdl/ttp.r014.unit.sec.primitive-roots/ttp.r014.unit.sec.primitive-roots.example.01/ttp.r014.unit.sec.primitive-roots.discussion.02,generated_stable_id,,,"[""ttp.r014.qa.boundary25-translation-review-evidence"",""ttp.r014.qa.boundary25-build-pending""]"
r014.backend.record,1.0.0,ttp.r014.unit.sec.primitive-roots.exercise.02,unit,active,ttp.r014.yaintt,ttp.r014.yaintt,ttp.r014.edition.id-id.boundary28-r2,id-ID,2026-08-22T03:06:00+02:00,codex.r014.id-ID,,exercise,ttp.r014.unit.sec.primitive-roots.exercises,2,25.0002,generated:exercise:boundary25:02,Exercise 02,Latihan 02,"{""end_line"":5242,""path"":""authority/downloads/yaintt.tex"",""start_line"":5239}",1b0755aa7ce39819eb02c9727b9360325254989d636e07f8cebfe0a79e85df0e,"{""end_line"":5853,""path"":""qa/review-candidates/boundary28-r2/yaintt-id.tex"",""start_line"":5850}",6bdaced71e81f182ea958c7b969708302ed73d1b016bd4961d03a7dd5d730068,language_reviewed,rights.yaintt.id-id.derivative.boundary28-r2,"[""ttp.r014.unit.book"",""ttp.r014.unit.id-id.chap.ieqdl"",""ttp.r014.unit.sec.primitive-roots"",""ttp.r014.unit.sec.primitive-roots.exercises"",""ttp.r014.unit.sec.primitive-roots.exercise.02""]",ttp.r014.unit.book/ttp.r014.unit.id-id.chap.ieqdl/ttp.r014.unit.sec.primitive-roots/ttp.r014.unit.sec.primitive-roots.exercises/ttp.r014.unit.sec.primitive-roots.exercise.02,generated_stable_id,"{""answers"":[],""hints"":[],""solutions"":[],""status"":""source_has_none""}",,"[""ttp.r014.qa.boundary25-translation-review-evidence"",""ttp.r014.qa.boundary25-build-pending""]"
r014.backend.record,1.0.0,ttp.r014.unit.sec.primitive-roots,unit,active,ttp.r014.yaintt,ttp.r014.yaintt,ttp.r014.edition.id-id.boundary28-r2,id-ID,2026-08-22T03:06:00+02:00,codex.r014.id-ID,,section,ttp.r014.unit.id-id.chap.ieqdl,3,25.0003,sec:PR,Primitive Roots,Akar Primitif,"{""end_line"":5271,""path"":""authority/downloads/yaintt.tex"",""start_line"":4899}",2a996ee4091f81ebdfc18ff53b984ea20e2f479d2238dadb0148c6670e8e0966,"{""end_line"":5884,""path"":""qa/review-candidates/boundary28-r2/yaintt-id.tex"",""start_line"":5490}",9c5696354a2243b25af8c16bf6b0addcaad440dcac88236d64a1d82e4f2a34b0,language_reviewed,rights.yaintt.id-id.derivative.boundary28-r2,"[""ttp.r014.unit.book"",""ttp.r014.unit.id-id.chap.ieqdl"",""ttp.r014.unit.sec.primitive-roots""]",ttp.r014.unit.book/ttp.r014.unit.id-id.chap.ieqdl/ttp.r014.unit.sec.primitive-roots,source_label,,,"[""ttp.r014.qa.boundary25-translation-review-evidence"",""ttp.r014.qa.boundary25-build-pending""]"
r014.backend.record,1.0.0,ttp.r014.unit.sec.primitive-roots.example.01,unit,active,ttp.r014.yaintt,ttp.r014.yaintt,ttp.r014.edition.id-id.boundary28-r2,id-ID,2026-08-22T03:06:00+02:00,codex.r014.id-ID,,example,ttp.r014.unit.sec.primitive-roots,3,25.0003,eg:primitiveroots,Example eg:primitiveroots,Contoh eg:primitiveroots,"{""end_line"":4954,""path"":""authority/downloads/yaintt.tex"",""start_line"":4914}",92938e68f98ba1e0f0690a03cb74eec4b7f51b45d10a3701786508d73e2bf43a,"{""end_line"":5548,""path"":""qa/review-candidates/boundary28-r2/yaintt-id.tex"",""start_line"":5507}",583a8a34a292f18ee9f89baf8af25abbd943eac8515df5820ca7f6ffc664d7a6,language_reviewed,rights.yaintt.id-id.derivative.boundary28-r2,"[""ttp.r014.unit.book"",""ttp.r014.unit.id-id.chap.ieqdl"",""ttp.r014.unit.sec.primitive-roots"",""ttp.r014.unit.sec.primitive-roots.example.01""]",ttp.r014.unit.book/ttp.r014.unit.id-id.chap.ieqdl/ttp.r014.unit.sec.primitive-roots/ttp.r014.unit.sec.primitive-roots.example.01,source_label,,,"[""ttp.r014.qa.boundary25-translation-review-evidence"",""ttp.r014.qa.boundary25-build-pending""]"
r014.backend.record,1.0.0,ttp.r014.unit.sec.primitive-roots.exercise.03,unit,active,ttp.r014.yaintt,ttp.r014.yaintt,ttp.r014.edition.id-id.boundary28-r2,id-ID,2026-08-22T03:06:00+02:00,codex.r014.id-ID,,exercise,ttp.r014.unit.sec.primitive-roots.exercises,3,25.0003,generated:exercise:boundary25:03,Exercise 03,Latihan 03,"{""end_line"":5246,""path"":""authority/downloads/yaintt.tex"",""start_line"":5244}",b5236f28bcb5e459a8f644f877079e9e967d156c9cd33ba1df5ed466c3e07e09,"{""end_line"":5858,""path"":""qa/review-candidates/boundary28-r2/yaintt-id.tex"",""start_line"":5855}",61e5a13ee7445a64de00a3e01875c39faebc901b4819a5c952706f6e47128ba4,language_reviewed,rights.yaintt.id-id.derivative.boundary28-r2,"[""ttp.r014.unit.book"",""ttp.r014.unit.id-id.chap.ieqdl"",""ttp.r014.unit.sec.primitive-roots"",""ttp.r014.unit.sec.primitive-roots.exercises"",""ttp.r014.unit.sec.primitive-roots.exercise.03""]",ttp.r014.unit.book/ttp.r014.unit.id-id.chap.ieqdl/ttp.r014.unit.sec.primitive-roots/ttp.r014.unit.sec.primitive-roots.exercises/ttp.r014.unit.sec.primitive-roots.exercise.03,generated_stable_id,"{""answers"":[],""hints"":[],""solutions"":[],""status"":""source_has_none""}",,"[""ttp.r014.qa.boundary25-translation-review-evidence"",""ttp.r014.qa.boundary25-build-pending""]"
r014.backend.record,1.0.0,ttp.r014.unit.sec.primitive-roots.discussion.03,unit,active,ttp.r014.yaintt,ttp.r014.yaintt,ttp.r014.edition.id-id.boundary28-r2,id-ID,2026-08-22T03:06:00+02:00,codex.r014.id-ID,,discussion,ttp.r014.unit.sec.primitive-roots,4,25.0004,generated:discussion:boundary25:03,Discussion 03,Pembahasan 03,"{""end_line"":4958,""path"":""authority/downloads/yaintt.tex"",""start_line"":4956}",ec1209a274bada4cd57272806ab262b97bc94a29da43fc95e2904541e6f9673a,"{""end_line"":5553,""path"":""qa/review-candidates/boundary28-r2/yaintt-id.tex"",""start_line"":5550}",34360d52d7bde94d1bc50d822b68ade6283f4a50a590710a82d979c2b3ae9d0e,language_reviewed,rights.yaintt.id-id.derivative.boundary28-r2,"[""ttp.r014.unit.book"",""ttp.r014.unit.id-id.chap.ieqdl"",""ttp.r014.unit.sec.primitive-roots"",""ttp.r014.unit.sec.primitive-roots.discussion.03""]",ttp.r014.unit.book/ttp.r014.unit.id-id.chap.ieqdl/ttp.r014.unit.sec.primitive-roots/ttp.r014.unit.sec.primitive-roots.discussion.03,generated_stable_id,,,"[""ttp.r014.qa.boundary25-translation-review-evidence"",""ttp.r014.qa.boundary25-build-pending""]"
r014.backend.record,1.0.0,ttp.r014.unit.sec.primitive-roots.exercise.04,unit,active,ttp.r014.yaintt,ttp.r014.yaintt,ttp.r014.edition.id-id.boundary28-r2,id-ID,2026-08-22T03:06:00+02:00,codex.r014.id-ID,,exercise,ttp.r014.unit.sec.primitive-roots.exercises,4,25.0004,generated:exercise:boundary25:04,Exercise 04,Latihan 04,"{""end_line"":5252,""path"":""authority/downloads/yaintt.tex"",""start_line"":5248}",3bb344b1d4cf921ee50f17b7a22d48a66875f1e9fd5ffd6d310142ac09f7a850,"{""end_line"":5864,""path"":""qa/review-candidates/boundary28-r2/yaintt-id.tex"",""start_line"":5860}",4a27478bc9d7ce54e4705c42a17e62544ad6b5aa4ed2cf723b1f325e844d3b6d,language_reviewed,rights.yaintt.id-id.derivative.boundary28-r2,"[""ttp.r014.unit.book"",""ttp.r014.unit.id-id.chap.ieqdl"",""ttp.r014.unit.sec.primitive-roots"",""ttp.r014.unit.sec.primitive-roots.exercises"",""ttp.r014.unit.sec.primitive-roots.exercise.04""]",ttp.r014.unit.book/ttp.r014.unit.id-id.chap.ieqdl/ttp.r014.unit.sec.primitive-roots/ttp.r014.unit.sec.primitive-roots.exercises/ttp.r014.unit.sec.primitive-roots.exercise.04,generated_stable_id,"{""answers"":[],""hints"":[],""solutions"":[],""status"":""source_has_none""}",,"[""ttp.r014.qa.boundary25-translation-review-evidence"",""ttp.r014.qa.boundary25-build-pending""]"
r014.backend.record,1.0.0,ttp.r014.unit.sec.primitive-roots.exercise.05,unit,active,ttp.r014.yaintt,ttp.r014.yaintt,ttp.r014.edition.id-id.boundary28-r2,id-ID,2026-08-22T03:06:00+02:00,codex.r014.id-ID,,exercise,ttp.r014.unit.sec.primitive-roots.exercises,5,25.0005,generated:exercise:boundary25:05,Exercise 05,Latihan 05,"{""end_line"":5258,""path"":""authority/downloads/yaintt.tex"",""start_line"":5254}",f4fdd66519e02dace986b2b90ea106288e9de2c4a1939ee4b404e730fb7727f6,"{""end_line"":5870,""path"":""qa/review-candidates/boundary28-r2/yaintt-id.tex"",""start_line"":5866}",3d1e3679049617f9b8f6a71e0dc66de04b5b972116ac9779a2c3cd80ea0012f1,language_reviewed,rights.yaintt.id-id.derivative.boundary28-r2,"[""ttp.r014.unit.book"",""ttp.r014.unit.id-id.chap.ieqdl"",""ttp.r014.unit.sec.primitive-roots"",""ttp.r014.unit.sec.primitive-roots.exercises"",""ttp.r014.unit.sec.primitive-roots.exercise.05""]",ttp.r014.unit.book/ttp.r014.unit.id-id.chap.ieqdl/ttp.r014.unit.sec.primitive-roots/ttp.r014.unit.sec.primitive-roots.exercises/ttp.r014.unit.sec.primitive-roots.exercise.05,generated_stable_id,"{""answers"":[],""hints"":[],""solutions"":[],""status"":""source_has_none""}",,"[""ttp.r014.qa.boundary25-translation-review-evidence"",""ttp.r014.qa.boundary25-build-pending""]"
r014.backend.record,1.0.0,ttp.r014.unit.sec.primitive-roots.theorem.01,unit,active,ttp.r014.yaintt,ttp.r014.yaintt,ttp.r014.edition.id-id.boundary28-r2,id-ID,2026-08-22T03:06:00+02:00,codex.r014.id-ID,,theorem,ttp.r014.unit.sec.primitive-roots,5,25.0005,thm:countingprimroots,Theorem thm:countingprimroots,Teorema thm:countingprimroots,"{""end_line"":4963,""path"":""authority/downloads/yaintt.tex"",""start_line"":4959}",37fb37e47775fe2c85a7688af8b17c398e3933f2c965bdc01e909386acfa0455,"{""end_line"":5558,""path"":""qa/review-candidates/boundary28-r2/yaintt-id.tex"",""start_line"":5554}",d4567f7884c9a199a984a12289607e555d52bf646ea357e827c5dde1af4cb0bd,language_reviewed,rights.yaintt.id-id.derivative.boundary28-r2,"[""ttp.r014.unit.book"",""ttp.r014.unit.id-id.chap.ieqdl"",""ttp.r014.unit.sec.primitive-roots"",""ttp.r014.unit.sec.primitive-roots.theorem.01""]",ttp.r014.unit.book/ttp.r014.unit.id-id.chap.ieqdl/ttp.r014.unit.sec.primitive-roots/ttp.r014.unit.sec.primitive-roots.theorem.01,source_label,,,"[""ttp.r014.qa.boundary25-translation-review-evidence"",""ttp.r014.qa.boundary25-build-pending""]"
r014.backend.record,1.0.0,ttp.r014.unit.sec.primitive-roots.discussion.04,unit,active,ttp.r014.yaintt,ttp.r014.yaintt,ttp.r014.edition.id-id.boundary28-r2,id-ID,2026-08-22T03:06:00+02:00,codex.r014.id-ID,,discussion,ttp.r014.unit.sec.primitive-roots,6,25.0006,generated:discussion:boundary25:04,Discussion 04,Pembahasan 04,"{""end_line"":4998,""path"":""authority/downloads/yaintt.tex"",""start_line"":4987}",05db910fdce27a3ca196ec25bbaa650b20f347ee9e45375895a76fc0c02d5825,"{""end_line"":5594,""path"":""qa/review-candidates/boundary28-r2/yaintt-id.tex"",""start_line"":5584}",d734dcdb590aae474748f36167b7e58dc075868e037165060c6a1a4cd508324c,language_reviewed,rights.yaintt.id-id.derivative.boundary28-r2,"[""ttp.r014.unit.book"",""ttp.r014.unit.id-id.chap.ieqdl"",""ttp.r014.unit.sec.primitive-roots"",""ttp.r014.unit.sec.primitive-roots.discussion.04""]",ttp.r014.unit.book/ttp.r014.unit.id-id.chap.ieqdl/ttp.r014.unit.sec.primitive-roots/ttp.r014.unit.sec.primitive-roots.discussion.04,generated_stable_id,,,"[""ttp.r014.qa.boundary25-translation-review-evidence"",""ttp.r014.qa.boundary25-build-pending""]"
r014.backend.record,1.0.0,ttp.r014.unit.sec.primitive-roots.exercise.06,unit,active,ttp.r014.yaintt,ttp.r014.yaintt,ttp.r014.edition.id-id.boundary28-r2,id-ID,2026-08-22T03:06:00+02:00,codex.r014.id-ID,,exercise,ttp.r014.unit.sec.primitive-roots.exercises,6,25.0006,generated:exercise:boundary25:06,Exercise 06,Latihan 06,"{""end_line"":5262,""path"":""authority/downloads/yaintt.tex"",""start_line"":5260}",4c076882de35ce929901c333b7f2dade75fe15be93009c1328004c418ae57555,"{""end_line"":5874,""path"":""qa/review-candidates/boundary28-r2/yaintt-id.tex"",""start_line"":5872}",08b11cd96595173b525a6fbda6a41cb57548381543c57fe1f9b28805a715b7f3,language_reviewed,rights.yaintt.id-id.derivative.boundary28-r2,"[""ttp.r014.unit.book"",""ttp.r014.unit.id-id.chap.ieqdl"",""ttp.r014.unit.sec.primitive-roots"",""ttp.r014.unit.sec.primitive-roots.exercises"",""ttp.r014.unit.sec.primitive-roots.exercise.06""]",ttp.r014.unit.book/ttp.r014.unit.id-id.chap.ieqdl/ttp.r014.unit.sec.primitive-roots/ttp.r014.unit.sec.primitive-roots.exercises/ttp.r014.unit.sec.primitive-roots.exercise.06,generated_stable_id,"{""answers"":[],""hints"":[],""solutions"":[],""status"":""source_has_none""}",,"[""ttp.r014.qa.boundary25-translation-review-evidence"",""ttp.r014.qa.boundary25-build-pending""]"
r014.backend.record,1.0.0,ttp.r014.unit.sec.primitive-roots.exercise.07,unit,active,ttp.r014.yaintt,ttp.r014.yaintt,ttp.r014.edition.id-id.boundary28-r2,id-ID,2026-08-22T03:06:00+02:00,codex.r014.id-ID,,exercise,ttp.r014.unit.sec.primitive-roots.exercises,7,25.0007,generated:exercise:boundary25:07,Exercise 07,Latihan 07,"{""end_line"":5268,""path"":""authority/downloads/yaintt.tex"",""start_line"":5264}",2237ea704c9af329ce2d16c8fa5517207f52f17c63bccbe0bc0b7440c2bdf20a,"{""end_line"":5881,""path"":""qa/review-candidates/boundary28-r2/yaintt-id.tex"",""start_line"":5876}",81a3bbfc8e643da0a58b4000bb1c163769d43b35a7792730f3b680589887b9c4,language_reviewed,rights.yaintt.id-id.derivative.boundary28-r2,"[""ttp.r014.unit.book"",""ttp.r014.unit.id-id.chap.ieqdl"",""ttp.r014.unit.sec.primitive-roots"",""ttp.r014.unit.sec.primitive-roots.exercises"",""ttp.r014.unit.sec.primitive-roots.exercise.07""]",ttp.r014.unit.book/ttp.r014.unit.id-id.chap.ieqdl/ttp.r014.unit.sec.primitive-roots/ttp.r014.unit.sec.primitive-roots.exercises/ttp.r014.unit.sec.primitive-roots.exercise.07,generated_stable_id,"{""answers"":[],""hints"":[],""solutions"":[],""status"":""source_has_none""}",,"[""ttp.r014.qa.boundary25-translation-review-evidence"",""ttp.r014.qa.boundary25-build-pending""]"
r014.backend.record,1.0.0,ttp.r014.unit.sec.primitive-roots.theorem.02,unit,active,ttp.r014.yaintt,ttp.r014.yaintt,ttp.r014.edition.id-id.boundary28-r2,id-ID,2026-08-22T03:06:00+02:00,codex.r014.id-ID,,theorem,ttp.r014.unit.sec.primitive-roots,7,25.0007,thm:lagrangepolynomials,Theorem thm:lagrangepolynomials,Teorema thm:lagrangepolynomials,"{""end_line"":5006,""path"":""authority/downloads/yaintt.tex"",""start_line"":4999}",ab128baa5bd647a78fba9fa270653cc36297d8a968176ca78272498ccd095708,"{""end_line"":5603,""path"":""qa/review-candidates/boundary28-r2/yaintt-id.tex"",""start_line"":5595}",39193ca63884617e1edb49bbf41faa66df0ee205bf9baeecf5582c9c3c7b1b6e,language_reviewed,rights.yaintt.id-id.derivative.boundary28-r2,"[""ttp.r014.unit.book"",""ttp.r014.unit.id-id.chap.ieqdl"",""ttp.r014.unit.sec.primitive-roots"",""ttp.r014.unit.sec.primitive-roots.theorem.02""]",ttp.r014.unit.book/ttp.r014.unit.id-id.chap.ieqdl/ttp.r014.unit.sec.primitive-roots/ttp.r014.unit.sec.primitive-roots.theorem.02,source_label,,,"[""ttp.r014.qa.boundary25-translation-review-evidence"",""ttp.r014.qa.boundary25-build-pending""]"
r014.backend.record,1.0.0,ttp.r014.unit.sec.primitive-roots.discussion.05,unit,active,ttp.r014.yaintt,ttp.r014.yaintt,ttp.r014.edition.id-id.boundary28-r2,id-ID,2026-08-22T03:06:00+02:00,codex.r014.id-ID,,discussion,ttp.r014.unit.sec.primitive-roots,8,25.0008,generated:discussion:boundary25:05,Discussion 05,Pembahasan 05,"{""end_line"":5073,""path"":""authority/downloads/yaintt.tex"",""start_line"":5070}",e964c852b5c2ea9eea63ee999984547af94d8d3de1b79ae51373561ac5f91e0f,"{""end_line"":5672,""path"":""qa/review-candidates/boundary28-r2/yaintt-id.tex"",""start_line"":5669}",51a9c244c445117cd4536a4148fa58530cfe6fd8033d581b380cc0232e8cf3e5,language_reviewed,rights.yaintt.id-id.derivative.boundary28-r2,"[""ttp.r014.unit.book"",""ttp.r014.unit.id-id.chap.ieqdl"",""ttp.r014.unit.sec.primitive-roots"",""ttp.r014.unit.sec.primitive-roots.discussion.05""]",ttp.r014.unit.book/ttp.r014.unit.id-id.chap.ieqdl/ttp.r014.unit.sec.primitive-roots/ttp.r014.unit.sec.primitive-roots.discussion.05,generated_stable_id,,,"[""ttp.r014.qa.boundary25-translation-review-evidence"",""ttp.r014.qa.boundary25-build-pending""]"
r014.backend.record,1.0.0,ttp.r014.unit.sec.primitive-roots.theorem.03,unit,active,ttp.r014.yaintt,ttp.r014.yaintt,ttp.r014.edition.id-id.boundary28-r2,id-ID,2026-08-22T03:06:00+02:00,codex.r014.id-ID,,theorem,ttp.r014.unit.sec.primitive-roots,9,25.0009,thm:drootsforxtothed,Theorem thm:drootsforxtothed,Teorema thm:drootsforxtothed,"{""end_line"":5080,""path"":""authority/downloads/yaintt.tex"",""start_line"":5074}",74756ea6d7bffdfe841e4372509e5e6290f121e90d750b3b9f5c7e92255ce62c,"{""end_line"":5680,""path"":""qa/review-candidates/boundary28-r2/yaintt-id.tex"",""start_line"":5673}",21826e4df98b279ba77172d23c4e8f265682f7fd2424f1540a27a85e36e4ab91,language_reviewed,rights.yaintt.id-id.derivative.boundary28-r2,"[""ttp.r014.unit.book"",""ttp.r014.unit.id-id.chap.ieqdl"",""ttp.r014.unit.sec.primitive-roots"",""ttp.r014.unit.sec.primitive-roots.theorem.03""]",ttp.r014.unit.book/ttp.r014.unit.id-id.chap.ieqdl/ttp.r014.unit.sec.primitive-roots/ttp.r014.unit.sec.primitive-roots.theorem.03,source_label,,,"[""ttp.r014.qa.boundary25-translation-review-evidence"",""ttp.r014.qa.boundary25-build-pending""]"
r014.backend.record,1.0.0,ttp.r014.unit.sec.primitive-roots.discussion.06,unit,active,ttp.r014.yaintt,ttp.r014.yaintt,ttp.r014.edition.id-id.boundary28-r2,id-ID,2026-08-22T03:06:00+02:00,codex.r014.id-ID,,discussion,ttp.r014.unit.sec.primitive-roots,10,25.0010,generated:discussion:boundary25:06,Discussion 06,Pembahasan 06,"{""end_line"":5105,""path"":""authority/downloads/yaintt.tex"",""start_line"":5102}",687255c33daf7d5e8ab4cb1a07b43482d5bf735607d94d49a67d9c18e368b410,"{""end_line"":5709,""path"":""qa/review-candidates/boundary28-r2/yaintt-id.tex"",""start_line"":5705}",7c2e78552c5d9918c9af7c2a6222bb012c489569d6dbc75e188720ba75f0a766,language_reviewed,rights.yaintt.id-id.derivative.boundary28-r2,"[""ttp.r014.unit.book"",""ttp.r014.unit.id-id.chap.ieqdl"",""ttp.r014.unit.sec.primitive-roots"",""ttp.r014.unit.sec.primitive-roots.discussion.06""]",ttp.r014.unit.book/ttp.r014.unit.id-id.chap.ieqdl/ttp.r014.unit.sec.primitive-roots/ttp.r014.unit.sec.primitive-roots.discussion.06,generated_stable_id,,,"[""ttp.r014.qa.boundary25-translation-review-evidence"",""ttp.r014.qa.boundary25-build-pending""]"
r014.backend.record,1.0.0,ttp.r014.unit.sec.primitive-roots.theorem.04,unit,active,ttp.r014.yaintt,ttp.r014.yaintt,ttp.r014.edition.id-id.boundary28-r2,id-ID,2026-08-22T03:06:00+02:00,codex.r014.id-ID,,theorem,ttp.r014.unit.sec.primitive-roots,11,25.0011,thm:numelmentswithordinmodp,Theorem thm:numelmentswithordinmodp,Teorema thm:numelmentswithordinmodp,"{""end_line"":5109,""path"":""authority/downloads/yaintt.tex"",""start_line"":5106}",97a40036e7547ff0a67f5bb3a5ebf2896dad9309b9f1afc8705c2151f1f09c82,"{""end_line"":5714,""path"":""qa/review-candidates/boundary28-r2/yaintt-id.tex"",""start_line"":5710}",9a3453d27321e9f4fe2124036e8d295f4cc9f4b7be76fb23025fe716d62d0dcd,language_reviewed,rights.yaintt.id-id.derivative.boundary28-r2,"[""ttp.r014.unit.book"",""ttp.r014.unit.id-id.chap.ieqdl"",""ttp.r014.unit.sec.primitive-roots"",""ttp.r014.unit.sec.primitive-roots.theorem.04""]",ttp.r014.unit.book/ttp.r014.unit.id-id.chap.ieqdl/ttp.r014.unit.sec.primitive-roots/ttp.r014.unit.sec.primitive-roots.theorem.04,source_label,,,"[""ttp.r014.qa.boundary25-translation-review-evidence"",""ttp.r014.qa.boundary25-build-pending""]"
r014.backend.record,1.0.0,ttp.r014.unit.sec.primitive-roots.discussion.07,unit,active,ttp.r014.yaintt,ttp.r014.yaintt,ttp.r014.edition.id-id.boundary28-r2,id-ID,2026-08-22T03:06:00+02:00,codex.r014.id-ID,,discussion,ttp.r014.unit.sec.primitive-roots,12,25.0012,generated:discussion:boundary25:07,Discussion 07,Pembahasan 07,"{""end_line"":5167,""path"":""authority/downloads/yaintt.tex"",""start_line"":5165}",f75daa4bbedaf0af622237666ad666de294fca34a0d25502145ad21644674975,"{""end_line"":5774,""path"":""qa/review-candidates/boundary28-r2/yaintt-id.tex"",""start_line"":5772}",fab0f95969a638c130b5c7a80b52699ebc9a7debfa9ff018711860d74d01b9b2,language_reviewed,rights.yaintt.id-id.derivative.boundary28-r2,"[""ttp.r014.unit.book"",""ttp.r014.unit.id-id.chap.ieqdl"",""ttp.r014.unit.sec.primitive-roots"",""ttp.r014.unit.sec.primitive-roots.discussion.07""]",ttp.r014.unit.book/ttp.r014.unit.id-id.chap.ieqdl/ttp.r014.unit.sec.primitive-roots/ttp.r014.unit.sec.primitive-roots.discussion.07,generated_stable_id,,,"[""ttp.r014.qa.boundary25-translation-review-evidence"",""ttp.r014.qa.boundary25-build-pending""]"
r014.backend.record,1.0.0,ttp.r014.unit.sec.primitive-roots.corollary.01,unit,active,ttp.r014.yaintt,ttp.r014.yaintt,ttp.r014.edition.id-id.boundary28-r2,id-ID,2026-08-22T03:06:00+02:00,codex.r014.id-ID,,corollary,ttp.r014.unit.sec.primitive-roots,13,25.0013,cor:primrootsforprimes,Corollary cor:primrootsforprimes,Korolari cor:primrootsforprimes,"{""end_line"":5170,""path"":""authority/downloads/yaintt.tex"",""start_line"":5168}",92caad98716d6a320c9f24334a5af206988d67e6d8e0493de64a3fc36b198ca0,"{""end_line"":5779,""path"":""qa/review-candidates/boundary28-r2/yaintt-id.tex"",""start_line"":5775}",bf835d1da355838648d148bcda643e419cf6475d9b0c2efee3c7947495ce2060,language_reviewed,rights.yaintt.id-id.derivative.boundary28-r2,"[""ttp.r014.unit.book"",""ttp.r014.unit.id-id.chap.ieqdl"",""ttp.r014.unit.sec.primitive-roots"",""ttp.r014.unit.sec.primitive-roots.corollary.01""]",ttp.r014.unit.book/ttp.r014.unit.id-id.chap.ieqdl/ttp.r014.unit.sec.primitive-roots/ttp.r014.unit.sec.primitive-roots.corollary.01,source_label,,,"[""ttp.r014.qa.boundary25-translation-review-evidence"",""ttp.r014.qa.boundary25-build-pending""]"
r014.backend.record,1.0.0,ttp.r014.unit.sec.primitive-roots.discussion.08,unit,active,ttp.r014.yaintt,ttp.r014.yaintt,ttp.r014.edition.id-id.boundary28-r2,id-ID,2026-08-22T03:06:00+02:00,codex.r014.id-ID,,discussion,ttp.r014.unit.sec.primitive-roots,14,25.0014,generated:discussion:boundary25:08,Discussion 08,Pembahasan 08,"{""end_line"":5178,""path"":""authority/downloads/yaintt.tex"",""start_line"":5175}",3d15e02d0173ec9baa882072d1789b5a9c841fa8fa73b4da49308329f1bb4a94,"{""end_line"":5787,""path"":""qa/review-candidates/boundary28-r2/yaintt-id.tex"",""start_line"":5784}",746fbdad24fd034c848cca7e2a6f7156de619f8b5820b0cbd7567899661f106e,language_reviewed,rights.yaintt.id-id.derivative.boundary28-r2,"[""ttp.r014.unit.book"",""ttp.r014.unit.id-id.chap.ieqdl"",""ttp.r014.unit.sec.primitive-roots"",""ttp.r014.unit.sec.primitive-roots.discussion.08""]",ttp.r014.unit.book/ttp.r014.unit.id-id.chap.ieqdl/ttp.r014.unit.sec.primitive-roots/ttp.r014.unit.sec.primitive-roots.discussion.08,generated_stable_id,,,"[""ttp.r014.qa.boundary25-translation-review-evidence"",""ttp.r014.qa.boundary25-build-pending""]"
r014.backend.record,1.0.0,ttp.r014.unit.sec.primitive-roots.theorem.05,unit,active,ttp.r014.yaintt,ttp.r014.yaintt,ttp.r014.edition.id-id.boundary28-r2,id-ID,2026-08-22T03:06:00+02:00,codex.r014.id-ID,,theorem,ttp.r014.unit.sec.primitive-roots,15,25.0015,thm:noPRspowersoftwo,Theorem thm:noPRspowersoftwo,Teorema thm:noPRspowersoftwo,"{""end_line"":5181,""path"":""authority/downloads/yaintt.tex"",""start_line"":5179}",f2cbb363d0d2110fcc56e98a1fcda9cd7f354f4acc578f9c83c2381049a08e27,"{""end_line"":5790,""path"":""qa/review-candidates/boundary28-r2/yaintt-id.tex"",""start_line"":5788}",d6c57e22065c052af6df85589ec4429ebdf146d33fb1c330fe3af85eba2b6f81,language_reviewed,rights.yaintt.id-id.derivative.boundary28-r2,"[""ttp.r014.unit.book"",""ttp.r014.unit.id-id.chap.ieqdl"",""ttp.r014.unit.sec.primitive-roots"",""ttp.r014.unit.sec.primitive-roots.theorem.05""]",ttp.r014.unit.book/ttp.r014.unit.id-id.chap.ieqdl/ttp.r014.unit.sec.primitive-roots/ttp.r014.unit.sec.primitive-roots.theorem.05,source_label,,,"[""ttp.r014.qa.boundary25-translation-review-evidence"",""ttp.r014.qa.boundary25-build-pending""]"
r014.backend.record,1.0.0,ttp.r014.unit.sec.primitive-roots.discussion.09,unit,active,ttp.r014.yaintt,ttp.r014.yaintt,ttp.r014.edition.id-id.boundary28-r2,id-ID,2026-08-22T03:06:00+02:00,codex.r014.id-ID,,discussion,ttp.r014.unit.sec.primitive-roots,16,25.0016,generated:discussion:boundary25:09,Discussion 09,Pembahasan 09,"{""end_line"":5225,""path"":""authority/downloads/yaintt.tex"",""start_line"":5222}",a16a97a1c6b01e420e75c4392d49af0f7dae94f2ca8fabb4991a488e49d3eec0,"{""end_line"":5836,""path"":""qa/review-candidates/boundary28-r2/yaintt-id.tex"",""start_line"":5833}",94eb5a0352f2174dbfabbea6b82d0332fd0b62d619367009d97a6a21570e20aa,language_reviewed,rights.yaintt.id-id.derivative.boundary28-r2,"[""ttp.r014.unit.book"",""ttp.r014.unit.id-id.chap.ieqdl"",""ttp.r014.unit.sec.primitive-roots"",""ttp.r014.unit.sec.primitive-roots.discussion.09""]",ttp.r014.unit.book/ttp.r014.unit.id-id.chap.ieqdl/ttp.r014.unit.sec.primitive-roots/ttp.r014.unit.sec.primitive-roots.discussion.09,generated_stable_id,,,"[""ttp.r014.qa.boundary25-translation-review-evidence"",""ttp.r014.qa.boundary25-build-pending""]"
r014.backend.record,1.0.0,ttp.r014.unit.sec.primitive-roots.exercises,unit,active,ttp.r014.yaintt,ttp.r014.yaintt,ttp.r014.edition.id-id.boundary28-r2,id-ID,2026-08-22T03:06:00+02:00,codex.r014.id-ID,,exercise_group,ttp.r014.unit.sec.primitive-roots,17,25.0017,generated:exercise-group:boundary25,Exercises,Latihan,"{""end_line"":5271,""path"":""authority/downloads/yaintt.tex"",""start_line"":5232}",7f58a9efca65461961966337ec3434bd0b343074e1a9c6232a4b75da302f68fc,"{""end_line"":5884,""path"":""qa/review-candidates/boundary28-r2/yaintt-id.tex"",""start_line"":5843}",75081bad32d97d9e1b0d91e6870dd11671f4a23f31e5bc1002243aa9a1e8cc5a,language_reviewed,rights.yaintt.id-id.derivative.boundary28-r2,"[""ttp.r014.unit.book"",""ttp.r014.unit.id-id.chap.ieqdl"",""ttp.r014.unit.sec.primitive-roots"",""ttp.r014.unit.sec.primitive-roots.exercises""]",ttp.r014.unit.book/ttp.r014.unit.id-id.chap.ieqdl/ttp.r014.unit.sec.primitive-roots/ttp.r014.unit.sec.primitive-roots.exercises,generated_stable_id,,,"[""ttp.r014.qa.boundary25-translation-review-evidence"",""ttp.r014.qa.boundary25-build-pending""]"
r014.backend.record,1.0.0,ttp.r014.unit.sec.indices.discussion.01,unit,active,ttp.r014.yaintt,ttp.r014.yaintt,ttp.r014.edition.id-id.boundary28-r2,id-ID,2026-08-22T03:06:00+02:00,codex.r014.id-ID,,discussion,ttp.r014.unit.sec.indices,1,26.0001,generated:discussion:boundary26:01,Discussion 01,Pembahasan 01,"{""end_line"":5281,""path"":""authority/downloads/yaintt.tex"",""start_line"":5273}",004d824ba1d89824efbfd2c89eb854ef5790ad411b68eb740b9cd889cff85c6a,"{""end_line"":5905,""path"":""qa/review-candidates/boundary28-r2/yaintt-id.tex"",""start_line"":5896}",7ef8eb708c66388b40518c23def788b03822b9be92b28bc69252a60e325c62fb,language_reviewed,rights.yaintt.id-id.derivative.boundary28-r2,"[""ttp.r014.unit.book"",""ttp.r014.unit.id-id.chap.ieqdl"",""ttp.r014.unit.sec.indices"",""ttp.r014.unit.sec.indices.discussion.01""]",ttp.r014.unit.book/ttp.r014.unit.id-id.chap.ieqdl/ttp.r014.unit.sec.indices/ttp.r014.unit.sec.indices.discussion.01,generated_stable_id,,,"[""ttp.r014.qa.boundary26-translation-review-evidence"",""ttp.r014.qa.boundary26-build-pending""]"
r014.backend.record,1.0.0,ttp.r014.unit.sec.indices.exercise.01,unit,active,ttp.r014.yaintt,ttp.r014.yaintt,ttp.r014.edition.id-id.boundary28-r2,id-ID,2026-08-22T03:06:00+02:00,codex.r014.id-ID,,exercise,ttp.r014.unit.sec.indices.exercises,1,26.0001,generated:exercise:boundary26:01,Exercise 01,Latihan 01,"{""end_line"":5502,""path"":""authority/downloads/yaintt.tex"",""start_line"":5498}",5175ad2540fba248996cb5b831ccbb355165701f45152a603d3ec6f5ef99ed36,"{""end_line"":6133,""path"":""qa/review-candidates/boundary28-r2/yaintt-id.tex"",""start_line"":6129}",4000b8dda951e4cc2021d5fb910508a6d03ee950038e56ecb129e41cefaef43b,language_reviewed,rights.yaintt.id-id.derivative.boundary28-r2,"[""ttp.r014.unit.book"",""ttp.r014.unit.id-id.chap.ieqdl"",""ttp.r014.unit.sec.indices"",""ttp.r014.unit.sec.indices.exercises"",""ttp.r014.unit.sec.indices.exercise.01""]",ttp.r014.unit.book/ttp.r014.unit.id-id.chap.ieqdl/ttp.r014.unit.sec.indices/ttp.r014.unit.sec.indices.exercises/ttp.r014.unit.sec.indices.exercise.01,generated_stable_id,"{""answers"":[],""hints"":[],""solutions"":[],""status"":""source_has_none""}",,"[""ttp.r014.qa.boundary26-translation-review-evidence"",""ttp.r014.qa.boundary26-build-pending""]"
r014.backend.record,1.0.0,ttp.r014.unit.sec.indices.table.01,unit,active,ttp.r014.yaintt,ttp.r014.yaintt,ttp.r014.edition.id-id.boundary28-r2,id-ID,2026-08-22T03:06:00+02:00,codex.r014.id-ID,,table,ttp.r014.unit.sec.indices.example.01,1,26.0001,generated:table:boundary26:01,Table 01,Tabel 01,"{""end_line"":5361,""path"":""authority/downloads/yaintt.tex"",""start_line"":5297}",2220294cd22ccd2fed9801acc3c4fddf4a813ac598f98f453ed8c42591864070,"{""end_line"":5988,""path"":""qa/review-candidates/boundary28-r2/yaintt-id.tex"",""start_line"":5924}",07128442a2ab0b1b4cbcd865612b11bd250c2576efd9d916fada97c49f3bf896,language_reviewed,rights.yaintt.id-id.derivative.boundary28-r2,"[""ttp.r014.unit.book"",""ttp.r014.unit.id-id.chap.ieqdl"",""ttp.r014.unit.sec.indices"",""ttp.r014.unit.sec.indices.example.01"",""ttp.r014.unit.sec.indices.table.01""]",ttp.r014.unit.book/ttp.r014.unit.id-id.chap.ieqdl/ttp.r014.unit.sec.indices/ttp.r014.unit.sec.indices.example.01/ttp.r014.unit.sec.indices.table.01,generated_stable_id,,,"[""ttp.r014.qa.boundary26-translation-review-evidence"",""ttp.r014.qa.boundary26-build-pending""]"
r014.backend.record,1.0.0,ttp.r014.unit.sec.indices.tabular.01,unit,active,ttp.r014.yaintt,ttp.r014.yaintt,ttp.r014.edition.id-id.boundary28-r2,id-ID,2026-08-22T03:06:00+02:00,codex.r014.id-ID,,tabular,ttp.r014.unit.sec.indices.table.01,1,26.0001,generated:tabular:boundary26:01,Tabular data 01,Data tabular 01,"{""end_line"":5328,""path"":""authority/downloads/yaintt.tex"",""start_line"":5298}",a0767d0173a735647ba1af2adc809ecf426a404c3b12cf120a7bf2ce0c94e485,"{""end_line"":5955,""path"":""qa/review-candidates/boundary28-r2/yaintt-id.tex"",""start_line"":5925}",a0767d0173a735647ba1af2adc809ecf426a404c3b12cf120a7bf2ce0c94e485,language_reviewed,rights.yaintt.id-id.derivative.boundary28-r2,"[""ttp.r014.unit.book"",""ttp.r014.unit.id-id.chap.ieqdl"",""ttp.r014.unit.sec.indices"",""ttp.r014.unit.sec.indices.example.01"",""ttp.r014.unit.sec.indices.table.01"",""ttp.r014.unit.sec.indices.tabular.01""]",ttp.r014.unit.book/ttp.r014.unit.id-id.chap.ieqdl/ttp.r014.unit.sec.indices/ttp.r014.unit.sec.indices.example.01/ttp.r014.unit.sec.indices.table.01/ttp.r014.unit.sec.indices.tabular.01,generated_stable_id,,,"[""ttp.r014.qa.boundary26-translation-review-evidence"",""ttp.r014.qa.boundary26-build-pending""]"
r014.backend.record,1.0.0,ttp.r014.unit.sec.indices.tabular.03,unit,active,ttp.r014.yaintt,ttp.r014.yaintt,ttp.r014.edition.id-id.boundary28-r2,id-ID,2026-08-22T03:06:00+02:00,codex.r014.id-ID,,tabular,ttp.r014.unit.sec.indices.table.02,1,26.0001,generated:tabular:boundary26:03,Tabular data 03,Data tabular 03,"{""end_line"":5389,""path"":""authority/downloads/yaintt.tex"",""start_line"":5368}",6dca057dc160c3b1096de3073401a4237fbfdf7ec0cbc4a05dfb2934c7e32326,"{""end_line"":6016,""path"":""qa/review-candidates/boundary28-r2/yaintt-id.tex"",""start_line"":5995}",b4bc9e5e55bb5b9c2393640f2c89476f3507f497692d58dbcfcb2a30dc71e852,language_reviewed,rights.yaintt.id-id.derivative.boundary28-r2,"[""ttp.r014.unit.book"",""ttp.r014.unit.id-id.chap.ieqdl"",""ttp.r014.unit.sec.indices"",""ttp.r014.unit.sec.indices.example.01"",""ttp.r014.unit.sec.indices.table.02"",""ttp.r014.unit.sec.indices.tabular.03""]",ttp.r014.unit.book/ttp.r014.unit.id-id.chap.ieqdl/ttp.r014.unit.sec.indices/ttp.r014.unit.sec.indices.example.01/ttp.r014.unit.sec.indices.table.02/ttp.r014.unit.sec.indices.tabular.03,generated_stable_id,,,"[""ttp.r014.qa.boundary26-translation-review-evidence"",""ttp.r014.qa.boundary26-build-pending""]"
r014.backend.record,1.0.0,ttp.r014.unit.sec.indices.wrapfigure.01,unit,active,ttp.r014.yaintt,ttp.r014.yaintt,ttp.r014.edition.id-id.boundary28-r2,id-ID,2026-08-22T03:06:00+02:00,codex.r014.id-ID,,figure,ttp.r014.unit.sec.indices.discussion.04,1,26.0001,generated:wrapfigure:boundary26:01,Wrapped figure 01,Gambar berbalut 01,"{""end_line"":5483,""path"":""authority/downloads/yaintt.tex"",""start_line"":5478}",baf08a27adb28d9391b0a88a2f65ad00a1c071395b76ba3719070d9c962e01ff,"{""end_line"":6114,""path"":""qa/review-candidates/boundary28-r2/yaintt-id.tex"",""start_line"":6109}",baf08a27adb28d9391b0a88a2f65ad00a1c071395b76ba3719070d9c962e01ff,language_reviewed,rights.yaintt.id-id.derivative.boundary28-r2,"[""ttp.r014.unit.book"",""ttp.r014.unit.id-id.chap.ieqdl"",""ttp.r014.unit.sec.indices"",""ttp.r014.unit.sec.indices.discussion.04"",""ttp.r014.unit.sec.indices.wrapfigure.01""]",ttp.r014.unit.book/ttp.r014.unit.id-id.chap.ieqdl/ttp.r014.unit.sec.indices/ttp.r014.unit.sec.indices.discussion.04/ttp.r014.unit.sec.indices.wrapfigure.01,generated_stable_id,,,"[""ttp.r014.qa.boundary26-translation-review-evidence"",""ttp.r014.qa.boundary26-build-pending""]"
r014.backend.record,1.0.0,ttp.r014.unit.sec.indices.definition.01,unit,active,ttp.r014.yaintt,ttp.r014.yaintt,ttp.r014.edition.id-id.boundary28-r2,id-ID,2026-08-22T03:06:00+02:00,codex.r014.id-ID,,definition,ttp.r014.unit.sec.indices,2,26.0002,def:index,Definition def:index,Definisi def:index,"{""end_line"":5289,""path"":""authority/downloads/yaintt.tex"",""start_line"":5282}",bf0697e07339fdb0b5f120793ec3f7160dceacce9fb3bc25468dae6bf6e10e88,"{""end_line"":5915,""path"":""qa/review-candidates/boundary28-r2/yaintt-id.tex"",""start_line"":5906}",146b2b908e2014d063a75c1df731d5492d09d8087b077b9fa6f2b89c9e0fd503,language_reviewed,rights.yaintt.id-id.derivative.boundary28-r2,"[""ttp.r014.unit.book"",""ttp.r014.unit.id-id.chap.ieqdl"",""ttp.r014.unit.sec.indices"",""ttp.r014.unit.sec.indices.definition.01""]",ttp.r014.unit.book/ttp.r014.unit.id-id.chap.ieqdl/ttp.r014.unit.sec.indices/ttp.r014.unit.sec.indices.definition.01,source_label,,,"[""ttp.r014.qa.boundary26-translation-review-evidence"",""ttp.r014.qa.boundary26-build-pending""]"
r014.backend.record,1.0.0,ttp.r014.unit.sec.indices.exercise.02,unit,active,ttp.r014.yaintt,ttp.r014.yaintt,ttp.r014.edition.id-id.boundary28-r2,id-ID,2026-08-22T03:06:00+02:00,codex.r014.id-ID,,exercise,ttp.r014.unit.sec.indices.exercises,2,26.0002,generated:exercise:boundary26:02,Exercise 02,Latihan 02,"{""end_line"":5509,""path"":""authority/downloads/yaintt.tex"",""start_line"":5504}",7fdab4df4feef7fcf4dd8d7a8d5f396ec6d30b25446eae32d22e0495bf29a089,"{""end_line"":6140,""path"":""qa/review-candidates/boundary28-r2/yaintt-id.tex"",""start_line"":6135}",8bfe7eb3e52c64483558524a09868e1856bb2b3caa7635784177c708f447c7e3,language_reviewed,rights.yaintt.id-id.derivative.boundary28-r2,"[""ttp.r014.unit.book"",""ttp.r014.unit.id-id.chap.ieqdl"",""ttp.r014.unit.sec.indices"",""ttp.r014.unit.sec.indices.exercises"",""ttp.r014.unit.sec.indices.exercise.02""]",ttp.r014.unit.book/ttp.r014.unit.id-id.chap.ieqdl/ttp.r014.unit.sec.indices/ttp.r014.unit.sec.indices.exercises/ttp.r014.unit.sec.indices.exercise.02,generated_stable_id,"{""answers"":[],""hints"":[],""solutions"":[],""status"":""source_has_none""}",,"[""ttp.r014.qa.boundary26-translation-review-evidence"",""ttp.r014.qa.boundary26-build-pending""]"
r014.backend.record,1.0.0,ttp.r014.unit.sec.indices.table.02,unit,active,ttp.r014.yaintt,ttp.r014.yaintt,ttp.r014.edition.id-id.boundary28-r2,id-ID,2026-08-22T03:06:00+02:00,codex.r014.id-ID,,table,ttp.r014.unit.sec.indices.example.01,2,26.0002,generated:table:boundary26:02,Table 02,Tabel 02,"{""end_line"":5392,""path"":""authority/downloads/yaintt.tex"",""start_line"":5367}",62edd888c2e63dfc10c23eb9d673f94442112d085380e21aee3576f1584f7fd5,"{""end_line"":6019,""path"":""qa/review-candidates/boundary28-r2/yaintt-id.tex"",""start_line"":5994}",cbfbcd084758f418abad074e66f143af44d313cab2010555e225014df271176e,language_reviewed,rights.yaintt.id-id.derivative.boundary28-r2,"[""ttp.r014.unit.book"",""ttp.r014.unit.id-id.chap.ieqdl"",""ttp.r014.unit.sec.indices"",""ttp.r014.unit.sec.indices.example.01"",""ttp.r014.unit.sec.indices.table.02""]",ttp.r014.unit.book/ttp.r014.unit.id-id.chap.ieqdl/ttp.r014.unit.sec.indices/ttp.r014.unit.sec.indices.example.01/ttp.r014.unit.sec.indices.table.02,generated_stable_id,,,"[""ttp.r014.qa.boundary26-translation-review-evidence"",""ttp.r014.qa.boundary26-build-pending""]"
r014.backend.record,1.0.0,ttp.r014.unit.sec.indices.tabular.02,unit,active,ttp.r014.yaintt,ttp.r014.yaintt,ttp.r014.edition.id-id.boundary28-r2,id-ID,2026-08-22T03:06:00+02:00,codex.r014.id-ID,,tabular,ttp.r014.unit.sec.indices.table.01,2,26.0002,generated:tabular:boundary26:02,Tabular data 02,Data tabular 02,"{""end_line"":5358,""path"":""authority/downloads/yaintt.tex"",""start_line"":5330}",aa1890492ada8e62a46a8027b1f46b384f4247e07ca342e44e44f1c08eb74b6d,"{""end_line"":5985,""path"":""qa/review-candidates/boundary28-r2/yaintt-id.tex"",""start_line"":5957}",aa1890492ada8e62a46a8027b1f46b384f4247e07ca342e44e44f1c08eb74b6d,language_reviewed,rights.yaintt.id-id.derivative.boundary28-r2,"[""ttp.r014.unit.book"",""ttp.r014.unit.id-id.chap.ieqdl"",""ttp.r014.unit.sec.indices"",""ttp.r014.unit.sec.indices.example.01"",""ttp.r014.unit.sec.indices.table.01"",""ttp.r014.unit.sec.indices.tabular.02""]",ttp.r014.unit.book/ttp.r014.unit.id-id.chap.ieqdl/ttp.r014.unit.sec.indices/ttp.r014.unit.sec.indices.example.01/ttp.r014.unit.sec.indices.table.01/ttp.r014.unit.sec.indices.tabular.02,generated_stable_id,,,"[""ttp.r014.qa.boundary26-translation-review-evidence"",""ttp.r014.qa.boundary26-build-pending""]"
r014.backend.record,1.0.0,ttp.r014.unit.sec.indices.example.01,unit,active,ttp.r014.yaintt,ttp.r014.yaintt,ttp.r014.edition.id-id.boundary28-r2,id-ID,2026-08-22T03:06:00+02:00,codex.r014.id-ID,,example,ttp.r014.unit.sec.indices,3,26.0003,eg:indexvals,Example eg:indexvals,Contoh eg:indexvals,"{""end_line"":5393,""path"":""authority/downloads/yaintt.tex"",""start_line"":5291}",38a1556031ae871b3cee096235e6bde6dd1010da5a7d4afe3e1e2bb259a6ba6b,"{""end_line"":6020,""path"":""qa/review-candidates/boundary28-r2/yaintt-id.tex"",""start_line"":5917}",5dfdfff6c2a39f340edfc2577380d6bbb8c19a61bd23ee7bb202f0252e193766,language_reviewed,rights.yaintt.id-id.derivative.boundary28-r2,"[""ttp.r014.unit.book"",""ttp.r014.unit.id-id.chap.ieqdl"",""ttp.r014.unit.sec.indices"",""ttp.r014.unit.sec.indices.example.01""]",ttp.r014.unit.book/ttp.r014.unit.id-id.chap.ieqdl/ttp.r014.unit.sec.indices/ttp.r014.unit.sec.indices.example.01,source_label,,,"[""ttp.r014.qa.boundary26-translation-review-evidence"",""ttp.r014.qa.boundary26-build-pending""]"
r014.backend.record,1.0.0,ttp.r014.unit.sec.indices.exercise.03,unit,active,ttp.r014.yaintt,ttp.r014.yaintt,ttp.r014.edition.id-id.boundary28-r2,id-ID,2026-08-22T03:06:00+02:00,codex.r014.id-ID,,exercise,ttp.r014.unit.sec.indices.exercises,3,26.0003,generated:exercise:boundary26:03,Exercise 03,Latihan 03,"{""end_line"":5520,""path"":""authority/downloads/yaintt.tex"",""start_line"":5511}",7bbaad19cf8181fe82ddcb199382e990542b1bbfce46fb6deea67e5e02851086,"{""end_line"":6151,""path"":""qa/review-candidates/boundary28-r2/yaintt-id.tex"",""start_line"":6142}",b7b2dc9b03b7b6a8e12924bdf392e8009bd39a3ef2149cbb6653676b356971e8,language_reviewed,rights.yaintt.id-id.derivative.boundary28-r2,"[""ttp.r014.unit.book"",""ttp.r014.unit.id-id.chap.ieqdl"",""ttp.r014.unit.sec.indices"",""ttp.r014.unit.sec.indices.exercises"",""ttp.r014.unit.sec.indices.exercise.03""]",ttp.r014.unit.book/ttp.r014.unit.id-id.chap.ieqdl/ttp.r014.unit.sec.indices/ttp.r014.unit.sec.indices.exercises/ttp.r014.unit.sec.indices.exercise.03,generated_stable_id,"{""answers"":[],""hints"":[],""solutions"":[],""status"":""source_has_none""}",,"[""ttp.r014.qa.boundary26-translation-review-evidence"",""ttp.r014.qa.boundary26-build-pending""]"
r014.backend.record,1.0.0,ttp.r014.unit.sec.indices,unit,active,ttp.r014.yaintt,ttp.r014.yaintt,ttp.r014.edition.id-id.boundary28-r2,id-ID,2026-08-22T03:06:00+02:00,codex.r014.id-ID,,section,ttp.r014.unit.id-id.chap.ieqdl,4,26.0004,sec:I,Indices,Indeks,"{""end_line"":5523,""path"":""authority/downloads/yaintt.tex"",""start_line"":5272}",57c12d79262178f7a3b6547db5f5fb3c4e35aeddc75fb58da2d9d463d21af0b6,"{""end_line"":6154,""path"":""qa/review-candidates/boundary28-r2/yaintt-id.tex"",""start_line"":5895}",9d9f9b5014f8ff7ed74290ea56de7f1f6dfec243516c6a6c63ea14cef37559ab,language_reviewed,rights.yaintt.id-id.derivative.boundary28-r2,"[""ttp.r014.unit.book"",""ttp.r014.unit.id-id.chap.ieqdl"",""ttp.r014.unit.sec.indices""]",ttp.r014.unit.book/ttp.r014.unit.id-id.chap.ieqdl/ttp.r014.unit.sec.indices,source_label,,,"[""ttp.r014.qa.boundary26-translation-review-evidence"",""ttp.r014.qa.boundary26-build-pending""]"
r014.backend.record,1.0.0,ttp.r014.unit.sec.indices.discussion.02,unit,active,ttp.r014.yaintt,ttp.r014.yaintt,ttp.r014.edition.id-id.boundary28-r2,id-ID,2026-08-22T03:06:00+02:00,codex.r014.id-ID,,discussion,ttp.r014.unit.sec.indices,4,26.0004,generated:discussion:boundary26:02,Discussion 02,Pembahasan 02,"{""end_line"":5398,""path"":""authority/downloads/yaintt.tex"",""start_line"":5395}",7fde98cb895a37e1d6e7bf2b7115a5aec2955640afb139bae499ce7ea4aac8a5,"{""end_line"":6026,""path"":""qa/review-candidates/boundary28-r2/yaintt-id.tex"",""start_line"":6022}",b9768be16fb12138163f5bdda381effc3c3aafabb09342be738911dc4b7252da,language_reviewed,rights.yaintt.id-id.derivative.boundary28-r2,"[""ttp.r014.unit.book"",""ttp.r014.unit.id-id.chap.ieqdl"",""ttp.r014.unit.sec.indices"",""ttp.r014.unit.sec.indices.discussion.02""]",ttp.r014.unit.book/ttp.r014.unit.id-id.chap.ieqdl/ttp.r014.unit.sec.indices/ttp.r014.unit.sec.indices.discussion.02,generated_stable_id,,,"[""ttp.r014.qa.boundary26-translation-review-evidence"",""ttp.r014.qa.boundary26-build-pending""]"
r014.backend.record,1.0.0,ttp.r014.unit.sec.indices.theorem.01,unit,active,ttp.r014.yaintt,ttp.r014.yaintt,ttp.r014.edition.id-id.boundary28-r2,id-ID,2026-08-22T03:06:00+02:00,codex.r014.id-ID,,theorem,ttp.r014.unit.sec.indices,5,26.0005,thm:indexprops,Theorem thm:indexprops,Teorema thm:indexprops,"{""end_line"":5415,""path"":""authority/downloads/yaintt.tex"",""start_line"":5399}",ff9ed3b37caf9085538098d938db13ce524dac798e3a90a87d39e4f10f317b6c,"{""end_line"":6044,""path"":""qa/review-candidates/boundary28-r2/yaintt-id.tex"",""start_line"":6027}",d93b94fde91f2d4385d75d7c4b4695b49a58bee9d8e77446cbebbe56223844f0,language_reviewed,rights.yaintt.id-id.derivative.boundary28-r2,"[""ttp.r014.unit.book"",""ttp.r014.unit.id-id.chap.ieqdl"",""ttp.r014.unit.sec.indices"",""ttp.r014.unit.sec.indices.theorem.01""]",ttp.r014.unit.book/ttp.r014.unit.id-id.chap.ieqdl/ttp.r014.unit.sec.indices/ttp.r014.unit.sec.indices.theorem.01,source_label,,,"[""ttp.r014.qa.boundary26-translation-review-evidence"",""ttp.r014.qa.boundary26-build-pending""]"
r014.backend.record,1.0.0,ttp.r014.unit.sec.indices.discussion.03,unit,active,ttp.r014.yaintt,ttp.r014.yaintt,ttp.r014.edition.id-id.boundary28-r2,id-ID,2026-08-22T03:06:00+02:00,codex.r014.id-ID,,discussion,ttp.r014.unit.sec.indices,6,26.0006,generated:discussion:boundary26:03,Discussion 03,Pembahasan 03,"{""end_line"":5438,""path"":""authority/downloads/yaintt.tex"",""start_line"":5430}",d4e65fe6f65fc2fb1e53a7a0f6c95e01f77b3a5d16fb47603a051329838405f8,"{""end_line"":6068,""path"":""qa/review-candidates/boundary28-r2/yaintt-id.tex"",""start_line"":6060}",62dd88e0321413c19a637f5289ad73f420b48eebe6d1a50bca67881eb24a828d,language_reviewed,rights.yaintt.id-id.derivative.boundary28-r2,"[""ttp.r014.unit.book"",""ttp.r014.unit.id-id.chap.ieqdl"",""ttp.r014.unit.sec.indices"",""ttp.r014.unit.sec.indices.discussion.03""]",ttp.r014.unit.book/ttp.r014.unit.id-id.chap.ieqdl/ttp.r014.unit.sec.indices/ttp.r014.unit.sec.indices.discussion.03,generated_stable_id,,,"[""ttp.r014.qa.boundary26-translation-review-evidence"",""ttp.r014.qa.boundary26-build-pending""]"
r014.backend.record,1.0.0,ttp.r014.unit.sec.indices.example.02,unit,active,ttp.r014.yaintt,ttp.r014.yaintt,ttp.r014.edition.id-id.boundary28-r2,id-ID,2026-08-22T03:06:00+02:00,codex.r014.id-ID,,example,ttp.r014.unit.sec.indices,7,26.0007,generated:example:boundary26:02,Example 02,Contoh 02,"{""end_line"":5475,""path"":""authority/downloads/yaintt.tex"",""start_line"":5439}",ea10208cb2f46d6f428deb6348c8ce7c0b2070fe6132611927fa3d5bdedc25e7,"{""end_line"":6106,""path"":""qa/review-candidates/boundary28-r2/yaintt-id.tex"",""start_line"":6069}",97ab4a23ad055dfd02bd591909315b8bc660d675964cb3192843f04bb6dc73c5,language_reviewed,rights.yaintt.id-id.derivative.boundary28-r2,"[""ttp.r014.unit.book"",""ttp.r014.unit.id-id.chap.ieqdl"",""ttp.r014.unit.sec.indices"",""ttp.r014.unit.sec.indices.example.02""]",ttp.r014.unit.book/ttp.r014.unit.id-id.chap.ieqdl/ttp.r014.unit.sec.indices/ttp.r014.unit.sec.indices.example.02,generated_stable_id,,,"[""ttp.r014.qa.boundary26-translation-review-evidence"",""ttp.r014.qa.boundary26-build-pending""]"
r014.backend.record,1.0.0,ttp.r014.unit.sec.indices.discussion.04,unit,active,ttp.r014.yaintt,ttp.r014.yaintt,ttp.r014.edition.id-id.boundary28-r2,id-ID,2026-08-22T03:06:00+02:00,codex.r014.id-ID,,discussion,ttp.r014.unit.sec.indices,8,26.0008,generated:discussion:boundary26:04,Discussion 04,Pembahasan 04,"{""end_line"":5488,""path"":""authority/downloads/yaintt.tex"",""start_line"":5477}",8430b4a9c4449c584f04f9d90b1d3c2c7fab8af7006a1f425175f2b51a6cecdd,"{""end_line"":6119,""path"":""qa/review-candidates/boundary28-r2/yaintt-id.tex"",""start_line"":6108}",e54887041dac3a77f0cf1971f51e5e48ef7064f432bbda0999981d6354684e89,language_reviewed,rights.yaintt.id-id.derivative.boundary28-r2,"[""ttp.r014.unit.book"",""ttp.r014.unit.id-id.chap.ieqdl"",""ttp.r014.unit.sec.indices"",""ttp.r014.unit.sec.indices.discussion.04""]",ttp.r014.unit.book/ttp.r014.unit.id-id.chap.ieqdl/ttp.r014.unit.sec.indices/ttp.r014.unit.sec.indices.discussion.04,generated_stable_id,,,"[""ttp.r014.qa.boundary26-translation-review-evidence"",""ttp.r014.qa.boundary26-build-pending""]"
r014.backend.record,1.0.0,ttp.r014.unit.sec.indices.exercises,unit,active,ttp.r014.yaintt,ttp.r014.yaintt,ttp.r014.edition.id-id.boundary28-r2,id-ID,2026-08-22T03:06:00+02:00,codex.r014.id-ID,,exercise_group,ttp.r014.unit.sec.indices,9,26.0009,generated:exercise-group:boundary26,Exercises,Latihan,"{""end_line"":5523,""path"":""authority/downloads/yaintt.tex"",""start_line"":5495}",efb05e4e0b1b0458f233522169f0833c28a8e61af3e7ee974390a09a91df990d,"{""end_line"":6154,""path"":""qa/review-candidates/boundary28-r2/yaintt-id.tex"",""start_line"":6126}",3e6caf0a7be3188e11f69d1754aad088000624cdf56e89aaae9d012dc9f4ec9f,language_reviewed,rights.yaintt.id-id.derivative.boundary28-r2,"[""ttp.r014.unit.book"",""ttp.r014.unit.id-id.chap.ieqdl"",""ttp.r014.unit.sec.indices"",""ttp.r014.unit.sec.indices.exercises""]",ttp.r014.unit.book/ttp.r014.unit.id-id.chap.ieqdl/ttp.r014.unit.sec.indices/ttp.r014.unit.sec.indices.exercises,generated_stable_id,,,"[""ttp.r014.qa.boundary26-translation-review-evidence"",""ttp.r014.qa.boundary26-build-pending""]"
r014.backend.record,1.0.0,ttp.r014.unit.id-id.sec.dhke.discussion.01,unit,active,ttp.r014.yaintt,ttp.r014.yaintt,ttp.r014.edition.id-id.boundary28-r2,id-ID,2026-08-22T03:06:00+02:00,codex.r014.id-ID,,discussion,ttp.r014.unit.id-id.sec.dhke,1,27.0001,generated:discussion:boundary27:01,Discussion 01,Pembahasan 01,"{""end_line"":5537,""path"":""authority/downloads/yaintt.tex"",""start_line"":5526}",def46e4943d22244570db2ce5cae4ad370d12ef265c859f6e55065330ea6f946,"{""end_line"":6178,""path"":""qa/review-candidates/boundary28-r2/yaintt-id.tex"",""start_line"":6167}",c5090a4c5c1a37733132621d2ef39347ba773866175ddddfcce2038ff548b5fd,language_reviewed,rights.yaintt.id-id.derivative.boundary28-r2,"[""ttp.r014.unit.book"",""ttp.r014.unit.id-id.chap.ieqdl"",""ttp.r014.unit.id-id.sec.dhke"",""ttp.r014.unit.id-id.sec.dhke.discussion.01""]",ttp.r014.unit.book/ttp.r014.unit.id-id.chap.ieqdl/ttp.r014.unit.id-id.sec.dhke/ttp.r014.unit.id-id.sec.dhke.discussion.01,generated_stable_id,,,"[""ttp.r014.qa.boundary27-translation-review-evidence"",""ttp.r014.qa.boundary27-build-pending""]"
r014.backend.record,1.0.0,ttp.r014.unit.id-id.sec.dhke.exercise.01,unit,active,ttp.r014.yaintt,ttp.r014.yaintt,ttp.r014.edition.id-id.boundary28-r2,id-ID,2026-08-22T03:06:00+02:00,codex.r014.id-ID,,exercise,ttp.r014.unit.id-id.sec.dhke.exercises,1,27.0001,generated:exercise:boundary27:01,Exercise 01,Latihan 01,"{""end_line"":5740,""path"":""authority/downloads/yaintt.tex"",""start_line"":5733}",057946d2a3b494bafa70141bac6ff11bbd8d154825eef219951a2c4e1ab11cba,"{""end_line"":6391,""path"":""qa/review-candidates/boundary28-r2/yaintt-id.tex"",""start_line"":6383}",ef9ffc6f853e37dfeddc3a9351151f5aea8527515590675c51cce671c88a1c09,language_reviewed,rights.yaintt.id-id.derivative.boundary28-r2,"[""ttp.r014.unit.book"",""ttp.r014.unit.id-id.chap.ieqdl"",""ttp.r014.unit.id-id.sec.dhke"",""ttp.r014.unit.id-id.sec.dhke.exercises"",""ttp.r014.unit.id-id.sec.dhke.exercise.01""]",ttp.r014.unit.book/ttp.r014.unit.id-id.chap.ieqdl/ttp.r014.unit.id-id.sec.dhke/ttp.r014.unit.id-id.sec.dhke.exercises/ttp.r014.unit.id-id.sec.dhke.exercise.01,generated_stable_id,"{""answers"":[],""hints"":[],""solutions"":[],""status"":""source_has_none""}",,"[""ttp.r014.qa.boundary27-translation-review-evidence"",""ttp.r014.qa.boundary27-build-pending""]"
r014.backend.record,1.0.0,ttp.r014.unit.id-id.sec.dhke.proof.01,unit,active,ttp.r014.yaintt,ttp.r014.yaintt,ttp.r014.edition.id-id.boundary28-r2,id-ID,2026-08-22T03:06:00+02:00,codex.r014.id-ID,,proof,ttp.r014.unit.id-id.sec.dhke.proposition.01,1,27.0001,generated:proof:boundary27:01,Proof 01,Bukti 01,"{""end_line"":5595,""path"":""authority/downloads/yaintt.tex"",""start_line"":5586}",2677ed09d15a03458d1a581781addfbf997e4c8d19705aae333e279ea14368c0,"{""end_line"":6241,""path"":""qa/review-candidates/boundary28-r2/yaintt-id.tex"",""start_line"":6231}",7b7af95a98285e66be0cd76ffb4f3641da8d8e86960e804e03c10e072b111080,language_reviewed,rights.yaintt.id-id.derivative.boundary28-r2,"[""ttp.r014.unit.book"",""ttp.r014.unit.id-id.chap.ieqdl"",""ttp.r014.unit.id-id.sec.dhke"",""ttp.r014.unit.id-id.sec.dhke.proposition.01"",""ttp.r014.unit.id-id.sec.dhke.proof.01""]",ttp.r014.unit.book/ttp.r014.unit.id-id.chap.ieqdl/ttp.r014.unit.id-id.sec.dhke/ttp.r014.unit.id-id.sec.dhke.proposition.01/ttp.r014.unit.id-id.sec.dhke.proof.01,generated_stable_id,,,"[""ttp.r014.qa.boundary27-translation-review-evidence"",""ttp.r014.qa.boundary27-build-pending""]"
r014.backend.record,1.0.0,ttp.r014.unit.id-id.sec.dhke.definition.01,unit,active,ttp.r014.yaintt,ttp.r014.yaintt,ttp.r014.edition.id-id.boundary28-r2,id-ID,2026-08-22T03:06:00+02:00,codex.r014.id-ID,,definition,ttp.r014.unit.id-id.sec.dhke,2,27.0002,def:DHKE,Definition def:DHKE,Definisi def:DHKE,"{""end_line"":5555,""path"":""authority/downloads/yaintt.tex"",""start_line"":5538}",f568a1a43fd215b649b9b48133863df3d608bf838235c08bf0df2e46c590724f,"{""end_line"":6198,""path"":""qa/review-candidates/boundary28-r2/yaintt-id.tex"",""start_line"":6179}",ddd1cd446ab1142219fdb3fdc1e539d9e79f125856d67672d81214c9f7e02076,language_reviewed,rights.yaintt.id-id.derivative.boundary28-r2,"[""ttp.r014.unit.book"",""ttp.r014.unit.id-id.chap.ieqdl"",""ttp.r014.unit.id-id.sec.dhke"",""ttp.r014.unit.id-id.sec.dhke.definition.01""]",ttp.r014.unit.book/ttp.r014.unit.id-id.chap.ieqdl/ttp.r014.unit.id-id.sec.dhke/ttp.r014.unit.id-id.sec.dhke.definition.01,source_label,,,"[""ttp.r014.qa.boundary27-translation-review-evidence"",""ttp.r014.qa.boundary27-build-pending""]"
r014.backend.record,1.0.0,ttp.r014.unit.id-id.sec.dhke.exercise.02,unit,active,ttp.r014.yaintt,ttp.r014.yaintt,ttp.r014.edition.id-id.boundary28-r2,id-ID,2026-08-22T03:06:00+02:00,codex.r014.id-ID,,exercise,ttp.r014.unit.id-id.sec.dhke.exercises,2,27.0002,exc:DHKEcomputation,Exercise exc:DHKEcomputation,Latihan exc:DHKEcomputation,"{""end_line"":5758,""path"":""authority/downloads/yaintt.tex"",""start_line"":5742}",3ed06aacac0dd45d7588e891d29f4a6f97ed9f4f5168f6d3641813ef9d8b7229,"{""end_line"":6409,""path"":""qa/review-candidates/boundary28-r2/yaintt-id.tex"",""start_line"":6393}",00b4361dec07ccf5eefe0436c3534c0638f10edd617368ebbbf0c833158aa778,language_reviewed,rights.yaintt.id-id.derivative.boundary28-r2,"[""ttp.r014.unit.book"",""ttp.r014.unit.id-id.chap.ieqdl"",""ttp.r014.unit.id-id.sec.dhke"",""ttp.r014.unit.id-id.sec.dhke.exercises"",""ttp.r014.unit.id-id.sec.dhke.exercise.02""]",ttp.r014.unit.book/ttp.r014.unit.id-id.chap.ieqdl/ttp.r014.unit.id-id.sec.dhke/ttp.r014.unit.id-id.sec.dhke.exercises/ttp.r014.unit.id-id.sec.dhke.exercise.02,source_label,"{""answers"":[],""hints"":[],""solutions"":[],""status"":""source_has_none""}",,"[""ttp.r014.qa.boundary27-translation-review-evidence"",""ttp.r014.qa.boundary27-build-pending""]"
r014.backend.record,1.0.0,ttp.r014.unit.id-id.sec.dhke.discussion.02,unit,active,ttp.r014.yaintt,ttp.r014.yaintt,ttp.r014.edition.id-id.boundary28-r2,id-ID,2026-08-22T03:06:00+02:00,codex.r014.id-ID,,discussion,ttp.r014.unit.id-id.sec.dhke,3,27.0003,generated:discussion:boundary27:02,Discussion 02,Pembahasan 02,"{""end_line"":5559,""path"":""authority/downloads/yaintt.tex"",""start_line"":5557}",bd3a3875cb8026bc996c16b6efee8c9aed1113f8d1677f3278b20d471fc1e89f,"{""end_line"":6202,""path"":""qa/review-candidates/boundary28-r2/yaintt-id.tex"",""start_line"":6200}",73856da397ac54502f6bd1aa388846399f3ddca0f42a4f8c7a12b4e8cc0792b2,language_reviewed,rights.yaintt.id-id.derivative.boundary28-r2,"[""ttp.r014.unit.book"",""ttp.r014.unit.id-id.chap.ieqdl"",""ttp.r014.unit.id-id.sec.dhke"",""ttp.r014.unit.id-id.sec.dhke.discussion.02""]",ttp.r014.unit.book/ttp.r014.unit.id-id.chap.ieqdl/ttp.r014.unit.id-id.sec.dhke/ttp.r014.unit.id-id.sec.dhke.discussion.02,generated_stable_id,,,"[""ttp.r014.qa.boundary27-translation-review-evidence"",""ttp.r014.qa.boundary27-build-pending""]"
r014.backend.record,1.0.0,ttp.r014.unit.id-id.sec.dhke.exercise.03,unit,active,ttp.r014.yaintt,ttp.r014.yaintt,ttp.r014.edition.id-id.boundary28-r2,id-ID,2026-08-22T03:06:00+02:00,codex.r014.id-ID,,exercise,ttp.r014.unit.id-id.sec.dhke.exercises,3,27.0003,generated:exercise:boundary27:03,Exercise 03,Latihan 03,"{""end_line"":5763,""path"":""authority/downloads/yaintt.tex"",""start_line"":5760}",f2a954cad7d4250c1d2e7e13d32c3e7a0e1a89a98eb2a795528c885f710c3416,"{""end_line"":6414,""path"":""qa/review-candidates/boundary28-r2/yaintt-id.tex"",""start_line"":6411}",3aee9458668181f231b02a14780de1715b6ac9be0007044e6668879332315f49,language_reviewed,rights.yaintt.id-id.derivative.boundary28-r2,"[""ttp.r014.unit.book"",""ttp.r014.unit.id-id.chap.ieqdl"",""ttp.r014.unit.id-id.sec.dhke"",""ttp.r014.unit.id-id.sec.dhke.exercises"",""ttp.r014.unit.id-id.sec.dhke.exercise.03""]",ttp.r014.unit.book/ttp.r014.unit.id-id.chap.ieqdl/ttp.r014.unit.id-id.sec.dhke/ttp.r014.unit.id-id.sec.dhke.exercises/ttp.r014.unit.id-id.sec.dhke.exercise.03,generated_stable_id,"{""answers"":[],""hints"":[],""solutions"":[],""status"":""source_has_none""}",,"[""ttp.r014.qa.boundary27-translation-review-evidence"",""ttp.r014.qa.boundary27-build-pending""]"
r014.backend.record,1.0.0,ttp.r014.unit.id-id.sec.dhke.tabular.01,unit,active,ttp.r014.yaintt,ttp.r014.yaintt,ttp.r014.edition.id-id.boundary28-r2,id-ID,2026-08-22T03:06:00+02:00,codex.r014.id-ID,,tabular,ttp.r014.unit.id-id.sec.dhke,4,27.0004,generated:tabular:boundary27:01,Tabular data 01,Data tabular 01,"{""end_line"":5579,""path"":""authority/downloads/yaintt.tex"",""start_line"":5562}",19688029386e983e8eba0b472abddf0070df9a032f61520af62acf3984e3177f,"{""end_line"":6223,""path"":""qa/review-candidates/boundary28-r2/yaintt-id.tex"",""start_line"":6206}",abc75068eff94bac97b9141b50c96c5bf53dfb8e79bee73a9dd729c4e6f57465,language_reviewed,rights.yaintt.id-id.derivative.boundary28-r2,"[""ttp.r014.unit.book"",""ttp.r014.unit.id-id.chap.ieqdl"",""ttp.r014.unit.id-id.sec.dhke"",""ttp.r014.unit.id-id.sec.dhke.tabular.01""]",ttp.r014.unit.book/ttp.r014.unit.id-id.chap.ieqdl/ttp.r014.unit.id-id.sec.dhke/ttp.r014.unit.id-id.sec.dhke.tabular.01,generated_stable_id,,,"[""ttp.r014.qa.boundary27-translation-review-evidence"",""ttp.r014.qa.boundary27-build-pending""]"
r014.backend.record,1.0.0,ttp.r014.unit.id-id.sec.dhke,unit,active,ttp.r014.yaintt,ttp.r014.yaintt,ttp.r014.edition.id-id.boundary28-r2,id-ID,2026-08-22T03:06:00+02:00,codex.r014.id-ID,ttp.r014.unit.sec.dhke,section,ttp.r014.unit.id-id.chap.ieqdl,5,27.0005,sec:DHKE,Diffie-Hellman Key Exchange,Pertukaran Kunci Diffie--Hellman,"{""end_line"":5766,""path"":""authority/downloads/yaintt.tex"",""start_line"":5524}",1d81170e61c5724677a54cbf06220060ee528068416d7c740a2232e5c51d666a,"{""end_line"":6417,""path"":""qa/review-candidates/boundary28-r2/yaintt-id.tex"",""start_line"":6165}",047b2e11d2a03f7eeae71ff7f919f25b1f18203406d2557f284617c58524474b,language_reviewed,rights.yaintt.id-id.derivative.boundary28-r2,"[""ttp.r014.unit.book"",""ttp.r014.unit.id-id.chap.ieqdl"",""ttp.r014.unit.id-id.sec.dhke""]",ttp.r014.unit.book/ttp.r014.unit.id-id.chap.ieqdl/ttp.r014.unit.id-id.sec.dhke,source_label,,,"[""ttp.r014.qa.boundary27-translation-review-evidence"",""ttp.r014.qa.boundary27-build-pending""]"
r014.backend.record,1.0.0,ttp.r014.unit.id-id.sec.dhke.proposition.01,unit,active,ttp.r014.yaintt,ttp.r014.yaintt,ttp.r014.edition.id-id.boundary28-r2,id-ID,2026-08-22T03:06:00+02:00,codex.r014.id-ID,,proposition,ttp.r014.unit.id-id.sec.dhke,5,27.0005,prop:DHKEworks,Proposition prop:DHKEworks,Proposisi prop:DHKEworks,"{""end_line"":5585,""path"":""authority/downloads/yaintt.tex"",""start_line"":5582}",de997388216b7bbac7d2860e4e8f8d304e8733eb6bf9c0d9e5e273580505d3f0,"{""end_line"":6230,""path"":""qa/review-candidates/boundary28-r2/yaintt-id.tex"",""start_line"":6227}",aa8dc2f10b46d7451c7a001372bd19db5134f0bc983f5f5e16001c167b61e11e,language_reviewed,rights.yaintt.id-id.derivative.boundary28-r2,"[""ttp.r014.unit.book"",""ttp.r014.unit.id-id.chap.ieqdl"",""ttp.r014.unit.id-id.sec.dhke"",""ttp.r014.unit.id-id.sec.dhke.proposition.01""]",ttp.r014.unit.book/ttp.r014.unit.id-id.chap.ieqdl/ttp.r014.unit.id-id.sec.dhke/ttp.r014.unit.id-id.sec.dhke.proposition.01,source_label,,,"[""ttp.r014.qa.boundary27-translation-review-evidence"",""ttp.r014.qa.boundary27-build-pending""]"
r014.backend.record,1.0.0,ttp.r014.unit.id-id.sec.dhke.example.01,unit,active,ttp.r014.yaintt,ttp.r014.yaintt,ttp.r014.edition.id-id.boundary28-r2,id-ID,2026-08-22T03:06:00+02:00,codex.r014.id-ID,,example,ttp.r014.unit.id-id.sec.dhke,6,27.0006,generated:example:boundary27:01,Example 01,Contoh 01,"{""end_line"":5625,""path"":""authority/downloads/yaintt.tex"",""start_line"":5597}",032086375f8b96613aad43b384baf60dc2a311e443d07ec52222212c7cb832ba,"{""end_line"":6272,""path"":""qa/review-candidates/boundary28-r2/yaintt-id.tex"",""start_line"":6243}",87b2a344fad00764d446f0fa7e17eba8c50e51dca9d7f59b5d9518303383faab,language_reviewed,rights.yaintt.id-id.derivative.boundary28-r2,"[""ttp.r014.unit.book"",""ttp.r014.unit.id-id.chap.ieqdl"",""ttp.r014.unit.id-id.sec.dhke"",""ttp.r014.unit.id-id.sec.dhke.example.01""]",ttp.r014.unit.book/ttp.r014.unit.id-id.chap.ieqdl/ttp.r014.unit.id-id.sec.dhke/ttp.r014.unit.id-id.sec.dhke.example.01,generated_stable_id,,,"[""ttp.r014.qa.boundary27-translation-review-evidence"",""ttp.r014.qa.boundary27-build-pending""]"
r014.backend.record,1.0.0,ttp.r014.unit.id-id.sec.dhke.discussion.03,unit,active,ttp.r014.yaintt,ttp.r014.yaintt,ttp.r014.edition.id-id.boundary28-r2,id-ID,2026-08-22T03:06:00+02:00,codex.r014.id-ID,,discussion,ttp.r014.unit.id-id.sec.dhke,7,27.0007,generated:discussion:boundary27:03,Discussion 03,Pembahasan 03,"{""end_line"":5644,""path"":""authority/downloads/yaintt.tex"",""start_line"":5627}",d0873a52418d163a57297dd09ccb04d16d9c5a2482b74445307eb8127eb9b59d,"{""end_line"":6292,""path"":""qa/review-candidates/boundary28-r2/yaintt-id.tex"",""start_line"":6274}",69d2a1f943a5b5366dcd31ad597d441e0ff74a23f948ee5ad9f70371349a4708,language_reviewed,rights.yaintt.id-id.derivative.boundary28-r2,"[""ttp.r014.unit.book"",""ttp.r014.unit.id-id.chap.ieqdl"",""ttp.r014.unit.id-id.sec.dhke"",""ttp.r014.unit.id-id.sec.dhke.discussion.03""]",ttp.r014.unit.book/ttp.r014.unit.id-id.chap.ieqdl/ttp.r014.unit.id-id.sec.dhke/ttp.r014.unit.id-id.sec.dhke.discussion.03,generated_stable_id,,,"[""ttp.r014.qa.boundary27-translation-review-evidence"",""ttp.r014.qa.boundary27-build-pending""]"
r014.backend.record,1.0.0,ttp.r014.unit.id-id.sec.dhke.definition.02,unit,active,ttp.r014.yaintt,ttp.r014.yaintt,ttp.r014.edition.id-id.boundary28-r2,id-ID,2026-08-22T03:06:00+02:00,codex.r014.id-ID,,definition,ttp.r014.unit.id-id.sec.dhke,8,27.0008,def:SGprime,Definition def:SGprime,Definisi def:SGprime,"{""end_line"":5648,""path"":""authority/downloads/yaintt.tex"",""start_line"":5645}",67aa31e94371e99b6460edaf1d68bfa43488f3a33a847bca237f94d7f3996753,"{""end_line"":6296,""path"":""qa/review-candidates/boundary28-r2/yaintt-id.tex"",""start_line"":6293}",4002cd4cfd4f9bce1224edac676bc7cb79744cb4381205bc4cc79963bb45b776,language_reviewed,rights.yaintt.id-id.derivative.boundary28-r2,"[""ttp.r014.unit.book"",""ttp.r014.unit.id-id.chap.ieqdl"",""ttp.r014.unit.id-id.sec.dhke"",""ttp.r014.unit.id-id.sec.dhke.definition.02""]",ttp.r014.unit.book/ttp.r014.unit.id-id.chap.ieqdl/ttp.r014.unit.id-id.sec.dhke/ttp.r014.unit.id-id.sec.dhke.definition.02,source_label,,,"[""ttp.r014.qa.boundary27-translation-review-evidence"",""ttp.r014.qa.boundary27-build-pending""]"
r014.backend.record,1.0.0,ttp.r014.unit.id-id.sec.dhke.discussion.04,unit,active,ttp.r014.yaintt,ttp.r014.yaintt,ttp.r014.edition.id-id.boundary28-r2,id-ID,2026-08-22T03:06:00+02:00,codex.r014.id-ID,,discussion,ttp.r014.unit.id-id.sec.dhke,9,27.0009,generated:discussion:boundary27:04,Discussion 04,Pembahasan 04,"{""end_line"":5655,""path"":""authority/downloads/yaintt.tex"",""start_line"":5649}",bae7d833354066028da08ca7739a7bf9180bb1bedf9f4f533198d9a3e90c3f1d,"{""end_line"":6303,""path"":""qa/review-candidates/boundary28-r2/yaintt-id.tex"",""start_line"":6297}",85e5ff4b29741458a18ce17043401cd6b0115572e7ba518789ba7b9ed665b911,language_reviewed,rights.yaintt.id-id.derivative.boundary28-r2,"[""ttp.r014.unit.book"",""ttp.r014.unit.id-id.chap.ieqdl"",""ttp.r014.unit.id-id.sec.dhke"",""ttp.r014.unit.id-id.sec.dhke.discussion.04""]",ttp.r014.unit.book/ttp.r014.unit.id-id.chap.ieqdl/ttp.r014.unit.id-id.sec.dhke/ttp.r014.unit.id-id.sec.dhke.discussion.04,generated_stable_id,,,"[""ttp.r014.qa.boundary27-translation-review-evidence"",""ttp.r014.qa.boundary27-build-pending""]"
r014.backend.record,1.0.0,ttp.r014.unit.id-id.sec.dhke.example.02,unit,active,ttp.r014.yaintt,ttp.r014.yaintt,ttp.r014.edition.id-id.boundary28-r2,id-ID,2026-08-22T03:06:00+02:00,codex.r014.id-ID,,example,ttp.r014.unit.id-id.sec.dhke,10,27.0010,generated:example:boundary27:02,Example 02,Contoh 02,"{""end_line"":5671,""path"":""authority/downloads/yaintt.tex"",""start_line"":5656}",bbc0de1fc1c31ddcfc901b76549fa0d33221c80177f5097a2d05889d65ba2035,"{""end_line"":6320,""path"":""qa/review-candidates/boundary28-r2/yaintt-id.tex"",""start_line"":6304}",cae18ec04b2bfb526ddc12a16eb4eb8df3e2496442932d5edf16b63fdbfcc786,language_reviewed,rights.yaintt.id-id.derivative.boundary28-r2,"[""ttp.r014.unit.book"",""ttp.r014.unit.id-id.chap.ieqdl"",""ttp.r014.unit.id-id.sec.dhke"",""ttp.r014.unit.id-id.sec.dhke.example.02""]",ttp.r014.unit.book/ttp.r014.unit.id-id.chap.ieqdl/ttp.r014.unit.id-id.sec.dhke/ttp.r014.unit.id-id.sec.dhke.example.02,generated_stable_id,,,"[""ttp.r014.qa.boundary27-translation-review-evidence"",""ttp.r014.qa.boundary27-build-pending""]"
r014.backend.record,1.0.0,ttp.r014.unit.id-id.sec.dhke.discussion.05,unit,active,ttp.r014.yaintt,ttp.r014.yaintt,ttp.r014.edition.id-id.boundary28-r2,id-ID,2026-08-22T03:06:00+02:00,codex.r014.id-ID,,discussion,ttp.r014.unit.id-id.sec.dhke,11,27.0011,generated:discussion:boundary27:05,Discussion 05,Pembahasan 05,"{""end_line"":5693,""path"":""authority/downloads/yaintt.tex"",""start_line"":5673}",4d39ec8b9fee0ca7358e963139f5881aca097aa567afc424703f3c33b78ece42,"{""end_line"":6344,""path"":""qa/review-candidates/boundary28-r2/yaintt-id.tex"",""start_line"":6322}",e654ffb70fd67e7761cbdc36b4a93f1099b5118d15257502c275ea77289e2db1,language_reviewed,rights.yaintt.id-id.derivative.boundary28-r2,"[""ttp.r014.unit.book"",""ttp.r014.unit.id-id.chap.ieqdl"",""ttp.r014.unit.id-id.sec.dhke"",""ttp.r014.unit.id-id.sec.dhke.discussion.05""]",ttp.r014.unit.book/ttp.r014.unit.id-id.chap.ieqdl/ttp.r014.unit.id-id.sec.dhke/ttp.r014.unit.id-id.sec.dhke.discussion.05,generated_stable_id,,,"[""ttp.r014.qa.boundary27-translation-review-evidence"",""ttp.r014.qa.boundary27-build-pending""]"
r014.backend.record,1.0.0,ttp.r014.unit.id-id.sec.dhke.definition.03,unit,active,ttp.r014.yaintt,ttp.r014.yaintt,ttp.r014.edition.id-id.boundary28-r2,id-ID,2026-08-22T03:06:00+02:00,codex.r014.id-ID,,definition,ttp.r014.unit.id-id.sec.dhke,12,27.0012,def:DHproblem,Definition def:DHproblem,Definisi def:DHproblem,"{""end_line"":5708,""path"":""authority/downloads/yaintt.tex"",""start_line"":5694}",7425e400db37e036b071631d4cb594deb62e9bd342013d279e9660f932028e99,"{""end_line"":6357,""path"":""qa/review-candidates/boundary28-r2/yaintt-id.tex"",""start_line"":6345}",ccb2543beb1099e2a834ea62843e1802136e0a37738c289785928936ef706d06,language_reviewed,rights.yaintt.id-id.derivative.boundary28-r2,"[""ttp.r014.unit.book"",""ttp.r014.unit.id-id.chap.ieqdl"",""ttp.r014.unit.id-id.sec.dhke"",""ttp.r014.unit.id-id.sec.dhke.definition.03""]",ttp.r014.unit.book/ttp.r014.unit.id-id.chap.ieqdl/ttp.r014.unit.id-id.sec.dhke/ttp.r014.unit.id-id.sec.dhke.definition.03,source_label,,,"[""ttp.r014.qa.boundary27-translation-review-evidence"",""ttp.r014.qa.boundary27-build-pending""]"
r014.backend.record,1.0.0,ttp.r014.unit.id-id.sec.dhke.discussion.06,unit,active,ttp.r014.yaintt,ttp.r014.yaintt,ttp.r014.edition.id-id.boundary28-r2,id-ID,2026-08-22T03:06:00+02:00,codex.r014.id-ID,,discussion,ttp.r014.unit.id-id.sec.dhke,13,27.0013,generated:discussion:boundary27:06,Discussion 06,Pembahasan 06,"{""end_line"":5723,""path"":""authority/downloads/yaintt.tex"",""start_line"":5709}",6b828a36fc329cd6f76ebf634e60602b55cce6a74ac9a8293c62737a09bb3105,"{""end_line"":6373,""path"":""qa/review-candidates/boundary28-r2/yaintt-id.tex"",""start_line"":6358}",a9942d7fd4aaf35c77f532d1f859f2065af5a727dd847f26fac2dff46f82f0d2,language_reviewed,rights.yaintt.id-id.derivative.boundary28-r2,"[""ttp.r014.unit.book"",""ttp.r014.unit.id-id.chap.ieqdl"",""ttp.r014.unit.id-id.sec.dhke"",""ttp.r014.unit.id-id.sec.dhke.discussion.06""]",ttp.r014.unit.book/ttp.r014.unit.id-id.chap.ieqdl/ttp.r014.unit.id-id.sec.dhke/ttp.r014.unit.id-id.sec.dhke.discussion.06,generated_stable_id,,,"[""ttp.r014.qa.boundary27-translation-review-evidence"",""ttp.r014.qa.boundary27-build-pending""]"
r014.backend.record,1.0.0,ttp.r014.unit.id-id.sec.dhke.exercises,unit,active,ttp.r014.yaintt,ttp.r014.yaintt,ttp.r014.edition.id-id.boundary28-r2,id-ID,2026-08-22T03:06:00+02:00,codex.r014.id-ID,,exercise_group,ttp.r014.unit.id-id.sec.dhke,14,27.0014,generated:exercise-group:boundary27,Exercises,Latihan,"{""end_line"":5766,""path"":""authority/downloads/yaintt.tex"",""start_line"":5730}",e4f591583ba1b8c5469058e12b360ff73faac8123bdce5686b3f1936b704a070,"{""end_line"":6417,""path"":""qa/review-candidates/boundary28-r2/yaintt-id.tex"",""start_line"":6380}",1e47d534866a6bbcb0181e8c82db3000a1a3a576a0b92fa0c4475b4471bdcb34,language_reviewed,rights.yaintt.id-id.derivative.boundary28-r2,"[""ttp.r014.unit.book"",""ttp.r014.unit.id-id.chap.ieqdl"",""ttp.r014.unit.id-id.sec.dhke"",""ttp.r014.unit.id-id.sec.dhke.exercises""]",ttp.r014.unit.book/ttp.r014.unit.id-id.chap.ieqdl/ttp.r014.unit.id-id.sec.dhke/ttp.r014.unit.id-id.sec.dhke.exercises,generated_stable_id,,,"[""ttp.r014.qa.boundary27-translation-review-evidence"",""ttp.r014.qa.boundary27-build-pending""]"
r014.backend.record,1.0.0,ttp.r014.unit.id-id.sec.tegc.discussion.01,unit,active,ttp.r014.yaintt,ttp.r014.yaintt,ttp.r014.edition.id-id.boundary28-r2,id-ID,2026-08-22T03:06:00+02:00,codex.r014.id-ID,,discussion,ttp.r014.unit.id-id.sec.tegc,1,28.0001,generated:discussion:boundary28:01,Discussion 01,Pembahasan 01,"{""end_line"":5793,""path"":""authority/downloads/yaintt.tex"",""start_line"":5769}",d7be68e8bb8f2a36effbe66e77ef64ad4c8178482c1412231e56b82b8577c6d8,"{""end_line"":6456,""path"":""qa/review-candidates/boundary28-r2/yaintt-id.tex"",""start_line"":6430}",8d4dd90f45f4e55c3dbbc6c0533187082a79b1947ac2b47b6dbe2b463a4a67f7,language_reviewed,rights.yaintt.id-id.derivative.boundary28-r2,"[""ttp.r014.unit.book"",""ttp.r014.unit.id-id.chap.ieqdl"",""ttp.r014.unit.id-id.sec.tegc"",""ttp.r014.unit.id-id.sec.tegc.discussion.01""]",ttp.r014.unit.book/ttp.r014.unit.id-id.chap.ieqdl/ttp.r014.unit.id-id.sec.tegc/ttp.r014.unit.id-id.sec.tegc.discussion.01,generated_stable_id,,,"[""ttp.r014.qa.boundary28-r2-backend-structural"",""ttp.r014.qa.boundary28-build-pending""]"
r014.backend.record,1.0.0,ttp.r014.unit.id-id.sec.tegc.exercise.01,unit,active,ttp.r014.yaintt,ttp.r014.yaintt,ttp.r014.edition.id-id.boundary28-r2,id-ID,2026-08-22T03:06:00+02:00,codex.r014.id-ID,,exercise,ttp.r014.unit.id-id.sec.tegc.exercises,1,28.0001,exc:ElGcomputation,Exercise exc:ElGcomputation,Latihan exc:ElGcomputation,"{""end_line"":5971,""path"":""authority/downloads/yaintt.tex"",""start_line"":5961}",e62d52eb248d3a1a7e3470abc805090817bafd464b7e42c64c1547c465f3b4b7,"{""end_line"":6645,""path"":""qa/review-candidates/boundary28-r2/yaintt-id.tex"",""start_line"":6634}",e0cb03cd92f541c791782b7ec2f377bf3cbc67f36d0c65aa50f1987f17d59175,language_reviewed,rights.yaintt.id-id.derivative.boundary28-r2,"[""ttp.r014.unit.book"",""ttp.r014.unit.id-id.chap.ieqdl"",""ttp.r014.unit.id-id.sec.tegc"",""ttp.r014.unit.id-id.sec.tegc.exercises"",""ttp.r014.unit.id-id.sec.tegc.exercise.01""]",ttp.r014.unit.book/ttp.r014.unit.id-id.chap.ieqdl/ttp.r014.unit.id-id.sec.tegc/ttp.r014.unit.id-id.sec.tegc.exercises/ttp.r014.unit.id-id.sec.tegc.exercise.01,source_label,"{""answers"":[],""hints"":[],""solutions"":[],""status"":""source_has_none""}",,"[""ttp.r014.qa.boundary28-r2-backend-structural"",""ttp.r014.qa.boundary28-build-pending""]"
r014.backend.record,1.0.0,ttp.r014.unit.id-id.sec.tegc.proof.01,unit,active,ttp.r014.yaintt,ttp.r014.yaintt,ttp.r014.edition.id-id.boundary28-r2,id-ID,2026-08-22T03:06:00+02:00,codex.r014.id-ID,,proof,ttp.r014.unit.id-id.sec.tegc.proposition.01,1,28.0001,generated:proof:boundary28:01,Proof 01,Bukti 01,"{""end_line"":5848,""path"":""authority/downloads/yaintt.tex"",""start_line"":5834}",467faa0d1fd6a3236aa929ca2b7e6b810779edad0efc29e48998aa3c7a8e4071,"{""end_line"":6515,""path"":""qa/review-candidates/boundary28-r2/yaintt-id.tex"",""start_line"":6501}",3a61b3097e40fbd6a420ed99736dd9f7c473885add825675a7010a8e76f78484,language_reviewed,rights.yaintt.id-id.derivative.boundary28-r2,"[""ttp.r014.unit.book"",""ttp.r014.unit.id-id.chap.ieqdl"",""ttp.r014.unit.id-id.sec.tegc"",""ttp.r014.unit.id-id.sec.tegc.proposition.01"",""ttp.r014.unit.id-id.sec.tegc.proof.01""]",ttp.r014.unit.book/ttp.r014.unit.id-id.chap.ieqdl/ttp.r014.unit.id-id.sec.tegc/ttp.r014.unit.id-id.sec.tegc.proposition.01/ttp.r014.unit.id-id.sec.tegc.proof.01,generated_stable_id,,,"[""ttp.r014.qa.boundary28-r2-backend-structural"",""ttp.r014.qa.boundary28-build-pending""]"
r014.backend.record,1.0.0,ttp.r014.unit.id-id.sec.tegc.proof.02,unit,active,ttp.r014.yaintt,ttp.r014.yaintt,ttp.r014.edition.id-id.boundary28-r2,id-ID,2026-08-22T03:06:00+02:00,codex.r014.id-ID,,proof,ttp.r014.unit.id-id.sec.tegc.proposition.02,1,28.0001,generated:proof:boundary28:02,Proof 02,Bukti 02,"{""end_line"":5918,""path"":""authority/downloads/yaintt.tex"",""start_line"":5907}",e18cc87560eb31bc217a08712756cf229e69c93239b163f3d179afd05ee78813,"{""end_line"":6589,""path"":""qa/review-candidates/boundary28-r2/yaintt-id.tex"",""start_line"":6577}",0a9e28377dde9d279a8613ac53a17d4ffc462e3e1423ca8c11dac92936a9ab68,language_reviewed,rights.yaintt.id-id.derivative.boundary28-r2,"[""ttp.r014.unit.book"",""ttp.r014.unit.id-id.chap.ieqdl"",""ttp.r014.unit.id-id.sec.tegc"",""ttp.r014.unit.id-id.sec.tegc.proposition.02"",""ttp.r014.unit.id-id.sec.tegc.proof.02""]",ttp.r014.unit.book/ttp.r014.unit.id-id.chap.ieqdl/ttp.r014.unit.id-id.sec.tegc/ttp.r014.unit.id-id.sec.tegc.proposition.02/ttp.r014.unit.id-id.sec.tegc.proof.02,generated_stable_id,,,"[""ttp.r014.qa.boundary28-r2-backend-structural"",""ttp.r014.qa.boundary28-build-pending""]"
r014.backend.record,1.0.0,ttp.r014.unit.id-id.sec.tegc.definition.01,unit,active,ttp.r014.yaintt,ttp.r014.yaintt,ttp.r014.edition.id-id.boundary28-r2,id-ID,2026-08-22T03:06:00+02:00,codex.r014.id-ID,,definition,ttp.r014.unit.id-id.sec.tegc,2,28.0002,def:ElGamalcrypto,Definition def:ElGamalcrypto,Definisi def:ElGamalcrypto,"{""end_line"":5823,""path"":""authority/downloads/yaintt.tex"",""start_line"":5794}",d304064420e2730b84e0e0b73a5317610e01736af0e62ddb6ba72e6814f5a38d,"{""end_line"":6489,""path"":""qa/review-candidates/boundary28-r2/yaintt-id.tex"",""start_line"":6457}",9663daa0bab849e419f68b83dbfc49166fc51472c61386708830c1a61e83a33e,language_reviewed,rights.yaintt.id-id.derivative.boundary28-r2,"[""ttp.r014.unit.book"",""ttp.r014.unit.id-id.chap.ieqdl"",""ttp.r014.unit.id-id.sec.tegc"",""ttp.r014.unit.id-id.sec.tegc.definition.01""]",ttp.r014.unit.book/ttp.r014.unit.id-id.chap.ieqdl/ttp.r014.unit.id-id.sec.tegc/ttp.r014.unit.id-id.sec.tegc.definition.01,source_label,,,"[""ttp.r014.qa.boundary28-r2-backend-structural"",""ttp.r014.qa.boundary28-build-pending""]"
r014.backend.record,1.0.0,ttp.r014.unit.id-id.sec.tegc.exercise.02,unit,active,ttp.r014.yaintt,ttp.r014.yaintt,ttp.r014.edition.id-id.boundary28-r2,id-ID,2026-08-22T03:06:00+02:00,codex.r014.id-ID,,exercise,ttp.r014.unit.id-id.sec.tegc.exercises,2,28.0002,generated:exercise:boundary28:02,Exercise 02,Latihan 02,"{""end_line"":5983,""path"":""authority/downloads/yaintt.tex"",""start_line"":5973}",a0d46d0595dbc7128579eae902f13bfbd0f05ed8fbd1b86b4b0b22d7da75b7e3,"{""end_line"":6660,""path"":""qa/review-candidates/boundary28-r2/yaintt-id.tex"",""start_line"":6647}",afcadad466700f3b13cae00d4bd6439fdc1d28fa62b5c80a1564c8d18500355a,language_reviewed,rights.yaintt.id-id.derivative.boundary28-r2,"[""ttp.r014.unit.book"",""ttp.r014.unit.id-id.chap.ieqdl"",""ttp.r014.unit.id-id.sec.tegc"",""ttp.r014.unit.id-id.sec.tegc.exercises"",""ttp.r014.unit.id-id.sec.tegc.exercise.02""]",ttp.r014.unit.book/ttp.r014.unit.id-id.chap.ieqdl/ttp.r014.unit.id-id.sec.tegc/ttp.r014.unit.id-id.sec.tegc.exercises/ttp.r014.unit.id-id.sec.tegc.exercise.02,generated_stable_id,"{""answers"":[],""hints"":[],""solutions"":[],""status"":""source_has_none""}",,"[""ttp.r014.qa.boundary28-r2-backend-structural"",""ttp.r014.qa.boundary28-build-pending""]"
r014.backend.record,1.0.0,ttp.r014.unit.id-id.sec.tegc.discussion.02,unit,active,ttp.r014.yaintt,ttp.r014.yaintt,ttp.r014.edition.id-id.boundary28-r2,id-ID,2026-08-22T03:06:00+02:00,codex.r014.id-ID,,discussion,ttp.r014.unit.id-id.sec.tegc,3,28.0003,generated:discussion:boundary28:02,Discussion 02,Pembahasan 02,"{""end_line"":5827,""path"":""authority/downloads/yaintt.tex"",""start_line"":5824}",4e7569edbda5237ef75c68092f6240c07383bfc3e6a3e6a0839677393b25bec1,"{""end_line"":6494,""path"":""qa/review-candidates/boundary28-r2/yaintt-id.tex"",""start_line"":6490}",a28d588ab787d826978a526b1a9a8205a64f31aeb33af0b50e475e7c109f01e0,language_reviewed,rights.yaintt.id-id.derivative.boundary28-r2,"[""ttp.r014.unit.book"",""ttp.r014.unit.id-id.chap.ieqdl"",""ttp.r014.unit.id-id.sec.tegc"",""ttp.r014.unit.id-id.sec.tegc.discussion.02""]",ttp.r014.unit.book/ttp.r014.unit.id-id.chap.ieqdl/ttp.r014.unit.id-id.sec.tegc/ttp.r014.unit.id-id.sec.tegc.discussion.02,generated_stable_id,,,"[""ttp.r014.qa.boundary28-r2-backend-structural"",""ttp.r014.qa.boundary28-build-pending""]"
r014.backend.record,1.0.0,ttp.r014.unit.id-id.sec.tegc.exercise.03,unit,active,ttp.r014.yaintt,ttp.r014.yaintt,ttp.r014.edition.id-id.boundary28-r2,id-ID,2026-08-22T03:06:00+02:00,codex.r014.id-ID,,exercise,ttp.r014.unit.id-id.sec.tegc.exercises,3,28.0003,generated:exercise:boundary28:03,Exercise 03,Latihan 03,"{""end_line"":5992,""path"":""authority/downloads/yaintt.tex"",""start_line"":5985}",7c4fbb9c7c35a26ee936a363b839f18fc8ee7b55121fe475d71ae1ab0140f93d,"{""end_line"":6670,""path"":""qa/review-candidates/boundary28-r2/yaintt-id.tex"",""start_line"":6662}",3aaff527fdf950a6d77f09571f1bb1277eb7f5755f6793ad3e0328df64f826bf,language_reviewed,rights.yaintt.id-id.derivative.boundary28-r2,"[""ttp.r014.unit.book"",""ttp.r014.unit.id-id.chap.ieqdl"",""ttp.r014.unit.id-id.sec.tegc"",""ttp.r014.unit.id-id.sec.tegc.exercises"",""ttp.r014.unit.id-id.sec.tegc.exercise.03""]",ttp.r014.unit.book/ttp.r014.unit.id-id.chap.ieqdl/ttp.r014.unit.id-id.sec.tegc/ttp.r014.unit.id-id.sec.tegc.exercises/ttp.r014.unit.id-id.sec.tegc.exercise.03,generated_stable_id,"{""answers"":[],""hints"":[],""solutions"":[],""status"":""source_has_none""}",,"[""ttp.r014.qa.boundary28-r2-backend-structural"",""ttp.r014.qa.boundary28-build-pending""]"
r014.backend.record,1.0.0,ttp.r014.unit.id-id.sec.tegc.proposition.01,unit,active,ttp.r014.yaintt,ttp.r014.yaintt,ttp.r014.edition.id-id.boundary28-r2,id-ID,2026-08-22T03:06:00+02:00,codex.r014.id-ID,,proposition,ttp.r014.unit.id-id.sec.tegc,4,28.0004,prop:ElGamalcryptocorrect,Proposition prop:ElGamalcryptocorrect,Proposisi prop:ElGamalcryptocorrect,"{""end_line"":5833,""path"":""authority/downloads/yaintt.tex"",""start_line"":5828}",c3eb2c3d41f07841843f1df6105dccc85f9abe681cb3faedf23a20fb99f8a290,"{""end_line"":6500,""path"":""qa/review-candidates/boundary28-r2/yaintt-id.tex"",""start_line"":6495}",7c941ba70f92b3dd3f88743a464538449df85dd2e97e7eccd235516ed4f6c5fc,language_reviewed,rights.yaintt.id-id.derivative.boundary28-r2,"[""ttp.r014.unit.book"",""ttp.r014.unit.id-id.chap.ieqdl"",""ttp.r014.unit.id-id.sec.tegc"",""ttp.r014.unit.id-id.sec.tegc.proposition.01""]",ttp.r014.unit.book/ttp.r014.unit.id-id.chap.ieqdl/ttp.r014.unit.id-id.sec.tegc/ttp.r014.unit.id-id.sec.tegc.proposition.01,source_label,,,"[""ttp.r014.qa.boundary28-r2-backend-structural"",""ttp.r014.qa.boundary28-build-pending""]"
r014.backend.record,1.0.0,ttp.r014.unit.id-id.sec.tegc.discussion.03,unit,active,ttp.r014.yaintt,ttp.r014.yaintt,ttp.r014.edition.id-id.boundary28-r2,id-ID,2026-08-22T03:06:00+02:00,codex.r014.id-ID,,discussion,ttp.r014.unit.id-id.sec.tegc,5,28.0005,generated:discussion:boundary28:03,Discussion 03,Pembahasan 03,"{""end_line"":5852,""path"":""authority/downloads/yaintt.tex"",""start_line"":5850}",c0c0bd93ac40fda5bdcd14fd4da9bf5177300e0322091bce2eb3723cdbf2c820,"{""end_line"":6519,""path"":""qa/review-candidates/boundary28-r2/yaintt-id.tex"",""start_line"":6517}",cf1ee2b028fc2d604a4d019324dbd5582c81e09a0aa3fea4cc34280c043b27eb,language_reviewed,rights.yaintt.id-id.derivative.boundary28-r2,"[""ttp.r014.unit.book"",""ttp.r014.unit.id-id.chap.ieqdl"",""ttp.r014.unit.id-id.sec.tegc"",""ttp.r014.unit.id-id.sec.tegc.discussion.03""]",ttp.r014.unit.book/ttp.r014.unit.id-id.chap.ieqdl/ttp.r014.unit.id-id.sec.tegc/ttp.r014.unit.id-id.sec.tegc.discussion.03,generated_stable_id,,,"[""ttp.r014.qa.boundary28-r2-backend-structural"",""ttp.r014.qa.boundary28-build-pending""]"
r014.backend.record,1.0.0,ttp.r014.unit.id-id.sec.tegc,unit,active,ttp.r014.yaintt,ttp.r014.yaintt,ttp.r014.edition.id-id.boundary28-r2,id-ID,2026-08-22T03:06:00+02:00,codex.r014.id-ID,ttp.r014.unit.sec.tegc,section,ttp.r014.unit.id-id.chap.ieqdl,6,28.0006,sec:tEGC,The ElGamal Cryptosystem,Kriptosistem ElGamal,"{""end_line"":5993,""path"":""authority/downloads/yaintt.tex"",""start_line"":5767}",30086c5799e256c98e96bcb69c0503d760f16305a13b53f24e38768f9febc2e5,"{""end_line"":6671,""path"":""qa/review-candidates/boundary28-r2/yaintt-id.tex"",""start_line"":6428}",bcf0276eba2c20a8c5b0b018c91d7442ff234716a9c224d613e0a5b2391b5f26,language_reviewed,rights.yaintt.id-id.derivative.boundary28-r2,"[""ttp.r014.unit.book"",""ttp.r014.unit.id-id.chap.ieqdl"",""ttp.r014.unit.id-id.sec.tegc""]",ttp.r014.unit.book/ttp.r014.unit.id-id.chap.ieqdl/ttp.r014.unit.id-id.sec.tegc,source_label,,,"[""ttp.r014.qa.boundary28-r2-backend-structural"",""ttp.r014.qa.boundary28-build-pending""]"
r014.backend.record,1.0.0,ttp.r014.unit.id-id.sec.tegc.tabular.01,unit,active,ttp.r014.yaintt,ttp.r014.yaintt,ttp.r014.edition.id-id.boundary28-r2,id-ID,2026-08-22T03:06:00+02:00,codex.r014.id-ID,,tabular,ttp.r014.unit.id-id.sec.tegc,6,28.0006,generated:tabular:boundary28:01,Tabular data 01,Data tabular 01,"{""end_line"":5877,""path"":""authority/downloads/yaintt.tex"",""start_line"":5855}",e479924f8f3c844787fbbeb504b9f45ac1902f38d29fef91edb2287e9a0ecfa7,"{""end_line"":6545,""path"":""qa/review-candidates/boundary28-r2/yaintt-id.tex"",""start_line"":6523}",aeb332ca15067deeb1ca1ccd11fe60efde25b9fec040ce8f644a739ec75e8111,language_reviewed,rights.yaintt.id-id.derivative.boundary28-r2,"[""ttp.r014.unit.book"",""ttp.r014.unit.id-id.chap.ieqdl"",""ttp.r014.unit.id-id.sec.tegc"",""ttp.r014.unit.id-id.sec.tegc.tabular.01""]",ttp.r014.unit.book/ttp.r014.unit.id-id.chap.ieqdl/ttp.r014.unit.id-id.sec.tegc/ttp.r014.unit.id-id.sec.tegc.tabular.01,generated_stable_id,,,"[""ttp.r014.qa.boundary28-r2-backend-structural"",""ttp.r014.qa.boundary28-build-pending""]"
r014.backend.record,1.0.0,ttp.r014.unit.id-id.sec.tegc.discussion.04,unit,active,ttp.r014.yaintt,ttp.r014.yaintt,ttp.r014.edition.id-id.boundary28-r2,id-ID,2026-08-22T03:06:00+02:00,codex.r014.id-ID,,discussion,ttp.r014.unit.id-id.sec.tegc,7,28.0007,generated:discussion:boundary28:04,Discussion 04,Pembahasan 04,"{""end_line"":5884,""path"":""authority/downloads/yaintt.tex"",""start_line"":5880}",5bc713e009ecf2c31f75c39c9fbd52b4e41848f01691d12267628304687eae5f,"{""end_line"":6552,""path"":""qa/review-candidates/boundary28-r2/yaintt-id.tex"",""start_line"":6549}",55c5cc4f0c03729dff9234e504634022e9bb8e3e0646c1a81498e2ae4c950e45,language_reviewed,rights.yaintt.id-id.derivative.boundary28-r2,"[""ttp.r014.unit.book"",""ttp.r014.unit.id-id.chap.ieqdl"",""ttp.r014.unit.id-id.sec.tegc"",""ttp.r014.unit.id-id.sec.tegc.discussion.04""]",ttp.r014.unit.book/ttp.r014.unit.id-id.chap.ieqdl/ttp.r014.unit.id-id.sec.tegc/ttp.r014.unit.id-id.sec.tegc.discussion.04,generated_stable_id,,,"[""ttp.r014.qa.boundary28-r2-backend-structural"",""ttp.r014.qa.boundary28-build-pending""]"
r014.backend.record,1.0.0,ttp.r014.unit.id-id.sec.tegc.definition.02,unit,active,ttp.r014.yaintt,ttp.r014.yaintt,ttp.r014.edition.id-id.boundary28-r2,id-ID,2026-08-22T03:06:00+02:00,codex.r014.id-ID,,definition,ttp.r014.unit.id-id.sec.tegc,8,28.0008,def:ElGamalsig,Definition def:ElGamalsig,Definisi def:ElGamalsig,"{""end_line"":5898,""path"":""authority/downloads/yaintt.tex"",""start_line"":5885}",3975503fc29f76808e2511099511432faaaa23b4e1663bb36a3abd980d997cd6,"{""end_line"":6567,""path"":""qa/review-candidates/boundary28-r2/yaintt-id.tex"",""start_line"":6553}",c106175f3796ffbd650412d52261ce79cee5f1d0d03bd719d498e5643e8ee4ed,language_reviewed,rights.yaintt.id-id.derivative.boundary28-r2,"[""ttp.r014.unit.book"",""ttp.r014.unit.id-id.chap.ieqdl"",""ttp.r014.unit.id-id.sec.tegc"",""ttp.r014.unit.id-id.sec.tegc.definition.02""]",ttp.r014.unit.book/ttp.r014.unit.id-id.chap.ieqdl/ttp.r014.unit.id-id.sec.tegc/ttp.r014.unit.id-id.sec.tegc.definition.02,source_label,,,"[""ttp.r014.qa.boundary28-r2-backend-structural"",""ttp.r014.qa.boundary28-build-pending""]"
r014.backend.record,1.0.0,ttp.r014.unit.id-id.sec.tegc.discussion.05,unit,active,ttp.r014.yaintt,ttp.r014.yaintt,ttp.r014.edition.id-id.boundary28-r2,id-ID,2026-08-22T03:06:00+02:00,codex.r014.id-ID,,discussion,ttp.r014.unit.id-id.sec.tegc,9,28.0009,generated:discussion:boundary28:05,Discussion 05,Pembahasan 05,"{""end_line"":5902,""path"":""authority/downloads/yaintt.tex"",""start_line"":5899}",a79636980f6e1075e6d0607f4f3625a19f6805b825918731f68f4a4a5b110fce,"{""end_line"":6572,""path"":""qa/review-candidates/boundary28-r2/yaintt-id.tex"",""start_line"":6568}",9916a56495208d9ee117d5ab798ce9ba4c54639337f42e6ada18ecb50f7c8ca6,language_reviewed,rights.yaintt.id-id.derivative.boundary28-r2,"[""ttp.r014.unit.book"",""ttp.r014.unit.id-id.chap.ieqdl"",""ttp.r014.unit.id-id.sec.tegc"",""ttp.r014.unit.id-id.sec.tegc.discussion.05""]",ttp.r014.unit.book/ttp.r014.unit.id-id.chap.ieqdl/ttp.r014.unit.id-id.sec.tegc/ttp.r014.unit.id-id.sec.tegc.discussion.05,generated_stable_id,,,"[""ttp.r014.qa.boundary28-r2-backend-structural"",""ttp.r014.qa.boundary28-build-pending""]"
r014.backend.record,1.0.0,ttp.r014.unit.id-id.sec.tegc.proposition.02,unit,active,ttp.r014.yaintt,ttp.r014.yaintt,ttp.r014.edition.id-id.boundary28-r2,id-ID,2026-08-22T03:06:00+02:00,codex.r014.id-ID,,proposition,ttp.r014.unit.id-id.sec.tegc,10,28.0010,prop:ElGamalsigcorrect,Proposition prop:ElGamalsigcorrect,Proposisi prop:ElGamalsigcorrect,"{""end_line"":5906,""path"":""authority/downloads/yaintt.tex"",""start_line"":5903}",7673445a0735e9083efa3a78331f8cdcc15cb43eeaf986efcb08218dc36c6e5d,"{""end_line"":6576,""path"":""qa/review-candidates/boundary28-r2/yaintt-id.tex"",""start_line"":6573}",41d74f2559fe57dc59a1bc5767751cd9aac424af550e43e6a2305726fd5ae100,language_reviewed,rights.yaintt.id-id.derivative.boundary28-r2,"[""ttp.r014.unit.book"",""ttp.r014.unit.id-id.chap.ieqdl"",""ttp.r014.unit.id-id.sec.tegc"",""ttp.r014.unit.id-id.sec.tegc.proposition.02""]",ttp.r014.unit.book/ttp.r014.unit.id-id.chap.ieqdl/ttp.r014.unit.id-id.sec.tegc/ttp.r014.unit.id-id.sec.tegc.proposition.02,source_label,,,"[""ttp.r014.qa.boundary28-r2-backend-structural"",""ttp.r014.qa.boundary28-build-pending""]"
r014.backend.record,1.0.0,ttp.r014.unit.id-id.sec.tegc.discussion.06,unit,active,ttp.r014.yaintt,ttp.r014.yaintt,ttp.r014.edition.id-id.boundary28-r2,id-ID,2026-08-22T03:06:00+02:00,codex.r014.id-ID,,discussion,ttp.r014.unit.id-id.sec.tegc,11,28.0011,generated:discussion:boundary28:06,Discussion 06,Pembahasan 06,"{""end_line"":5922,""path"":""authority/downloads/yaintt.tex"",""start_line"":5920}",c0c0bd93ac40fda5bdcd14fd4da9bf5177300e0322091bce2eb3723cdbf2c820,"{""end_line"":6593,""path"":""qa/review-candidates/boundary28-r2/yaintt-id.tex"",""start_line"":6591}",cf1ee2b028fc2d604a4d019324dbd5582c81e09a0aa3fea4cc34280c043b27eb,language_reviewed,rights.yaintt.id-id.derivative.boundary28-r2,"[""ttp.r014.unit.book"",""ttp.r014.unit.id-id.chap.ieqdl"",""ttp.r014.unit.id-id.sec.tegc"",""ttp.r014.unit.id-id.sec.tegc.discussion.06""]",ttp.r014.unit.book/ttp.r014.unit.id-id.chap.ieqdl/ttp.r014.unit.id-id.sec.tegc/ttp.r014.unit.id-id.sec.tegc.discussion.06,generated_stable_id,,,"[""ttp.r014.qa.boundary28-r2-backend-structural"",""ttp.r014.qa.boundary28-build-pending""]"
r014.backend.record,1.0.0,ttp.r014.unit.id-id.sec.tegc.tabular.02,unit,active,ttp.r014.yaintt,ttp.r014.yaintt,ttp.r014.edition.id-id.boundary28-r2,id-ID,2026-08-22T03:06:00+02:00,codex.r014.id-ID,,tabular,ttp.r014.unit.id-id.sec.tegc,12,28.0012,generated:tabular:boundary28:02,Tabular data 02,Data tabular 02,"{""end_line"":5950,""path"":""authority/downloads/yaintt.tex"",""start_line"":5925}",5a20a62b9faacc148d32919d9fde6e1aaf26ebbe51677736c1d103567046695c,"{""end_line"":6622,""path"":""qa/review-candidates/boundary28-r2/yaintt-id.tex"",""start_line"":6597}",4a2d5163d011e747e3c5cdaaa521d9a95584940b2e411459327144a5607fde7f,language_reviewed,rights.yaintt.id-id.derivative.boundary28-r2,"[""ttp.r014.unit.book"",""ttp.r014.unit.id-id.chap.ieqdl"",""ttp.r014.unit.id-id.sec.tegc"",""ttp.r014.unit.id-id.sec.tegc.tabular.02""]",ttp.r014.unit.book/ttp.r014.unit.id-id.chap.ieqdl/ttp.r014.unit.id-id.sec.tegc/ttp.r014.unit.id-id.sec.tegc.tabular.02,generated_stable_id,,,"[""ttp.r014.qa.boundary28-r2-backend-structural"",""ttp.r014.qa.boundary28-build-pending""]"
r014.backend.record,1.0.0,ttp.r014.unit.id-id.sec.tegc.exercises,unit,active,ttp.r014.yaintt,ttp.r014.yaintt,ttp.r014.edition.id-id.boundary28-r2,id-ID,2026-08-22T03:06:00+02:00,codex.r014.id-ID,,exercise_group,ttp.r014.unit.id-id.sec.tegc,13,28.0013,generated:exercise-group:boundary28,Exercises,Latihan,"{""end_line"":5993,""path"":""authority/downloads/yaintt.tex"",""start_line"":5958}",5faf7d5a9885ccbdcb203ef72ea12b3bad35c1d4171ad6acfdca88b6792bcadf,"{""end_line"":6671,""path"":""qa/review-candidates/boundary28-r2/yaintt-id.tex"",""start_line"":6631}",b10a5eb9d1d5c094c9bd0a89fda64f3643132e9c69657143e7886ae34aca568b,language_reviewed,rights.yaintt.id-id.derivative.boundary28-r2,"[""ttp.r014.unit.book"",""ttp.r014.unit.id-id.chap.ieqdl"",""ttp.r014.unit.id-id.sec.tegc"",""ttp.r014.unit.id-id.sec.tegc.exercises""]",ttp.r014.unit.book/ttp.r014.unit.id-id.chap.ieqdl/ttp.r014.unit.id-id.sec.tegc/ttp.r014.unit.id-id.sec.tegc.exercises,generated_stable_id,,,"[""ttp.r014.qa.boundary28-r2-backend-structural"",""ttp.r014.qa.boundary28-build-pending""]"
