ttp.program.mathematics.id-id.v1	0badb8abe66ce5db029707758c64dc9e5ef1ba3ee2a36f34c18d77159c65bb6a
ttp.course.c60	a2119a3ce39d85c2f61a6d5d83ee107a928687df641ce82ab922d6df2c2fccdc
ttp.r014.yaintt	af9c564ff666a3a9e22fe439558175021ab76bae9df2e77196e060f2d2b620ae
ttp.r014.edition.id-id.boundary10	69d11b15db43cb17d7ffed9e9eed6c5445e1badbd89c8d05dbf874b1b767225c
ttp.r014.edition.id-id.boundary11	a9d16e5744ecab4484b2c6656be14a4d3f5d7391571c942da79ea22f02243fc1
ttp.r014.edition.id-id.boundary3	3fcc9dd222ebb9b6c06b8217409c2ec2c01cacad5d52c32f262501e227dd3686
ttp.r014.edition.id-id.boundary4	a9ba461bf189d7a5c768a217cf5178691e32f97c57e4d8e1736e777af2dccaae
ttp.r014.edition.id-id.boundary5	ba1f3e1b051d8b414221761aab58bb1e4d3304e671f5dc9d5965e29b3d11d930
ttp.r014.edition.id-id.boundary6	3c41037bc7969b29014aec066a62de9d117efb144a97376844625bb02d3d7164
ttp.r014.edition.id-id.boundary7	4a5fb6f63bd8cfa35d739214783b18119781f641d59927145a8673a5eb579133
ttp.r014.edition.id-id.boundary8	2a8ce038073fde209870f2d25f0394b907b624d3e9bc548eeffdbdedcaa1f20d
ttp.r014.edition.id-id.boundary9	71b5764d0c8da9432d5508a9369895ea11a3109befbddd0a3cbf736c6a178bf9
ttp.r014.edition.source.2014-05-07	5ee6b6be971a574149b1b706352f784979eea9dca7ab994e2267dfe63c0455f7
ttp.r014.unit.backmatter.bibliography	33f6da85599212e25765610a067181d1ba1bb34bc46b7941cdc5cf3a64de6b02
ttp.r014.unit.bib.stallman2002free	afa2c2889eb165c7f93ecdae10ff12a302d2cdf82f9939ef7201ed06456c3aba
ttp.r014.unit.book	72712ccce537afbdfe6361ef75b594b4ee9ba5ac0107f0e003a39cd38208941f
ttp.r014.unit.chap.cs.discussion.01	ce3c1d00fa1d8aeca4da0b7fd13a1a94ed1973cf8f9723aad5425b5443d24c3d
ttp.r014.unit.eg.inductionv1a.equation.01	c1cbe12104ac4ed97d894bc23110f51e52c752da6a376a583b174dc6820943fd
ttp.r014.unit.eg.inductionv1b.equation.01	51b432c09f9b56d82f812828c1eae0a2a27d3271acf887949cc110f7289c9dcb
ttp.r014.unit.frontmatter	9bd6cc14925f39375ea80946a4e6b9e0797362012a38a485588abacb81cd8e33
ttp.r014.unit.frontmatter.preface.figure.license-badge	fc149a812bbae6dfb81f08e4fd0c7921e9754e99f5871a17da44cdb0b496fbbc
ttp.r014.unit.frontmatter.release-notes.figure.caution	431b0e32770c93b51fe4a6f76e5c916540cb7e68fad67187f6bdd47407e5696d
ttp.r014.unit.frontmatter.title-page	a09c5099e68e76a8afffe288d08a990e6dab7b29d090eceb9555da0fb85ee39a
ttp.r014.unit.frontmatter.title-page.figure.cover	cb6db13c75e73628bbd092896e52ce59da04e970f5830e025bc6c49c66685351
ttp.r014.unit.lem.euclids.proof	13160230c15bdc4e62341a15c271eb429c1121bb62d36357475614e3b61c28c9
ttp.r014.unit.lem.gcdafterdivision.proof	7a698b1879736b6dc8c2b7055873344a2f51929a95518a0c8ad657e72c862d8b
ttp.r014.unit.sec.awtwwc.discussion.01	63c09207dc147119e8bfc25923e3ca23272a7adeace37a8645c5faa3aea86a5f
ttp.r014.unit.sec.awtwwc.exercise.01	7bcab3864fa21e3a325f2fd6206f0ffc653a586058642ffb01be14ae5e05a779
ttp.r014.unit.sec.crt.discussion.01	94e64bf2a9ed212c18dbccf187c99508599d43f2d22ef1a576a279cfd84d7e68
ttp.r014.unit.sec.crt.exercise.01	aa235261ea675d30107698117068b5c4be0ee453f24505a6c5bf04aae6ca8c71
ttp.r014.unit.sec.dada.definition.divisibility	0a5dfa02bb72bd9b87e2e22648fa0c1e67465e39beeb695042610efa0361fd60
ttp.r014.unit.sec.dada.discussion.01	9514345df286a38a6134ff71f5d414f75074e940c76dd339309df02f6b38cf88
ttp.r014.unit.sec.dada.exercise.01	562390777b9458f7725011a783267783e6ac2d25dcb1efac09e090e031f4c241
ttp.r014.unit.sec.dada.theorem.transitivity.proof	64387f31c6b30a791dd783a1ae660139476a35ce17ad638fa57e98112a29764b
ttp.r014.unit.sec.dhke	76c778c4c9dd036d9ae14055bfccb55ed85c62b137620c58b0def4148c494721
ttp.r014.unit.sec.ea.discussion.01	3aa4b5ec520741cbad6e305c3ff16136373837daf431e2d057f57a81d645ccad
ttp.r014.unit.sec.ea.exercise.01	38623293b471f78d9bd7eb803df1fe78431877e6713fc60bd85e6ee5d51a47ef
ttp.r014.unit.sec.ephif.discussion.01	fe86014a0d31fc39e70bd56850c64bfef35ce7145f2d0a514d04a680d6a22996
ttp.r014.unit.sec.ephif.exercise.01	1995996c41477301be60f5377dbdeb3a2a367a338c2d7eb611d24314a9922789
ttp.r014.unit.sec.gcd.discussion.01	d5359d6eec26116c875b37f1e8af0d74741fb62a640cff609f8246eb72831926
ttp.r014.unit.sec.gcd.exercise.01	a4726fa5304443c41cb9e52598c7b7c063ebb3337e551fe0251a416f5a5c57f7
ttp.r014.unit.sec.gcd.theorem.invariance.proof	a91e028b84309f8ff561d3b1a7671b47b1e6acb59629fd383a8ed24628e11c01
ttp.r014.unit.sec.itc.discussion.01	ef6e1bb06d54d61a02c854c95295a9fc0246fec77443c00ddd56e23339ab38db
ttp.r014.unit.sec.itc.exercise.01	962a1c6f22399aa187fdcb9d17f1aaf4527df6c8a5655d94058075ba76ab556d
ttp.r014.unit.sec.lc.discussion.01	fd657f35643eda4c50d09b8ff178d7bbb22be3401851794b38d01910e7e81173
ttp.r014.unit.sec.lc.exercise.01	2ac5864c66d1473d4049e4a14a79b8abea3f9ee56e7d5e920cff4316d432e5f4
ttp.r014.unit.sec.roiidb.discussion.01	c04853c046a23558cba6f319db2a1801ce7c3ce050820ab0532cb1c4efa47b4c
ttp.r014.unit.sec.roiidb.exercise.01	d4e4092475dbdc9f0a247013a190c7685b59f0f105165f84842078c90e21ab42
ttp.r014.unit.sec.wopami	d3793707edb01dd46662619c129d4c85eb48c9da1ad4c00e9ea1e135521c01b3
ttp.r014.unit.sec.wopami.definition.01	c9ae851b04876d41d76be0c88b3a2c3f5b3e4cb0dbb386c0f86ef77eb2fb0950
ttp.r014.unit.sec.wopami.discussion.01	2599650ac10beff3b3136ad12aae1d7cc8e45025c525ff0063187dd956e6ad24
ttp.r014.unit.sec.wopami.discussion.03	d8314d56d19238a835e8047ed92cf8b59f2a5f5984064b7cadbe0cbfb5d4bf22
ttp.r014.unit.sec.wopami.exercise.01	f9ca08c38380e0831e62ea1375f26970b9323ae2d9e94ea23f93ec942abfd321
ttp.r014.unit.sec.wopami.theorem.induction.01.proof	be271f7dc91e66dd9dac05794dc1e1fce75091b4fee8fd60874ebf66f8a190a7
ttp.r014.unit.sec.wopami.theorem.induction.02.proof	f67eb3433db6d4904a1f96a167859c646e741aec6f7fc8442a6d3b915486a301
ttp.r014.unit.thm.basebexpansion.proof	4f9cd028eb1a0638415adc3b2facd098348872f704a9b98a1a94a53b1ff69bc6
ttp.r014.unit.thm.basiccongprops.proof	7047a9d7c2a3b82cdf30a2eb9b737f5a26607082852aea4534a500dee684087a
ttp.r014.unit.thm.basiclincongs.proof	f326bc6fea5ad5ad882a33dc96f08e1887feb650d51a4763c9b085c21183b5bd
ttp.r014.unit.thm.chinese-remainder.proof	93fcb02805b6efddc55602ebe91354537fb7b292d4b9cf8d5b57d210337a7eed
ttp.r014.unit.thm.combing.proof	8ff0928743a08cb5f6bfd290f08309e0da5e89ba10bbbbf3b1ec1a9f7127410e
ttp.r014.unit.thm.congcanc.proof	e4fa9b59c756edce23f9ff12d27b126e4833c272ef4873bfedf4b692e02d5317
ttp.r014.unit.thm.dividebygcd.proof	ee225e24a28425edf88d8edff034cb6c9b78eba9dc99fc3ae726d835191b339b
ttp.r014.unit.thm.divisibilitylincombs.proof	b6d305e659506dec764e8c8e46efadfca55b57f272a61b810344d503bc0fd7bd
ttp.r014.unit.thm.equivalence-classes-disjoint-or-equal.proof	a353f827b21791f176005caacca5e952ccbd564e79cee12c0605af9b97db48dc
ttp.r014.unit.thm.euclideanalg.proof	a0abfb3b1d83fc923496da5fc5ad06ad76e3ef09e3e1ebb93892f8ddb3bd42e0
ttp.r014.unit.thm.euler-phi-counts-units.proof	4f4b115ef3ec172a5c653502d557218c9ad6159e6e41f14073589d5cd95173b5
ttp.r014.unit.thm.gcdislincomb.proof	85a090931bb35545cdee27363ebdeb9455b7111fac2905b8cf7eee2c257ecc1b
ttp.r014.unit.thm.integers-mod-n-representatives.proof	332c5b310452928f76fa81b132d4f236102ff475703dbca3ec1715cc391e5926
ttp.r014.unit.thm.linear-congruence-classes.proof	94efe5f44452f8853279554dc29869fb9402ee4b036609ea0ad96a7cd7a5af12
ttp.r014.unit.thm.numzerosmodafactor.proof	fec6c6daa89305ee65391b41952c9036ada289d433a90829f1ae5d3a7acbb8b1
ttp.r014.unit.thm.phiismultiplicative.proof	4f47b0c1f8e45055d32c838ba7716695b31c9bd659454632bd5624920ec2804a
ttp.r014.unit.thm.pigeonhole	bb3566ead345cd9fcf7977d742316d69deb27fe22b33dad25cb49347dee5a20e
ttp.r014.unit.thm.pigeonhole.proof	91a0681b60cc659cf46d91b808240362049ae679cebbdb8683552f3f728d6559
ttp.r014.unit.thm.plustimesproperties.proof	448d4d8304e8db4e380250825a8413dccd3102983aaca6aac00a39bf597afc6d
ttp.r014.unit.thm.plustimeswelldefined.proof	a275990f321e90e7853b28e5874c5d6ef8539d24376772491cf8fcbdb4f9b791
ttp.r014.unit.thm.the-da	43097c3657e92f37f7d7f4ae977648e6f4c8b6bcd527a41c107a30afd98acf99
ttp.r014.unit.thm.the-da.proof	6040cf50aa673c0f3664f5b417abc141714dafbe9e18049f25eda01e542be4e8
ttp.r014.unit.backmatter.index	825e006dd9f160fd83b12474e39ffd11511396a251cb4b39f5d5bb43fe5aa17f
ttp.r014.unit.bib.hardy2005mathematician	db47a1649823ac25f8020292cf6c4038e9566f734fc2ed8412bd74ee3c3eb5a5
ttp.r014.unit.chap.woad	fee5840eff2fb0019de8d6026355da35ae23bf529bf6ea0cdfb30d6fcb03b142
ttp.r014.unit.def.congruence	cc035ad1e8ed3b2a678d9aba6705ea63778cb650319049b8e09433ed5f3f4c8e
ttp.r014.unit.def.equivalence-relation	5e48309f34209f8753e50e636d02c0cac8b062caac0c6cb32587b228a7bc668c
ttp.r014.unit.def.euler-phi	3ab37bf2b56d05dadf8f14d4a20819b91da79cb67e76bfc8955df1c96d1d9e6c
ttp.r014.unit.def.linearcongruence	c24ede158faf1b210866df07877c3c2aa8c16cc51c13da32bb1abb01ab16ef8e
ttp.r014.unit.eg.arithmetic	68e085a4d2f42b84ccdee4db538744d16f4fcbf4c71507e3b0500431310d42ad
ttp.r014.unit.eg.inductionv1a.equation.02	fa27a6625dc71fc0d922ae4aa73cd1932da2513dfb8cd151d682fd3e818a91e3
ttp.r014.unit.eg.inductionv1b.equation.02	25dc3a8dcbdbd60ddfcc78a2e6c53bce789bd5d5b941dbf4d6f62f8f3ab09cc1
ttp.r014.unit.frontmatter.preface	14220ccc453bc919c24baa1e4c16c4bc36523931025a0a891e72b39dec66adca
ttp.r014.unit.lem.gcdafterdivision	d518b553783a03bc4a811808ec797af181cec288a1a1fe006b612a80781a9ddb
ttp.r014.unit.sec.aowi	dcb9546b1f1b84f1078b821446819dcfd1c3c683e2fca34c39ae8257b012e642
ttp.r014.unit.sec.awtwwc.exercise.02	00916ac55885abc13c0f72472916a351531ef25f7295c694ce15892d7a3cd1b2
ttp.r014.unit.sec.crt.exercise.02	b844d98dc54330c2b257f6f8aebb97ed54271cc1627e660e60dbaaa7d19bc7f2
ttp.r014.unit.sec.dada.example.basic	df7b6449d8d36cd89680c7dd23793c0f2424f89f84b95764bd3a2e0a2707332d
ttp.r014.unit.sec.dada.exercise.02	297eb584b3d9aa10dd72ee0ef898ef79dcd3ad52c2d347146ccdfab20b19ac70
ttp.r014.unit.sec.dada.subsection.divisibility	ef10a0f896c515aeb7c8b6caf0ae87e8fdc081ccd31712cd46b37b7b651c3414
ttp.r014.unit.sec.ea.exercise.02	ab7e66044f4c132e9e10c84ff05539508c033d8ac5930930a6c4b541da802659
ttp.r014.unit.sec.ephif.exercise.02	669ce4a505edd92bcc51f1ec4e95ad81401038e282ff839a663b695f0d70abe8
ttp.r014.unit.sec.gcd.definition.greatest-common-divisor	9e96f267eb9df27f17c8eb93e9ed4f706b1877bda3293633987967fb4ec7ec2a
ttp.r014.unit.sec.gcd.exercise.02	6a0ace100f539faf4127b9b050fc7afddf0b0f65ff562b2bedf6f16d55654b4f
ttp.r014.unit.sec.itc	f3a0066b862e1dcb7f1f09d732a2d30341a60cfd136d9182b518630da752bc42
ttp.r014.unit.sec.itc.exercise.02	6b0901898167f186e61d077c91739e1ea2fcd7feefe7500ea7824c9385b10bcf
ttp.r014.unit.sec.lc.exercise.02	594fbdad2c28b37c4067e5405b52bd0f463985240fe8ac7c6432c0fbb7bce105
ttp.r014.unit.sec.roiidb.exercise.02	8154d1139aab6a56b956aae8e9dda6cab8ce947b9aec269323bd3491a59a7a86
ttp.r014.unit.sec.tegc	63526ff33f61d618592364f187de877fd9bcabd92efa0984167dfd667dc24a23
ttp.r014.unit.sec.wopami.exercise.02	88f6e64babff85d87b728445a70af520a8d2f35597f86567513d4506e1a14e7c
ttp.r014.unit.sec.wopami.principle.well-ordering	b935c8681aa199fab6f0a16991af0bbcca379d4495e3fc3aee0d3f098d0fcaf0
ttp.r014.unit.sec.wopami.subsection.01	d22276aaeb10a90bc8793288b39c10bdf47e7f0487e3b21e2262649250ad33b8
ttp.r014.unit.sec.wopami.theorem.induction.01	6d67c2d6dbab601c254b1092ffbc947eb5cc529a97306a0a598ebbd46dfdd7c2
ttp.r014.unit.thm.basebexpansion	ade7a1333947ddffe82b589a3dc845a66549dbe0fc486f701cf6e17c62171c57
ttp.r014.unit.thm.chinese-remainder	2b8bd5c538ace3ad414f4d5e862b61a1886a9350632aed2b4413a215fe46d1a6
ttp.r014.unit.bib.bourbaki2004theory	ab92e906b2f983d79c9a554371e28fd6f5d275628aade46ead7f057710f499c7
ttp.r014.unit.chap.crypto	8d8c369c3d6c2ba019fbfe35d877bc4dd0ea3e38d2a23cb09c242d79318fbb49
ttp.r014.unit.chap.cs	0ca2f61495afb756585848ac87ad7b1edabbea8aba8b361f2f927310bbb445a1
ttp.r014.unit.def.baseb	c789e0eec56fd2538ee85f4a142a96f571e04a1058f5d5fd9301cee2a205dd95
ttp.r014.unit.eg.congruences	ceff71c3b592283cd2e018130f86251368dd2d7dd78fb743bc0d817908ea2314
ttp.r014.unit.eg.gcda	ec918e2efa7cbd6e0a0784bf1f6c9e68a63eec7773caea8c35515aecf3d9672f
ttp.r014.unit.eg.inductionv1a	7685c5ee94f62534f2550740f001caa77d371c0586d23c4f5dfc317610d2c42d
ttp.r014.unit.eg.inductionv1a.equation.03	c625011cbc6fa9e5bf8e083480f2020abd0debcd910c06f91cfd5b9c54c18163
ttp.r014.unit.eg.systemofcongs	0df506b382bbf3925e98dda8d188c79a32c96050b0c04706cda822f012d9f5b6
ttp.r014.unit.frontmatter.release-notes	b6df6d92e7d550f4bdac5bac8953d8974f28e1556767bb3d889d6040d634fffb
ttp.r014.unit.sec.awtwwc.exercise.03	02cba7b0e7cb58e09690eee0dd3d2aeae21a3a5265f2e2350f7ed8995cbf7b74
ttp.r014.unit.sec.crt.exercise.03	831c81ea1072396df1a98e8ec2b60b39a42308d2fbae0c9450771b5d734d7caa
ttp.r014.unit.sec.dada	9631b857709030c398ab190faffcbb0abf68192508201bf5967a76ab07485f50
ttp.r014.unit.sec.dada.definition.parity	f1405931121aa05638817126409c4080414d0d57093034180c04fd82d7e4213d
ttp.r014.unit.sec.dada.exercise.03	09c8ec82018b66169585751e09a2f6e396fcc7af77a113ac7c7fe03bd3b7e744
ttp.r014.unit.sec.dada.subsection.division-algorithm	07069c7146793f43baa50242306272e6db77c4ec866007704c796747edd9b07c
ttp.r014.unit.sec.ea.discussion.02	15fc2e80ed5cac8e0fc83d50acbbc673ea3715756bff22140100888ecb277927
ttp.r014.unit.sec.ea.exercise.03	d1490d6bd0b6384afb63e4442678898a9d05338d6735ad5806f84241d0bf9baa
ttp.r014.unit.sec.ephif.discussion.02	592a52f301e8f516af8e3e57aae1a9f0d842f3801eb7112de4053101a0b0102a
ttp.r014.unit.sec.gcd.exercise.03	0456f0d50cac9d3c5d3fa102bdd90f3c0cd41cba4f74e571ed717918513cf6d0
ttp.r014.unit.sec.itc.exercise.03	21604c47bd653cde11cf5463548f8e7659738d684d4cda1ab1ec3eb4aedbd210
ttp.r014.unit.sec.lc	430f75b1ed767174211fb1ab54134ffb0d80dfc96c4a3ebb0238ed3d68315142
ttp.r014.unit.sec.lc.discussion.02	8e80549ba6e3a17efbc24b0475b50caa0164dbc800218fe42ae1c325b29ba2ff
ttp.r014.unit.sec.lc.exercise.03	ccc40d7f03153bf9f88a86e77ff7becd199b86439d659b50e70a03ab97d1647f
ttp.r014.unit.sec.roiidb.exercise.03	e0b294b62ca49e57eeee30009f5b064e7594700f5aeb8165da0fcd4f25ead60f
ttp.r014.unit.sec.wopami.discussion.02	cf952d98a61f25041c47cb64f65504a9fc284329a912f9d7f7c0092703ef2efe
ttp.r014.unit.sec.wopami.exercise.03	368cb851dadadecc850681a1ad8fb1a24684e4eb66d4cd7f328168881c0b1fe0
ttp.r014.unit.sec.wopami.subsection.02	0458d396b12ade411d75e480071d9df93c441cf0c61b9db7073566ba96e3f4cc
ttp.r014.unit.thm.equivalence-classes-disjoint-or-equal	7815349a3ccf58b6ce48a8396411583cf7e7aba4e9a25b2caffefcc0780b67c7
ttp.r014.unit.bib.gauss1986disquisitiones	83ea6eb9cde508caf15db87f4796b6ef1fde708bc47954f042e6ff9eed12d5ff
ttp.r014.unit.chap.ieqdl	3b96f960ae031e2d1861c9bb009c2ef10b216a1607c94346035ef58e205e0d15
ttp.r014.unit.eg.basetwo	39684d71522711be0436b60457173b3d75465ebb18a64451a2b5e23b78906f40
ttp.r014.unit.eg.inductionv1a.equation.04	2ed8126d76feb4f39e9567648a7f020c1696c80d359b574d2e5086b54a1a53a1
ttp.r014.unit.eg.inductionv1b	f159bdaf4a297b69722a46d03f48b5da09aa779f4482b5e3c5ed36b3b9b2aaa7
ttp.r014.unit.eg.rationals	3bdbbdf1c54d35c8b2569077ad9c3d872d704042d953ba96ff0a365419085256
ttp.r014.unit.frontmatter.toc	e29051e8ca96222138b4c96aa0df14823bf4a720a57734af3ca2fdcd3d52e90c
ttp.r014.unit.sec.awtwwc.exercise.04	8d49bd435999623f8e8773b848d6db2f422648f5650cd8d75a21401dc09d61fa
ttp.r014.unit.sec.crt	023b6ec276cc190061e85edcd6af36f81ac25dcff822f0af8e59ecc68b6cfbaa
ttp.r014.unit.sec.crt.exercise.04	0e68fc2b040c8aa6d5ba79011fcc51232d9f29ab3aa4b0c6e0e3cb5016a19c7d
ttp.r014.unit.sec.crt.exercises	65524ae21486cd4edb8c5c80de8af4b9af245346e1d17700c620d6af7339776d
ttp.r014.unit.sec.dada.discussion.parity	ea2224ac3218b1f106491574a47c652c6eb914a9ce2565361101fb5b1a6482fe
ttp.r014.unit.sec.dada.exercise.04	1514acc9a602eec6f396986cc346bcabcf19c685cfad1bcef0daa8ad63945b07
ttp.r014.unit.sec.dada.exercises	b71a1d894858f4c543a3e9cb3c5fd065808833a7682f414406fb3a8d72242868
ttp.r014.unit.sec.ea.exercise.04	a6ce762977fc92a5dc77b4fe734a9d5d172cefbe814fa7ab93b84d3367893096
ttp.r014.unit.sec.gcd.definition.relatively-prime	0d0fdd165e511a95da7d7b7db77fce6ff13cec623b9a100b01ef6b6d14293543
ttp.r014.unit.sec.gcd.exercise.04	f292c568e702248018086ae797d8b972c68007cc9bf67db913b88e644e0e8f0c
ttp.r014.unit.sec.itc.discussion.02	c6bad4ae717cdab24edb1688ae01b20ad19cbc8165b36cd83c5dfdb863ff3102
ttp.r014.unit.sec.itc.exercise.04	b36dc5e27187f1f5bc0fa3ff4381b77be5c16f69b0ff6a2c0dfec1c34d72611b
ttp.r014.unit.sec.lc.exercise.04	f1d5cb1480011329daf2635c9c45417f52443e272942a077f745a5970124cd57
ttp.r014.unit.sec.roiidb	e3820af0207133e52fb608e71ea13984a24733b31f75ff8388a7a6946156b7d8
ttp.r014.unit.sec.roiidb.exercise.04	03f5c0dd9bb255e7812a1edfcddc23109725bca563ae70b6bc4e2e527b8b1b76
ttp.r014.unit.sec.wopami.exercise.04	39497e5b251c1ba97342ccba917cf4094e2fe70a6c5bf0185f81fed6b2bca26b
ttp.r014.unit.sec.wopami.subsection.03	501edc65c487405ad332b12632c9181720e9208c3c2bc41582f21a34b3925177
ttp.r014.unit.thm.euclideanalg	84419ab91bd4f32ecdb5fef786c4592a1f32de52dfc4f29f98a8cc63de9f6463
ttp.r014.unit.thm.euler-phi-counts-units	f902a935a1d0bc562745de56c8216e7712ba4805b184b9eb0e9a63e0555edd90
ttp.r014.unit.thm.linearcongruencesameclass	f66fb797926fd06b412948eb3486406f98d92770e1170326ad3b9c60d18ff1ce
ttp.r014.unit.backmatter	cde097c4ee933430844b5da99d626d0921a8c14f99ac8e1aee6f8806ce91e287
ttp.r014.unit.eg.changebase	7e963e32153a3a7fecec4c35f9b458efae8dd70316af95908ccda1af946f50ee
ttp.r014.unit.eg.gcdb	2e8a4fb835079d70f38c1238243961c745bfc0bbf05a4e1f903302050c034cde
ttp.r014.unit.sec.awtwwc	69c1ea6ba9feaf70e441421adfa741127686a71a95b30312fe42c66d507d7d49
ttp.r014.unit.sec.awtwwc.discussion.02	4e5abbac7fc5928ad425bd9d21e4d46f690aa7714478d222345fa9dea4ec144d
ttp.r014.unit.sec.dada.exercise.05	d8016221389f4e78aa72a9984907f4d95adb5282df6cebec4f38af4c17076cf0
ttp.r014.unit.sec.dada.proposition.zero	261bc2650a1ad478597be8e761d83b454bf7b31d2db326029e35e7112d93f2f8
ttp.r014.unit.sec.ea.exercise.05	eb07462b89c0529edf6a87ebc901f44e093867f29854ec684aef8f15451319c3
ttp.r014.unit.sec.ea.note.extended-algorithm	7ba68a530f5fc13e7b1443c1bab3e41d361f29fc6c0cf88baa692652330ad777
ttp.r014.unit.sec.ephif.discussion.03	48137f94b5cddcba5427c0df4f13885539e7adb1949b92b3b1e69dca8595efcc
ttp.r014.unit.sec.gcd	9881bf1cef4c8f93a5cc92f73dab3000730c865a343d4af64963d29f17206bfa
ttp.r014.unit.sec.gcd.exercise.05	bac3202156847ce56cd05d2b68c4d93f623615445c6f9412b4fa1057aebb05f7
ttp.r014.unit.sec.itc.exercise.05	9a2227efac3453da4e8fa952f8b3983cb2b5d68df43fb8b2aab5258babab7c4b
ttp.r014.unit.sec.lc.discussion.03	0be6e99c9612a6c69d8fc2e5ee79a4045a559cefec5883b3fa0f2b39b9ee15a1
ttp.r014.unit.sec.roiidb.exercise.05	dd5ea5425ba6808258a359e072acf926441d2c4eabf43de520efeed6aaa78979
ttp.r014.unit.sec.wopami.exercise.05	52bb6aacdcbc5d2e394a8b122c0f385417be84d00b0a8930fbb37830723e9bc1
ttp.r014.unit.sec.wopami.exercises	037f5c7665a714feb307d9f45a66e565b839a8a0fd70fa242274fb12b5465f84
ttp.r014.unit.sec.wopami.theorem.induction.02	db18e5ccad568356adc06b370a7a6b654032e5bdc0fbbf3e65626c3774f17d2e
ttp.r014.unit.thm.basiccongprops	234e55ec7a1c7a8bf680924d033946b95c477bc7c3f2d8521c031073d5bd0428
ttp.r014.unit.def.diophantine	37344c95db6f1ef0902cc87a805e0042641b1972bf93d8cc63042d6f87e33b9f
ttp.r014.unit.prop.congruence-equivalence-relation	2f811c1a8912030cdc6d5c1a83aecfb3a638b1b67f95a6eaad0663424a7ec563
ttp.r014.unit.sec.dada.exercise.06	030bdcc99fd79f5a769cc31ddae2d0265081d488b9a3368f6e52f327cb38688e
ttp.r014.unit.sec.dada.proposition.size	a254b2611e19089132ebde01210ade2730c80bcbe6610c0597b90062ad8b2b11
ttp.r014.unit.sec.ea	e6640ba413981640d6663b5cf58e73dc8217c80489bca8d1e9796bbdd5687561
ttp.r014.unit.sec.ea.discussion.03	95d4ed09938645ea51853c4bf31e28edcda5f120115afe5a8eba93e44aa6acc5
ttp.r014.unit.sec.ea.exercise.06	f702972558a6fc66fff5fcc8255089295c75124b8bd79a5e02b3ea82cbe66bd9
ttp.r014.unit.sec.ephif	681ff4c78fb2651ee2c3c75a4d2e18e74f8e2de8b97399bd73032fd0a158c0cd
ttp.r014.unit.sec.gcd.discussion.02	13c416717bfb6a52902811aa5904aac1bb4934214f86ea54aafba42f96ac14a5
ttp.r014.unit.sec.gcd.exercise.06	f8fe0f4ceaf4d780a4f80c535dd25478367c3c9df0d158591809dfd7352d4958
ttp.r014.unit.sec.itc.discussion.03	edeceafa92549a0151c77dc49aac1c54761ebb12bcd085b4388c13db8712586c
ttp.r014.unit.sec.roiidb.exercises	3a11007d850b127077de64ce76e1efeae5ba0af8f72e937814608a35a2dae373
ttp.r014.unit.sec.wopami.exercise.06	30ea1cb06e77798d21f1a24b8c50cfda4972e68d661a8e4a49fe7ea9cf8433fc
ttp.r014.unit.thm.phiismultiplicative	dd7106394341f5e37225c08fe74c3b05778721c62b7525ddb35e7b90aecdf9ed
ttp.r014.unit.def.integers-mod-n	358fa5c0ee9551a86ca049d32ca1603f14dd653d1c84148d5968c365ba0481e6
ttp.r014.unit.eg.ea	72259000cdf88ba34aba4c1ef0c7d1de04299ad12e26c49c96d23be7a32f745c
ttp.r014.unit.sec.dada.exercise.07	ce81a2c9daf93d8fb28aec0d262a4628ccb1522098b14966b914efac7218ad41
ttp.r014.unit.sec.dada.proposition.absolute-value	d5c3f891545f0c392953c8358b76bb7fd0a4014d1606b79ca33666c192d57237
ttp.r014.unit.sec.ephif.exercises	6d5b12264df341389682ba6fc9512213d45042d91284b66da403ad62a8ba682e
ttp.r014.unit.sec.gcd.exercise.07	670756506d8771956d8c5cdafa7db0d2e790a65e1a0d224add26368592febaf6
ttp.r014.unit.sec.lc.discussion.04	dd1df613b70ca646c0f313b2ed632a6cb5c4d6f57d061fa2c7ef33b6d62c3b3c
ttp.r014.unit.sec.wopami.exercise.07	699a654b958ec342e0bb38c5c527f36f3ffec5502f6a655a95f529699859d9b5
ttp.r014.unit.thm.combing	7498af49a9baba9aa300755651727b0163a97c390189aeefb227f2ec0c026985
ttp.r014.unit.thm.dividebygcd	56a67a2e1dcebbc458368a7932fafe46dd02bd0a0d78dfea1efc22aa94cecdbc
ttp.r014.unit.eg.congarith	b97a15d70608a0c560149dba3c8e3019e888d4f292c26b192b6c7b30a18a18ab
ttp.r014.unit.sec.dada.exercise.08	132fc1072f677eed47066e82245c8c4abd9bdb2d6381ae3a01f8ea19e58fa176
ttp.r014.unit.sec.dada.theorem.transitivity	452f783a2900b25c4f311caeae2dfd8fad3d383e74ef7477d2bb92da3846dba3
ttp.r014.unit.sec.ea.exercises	bf04c0a0d4c97d708ace1fa3c46336d46d2c4f3437f397afd329436175992618
ttp.r014.unit.sec.gcd.discussion.03	b7388a59fdb6ba453ddcf00e7f2c521475223a487dc933b73c173ddb625a105e
ttp.r014.unit.sec.gcd.exercise.08	f1da0b68667c010385c0d566227cd07fd8271ce6a8b52c5d8d3ad566511d4d14
ttp.r014.unit.thm.basiclincongs	579b9ff0827d4e4eaa635f89b94503fb55e1498fce489c5ba00df47877a41d3f
ttp.r014.unit.thm.integers-mod-n-representatives	e911c425d88b189e761eaf9638cd940bb740fb7ea339fbc750a7a67c24ddf7dc
ttp.r014.unit.eg.divisibility	24d4868da3893a0658273b698a1c2fef24917e2e7a50492617f3d16e3cc9ff7e
ttp.r014.unit.rem.uniqsolnlincong	54008d125214e480c5a7fdc0e022ab90ed921c79a39d745c3bd661b0bef8a2ca
ttp.r014.unit.sec.awtwwc.discussion.03	5679f2309958e40f57d19f8f13142a0982cb8318e1eaa4fb206b3359371d04b2
ttp.r014.unit.sec.dada.exercise.09	a600f2a8b3c3b4974eeb4cb05c0d5b7aa0b0dc2eea22ee1c06e12a872946efd1
ttp.r014.unit.sec.gcd.exercise.09	28fdb4a036e98c8328a5b765631e98499cf3cd8b66124165cbb56b95b662523c
ttp.r014.unit.sec.gcd.theorem.invariance	3e0508f776d8011513faef5945e1180ba2f5592f50e5966296aabeb40097130d
ttp.r014.unit.sec.itc.discussion.04	483c65b2fe3331ec750d38f57b29a16690fe2f109a5b5e52995e774e48a4f64f
ttp.r014.unit.def.congruence-class-operations	71182eed630cb5cf98b79d98b1fc9290a8ce23805f44d0687c1f0af481518bdc
ttp.r014.unit.eg.gcdc	947da7c8c6b3242b0b1db8f81c56d86edbf29e160ceaeb64550db21b472550c7
ttp.r014.unit.eg.multiplesolscongs	afec230773398da7dfc29908a3674713b8706f73b9ce2920e106e247ae55a0cf
ttp.r014.unit.lem.euclids	0ce1b7cffb37af34138f0bcafe50b86f1d30cabbcc7d81605ed6ce93298cdc12
ttp.r014.unit.sec.dada.discussion.linear-combination	f13233f64dd026fde2c0494ed93dd934513962d2851a1794178761a99c41fc80
ttp.r014.unit.sec.dada.exercise.10	d7819c759fdf12732fadd2a6d738562314b6f7933ef07218033c4d975d1e007c
ttp.r014.unit.sec.dada.exercise.11	76b9ed0c7a10e797759b7ad7b48f725b4e387dd8f528cd30c742c6a4f7b743aa
ttp.r014.unit.sec.gcd.discussion.04	e58d82f3bbff195f0be1d58322f4b3e5cab660598a3c4207938fdca3fa1cfb6a
ttp.r014.unit.sec.itc.discussion.05	90d00954b6f75cca0fabf668b203c2b0e498aa009570bb3747fad1ba91cc28f8
ttp.r014.unit.sec.lc.discussion.05	857b246c79a684c3f965b29115744accc40da3bd4cc9adbbbe963c0e8427a043
ttp.r014.unit.thm.divisibilitylincombs	58eb0944f947e61bbf4914dbc0354f1baeb9e997464a984017798f6820b44576
ttp.r014.unit.thm.plustimeswelldefined	93ab36d08f2b93721e901e9b58ff8b013f93b7aaca8bc437cb0cf69a13cbf811
ttp.r014.unit.def.modularinverse	b5f83ca52cf27f35f2d3940e2963b34925c920f4b4c35c08f198dac62a1c1bcd
ttp.r014.unit.sec.awtwwc.discussion.04	dc044fa402704776ab4b9a5e8b0c2ec3d87d94baee58819cf2f67de440204680
ttp.r014.unit.sec.dada.discussion.finite-combination	331b700a1bfe476417ce9aba95995a1d3cd7728de8d6dea2395c187e84452b79
ttp.r014.unit.sec.dada.exercise.12	3f68c55f9b5b90a7b8645da82a7fffbb23e78fe3b2cebd91137b78558fc1a384
ttp.r014.unit.thm.congcanc	b6020520619a71e7403bc956cb77122e164f4bcec0ff6dd6d27a4faff27b7282
ttp.r014.unit.thm.gcdislincomb	ab240f57d882d4d75e112fe43eda7dd5850ce94f2099fd75009a9f64fb00c4d1
ttp.r014.unit.eg.solvcongs	eac3a70473c2907e75d007f54becb8f792f317dd0d54fd236abc8bc6bcf5ae30
ttp.r014.unit.sec.gcd.discussion.05	8289d85367c774a13107e7cddd91f7ecf2616058ab552a5072db0e70cf763d4b
ttp.r014.unit.sec.lc.discussion.06	912297b4eeead10821ac60d83ff99737259826c36616dfd521ef7cfaa6a3131e
ttp.r014.unit.thm.plustimesproperties	06a51726b59cbf2d0d9625a9b66b8a103a8dbe09a062e26c948b1c7b1deca2ed
ttp.r014.unit.cor.intlincombrelprime	cf666e83b371eedf88d2670c46d155013fcc6aff13bdb767cbcf39fe0f018352
ttp.r014.unit.cor.modinv	3e391c3a3232cc9c7a537e867c4306ed9ab6a5090ba13d5e7496cc3649ed6ec1
ttp.r014.unit.sec.awtwwc.discussion.05	096d44e65008e8711fcbcc2a82fa0bca80b70cc8ecc88289f52797637388a98c
ttp.r014.unit.sec.itc.discussion.06	9e5ff1a1c546e6ae096d88ee554cbab596baa5d85bd4dcd5771ec35dc8700257
ttp.r014.unit.eg.modinverses	df770ad3c71b62e0f788b28ec382a3ffd2a26175a95a215f3c57ec474dd5d85a
ttp.r014.unit.sec.gcd.definition.gcd-family	b9cd24ea1213809e299911bab6d93220d8f8cb17158cf5bd46c97ab1c1a1e63d
ttp.r014.unit.thm.linear-congruence-classes	79c214ea4e71519bb0914659ec31a46376102344a2ca8c30b441f5b786ccc258
ttp.r014.unit.thm.numzerosmodafactor	6222d1924d78de3ef7da14df038b736123d567506b992e3096812fe4baf6da14
ttp.r014.unit.sec.awtwwc.exercises	72d16f800c5576d1308d2c9ceb53e49ae65f119957d774ac11ffa305a555e645
ttp.r014.unit.sec.gcd.definition.mutually-relatively-prime	9877a7d964596041d1666eaa0c46d8cdcbc6f9e0ee287e6841a560e0514a2b85
ttp.r014.unit.sec.itc.exercises	a876cf237ad87520f7067756a657f42370b8a66546b25731c8411847aacbe273
ttp.r014.unit.sec.lc.exercises	2bc6d914eb7763299ec8dc0376943377ae61db74b9f8b7843c0781aa8a95f74e
ttp.r014.unit.eg.mutrelprime	3f3d262be1873f372b810ad23fbd3299ec667033e0cf9787846ac6a00c2314e0
ttp.r014.unit.sec.gcd.definition.pairwise-relatively-prime	5131511de5534075a990c943a9bf39977a601d908b3c1a6bff8ab83769fa0844
ttp.r014.unit.eg.pairwiserelprime	7b3715f81739467b68400fd4b3e830e6eb43ee1c3e38f90a8b524abc9d344941
ttp.r014.unit.sec.gcd.proposition.pairwise-implies-mutual	48fccc02dae559a2b5f46241b77ca6371fa28e81995a763fa2c61e138f02102b
ttp.r014.unit.sec.gcd.exercises	c81014a91ee104e74bc993190405a0a5e8b78f1181180976737b29e20a2fef49
ttp.concept.addition	41a1e32e136c77d45c19ab65bd38dd9e54a674e2f8dc25374f44fbf9247522d0
ttp.concept.additive_inverse	ee234c39a947925bd091d5a4b8b7e965743875e9700bbb50fa799a3932e0e3af
ttp.concept.associativity	cdb577b90a10a155ab821bc4a327c3788af018670404f3063d86c74ff857ff43
ttp.concept.base	4bae7e6a71e40b853eb140697dc302b5a073fe84f1834b530f53cabcf601d7f1
ttp.concept.base_representation	7cf6dc90a86fb2cba918e1c0f6471320dd639bf41473915e23ad1fa103f69f2b
ttp.concept.bijective	3f2fdb3fde2bcf717a6a5c51de97a4966f9158701966b6d480238a61d7ab8fde
ttp.concept.binary_operation	aca65b491cd041095e7b629bc03c26dd8de0ae268d463cba7972dfe1ca9d4ae0
ttp.concept.binary_representation	3e9ab03af4e6490d097c96cf79feb4a348d3128bcc469be64d8a0688c6a634a1
ttp.concept.bit	66c2402f076f08e901e5acac064bff3e8b1ccc6ca2feeeded3f62997c1a99492
ttp.concept.cardinality	cebbf66a3551c0dd1ef3904084992ee67e8fd61f01086930c6e4f8fe910145c5
ttp.concept.cartesian_product	e33fbbfd470e69e752bd0c28fcac2e303172fbfb321eafe03b64c83ea5a56cda
ttp.concept.chinese_remainder_theorem	a79642b9ec808c6972d7b50783cd966350a8fd5ba03a4c51904a6138be159889
ttp.concept.class_representative	f2cb70ab95c2eca9a32f03dafa49da55784791160a3dee456847964756df6bdb
ttp.concept.common_divisor	9d7ef4242656272998e1c6cf12e3b13bffb96609af1b4bc05b4de29e520b6a94
ttp.concept.commutativity	701c92fd4591416d6b3602c1b85b2e7c146661762b5b3e9b247ae055c49f5078
ttp.concept.congruence	e4dcbf9f3b2e497d3b0220ba85baa4f5ee8eecec3983665320cb5e01ff7f6fd9
ttp.concept.congruence_class	e26c491087d20ff518b57ae6465d34c9fbf30bb526d18bc20705a4e489e91b6a
ttp.concept.cryptanalysis	281ef88eb612ab8c193fa714df424a445b08049426ec0128e4061d3a5aae60ab
ttp.concept.cryptography	f7a7ea3c6d1db890ae7961211cae780f222d177cbd4afc2724ac3690a2c10a4d
ttp.concept.cryptology	2187255634d0a491d606a96f7cb35095bf35ad18dfa7bd56f6ae69297a9d88f3
ttp.concept.cryptosystem	bc3be564be82a18a2cb9f0a151c67e11021434e547ee5997d1a233fe46320f15
ttp.concept.decimal	bea38b497ca880e740807ccd613908f476b89615433f3ec2d5a2d844ee0f4a21
ttp.concept.diffie_hellman	d08eeca938509de77d6c304691779fbbb0c5e9e85eb4f54e0a6aba3447ee1f51
ttp.concept.digit	10317d2c5bae2b021df6aa18695ae7dbc20c5c74633f7527a57cf98e14340c88
ttp.concept.diophantine_equation	ab8322fd311b90b7843cad57842c946f4d23635e92444efd771c980bb28a4c3f
ttp.concept.distributivity	52488bc2dc529d3cb3a58e4803527b9ecf85ebd34d35230acce34913861b8531
ttp.concept.divisibility	9c57786e09472dc4709c40c49b779d81084388ae18a3d1efafd39d4f77cdcf74
ttp.concept.division	0cb8717e2795f3cd0e0e6016a34a0fd4c0d056414a8d7f99cbb8207fb519216d
ttp.concept.division_algorithm	152fbcd9157bf9df8f1d8c9f7dea1fe9373493b599563717e33bfcc662cc3160
ttp.concept.divisor	33e15835f2ec7e608cd4921343488ac33e1b8f90ff91dc5f19b31f149c4d7f5b
ttp.concept.elgamal	6cad01a0d83983cb0538ea560b1fc745c96de85e0aa696cad148c3e8d09e14bc
ttp.concept.equivalence_class	8fdf7a862fb37638c6606e7dfea48781c698e406199866f021751522daaeed5b
ttp.concept.equivalence_relation	c643fec4f039d7bc52eb76fec3ea7b6804928aaa13e670c83a5c75f296d82092
ttp.concept.euclidean_algorithm	660550cc021d1e65e117ffc13822a836971c82dc3feffe0db80ae1bc542fdd96
ttp.concept.euclids_lemma	86a7aad3c028f90a2cce3629c996bad8d0faad4dbac81e4665f96212aa869216
ttp.concept.euler_phi_function	b43e5fb31172208ffd77e7c41c593d594f7f6578312953c44f3c2a7bec7c543d
ttp.concept.euler_theorem	f547bfde1fe5d6c3a600c3a57a7637db246f805227834c80e8f84243014c433d
ttp.concept.euler_totient_function	7d236ac8d80bcd3aea4e43f04bce3a1360d46c2b0de35d5c2062b840d88b12de
ttp.concept.extended_euclidean_algorithm	444e97be6970b4dbc450fe1afb65296250866670b7ac7a7d68deea35fb770bd0
ttp.concept.factor	3c3ab5a31cf66c30eb2b7975096a8f5d0f037b82707b1d6dddfbc62dbc321f3f
ttp.concept.factorial	4dc56e6ca20927ea3a4085e79423f30897eb5da2f673c804c6aa74c9660e3503
ttp.concept.finite_sum	300b116270677f12bd12c7cbff68b69e532c4dcea6824a705bb53cb9733595b7
ttp.concept.greatest_common_divisor	9a7abd0f405b48e8ac5242e892140b0223a909534a5ea6750480ed52e2ec9ddc
ttp.concept.hex	dc6fd12d24a169df8a1006ce3cc1d055b38a06e42185cee3d2264bb656bb1378
ttp.concept.hexadecimal	e7779be6c5a107faafdb0410a4e7512db4f363589ed2995777cd231ef294e30e
ttp.concept.identity_element	e5e0b597e4e7e883c07d14bc3dbf419f94489d697073dc51dfb2f58f6b875248
ttp.concept.index_discrete_log	15815e06811373c5d0fa7f428b812dcd0f51361784538625bde0d81b08070474
ttp.concept.injective	558277f5e34cbf7313e8fc25b3b294bcd2c0670ced1429c7b6d7c86fec35f863
ttp.concept.integer	27805153584c82206cbdef7f1d5e73cc7da46d12bfe1b29c1825b53103852f5b
ttp.concept.integers_mod_n	65a7a63d10e9cbec6d0b488c8c02b9245fb35556011fbab07ef832e22c89a83a
ttp.concept.key_exchange	3262045d4d02a2cf7014580b0fe7bdd7c301bce9cef905a5c5072689be0d65c9
ttp.concept.least_element	7be7927f678353b2e85607ae16029c41586bf93f569a709dfcef5a95e9fce891
ttp.concept.linear_combination	47d64cc9c547f0167500035d175f7c5639cc48697d4908c00aaf3f4f9cd778d9
ttp.concept.linear_congruence	34f345a62482147ed2c0dc8139d64b713e22c15bc6b7beca3e490cf53efce37a
ttp.concept.mathematical_induction	3ab3b06b688fa9ecbcb3476630fb93a2324f60b26822c6a0b84a63a60a3c3e75
ttp.concept.modular_inverse	7e8a28cbe53e17387846aa2b874c881dcbb746c1767e1337948f17a94f65311d
ttp.concept.modulo	6053eec8364f0142a0c81f21755c95f17373f5d8833c1c182fc558565a62c1ef
ttp.concept.multiple	7ff6db1b7fbbcd4059650f79f5c5c6527676fec7783656dd46f8313c8bb60c99
ttp.concept.multiplication	21f1d3acd7515c8fde186928102769e975163f42b4647e9bd437c9cc8ed4489a
ttp.concept.multiplicative_function	44e4430559bc63475959021f75ac8ed5d3a6eb0594965b6cc8e0a671881e78a2
ttp.concept.multiplicative_inverse	ffedc0c8e2acb9ae952e68a88a1d42c4ea165145c06d95a4e2135fa05d1fdcd3
ttp.concept.mutually_relatively_prime	8d485b77ec11daeb5222043f01b3b19b1fb959c8db53b0ada396a44c8ac9d9ff
ttp.concept.natural_number	1900a1e3f7b9d9bd3606548a22b86d614bff2e89c92c8965efd4f1582a237031
ttp.concept.octal	0036c2dcc5b9a59445d45440602f0c38d175df527522e79251dadd1342a3d471
ttp.concept.pairwise_relatively_prime	dd098ce0ff010a8f58cbfc88c130f727576df189ab5cfd6442f47b595b031d6d
ttp.concept.parity	d3e3367c3e52829d0f573f826711ecba06c9544399c6c50af7acd225fa7945ae
ttp.concept.pigeonhole_principle	64f6a08b38ec2b0c4d958194cee265633091b32f04a8332fffa60ef9f7d7cee4
ttp.concept.primitive_root	ccaea8eac7656e3912d1892a2b03109c88670412fcf17c217427618edec805c7
ttp.concept.proof_by_contradiction	c71406e293a1b47b335ba5b6107a35e1dafa2fa618ebdddbec18803961c8c7f3
ttp.concept.quotient	2e49acf3215df1733f028f7a3263098aaa13baa67c4a28d683410d1201546779
ttp.concept.reflexivity	15364b9f741dd0c6e072a5314175123d5611ec942993017e4351d9305548cf43
ttp.concept.relatively_prime	37102721f300a7add87a32fde96595dfde1acac09551e0e1f4efee5410cf90d7
ttp.concept.remainder	7a75e9adebd3be533e377b092fe6323f9aa9d35ad4e4ede19c7d24f7bb9709b9
ttp.concept.rsa	659393fc2d1391eb6439ab8edacb86521938cfb9e5bcf3080f7909a960affa8e
ttp.concept.sexagesimal	f05c247dbf5362b4f60f8f2db0bba22c55207ea483e4e876c3b6e16036d5e753
ttp.concept.strong_induction	f2e65df70a72ed48e204a90fe9b61d76be8160e3a2eabf275c8245a0d050f62a
ttp.concept.subtraction	10f0ee98468377b2711967a603003d6de569897e6575eedecd08c2247acdb514
ttp.concept.surjective	e80f2250061e77b403d42b8c185ddcddfe3772713d1ac51d15b4f8392dc190fe
ttp.concept.symmetry	f4fc3407c200d0fc8dba1c3f13e62776ad54f9c6b92ab72ee30a284c0719c9d0
ttp.concept.system_of_congruences	adedac612cfa66e367c35432e1ba9c931ca9bb2ab67776150eff9f6fa1d5e417
ttp.concept.transitivity	939d210c986e8b0444253a3b7e6c46b4fc12f3ed9e5c7c0edd6908cba360dd99
ttp.concept.unit_group	0795cfab6de389e112a2c71dd252fd5b63106ad57873b7f0c40ac61fbd561b8f
ttp.concept.well_defined	f732dc74c3d2cfaaad5a2e1abedfa542f9d0b49f3c1e12bfcf69b250a9d3f023
ttp.concept.well_ordering_principle	a3b891fd1c92879b1eea4f4b2ace88612c34838ce032f2dc937aed5b9fd452c5
ttp.r014.segment.001	c63f92f23ae3ca1d92a7ccf92245ffa697a8d496cc00cc0f5c0f97718699087b
ttp.r014.segment.002	7d74f2c7d3ba0931ef4c836c0945f0ad5ca52a0b546096d0107a0455ae5de88c
ttp.r014.segment.003	13026d2482125f08ea5375cd5a327153bc87f8e98f59a6b592ce0dac580392b9
ttp.r014.segment.004	61fe26bb265eef7ecd80a3f6ff07b6855a32a348378caad1b8052e648d52578d
ttp.r014.segment.005	1db9e5f9f1e1b392cd23442f1215e772363a7087742d5fd3a24d9834238777b9
ttp.r014.segment.006	2f4897e76e237cc1e3c93a6e5740d7db06967132d009c37fdf912c51875aef18
ttp.r014.segment.007	7a82cce942b59c0c981b037f91cf392fc242c51eded8d7e0a29e568d3fdbb777
ttp.r014.segment.008	ddeadeaf06853d891df8959bd72ce549c76390a150c2271505500f37369c7317
ttp.r014.segment.009	019614401ac455a931e85a60b45460e8d63926ffdf8a7f27221ca2fba96eb8c7
ttp.r014.segment.010	4065b2f85adc93c7acfa7928c4b6d0602a28627ac0a2f4d2280159835497719a
ttp.r014.segment.011	8ccc22379a8df7604fe3ad7a57daaa903f8654d042db0c7d678f41dbf59a304d
ttp.r014.segment.012	5d3b6bb16abec4fc766bc7b7117cbec70ec1b6c1f6c34bf9047b7565fc18ce92
ttp.r014.segment.013	71a66bd7460719bf88f448af55dcfaef4b788c5ebf46b456eac658c91c21f93c
ttp.r014.segment.014	a851faffd774143d46e81b75194e918b206f16dfd1d5ba983cd405fde8e85dbe
ttp.r014.segment.015	a69f82f5290aa31ffc6fafebbde2f07dbf0a62befc0616435dc877a5fe5d5e1a
ttp.r014.segment.016	260bf3a6d53fa1f6e7d92c359c86e3fe8d5bbc4b010be5db72c54ebe185139d5
ttp.r014.segment.017	42d00a2890b4f03dfaf57c9673251d1cdbffa97c70cfd830e7724eb0ca47b908
ttp.r014.segment.018	7461bb792b883228196cff15a724b78bf2b7bde6ea111004ac4a5ea650a904bd
ttp.r014.segment.019	6145831cadd56801b8a4d37ef2bba0d36cf4bbd428f7458d0008301cb9356d6f
ttp.r014.segment.020	bfb19e0d31bd001be23fdea42b5c53370fc3b6a8d211d52d88e8553b8eb5a3c4
ttp.r014.segment.021	2e22652f5ffcb564006657de04e3d2683dcecdac283dd9d88da148e6b1035c92
ttp.r014.segment.022	94f11fbe3f3d07297c49a2493568dd3bfc23120559eeea0f2caf9f0bc8a5ad80
ttp.r014.segment.023	4fd7ff91d93896c953e9eadbc12d2c3f7b39ad2989258971932b6c5d26f39d58
ttp.r014.segment.024	7cd5477d25d75c85f5648d4f2e46875e46ba53f2a51b81664ea2fdbc9d825ab2
ttp.r014.segment.025	cc8e059968cdf357056d737820b776b4fee7292a923a3b02fef08710b2dabfa4
ttp.r014.segment.026	24f332e60b7e258b392548311b16d1e1554074683544c3e1e709131259c27ad6
ttp.r014.segment.027	a979b221fa340a5fe6a2fd1ebbcadde798b3a7f988e60e4ac625dc528c804507
ttp.r014.segment.028	603ae0ac452f825822e65cdcd0988a4a3dd09dce0547380c94c0255257d8fca6
ttp.r014.segment.029	1a5af7206a366c7901306b8c7f546dc643edd88109e9e75c61a46e55e9e2f2b9
ttp.r014.segment.030	b612f91a8667818a8c6b5dfceed54df30c82d4c1da124d0329e572b5dafdb692
ttp.r014.segment.031	247f6ab0571201e36ac287590f2f04235da4d0e6df7b63a16bdb0a40196c2df4
ttp.r014.segment.032	4d72b555874f720f0de30e5ea438b61d621e15aa7744e74eb88b203128230374
ttp.r014.segment.033	47d69cd69b1f56516b90a6cf71722c64c2a874c772881badc623d2e88f07a213
ttp.r014.segment.034	29aeabad721fc61f93a3e82962629b31098752561bd57313c39c4f59f277cea1
ttp.r014.segment.035	c412d688d56d086e2f3da13c353e11b591d6b4e921c2dfaed755b29d29defb12
ttp.r014.segment.036	6f73a83e80e73199fec46596e6033a2d7976cd8f3afe0b9071fde99c768aed2a
ttp.r014.segment.037	1db935b677e123980a12814b89fca6d2076ee836ab2386139365b5ecea46b561
ttp.r014.segment.038	d0dc65800933e7af0c5a59746b905a31dfbed4807671fc5b54683db59dfb55cb
ttp.r014.segment.039	40a2ab49326960b72acd246c42a821c1a6a1959c3b79a72e24f1958736a5b1d4
ttp.r014.segment.040	fa467317b249b373cec5945c1cca1aedef55029f182ca7f88a773fcfc3d99598
ttp.r014.segment.041	7ca7ca0d90be4cdc97d0147459a259949d74c8d93d4fab1f0fc2c540ef563318
ttp.r014.segment.042	09f4a10bfbf5c667972d154c7ffea0e8e6e939ba232ca09349c2dbaf59d7ea6a
ttp.r014.segment.043	330cb771ff1ed2b9346601b97999fd42d9ec3805be3c1e92a97932b96d787f99
ttp.r014.segment.044	f2e117e688f586b8c62f17c2d17a01f4073d5be2ff088994824112f75a3c2a3c
ttp.r014.segment.045	aa44c3448ed21af73de689fdd09f2247fdc3ea7c16faa9ea694ce44e5cadc66c
ttp.r014.segment.046	6fcec48f064ed2d597153a2f921d44ce2a5e0ef1c48269298e05d7db704b9149
ttp.r014.segment.047	7a51634c104dcfa884e7674aa825eef87807840b19c28bd9eeed460ad0ab9f52
ttp.r014.segment.048	7e7838e153b3165d1b85e4402e5cf77d98626c18200186e38fbf7a481c107ece
ttp.r014.segment.049	e16e5207d84c2077e30d3a34ee5cf40452d3d0a5c05164c7c524a39131581356
ttp.r014.segment.050	cbe9c9095b38ad155bee916c3850def39010a99b0bdca43bb63f906850f26c7a
ttp.r014.segment.051	bc17f8af9a1f0cb8770d36edda4d198ef9f92b3ce39a9c0f01a373a1824168b4
ttp.r014.segment.052	bf038ff6dae5a54c8055b69551d6c0a01356c069c1d912a1dfd6b18a2a72b194
ttp.r014.segment.053	7c31e85e972ffe8064eb67602b8ad82b4541ae69bef3fed8940560122ba471cb
ttp.r014.segment.054	65f41058a6d54501930299682c743d6387deba16cb40fd4e1ba5df6104986580
ttp.r014.segment.055	ac5aff60fed7375594546199091086f39d51e90972dee56fcb55c0c018293c54
ttp.r014.segment.056	409c532457a5a71745dcf6b7b96feebb71b58b9c8842290fd08614d048bf0723
ttp.r014.segment.057	e743fee5f37e3d51f22976f7b6121e70224d7972578908f1da086b5063c16679
ttp.r014.segment.058	8220561c071c2401878920bc1f9b9a4f8e4fa02fb80aedd59c74482f6c8561c0
ttp.r014.segment.059	4daf0ec132ba78069c8627eb52009cc78c89d9363bd9716fc18e2aa9605a1fbf
ttp.r014.segment.060	4d951888bf5078559dff3b86b025fe7b54e7a13ab853a49cfd10fbf3b268e9e5
ttp.r014.segment.061	043a21c85661e38463f8cb1c046d0c07e8b133009b11ae5c16a572b90aebb945
ttp.r014.segment.062	1b225c4d0fff4d275b938a85b85f8c6b297cdd7f37cdf391328b20cca1a2c94d
ttp.r014.segment.063	dd7eadb2ff3102b8f081d342b2ccd39c3d9d3cd0caac91f1e32b79e06010eb99
ttp.r014.segment.064	a96246db33330e5ec00c5d038c5954206fd4f8440baabcdcd36a6e4259bb3d4a
ttp.r014.segment.065	d2bf3a29388d376d56919ea580be207b3ab85788a128c92fc5ef0ec8f2af05f3
ttp.r014.segment.066	fad6f4783ccbd3058ba798992ea1de0e7b6c35675ef3fc6a26a6d46d3034c639
ttp.r014.segment.067	bec29e2dac2b2d55392c1725d07425fc1c31e6ad8f82a90a2e0c21ce01d20ba3
ttp.r014.segment.068	519509dab5bba90caf2471d7ff716c09deb1ac4562a50c97749af461f94452ed
ttp.r014.segment.069	08f522cb6d4437daca06b3377fe128c37dd27f76bc850ef1302e84ad8bddfa65
ttp.r014.segment.070	a62a1c7cadd04278bcd3d0d89f27a1d46926cf37c34e836a081d97b2ba8d48a1
ttp.r014.segment.071	5f1739e3b10782d9d252620412dbf8af97e892d006184350385b5b1f6bfc66f8
ttp.r014.segment.072	dd392db342975938b399e89346183783f82ef4c25f96a12587fc8c1efa1da852
ttp.r014.segment.073	cca17eed0ffe8f36da451b7d92b7c08c4832773d8a2fb2fec8fbc430bbd5820e
ttp.r014.segment.074	d4e746937413d1d8f6853408f28296186a2dea62fbe4b1c6c6a160983d42a47a
ttp.r014.segment.075	4972ba1d5af788f20b7a7e913f1409288629351173efb0dec44a23e1d011f160
ttp.r014.segment.076	63d64e3f74f87cb406252c12087d0b7877da6be6edf177e4a89475e9a455e8ed
ttp.r014.segment.077	9176bf341561a4a0c9bf686169bc32d2511b00a32a254a137dccded07a349a0b
ttp.r014.segment.078	d8dc50edcf130653903f59547f556fc03b18e888a4be5acbb0318329b65862f1
ttp.r014.segment.079	4923577609e0a36a72025dbb8f3ff6b3055c269ae7d6e37261e76ad03dd099db
ttp.r014.segment.080	3dbb1e05762bc9a991a105a79c785a8c06d1e543d36b74969af4bfa14aed67d5
ttp.r014.segment.081	14e77d423a4d585ac3cb5223b36da868a3a64877c2f2c354271cc46688eeba22
ttp.r014.segment.082	6c5f10b24fba9e3c11b058c7dc280c26e1504411a606b15a50987f5dcf1f740c
ttp.r014.segment.083	61bf2a7c82fe1d430a7296fa7175adaa418bc384eac147632dabd1ae343da377
ttp.r014.segment.084	cf3fa2018799eb612a3b70e7a16a203c328e30288d6e14251bfe701f611000f0
ttp.r014.segment.085	5f415e419bb0a3ada5e099c290f3d64a6fec7fcb46e523979b9874b4da554ae4
ttp.r014.segment.086	837042eab13c2ce639b1c67e3cef478e1e4e87ca165c2599f6350fc543599329
ttp.r014.segment.087	a30127894f579aa89d7d3548c52ab00563fbbf0a9c820a4a3357f35fdf83620e
ttp.r014.segment.088	e3a48ad49c03e2c8cd38c7142e714b74f95cc201b352f29935ae1a0c03e1b876
ttp.r014.segment.089	40c65ee586281fc68902652c0a2c87dd56973b05c2b2b147d47bc85dab485aa1
ttp.r014.segment.090	c7df9d626b2e264b0bcbcc60c228403e97ea5f5c8322876d10d8340c5a8eb767
ttp.r014.segment.091	1a996754ed21e312a0e21fdaea3302868fbb8eaccc448d69c8fcc7955194b185
ttp.r014.segment.092	722a5edbebef3c205f593c74c289c05d52626dd069df37940c33c2128a63a17f
ttp.r014.segment.093	00cca5e79805a4c8502b6565ddf4b7ee3d90f82e8392e6fe2181b8d689df1938
ttp.r014.segment.094	dd90703736e0d1922a5638d2a4b4d0337c7061d0bf534e940919fd38efde33b4
ttp.r014.segment.095	ee30dffbf5753b26309ef0b7089a0674571c9a0108d7625878b6ac7b541d7bd7
ttp.r014.segment.096	6c210749eed4cf95b62060e12952ff85f3d9093644cce2d37844e32061efb613
ttp.r014.segment.097	c7bbcdc4751c4c5ddc740c96f0e8c9ce571e2171e5d438a9a3809622b6923fc8
ttp.r014.segment.098	d1421b8b4e225b09451a2ebded155c24afe1c93d337d21cde6148549c55415be
ttp.r014.segment.099	83798cfcebd05099fa18e8c01f3002186f059462fad2560a0bc2e68195b69896
ttp.r014.segment.100	9ffc630963743e5a637c03fa075f0f762c6a07624cf81aee9d52f1d1b6638909
ttp.r014.segment.101	4deb6de7af190fa8ab8ce12341f495c0e7a9d7dbfba43ac5d685edee5f1435a1
ttp.r014.segment.102	4a3219c702663b22a79ffca7b567dbea3d9dbaf9bf7ec382b8e932cc81263ae6
ttp.r014.segment.103	6ee53b5a60e6bf25eb598d251e85ba0387210f448de44f739271d20bafc3b2bf
ttp.r014.segment.104	1c7038b1207e18a5e0020bd7ef5c0de012da2626b56ec757ee94c5d24ff69041
ttp.r014.segment.105	54fd6a39d3c1d9e7da1ff0cab741057a4869a8e687b39770333a6959769c517f
ttp.r014.segment.106	598d3189ff8367f03aec7015c79b6c81489a63044e53a0081f725cb1e98c0c1d
ttp.r014.segment.107	b85c67c72fd59826b3601b7b7d9fc435450f2d8b8bc8eba385cf5714b6fdcf81
ttp.r014.segment.108	cb7b238d2d0e42feaddabcb06a9e17a101b3a09c54bbb86d88dbb9c409ca9392
ttp.r014.segment.109	8525a2b3aa1dbff663aec554723d1ba658f705b2fc5e376375cf166131ebc01a
ttp.r014.segment.110	88dd18b00821a9ea12f7d339552734de86e612d10ee3b1c02a52a4dadbea60c1
ttp.r014.segment.111	562c6ed8bb5230b007649141c0eca869abd734f147abb44a6fd1f4b21b04e065
ttp.r014.segment.112	815a7d4849436452dcd0a070cb14f169d97715c9fabc3258463f82ab9bb706c6
ttp.r014.segment.113	1750ecc820f6d55661d1997ccbe45d6e82b58fa4a5739857bc02fd5f96522503
ttp.r014.segment.114	884fdf2e9d37a1899af832d7d551424e2a65d17955320d00690a02c7fdf6f179
ttp.r014.segment.115	93c5cdd0c181aea46d3524cbf402f70b95b4b8b8de0355baeea7a8840d47783c
ttp.r014.segment.116	7f9e516e3ddc8126572ea8b2286ee04a14b70e5ec6fc54d440a27ad6771e7de2
ttp.r014.segment.117	c767d80cdfe000168acf06a7942ff6ad2a1c3e0354f1efe36197f82d9939ce7d
ttp.r014.segment.118	c0401db8182f064ef988127cbcb68edd9de3c6246dfe19e5d11d2a34e32583e4
ttp.r014.segment.119	f531ae65a03dc091cb9a73bf4924638f8c0edfc1028e58a1d5a5792ffdadf1bf
ttp.r014.segment.120	16109ca8c1830f52377cbff86e46ea931b70936fc650c73b95b8e4ceebb559a1
ttp.r014.segment.121	5d86238e5e38178a082c32db47d9998348ef8c2b41262d3ed86cddbe7c424b35
ttp.r014.segment.122	7359e5c8f5135c9bd506b12f8d92cf55ce251cf5197b8821a89c24f602e12284
ttp.r014.segment.123	1e1373f08eef2843c24980a83bfc6ec9e8f4e6e76e12c16547454c3685adcb50
ttp.r014.segment.124	1df9d1a82c99f2ba85ec554852d11b4bab616c1d6365505d2966b99a396551c2
ttp.r014.segment.125	fdd0980b10f391b19f0a36acf523cfac8135e866a9ad575fc44421dd3027cc7c
ttp.r014.segment.126	5340a57927e7d43fd0f3ea245c71eddfe98462c0fcdbc257882129bcdbd5b43e
ttp.r014.segment.127	dbe5feb8a0f2991a361cd7aa1a1bb14b61a0d107caecdb3c7c8d103e40b82802
ttp.r014.segment.128	ce1fa5ba150b1e13722695edc20858fbce0621daafbdf9340315f2133cd44052
ttp.r014.segment.129	965f5aa6c1bc84dd90f66933044cd4a9e364a9d8f1b9237560964fa4b2bb008d
ttp.r014.segment.130	bc24f3e8a23969898fcac57f29a2aa0d197c3ca35a9a19f29cf12960194de778
ttp.r014.segment.131	d8a42e5628cfa74bd34cbf086cfea607d3305e5b120401cf6478e881aeb30957
ttp.r014.segment.132	52e1c54db03d38ce38e99f58e5671e9e7af8997133a8dc1b6b4ccc996caee9b6
ttp.r014.segment.133	028fc4c1fc43938f69b1f01991256e90f8f5b1907117ad08d3d936daba1d5316
ttp.r014.segment.134	5764f2ec4418caa5848b6f6416d1c5b6f121a98e2eb30392904ab0b5c8727f9c
ttp.r014.segment.135	fa9907d0fa1eb524279b8ecc776462223f46697120a40ebec65ee9fa628fdb29
ttp.r014.segment.136	5cbeb59895174cef7b770450e8c23326f1b81b541536f975730c7476ca0ad156
ttp.r014.segment.137	1fe1727a063c54b7e29af39e8e15064192b39066ca6cc648b5513d7b1fc8ab3e
ttp.r014.segment.138	7f1db93c786ade4615f709f8834187ab84d5a251b04a85fbf2e3ce019be1b1f6
ttp.r014.segment.139	dce53cf34511418a4bb944142353960e75d9fea0e1c119dc9707c77a86c33798
ttp.r014.segment.140	3fb61fbeb09488ceb937c475a1a6c9a49e250bec47f7aeb707c53280f7bb37fe
ttp.r014.segment.141	014cabd982a7b547502fc93018083fffcc97ed96680d9627ad3a6fc8914bca6b
ttp.r014.segment.142	3378bfff95ffd27b0ffbc4011564aafe4b707ce4a0f58d430448628be3899106
ttp.r014.segment.143	3844991e28cf536e8524af63308442e95e660611b268d0183f136069985b4aa2
ttp.r014.segment.144	8f2b7404a467f5ae71efba15abbed882807a56e649d1d00b3299cc98c2d9ad87
ttp.r014.segment.145	6aa87ef3486e433b34d2a6830c5c47e69e7d054c1a0d4b0727245260f3ffbcc1
ttp.r014.segment.146	fc7dab1e4ee6e2b45e76bda7d3a36960ab8c0302bbcec4b9f44eaf4de8aff4e5
ttp.r014.segment.147	9a6da00b0435f4e32178c58ac912231208dfb9de04c3bfda318ffcf692523912
ttp.r014.segment.148	0644b6e3df6eb1d4c88e154770b7ce6f89e34369e7dcd2c2fd934393f772605c
ttp.r014.segment.149	0a93e8c12c42b3cffd94d089639acbc2f23a019ad70f58804fdccb1e3970945a
ttp.r014.segment.150	9f86fdeac9409e5788245ad069c41f62404fe3b213b52ebbfc8e83e2629ab339
ttp.r014.segment.151	3d6216d88d59d13eb230233b927ad8372820b115f83ede4833693c7d5b14eb58
ttp.r014.segment.152	20e5910a677d1e07895e12b1b44908340bd81cfb1ddc7926c43b70816992738a
ttp.r014.segment.153	6a67bd927a4f1a336d416bf03c1da2915540a4cdbf29f67cf3e6924a02f63d0d
ttp.r014.segment.154	32e47616f8d43c68eeba795e7601f680b1ec99a8a7bd51ac71e5eca4dbb67064
ttp.r014.segment.155	f5e6aafa8559a9d801c7034bf42399ba485f9b72c31e1d8cd6fad636c13ec1d1
ttp.r014.segment.156	10818a13b2c08ebe928f6ba01df4a62d20faf7aa57ed49fe1ec48bfd8a16083e
ttp.r014.segment.157	8de2ae232c965c1f1b052fc90705c846ce8f0ad9ff6e564e775bf3460bb66f6b
ttp.r014.segment.158	03541506fded0b19e5764261f286b984aa11c9736650454daf6ad3e73961452e
ttp.r014.segment.159	7662ed1b7a04ab41e6ae933a9db82c9bcb5df605f681d46f1636c813f2941f06
ttp.r014.segment.160	c36ade6bd58bac61dad78113fdf9bba6bca0605e32ad128e2a789e2cf3a67a39
ttp.r014.segment.161	c067b17d0c5eae66c64ad586db041386d4a1b743ca5d8a1351cfcdbbb405dba0
ttp.r014.segment.162	f090b0faf722347fa6faf535b33701d5e767e6e5a62e9cee57f5636f8f6cec26
ttp.r014.segment.163	09a98d5a5ee30c0bd6acace73e85ae10a3871de93a9655602292212d2251a129
ttp.r014.segment.164	14ac707def1f20ece20f2ec89c8630a57a268d03fea35409b3677bea664c79d8
ttp.r014.segment.165	e4c99e58587e37c65325d3e6a1d93217a10376f84283258e99b7e3721429e70b
ttp.r014.segment.166	b18effa76ba29675b45a6a9348df4833386a3615a9320711fc44428f2e7297c2
ttp.r014.segment.167	4605917827e34b9fc047f69480b75047c5c9513498bd79f9cfe6dc9d2c9ec586
ttp.r014.segment.168	e86e0ea1bf1046bdc91debb722e9a215d5fa9f5b5c819e394a105c6286fe65de
ttp.r014.segment.169	47135dbeb88ac930d0efddb7333d61563f1b3cfe2f77392f41c3f97db2e7e8c8
ttp.r014.segment.170	4bc29fe0f2d73577c5207613e0cf42ae12391d384e9108e66c6b2e96e648b3bd
ttp.r014.segment.171	691dc3e4522881eda4e496b085634243b8a07f99e748404161a499a9d3420f1b
ttp.r014.segment.172	4a77a283f58559209448b87adaf4b4d47d88e83f09a5755e0b0929c740f78e6f
ttp.r014.segment.173	f2eb8684ae7d0230257eb948318297c4311121102c615d48a373171924408d30
ttp.r014.segment.174	6c89e8eda42dac7414c8b473f0459275c4324af2914f7bed53684f35eaa76917
ttp.r014.segment.175	35639a8a3dfc635697e43a645563ab0030ad47bae46e2ea71eee0ab070f5eb7f
ttp.r014.segment.176	55dcd1043931b17530c41b8219c1d6429946e8b0e345f0ab043aa75086d14c8f
ttp.r014.segment.177	41aeb65ca4f986adb686a388f32131da0d6f3b2295b565426b9d71e69075f491
ttp.r014.segment.178	6bb67d03d2ca7ffa4b28d571f76cce235989554c6ac783412822afde48d4dbeb
ttp.r014.segment.179	9cbd2c6984a6639b038f86be48a483e87d2dae6e76cead835372891e890bcecd
ttp.r014.segment.180	774f1b55e5443d7e3ad5c1e771e8a9bc0ebddb711cef6fad5342702f3e1a0593
ttp.r014.segment.181	13b93a7ff3fe895ce388197d3132e2bf70c7f07f9af165ce8e7cad8b11c595b1
ttp.r014.segment.182	1b4ac1dd38c7094610cde0950bf6ff8c765bdf6d911873884dfe7e29f4e6c9ee
ttp.r014.segment.183	7f10f1884d81f9528c5e7a3d72feb17aa9339f6730695b95db14b1cb3e063458
ttp.r014.segment.184	9aff247a114a4fed69b92725b772475f89a07c56d9b43d0359a8110e88eef532
ttp.r014.segment.185	eb94990f1d22b241e184aaefcf18375de7b311e80e902311facadc5f9f12ab43
ttp.r014.segment.186	5be9d113a832079530386bab45a1a4cffe408ba782785e0d1c7f4251ccee8d6d
ttp.r014.segment.187	843a5305a226074ac9324b2f154c6b5551278a3be967cc31b2280ac0c638cd09
ttp.r014.segment.188	210fb8c8e759b4b097e677a9491b583ab212a586140b1671fd5a3eac3d4efe55
ttp.r014.segment.189	e95004f6c80ffe31b618c91902019af0b63752016f5ed9336d4004c3268da759
ttp.r014.segment.190	e41f2b79cfded88dcb8ab76435e8ce22d4adacda66a418f54d489a1981ae34fb
ttp.r014.segment.191	ef9511b2a104acd1aed8e7d681164ec049e4a8e33e909569d494a9a113bf7947
ttp.r014.segment.192	efb68d6b1557e8fabc7c749c2a06dd84f03bbac5227e7334349fd6f3a41b5fae
ttp.r014.segment.193	86407d1dc21a40b4645a283cd0954656d2b29025fb5f1ad96b1ee19842fefcdb
ttp.r014.segment.194	62852f14a0a1660362a4dcdac513ff3e288d246dc5d41333943f1c4cbaf75b1b
ttp.r014.segment.195	c210ca2fa13506f9c6d6ba2c35ce973d1d4dd9ea0cf1fcd4becd127658f0eda3
ttp.r014.segment.196	2bda7f21ed00d0b79137a81706d9e15ce4bb1fbb71a575b856a925dce07c241e
ttp.r014.segment.197	dc908b248a9757058ca31d90fe93ec4355c263997c80235913bf5df90c6c0f21
ttp.r014.segment.198	2e8716df017b97483bff10eb93ad88fd3610aa6ef8efc811485055986bb5bb66
ttp.r014.segment.199	6dd7d56a88432dd16fe509cbfc193ac313380114440e7f2ac5bb5f006639227d
ttp.r014.segment.200	2d591dee2bd589e5c25257a695873965356a67bb8f4661f3cea6b61c8d1ac22f
ttp.r014.segment.201	fd2ef9c9495e7c3d54641573cb0855e2dcd4c8b76f92bd072807a6ba52ef809a
ttp.r014.segment.202	9c6e9cf23a85642e03e51d618cf72f8d56a59530519262623174ade7f02cf29c
ttp.r014.segment.203	ac8736f027fc0651ed77330cfd8efe5d7ed9ed2e9fdac36252f1ae7ed30eff56
ttp.r014.segment.204	e3d373a1b1158e1da8f5560ec12f653ea009e0db716fba04775091a6908e920c
ttp.r014.segment.205	68d34dadb53175ed53841e54fe712d39803a3aaff9be5913fcf92bea1722ed7c
ttp.r014.segment.206	4df6d1da91dbde17f09a534ad2b46a926b8263e20615f3dffb02fea0b4605b1b
ttp.r014.segment.207	7a1cd2562e2b99b65c119261009c7066e27111e5028d5cb17c118b9139b32a42
ttp.r014.segment.208	754fb67545e9945921be88466b47d5ea2be4c68fcde8815044caa07df5a1ab9c
ttp.r014.segment.209	fccf7542ec8d362a36a773943c000b8ee1696fb88a9ace0ba00e4dc3efc3b2a0
ttp.r014.segment.210	b75e68bee1a1a10dab8ce6647f465b8df466961f3c6e03e61b6f175135d0e9bc
ttp.r014.segment.211	d233b717b0a7d573f7da5484bbab896e3f4eb0affbe3b2109fd07139c5961ef1
ttp.r014.segment.212	8201452fd802c482e268f1093e1732662fd943cd53136d21898933094fc6a857
ttp.r014.segment.213	93f945b0a36653c8d0fe15c2c933332d6e2747d87b3737b3048e5a8b2dfa652b
ttp.r014.segment.214	d23662adbefe36e67b55d67dae3aac3c6033d3d911a6ad353824e594092a412b
ttp.r014.segment.215	7e6fa24a22ebd954836cc8ee1fd45e9ee066a2571cc8ff6254e5a27d83f2b141
ttp.r014.segment.216	d14950dc5b2a04c169fb1910bc9eba6afb0b09c8bcac8f474b776ce83ae267e6
ttp.r014.segment.217	87f14be4e2ed7553a46e70ff253bca6b00a098af53e85c9895058bb858bd2650
ttp.r014.segment.218	280221d111ca065eb713c4f37cf14da1d1dcf65ffc5c111302f377456adfabfe
ttp.r014.segment.219	1790a0dee622a83f2091bb27e7f0cc5dcb8eb66e6a6884f555360c1d02c5bf54
ttp.r014.segment.220	78340d0f145d4b95139b551772b099067b5600b02dbf8f9f25e557a4a93ba63d
ttp.r014.segment.221	c2884213a0059143697965b45c5b8a4e39566c816646bd7084eec7d02734e201
ttp.r014.segment.222	df03694a28714ea2cc8fd9f8b8da342f8d2b891e3ddfd0f5526e93c63e1c376a
ttp.r014.segment.223	8dce97deb0b8d0356c001890eae469a03623264df9b28fd62ace4fab36b67135
ttp.r014.segment.224	d7a72e411399509290cd51d14498efcbc729f9dbf1af6f922e886621fcd60ef0
ttp.r014.segment.225	4578235c87bb821f49c742a233008d1898d103094b4d725135626c4df28e7f3c
ttp.r014.segment.226	e1d3c17e594f6947fbc94d16e1e3f63582be0ad3452ee07767b2447054cf4a33
ttp.r014.segment.227	3759b292e3619afede27ece88cd4f087572323735f0ee464f26c83ca6cf1eeda
ttp.r014.segment.228	634b2d5494017b411517650541a69fb11dd17b54b764c5bcb079e87a7321efc5
ttp.r014.segment.229	65433268b2d9ce6becb5fae5b8adc2541fa3256c9388f3578d7858a80ccec84b
ttp.r014.segment.230	449544a9fae24ea990de6df0f19ada7ab3b04242b26cf1dd58a0b6136171fd3d
ttp.r014.segment.231	27bd8dc33695999d3d540aa775df08f3b14513720b668ed095b46c3dffe8cef3
ttp.r014.segment.232	fd193bc04432db03f6e2e993eb5ba1a900a77eeaedfa840919dc7590ce4cbc6c
ttp.r014.segment.233	d88f3856f135e3f9878b1bf1964f8d50be3ee2fa1ce6c571281714a8b610c839
ttp.r014.segment.234	6e439aa4510cbc72f054f1c9b8647b6edf06b0a1cce7ea4133f0de61e3137fa1
ttp.r014.segment.235	792afbaba6dd2fd47b7500bc3da0be2194a5559251c2928109e897874553a9c7
ttp.r014.segment.236	d3f96c27825409abd7021696fd182b4089d50de49ef3243421685a47f6558f77
ttp.r014.segment.237	acf079fedb51ed6631e30afa4283b3280f176b1cd55a24190fd24bfc6890aef9
ttp.r014.segment.238	2bc8576f0202a3b8901c4db231b983164170371432fecd093bc75b32126c3a2d
ttp.r014.segment.239	478a31460c3fd9277ad185477cc897e387fe3e461ce1af0a5902cd8f143f0f33
ttp.r014.segment.240	b2ed38ae7b6f6112dfeb6a83533764c1283e3988f7c960f3f82beeca7042767a
ttp.r014.segment.241	d27d38ecf2fe2ef3612f1055aa50b0df52f64a6a3be9063c14bcbef63a39c7ae
ttp.r014.segment.242	8beaa31115846a07521fe4eb10d8406e30a6e37c884d90894fb7de670088989b
ttp.r014.segment.243	4ac35def03ab91a00a7f6e492024d0d92295f38ab9d8170ba247be07fec8fbf0
ttp.r014.segment.244	67d790685ec8abf8a1ce3198679d42d22540a6bedcc7f24a05c11cb9b1d4c5ce
ttp.r014.segment.245	3d5e3f6f84fb1cb1b9e1491b67cd5c4bfbe8c7efd079b2dacf9d8ed22604312e
ttp.r014.segment.246	8638eb4b08eb41946be5641c560adc8136230baea2c6542cc6ae73b6d9d4e656
ttp.r014.term.001	0b09d874e9f99d55e65f122b667ed77d2427efa948161cbf9315872873b68336
ttp.r014.term.002	7a53e4a44be74157432b2acf524e070847249128f59c05146699839e6dc04de3
ttp.r014.term.003	4a81d02180326e2690ac31c10b07347b6206d391385906cb75da7312e806bdbd
ttp.r014.term.004	caf6196733f51e1c4a93f131901d6c3883db8c28fc131213e864f9cf02548944
ttp.r014.term.005	d3a5ae7cd5454fdb89ca9ab11d8088610dd758c7821bc3ec07a47c0c5150ec8f
ttp.r014.term.006	0916561bf6c5657df9488fccdee973365b325ea426f9a6ae306d7cf0466c1cd8
ttp.r014.term.007	65ceff994e8e8dfda6996c89a4add33607533a01b8ca8dd3911119c636871538
ttp.r014.term.008	71110f50efa46354607293a33c2a92199070aa02248c934ac1646a101acbd429
ttp.r014.term.009	aefff4efab23605808c9a0b6095ebb8fe2f7fde175459eaf75392c47b0f7f645
ttp.r014.term.010	c96ee44c78f0ece2744eab3b79a4a1c713722d3535a24ed5cb1323f074e649ef
ttp.r014.term.011	ff67188a39d7c5e0a52c96ede0689450404c3ee269087467cb173fd4ecdfc741
ttp.r014.term.012	07ed38059fe3f852ff855471fb8fd6e11f2f0515cc22c2f3406e0940ce581d51
ttp.r014.term.013	fc628ce120aa15505340f6dc55c8b608e32e68a6ba679342145ee7182ff3d711
ttp.r014.term.014	40885659a3fa28ade37dc557d3146a989027fd9001a3a492ce76db77b457050e
ttp.r014.term.015	e889b674b7acfe933718c1ab74c740c364f45a79d0ec99cebf0b5c9241b72cf2
ttp.r014.term.016	699914bc15619af8867dbd8d36931179d0207414283432c330d7164f1316469b
ttp.r014.term.017	535fb5c2582df8d395dc1d0c28a56b08d61ab6a28fbdf010c17fea9108a05ad6
ttp.r014.term.018	843eb5c30eed4c9d930395137a40342b4012302075157df3726c1ca172e09da9
ttp.r014.term.019	5156f2b5e9a66d92f03da71d6e39885bedd9b0d18fca1b159252bacb718fbd82
ttp.r014.term.020	299cd422d9d9b723780bac8ecd6ae6ffbef046726a1d91a6baaef80a2d7d6dd2
ttp.r014.term.021	e3140344c6d38f84bcf9d0e1b287ed95d1fb0831def49bf77cbb6d4edcaf089e
ttp.r014.term.022	432b54b937c3c3249c90336b5c8338ac246fdfe73ffbe2331e813e32141a9b14
ttp.r014.term.023	fb72d760dde89e76ffa8ad6aa8cd545a6d6016ee485a92cd10644bfb2f364f4f
ttp.r014.term.024	8afd805d9fb81626f329ed8130ba6ce664c8cba1d6c52efc9f8d11768f394ecd
ttp.r014.term.025	d955a73c829dc6dc22559c176eb77ad2e5e5dc19f9dc0028c6fce60d79f6e79a
ttp.r014.term.026	cac1c86dda29c50536295314481ca5541fce2651f82c7a8cbd66c9bfccb17b8f
ttp.r014.term.027	43f50606a01919c9664d0934cc84479dccba765aed6828ae6bce934fe259d86f
ttp.r014.term.028	1d419e6622793612cb20e924e194424ef26829d641fd19d2d1cf4d39ae6ee79d
ttp.r014.term.029	6c47c7cd810e0ba4313cae499a210a65e90907e85c5a79233d7bda84c35e7744
ttp.r014.term.030	a1846241f2316460b74473cc2758441e0a078b02bba1b39658092ebca178513c
ttp.r014.term.031	2ba1d64312a3c172bd41ef88ba168f94ebc6e5d5b2936a876ff0e2da24431aa5
ttp.r014.term.032	9a5cf95293bb3fa1944bd63f1cb10ca712256f232287d9d53b97f212aca7796f
ttp.r014.term.033	350c0691531146c069020ba430448cc3edbf3cb319e15ea44e42593f366b6dad
ttp.r014.term.034	a8adfc27c99662ab1e8b3a2ddd557095c5d92bd84d9b45d178689a879aa46a33
ttp.r014.term.035	9088119f6af7d77e31afc70727e8d78025d4cb2e0d8269210f83b407b947d047
ttp.r014.term.036	38befc53984da083c0c32bdf6e71e3b8a9d335e8531e403f0d47a62058979fa5
ttp.r014.term.037	e4e6bb4ce9caa676d178a10d400b61b7daad09f6fc65df1be5a1d11ac493db92
ttp.r014.term.038	7bcb5b59781f1c4eadfcac60790c868ae4accdbdb4cb9f9c80a5ca422b75cb3b
ttp.r014.term.039	6bb7db5445c1c76e589763f6b48b7bda6db4e9847381bbc7ff2efd491580e620
ttp.r014.term.040	1c2ef2c67d17c4479e292d3bed7e9e5e869c774498a210d876d2a1aedefb860b
ttp.r014.term.041	52d73bcbe3f1fabc6db17d90ea65aab9ae33316f9062daead1a9d027f63fbc05
ttp.r014.term.042	d5f7e6c3db87710f66b7d70840e1cac690019e2f69b2ea17c49c0cb8716c74f2
ttp.r014.term.043	c027880fee97b62e5454b45ab1a9385b796abeebc719b37c721c149d9fec92a1
ttp.r014.term.044	5a2a1d0834a86a09c2b5e17d868055cf4fc4bda4ca2a9ea690e88add16a51c19
ttp.r014.term.045	5342a5190f2e45dfd0f1b5e71f011a959c0f970cfdb1c0303b4fd8fe313e9357
ttp.r014.term.046	18792fdcdedf50eec9e1b3a186d03cdda3ea2c750c23508e30c4bf6b4561d323
ttp.r014.term.047	b34857ea003bc5c155ab4d75d3cfa0dba33f556dd0c3565bf8b182f2e36db7f4
ttp.r014.term.048	b4cea3e4db1e850c57cfa22b134f5003e43a0ec14ba57933723ba911ddf44d92
ttp.r014.term.049	79d3f77f226147b62a75f3be1a9bd13586899d3068ee637fef9235aa1287f4e0
ttp.r014.term.050	f38b603cdc55278afc3581d290274d3f86b8e110fdc50ac50a912576135a71c4
ttp.r014.term.051	0d3d3e6e8628aa502305bbaa6c70273ff96995f4bf893b059cb7648d3833bd47
ttp.r014.term.052	688b62e1200fdfa7ee409795266fb3d19b688cd7d48eb5ee2bd44182560db787
ttp.r014.term.053	d5601f02b823bd25309e6bc2168feca65eee9e5c9ea6ac9f7e2f80f9efb6b1a1
ttp.r014.term.054	0d723a7f1bcd89b6ba37a560be6acb22f01c0085684dd0a2dac51698bca8d0e7
ttp.r014.term.055	07e54eff72ea8097aea67406d9083d701539995dd95eb9ae2848b9ec2d34fa73
ttp.r014.term.056	355d03b7af94d2408682679698e018f3bdd43cfe1886ee1c6bed31bd6bcc3d65
ttp.r014.term.057	3d8881441839fa1fed0d6e8199c51439967e93a649866fc91592e465aff9cc1a
ttp.r014.term.058	0dc862f14d0ead6c7100be63f9107c7d55eee3501721937f421c52c526e70409
ttp.r014.term.059	fa83ef3b8b8cf32024f6093e145c700c4a7b38eed6dfdbb98630c4ba8d416a4f
ttp.r014.term.060	89d7346788154797fcc0a5b9a8129f4d29628afec7035cbfd45688c671a6e353
ttp.r014.term.061	60f26a8b65efd44e270f3841d03141fc153139d1e35b572c77171fa078adb6ed
ttp.r014.term.062	5f8607027552bb614c1f0ffc7d9de7a72e2994979c3860dc81df91695f9c2c9b
ttp.r014.term.063	b44faabc0de4b8ca0ca88828a5e472ba75ce6d85c7bdb75d1791c1cf87fba23e
ttp.r014.term.064	3dd2bc886f86e55efbf2fdc6c642f50fcffd22185de0085f2486ffce32533c83
ttp.r014.term.065	bbdc8b031305002ae0989cbb5b0de76dd78f700906951fecf21e3d354a1c9692
ttp.r014.term.066	266e476a967564d3ee1cee62d76a4a7abf6560eb34b86adb5c1a242ae3b3dc20
ttp.r014.term.067	b9797a93bcc8c6630cdb1250599a4bec316f28d0cdc9bfef05b3b9669a2e5419
ttp.r014.term.068	652c7166de3e27902cdff12ae7f3a3b60fd31533e6602057329fd654a45dfa81
ttp.r014.term.069	8040f123c7c6107638d950ff375fea3b5c16fbf6c9fd3da674f6fe75c4d0a678
ttp.r014.term.070	6696d69468d7f5eb87e0de583ca39608c0cdc1a26a35434042321a9194b10834
ttp.r014.term.071	3c74b606e321c7bd1607affd077cb64a59040ab7545e0a656cd6169b16f57f00
ttp.r014.term.072	e252ab2bef615d235c5f0cbb56aee605fc24b5a05119cc1fcecf17ff4e4aabea
ttp.r014.term.073	40fcc9c8bd4b00e3abc9fcdad8065e91f8582274543ac25414af33df0c840a7e
ttp.r014.term.074	e597fb27b25dd206ec3a3893d5b7b409f184858c122196036b79b71c94b702c2
ttp.r014.term.075	258daf355e8434f84d5ed9cc300cbb7dacd603f5e48ea53ab377c334eb71f49b
ttp.r014.term.076	c550a4c04b951ec47d4062d54a49ad70a994fd73ebf77b7205da0457745ae48b
ttp.r014.term.077	5d276319c21d7345dab5e1ace6abb414614f725b7cb1f919e34c460a94b14757
ttp.r014.term.078	dee27e28f36a297903d66b5d7a1fd934192ca75b76a1e076473991bdae7253f8
ttp.r014.term.079	1b70c66fdc9b1cc3f765d7ace4e62e435eb88a36304e53922d6b4840eb7a844b
ttp.r014.term.080	d2c655ef4895f91bd1e95f3cbc4122653bab3711551fdb3338d037ff88625f91
ttp.r014.term.081	b5ed1c1b0cad91c53b85b3194ab82cd4235d31ce1e46b99a37a38e6365cceca5
ttp.r014.term.082	e3160d01bb6ada422fb888f9ecbfc107b8ab519f8489ea3b232f4cb723cb626b
ttp.r014.term.083	6fce8a8f815ccc580ba972db5f3ef718073d6a74bf7666cecc52d5d1c5bb2a13
ttp.r014.term.084	abacb87f9adbab326284db0d8c5d8b1832d288e346d20ff8c8f400e2a67df002
ttp.r014.term.085	1d13b10a4be3cad9e06b38654e81ebf3b51e7464381f1a25b9038149bb4e9417
ttp.r014.term.086	1adb769b7b9f91a67a0ed3bde5aabee086bfeb8f8f6250d8ae0cd266374394ca
ttp.r014.term.087	3a3f46e1bb4539a69876e88557ece4c2b4c83cd60e9b1c24e8f62267fca2ab31
ttp.r014.term.088	583bad725ab64f7042f6c2c1161a7ca3d3626b23977c44e975c5879d3cf1e82b
ttp.r014.term.089	3122a5c61992820dd2d6a2a3cea923a53c546ddc142eba0467dff45642c12adb
ttp.r014.term.090	ac1afeadf83d18952f7ebb1d7d47422e41c348a2f986b38c52a7c164a521dad9
ttp.r014.term.091	f18063c53014205d5dd37a09cbe5b75dc70707e32ea423f9258062e0b5d93948
ttp.r014.term.092	6d3183dd1b0f26dc55245e66066bb1d41a7dbbfcc6b39adb72c6078b828db156
ttp.r014.term.093	f447ad4e87e0b97928d5b6e7fc3b2ce0780cc9e3482ff5337b4a79514e1ed3dc
ttp.r014.term.094	dccab16a6b56d8e5224764dbe60b763b5b8acdced0bb32dba39491adeff5cb98
ttp.r014.term.095	81df2342819709e95d01181dfe3ee6ed7568f07ffb369e3f40cfc65645162fad
ttp.r014.term.096	e39006be737e8f60b40ecf060680162ca1e8a856b875370e3ed17b039d5ea4cf
ttp.r014.term.097	bac623bc0dfc4995b08633bcf51869047c1f8e559dcb33e256a75d04d5c24ed7
ttp.r014.asset.authority.by_sa_eps	135766db24beb96c6a82b245d8d5b6cff0a83beb9619b008345e55f792af74d1
ttp.r014.asset.authority.cover_art_eps	b3a7eee7b9abd6c7ffe44af8a5a36b41207b34f46cd5c629806561051ef1cb7a
ttp.r014.asset.authority.dbend_eps	c94a7392d7dc2a5ea758c9a61dadb812196cb0fd1b2e70f107d7aab1ea870a20
ttp.r014.asset.authority.eng_freq_hist_eps	dd1f1096528b5c2c3a6a974f2683d3bb7d3ef791b4db1351935e195e0edaaa32
ttp.r014.asset.authority.hamhip_freqs_eps	c949f87add7b31328703734b7d49512e3525c11968bfce65295cec08dcd37048
ttp.r014.asset.authority.index_html	888c15a355c819b9be9f413b36249439901ddd7f8ecca4ede645a5175de85f7f
ttp.r014.asset.authority.refs_bib	15f84e47507768567b1fe71af51279e8d9fae07d6e0e13573a0f71de2a0502b1
ttp.r014.asset.authority.samp_cct_hist_eps	6d213288328f79cb88b255dc5d274b5759a3559bbabc179f3e48493598a4a475
ttp.r014.asset.authority.scytale_eps	61b84a5ffc3d7cf78be67642abdd4f87dbbdaf3a5d77cbde71c13e24276a0989
ttp.r014.asset.authority.seadk_cct_eps	2bd0ed646831cfc562dbb18d19ee8423dff03552c0f01fbc7d5db0cc0a417d25
ttp.r014.asset.authority.seadk_hamhip_eps	f92acb434718b126fbdedf4f91ccdcdabb8ace6ae0363228bad218090f9b37a8
ttp.r014.asset.authority.seadk_rkkrt_eps	3c11ac52b05960f9346d3cdb9c50d8dd22ffe41607283aff886fcd3de0866d3f
ttp.r014.asset.authority.yaintt_pdf	b79eb17534522d5839bbcc66d88cb9e24b9bdc1e396db5c9e9dfb29b07570018
ttp.r014.asset.authority.yaintt_tex	ee18d685b75daaa262a0f14108bc7f55dc4171e52d9dfb4ae5906bca4dbb7b46
ttp.r014.relation.0001	baec50a3011611881832c3e88980ceb67f2224b7162ea787cbd54922a96cea43
ttp.r014.relation.0002	b0a86332b87e1f7a21fb7c2a72cc3a25accd2ba185849685504f898adb2ba420
ttp.r014.relation.0003	3c8d1a2d2efd268b755f23432f067cfab20a1accb84a588a66dc1c2cf3021e88
ttp.r014.relation.0004	ce57a3bc241cc6b2eb2c71e0464f1a1971df780a6a9d0412d157f400af844367
ttp.r014.relation.0005	b600ddb52032c5271f7e3be6095234c654c5afe312cccf2e78f7996fae61d4fa
ttp.r014.relation.0006	9ee5da2d834fe8f5f6a6c2283e58082a48a8959cb8d395c98e369dcce1987bef
ttp.r014.relation.0007	5836d6dcaaf33f028648b4b52f4298042ac619c500eef9efbecb0881a4834897
ttp.r014.relation.0008	deca3e235a365b468b1ed4f8f6dd7ff9d71461e8cf7124b1fbcb86980ddb40e6
ttp.r014.relation.0009	90bd3c06e46cd187d5b2f950d445d6ee4f2e58c2f14e5e83f8b5b5ac15d2d594
ttp.r014.relation.0010	a8e4e7d025d211d07b19019312e6f9f3a72ed00a4cb50bd1ef242c02722d37b0
ttp.r014.relation.0011	3f0247ead853e75929954c47e418ad005ede789625174ea327fe41f33c6eb34d
ttp.r014.relation.0012	b241fc15162f1bdbffd6a43c4a8a2755ce00a9ce3347fd1932f761ad46802fa2
ttp.r014.relation.0013	53fdf6443ffc5a1c0bd1ce55c8ab0299076e94fca651a30937576fb38568ad98
ttp.r014.relation.0014	5775f0e11614df53fe8aad0af9c214ed293910f8056a3b9e087303137d2e882d
ttp.r014.relation.0015	e637cdf9456ef2a8253b5ba82a99a72886cedd1fc20bda88eac3ee578bb20ffb
ttp.r014.relation.0016	eb7d5c3aac6e9b870adde30cf81b2f3ab07ec0525e2e9c17b65410d3307d78c9
ttp.r014.relation.0017	3698311edebaafc464b09145a6825408fe1b46bb7eb993a17695f4db79f867d9
ttp.r014.relation.0018	40d60b2a1101656dc3914a63c294c0f330652eaa05e66b3643065d3f7f27dcfe
ttp.r014.relation.0019	c1bdf2b4c908eb9305cc682dfc22c1029f7a077e1edae7fa756867c8655effc7
ttp.r014.relation.0020	e0e49e66db2f7959deb725d3abbc7c5b073a801013a18a1a60cc4bf5dff886ab
ttp.r014.relation.0021	784858d205281d198e9b2126bbc8d2f382edeb9bf8d2b693c25c834f70d3c101
ttp.r014.relation.0022	934c5d993b835928152d70c30e5a1b849a602449dd8895497997449814d03289
ttp.r014.relation.0023	a44783e69bc6cb008448c88e4e98e2ee5d402b5932d61e4d435cef3e8661919b
ttp.r014.relation.0024	e0db5ba664bad94f1b7fcb5d02a897de92bb8eb6e8debc374da082d6c422a352
ttp.r014.relation.0025	ad1ad7a2cc2e6ed771edddb2693caed29acb3a7e182d7aa39ef6cb82f94980ac
ttp.r014.relation.0026	6eeb35dc264be1836feb409997db0674be51f9094b6383b53919cb12c948fef7
ttp.r014.relation.0027	a593bfabecf131e456ca0efde69a5d1a823483412a05552623fd4ad7d5f26134
ttp.r014.relation.0028	1b197c9357fa5936e53f492da45e1b5198903192e4e9e30f39157dfbf4042463
ttp.r014.relation.0029	e41e38eb73b9727ca19a1e6f922156ae7bbbe1e4a97d14876e78790f7f6a2617
ttp.r014.relation.0030	fa9312a22b83cb29565c3b3d974eb1a913600424b11a30031607f9d654d6b42b
ttp.r014.relation.0031	771466b16284a9da89fa0eb27cbb18fa28b947918c0df44e7e8f56bc184dcc2c
ttp.r014.relation.0032	0fdd21d62c3c7d8205907f98fc6788251365e2f02326b72e78e4d538e555ed17
ttp.r014.relation.0033	d201dd676d65cf9e5dd5f42b6227a0eedb21aa62eb5fda88de3dbe8b5acc5bbc
ttp.r014.relation.0034	80205078c5d673d3f65af02259c51decbf8cc70b12bc6e4794c66f07e86151e4
ttp.r014.relation.0035	82e89ec081813d873554863b09aa58ff9084fb80f9c78e3f4075a9018c081d6f
ttp.r014.relation.0036	a10187d3a6bdde129e1e8efad24fda869cba8279d9dd754d7616321c5781345d
ttp.r014.relation.0037	3f48be78d38c1d7005f3c4fc4caac496d97c7e592365cc4560e190056b5eb4b0
ttp.r014.relation.0038	debef4f394e5cc2660b9cac8e44130434876b66d567744e088dbd9494cbf227d
ttp.r014.relation.0039	63af90490b8cb97a5e13faa4df6f235eaa345aadcda13a986c4a81c998b23aef
ttp.r014.relation.0040	581d9ff0fa5b115be3be464f38c03b6cf6696106b30a397c8c534e78134d57fb
ttp.r014.relation.0041	2f266485762518af816159a8b8bfd2dfdc4c0e11d99703c616aa3ccf746b3668
ttp.r014.relation.0042	c5eb811f50e0374f58647cdd974d0db9990905ae21b71fed9333432c870e79f6
ttp.r014.relation.0043	6392939ad1da195cee4a8ca863d1b50999ff0b7a5d6b86d2af958c6fc37fdbb5
ttp.r014.relation.0044	f65c8e45dc0cd822914d4a4acd8778f06387f28fe3e78a11bbe484dbb4303478
ttp.r014.relation.0045	43863145fc5d914860b614af758bed34a3540b2c9a8a65f387a67dfd4e62f786
ttp.r014.relation.0046	4caf0801238b416638a1a920dc4e5fcfa3a2bc0cca66ae6b5aee2b657341e310
ttp.r014.relation.0047	ff8712a7fd5dd69dc2eed6222c07aae5b6742a909e64c469c3e77ca6c2af4fb7
ttp.r014.relation.0048	8b163edbde920411efbe81c705e425bb60545f08ea9b86e51d98009f8fb99a8c
ttp.r014.relation.0049	0c36697d7ddaad61186705347452a21cbb0f212ad8ee7764cd7b6dad24369028
ttp.r014.relation.0050	eb2ef38db3aa893fc229193103178a0984a5d1a518ba9d9562ae874e547ff397
ttp.r014.relation.0051	3e909c5f186237f05dc3252d0b86cb90e646f462390fcea1643c922bbdee4129
ttp.r014.relation.0052	6c14256e2f733393424741043f976934a090885eb17bd6a7b5536cce9e2c38be
ttp.r014.relation.0053	25fc6f0f46ac844d6eb732cac4732cfdcba5b634585a50946a0b0af196bcd44d
ttp.r014.relation.0054	a36739a799a228a2ba7eb0f37df31fdd51e02250a7910fffffe00af053be66ad
ttp.r014.relation.0055	8098faf4c0721fc421c4f7255316d457b8ce600b925c2311805bdf59f6ca7bfa
ttp.r014.relation.0056	105f073b4e1b512a21b926b608b9b0667ec27d474d0a73444bbec57e053dfb99
ttp.r014.relation.0057	429b49058169a09bed1d1e0a728834212099953ddc97ce0843c3b86591aace86
ttp.r014.relation.0058	a463ad9f18e86faa5dadcf84611698766be26a5a827c440f9b1345bc9815df6b
ttp.r014.relation.0059	77b17fc9def8de1fed4bfdb531385976d16125881e0291a3967f7764b441c36e
ttp.r014.relation.0060	493f85d87ef4ad41708fabdfed2cce303326c00582d826a45c04d8efb96303a6
ttp.r014.relation.0061	7006bf83dbc5d3393bdbc3c9ba8fd487f139b0a201125b2b87a614e79f329ed5
ttp.r014.relation.0062	56b364b7ca1f812e245f8459351b9ad166dcde31638de74d3d2b391156be25be
ttp.r014.relation.0063	f310e53b6cd1714d25d6df3b5f377ffba117c09a3c1f88e0a96e02a8c136831a
ttp.r014.relation.0064	c0480979ebfd19a1f690e3961f6f542c08c77cf027a73367c88bd2a19dc10dd7
ttp.r014.relation.0065	7e3f5a752c11ccf05412fc2f424f26d5c151971831849b694e668bff96f26c00
ttp.r014.relation.0066	dcee4e11d032ca16d259076cc09d9ca8a49d179e333fed44e89d8e07d16c2ca8
ttp.r014.relation.0067	68ab63a6bf8bbd5856b3bfe805fdf62e6528b08cc3326580d0af9d0601b2d5a3
ttp.r014.relation.0068	13cd086b01f15d80255407bf4beae30777d580de2f90fb71298410d8f2b01935
ttp.r014.relation.0069	acf9854678bcfc70b9500f721cba08ba55330e5cd95fad6797e8b193aaabc705
ttp.r014.relation.0070	dda580c19222559b1a24715362680ced5e3faf2ccaffb6409b53c70e3d34fbe3
ttp.r014.relation.0071	e27241a6640e293faff4fec39bff82bc3aab2e3555d335f0517e2a902d72fae3
ttp.r014.relation.0072	5831880ac546d797124d27ed89b93443305b8d25e66823f47344172eb2bd49a4
ttp.r014.relation.0073	269c16cc65cbb42baa7d6eb92dd73f540d978fc462e8ca3c1d07be7699681303
ttp.r014.relation.0074	a33c4724d1571e0988c0f46c5a7d229ea587e2209e338bcb70727027ac490038
ttp.r014.relation.0075	954fbe297c7f64ab78859c17e7cc21e43fec68074d56b012396aaaf24b08e443
ttp.r014.relation.0076	f827af39da7c33e096c6bad0f8c6dd296974eb489e730905549545c8eca1fe87
ttp.r014.relation.0077	19570756c9b32bed20beaf951f51da66910b19c8f7900d0895f4c105ee78fa12
ttp.r014.relation.0078	647b99ea1e92d7b7579fcc0456212920b17977983a7765b3ce211308b2175c39
ttp.r014.relation.0079	af7c050e3772a69eaf1a4f49abfbd802910fecc86b9d3bbc1e3d5281ad59890f
ttp.r014.relation.0080	be2b8784c9abe68c02058c52b710ceb91ea5dacee02105f82b2ea739e1a2292f
ttp.r014.relation.0081	b77bea6678c345c2d6a3321db39f9cc4e083bae2e924200c7f36d01287459c8e
ttp.r014.relation.0082	e1b57dd046b8a652e47b7e5b7127f239fd95b0453d828aa4336d7738bb865d65
ttp.r014.relation.0083	29f6c81256329633f587731dde94b5681313c87972b37321a91493f42a6d00ee
ttp.r014.relation.0084	c295f71bea9b132cea86567f3f969a0d7fe4aa301b656258f43a782f91885ac4
ttp.r014.relation.0085	3697ed6f11aa4c932becaad4c2ed46c7a1b5b40699c215e55bd034e3a7120ab5
ttp.r014.relation.0086	9e85fa6f2a71f97da16e86dc33b181bd762ce4c3e95ceacec5d8d2a6c67fc4e2
ttp.r014.relation.0087	7c2475c87eb0275191058b3b902fa4d6d7b1e9f83f1a34eeaa924e338e599b47
ttp.r014.relation.0088	ab6fce09930186cbf2d56b67c5b9230d4b3437fa2d32872085a8063172c7b8f3
ttp.r014.relation.0089	b923fabb1086f609c38a9e296eb499871a1c35fa2d667c512acfc15b4b16c5ba
ttp.r014.relation.0090	5d2702077f0c8210ff2e995fb51c40f9869b8d87c718aad08e8124692b0625d4
ttp.r014.relation.0091	a47594f1f2a1cd6167c5e0b839ad9c229f8896e41c0920d178c3fcff9548ed6b
ttp.r014.relation.0092	2580115e62ad5730bba01fe3c8825a92b029f43a15703a3c806b6aa5c64a59d6
ttp.r014.relation.0093	cd55b666a4b44e7406cb8722473aabc272f6ee522eb1cdbf87e8e8d7a57ae91d
ttp.r014.relation.0094	1336589209ba80d277d23fde7bf33fd362465f51aacff2d8e95a4cf3db637f53
ttp.r014.relation.0095	77e962e5b71766a763e49d35ac44b1e4c9027f2b444a467c2894ac34d5550247
ttp.r014.relation.0096	8297b1787b29243efd42a5d3629b29029aee8f83aa64a3c50b1b55eaec8f9d07
ttp.r014.relation.0097	4d01db632c56b011595196e551bf7e8aac72542a952b0966c296e3b64b41568d
ttp.r014.relation.0098	a694d85abe61c36c4a0fceb7ae574b703dfdd887e197b5ad7013334c05ba1f14
ttp.r014.relation.0099	b93db028fc602e7c9a8e76473a68fa4a935fa127332127da31101e623d4b50f3
ttp.r014.relation.0100	5cdab7a7812ac60f5dc3cd974d79320099adf40d0d5fec6ef492f9e35b523277
ttp.r014.relation.0101	b38d41823414ef6d0c616f511b0f70abffbabb12c3962fca40500dc0edf79f46
ttp.r014.relation.0102	9ae71af5aad563a5cca8dc3c8ddda473b488fde3a4d0a43795208cf3b2e08d38
ttp.r014.relation.0103	f9166301d0389042e2dfac6aebf799af2a3e581d70e2390aa1a4b007e7dd8e97
ttp.r014.relation.0104	acba6857ddbe8ed2e88f2ddf1f3bb63353e6af6f3092e0e808c627843a361a0e
ttp.r014.relation.0105	2b8ac4c9a1192df3bb00bcc765118ae881366e8ee58a41463221509d27d14eb6
ttp.r014.relation.0106	6a3ade6381fd35d649823258877ee688e84ebbbf634306258766c4aecb7a2dc0
ttp.r014.relation.0107	d38a341685278d71002c1bea8706ce504cf53ce15c422e6971735bda5a9e4774
ttp.r014.relation.0108	6b6d5391f2cfe57d201cada1fd45a6bd49aea1f8964e294d888396c01b31c493
ttp.r014.relation.0109	6f2aa228b9be8f75a5a1b16bfc3acb6133c819ce718862c62cf3b93f8ba9b1da
ttp.r014.relation.0110	544e2c079722fdb2b8e737ceddf5bbd0d03e08f0c8ed13d8e46ea428ab08d4ac
ttp.r014.relation.0111	016ac6fa02d7f5d58a515788015314dec212314ea8a88ceaa93198c48a1baf3d
ttp.r014.relation.0112	763469292521aa20310efd363aa1dcf4f2cb066bbf3bd0eb574a905e388e497a
ttp.r014.relation.0113	bc262b406f83be03936d41bed3bdc7a59a30d682e57a22bccbd9a8f7073976b6
ttp.r014.relation.0114	07f4f1739335fa94791c53113cdf4a5fe80725f8d421e0f25296e1239bde41a7
ttp.r014.relation.0115	c4d8f990e88f16826db1a276a85d8db1c6afb9c53638185a749eb481a9393437
ttp.r014.relation.0116	203861587ee1db13cf665cbfb3981a82d8fdd919f93cb7e8fa6d888580367b22
ttp.r014.relation.0117	8b3cc746ebd770349235d6c5f156ea5125aa208f6f458ea958eaa85132a841bc
ttp.r014.relation.0118	25fa650ab08eb8103e0216a7fc3e906f26706078d8172c29b3f33f3b3d84e9e7
ttp.r014.relation.0119	5c65f2f51a7730b7fb05dccb74c0fa624bd73907b4d2f59fdda077419d182b9b
ttp.r014.relation.0120	aea6a22db361e3ecd948df1d3a4b7a4b8d180053a8d41f395a0d9429fad18dd6
ttp.r014.relation.0121	d3b566d7fe82a45e4c4d29c28775e446a9a5d8d4daaed4282572e1aebdcf2f48
ttp.r014.relation.0122	8d01c659dffdd6d7f41fef5faf51da01a3f36e8504f8a3642e97f8dd7f4f7974
ttp.r014.relation.0123	827b31eed84d13dc7721df25e7fb505768174cde5de17d3b8bd6c01c0648fb03
ttp.r014.relation.0124	48130a71e1b5696a17dae136bcbc2da5f519a3931db90ec7e19794c505b90d32
ttp.r014.relation.0125	5b4e766076177b05df889652cfeb635d86e90a8b35631ca153c1f879e2599ad6
ttp.r014.relation.0126	0b1e3889a90cbc786fdac15b7f4e5973587cb7106959bd90fe10208cb762239f
ttp.r014.relation.0127	731c0a9e8fc6a68da71977526981d6498c371bc3987a7f57a63e727481b16ec9
ttp.r014.relation.0128	c881d929b190716bec250e4d352d115ad299a4961250ecaa8e9800159edb7186
ttp.r014.relation.0129	06dc1805320291c872147a86595458dac128761adb37eb34d1010c54b2a93f5d
ttp.r014.relation.0130	7ab22f628f38f346eeb5341026daf40214f3bd3b9d50518e7569ab2e6bab9bbf
ttp.r014.relation.0131	c54e1abc219b429f7a77c9b3228671c951ae8f1acdb5410b897c55b6cc3e0875
ttp.r014.relation.0132	df1c3e632ce745f06d40a21907b1bdaa2f68910a3f740c789477aad50bff4de9
ttp.r014.relation.0133	3bb1472839b7fb3675a862cf347992768ea713a88f03d287e10c95c8b0c30e2a
ttp.r014.relation.0134	b810aa167abe6535fd79a3655a1e0ec0c2cbf58bb2844017b9d33261fb4e69a6
ttp.r014.relation.0135	ac919604c954e2645ea1e02bf4312ba3663155fd37847de0a11c401910b54441
ttp.r014.relation.0136	bb4b5acac0f3e0c3d0f5b1f35c42f91c6382a55c9aac83a571d64ace04d88e0a
ttp.r014.relation.0137	9f9fa52ff515bbc20f1ac20c52327885a45bad2fff1bfdd20a0025dd56a42a58
ttp.r014.relation.0138	9e4f482d0ff46913b17891a1218b925483d430f741a5aa8a6853991ecddc92a9
ttp.r014.relation.0139	d28afe11f148c95a72b1fa783f5962ae702300bb8b4c5ea27d0bdabd92905e1a
ttp.r014.relation.0140	61a7867b3b878cfd61977b750f49449228e4155168c8bb2e52ab3c174f152d3c
ttp.r014.relation.0141	5671c20285bc72000a82869cf0ed98a32259acf839cf941ca4492b01f7a27315
ttp.r014.relation.0142	b7ab0c22ec37bb69709e1665b454b547f97077a9b6990d58a28a8f7a933c946b
ttp.r014.relation.0143	dc4bb0e82d1eccd79b20638db90c74e7fe8ea17bc2e9750e725faf884d37a538
ttp.r014.relation.0144	e9deeb40f2376920070d34e3edc99599caeee9537d59a3afb44090b7a7aa8a10
ttp.r014.relation.0145	9423353b1915358281ceaa833d9fe0340ae298068fe13307d46d876df0b5d1bd
ttp.r014.relation.0146	02b3b3e45f1ab1f180182acbde4a20b6d0ffa0eac04e05fb87d3d9982d5e60b8
ttp.r014.relation.0147	c9cc38e0f31fa168e890315fd5a5f05e47d379e6ab5d3546e7703262d3137702
ttp.r014.relation.0148	d7a7ba5b881c12256aab6db72f0086c8274095f164bb7c6c20b9f03b6cd52d0a
ttp.r014.relation.0149	96626e72c6c14f64c63fb6d543d2b195b74b17a8a6c1a8ceab25af621ec2b852
ttp.r014.relation.0150	874d796c41909a76b98c1353cb9ae972a9bd659af6fac5ea8db477615d8fa132
ttp.r014.relation.0151	07568a2b73829d448559ac4475ad92eeeacb54660f3209c83ceca11b20c553ac
ttp.r014.relation.0152	4df6a22a921a66010131b366af9d76b86608d530ee35ab9ef5e6abefa0558a46
ttp.r014.relation.0153	0cd1618995803ad5a3ba3f7887cff3d24f585e2cc222d91b4cb54538e31eb007
ttp.r014.relation.0154	a8250927b85467df3243bcc448732d93e0fc1ee20e1bb35d5194bd273f9f0a8a
ttp.r014.relation.0155	bd4939621d83a134bfabf2448373c58751020151e64129c8140a3d806fbf94a3
ttp.r014.relation.0156	268f5a8ed5d291b1dbb0d888701e7ac404db8a9c14ea90868d52265164356568
ttp.r014.relation.0157	06a94b94f258f1c30419b752f323d421ecb0444cfe7ca0ab54266301f65f8858
ttp.r014.relation.0158	97b5d8df1c7ed43187d4e90316419b464dcb38ec09e8e3e60a937a43ca8b0784
ttp.r014.relation.0159	e33902244f6e1d5366a0d89509777be7be5ba9cd9b9b155f5807dc7bc84e25a1
ttp.r014.relation.0160	73930178b7faffc08b371885a2e97ed653bb8f87fdcfbacd122124ddb1e3ab9e
ttp.r014.relation.0161	2b9983bb7d1c2676b3de418addda78fd6ab8eba76b06189869eac3ebbe6c698a
ttp.r014.relation.0162	d4cc26e0f9ea1b88836accfc392860ad48d5b122ff902c6a97699da54605d463
ttp.r014.relation.0163	b6b785d292305948dc25657b353a9c3209e5c531b16d5fa59f5702028b21ad86
ttp.r014.relation.0164	10486ca3c1aa4d11373f030ab2e0e5f9a7f0f7fb047961021aa5a69063439ad0
ttp.r014.relation.0165	af98d459b2eb507ac83d97fa3c35ba8ad4da83f26eb9606b7806ce7d8c3e8056
ttp.r014.relation.0166	ab5afd1eaa84a85e0a496cd5d2606399533643cac33cbeedb6c6474845587468
ttp.r014.relation.0167	a346895beeaea10ebcfd65b0e1c8f1e4dd37a3243910da523dfc64cda6097717
ttp.r014.relation.0168	a005b9e80e84e22402f0122530a00dcbcfa0956fc599c0104c3d56c2fd16adb6
ttp.r014.relation.0169	56347581d8a359ce9f1154135a27b53e855cc2a64c15ea8d3ad593aabcf2711d
ttp.r014.relation.0170	a839ce6614a925e3f0aa8afabde84a042c790156ddfe1877dd8c192666eac81c
ttp.r014.relation.0171	753fe3897e0173ac6be91b6819d93bfdd87a8225372964f9fc3beabc6bce0edb
ttp.r014.relation.0172	38096e8d3099f753461ea13befc8a932735bc86525ff75078cde642b471b0c89
ttp.r014.relation.0173	db5a854805e54f9e2d731b5c0b34768f38003c793fd03c05e6b408c8fe077e59
ttp.r014.relation.0174	31e09b83b0ca6b61ed553c4c185525a66d30acf4e04ad7b86684572e48996b4c
ttp.r014.relation.0175	517daff5bbfda4c3ffbd9ffd5e33abecb2946499f8d20b500a0d8ee84233365c
ttp.r014.relation.0176	987819b00d4d30a4ebe81fbcb069724259ca09eca9a470cb0143876dda465ae7
ttp.r014.relation.0177	e978d7dc426cf8efb24d13a9631687684dae27739df86845b98585bb75c3248d
ttp.r014.relation.0178	6d0cfca3f67ebcd54e8c47bb196b71f1696302a672ea19e9f130654f2994a3ab
ttp.r014.relation.0179	9b00d9d364b80eb0a7a7c7aaf5f52ec26d11d8491966af9fbe60e3dcbffdcf2a
ttp.r014.relation.0180	21c77b6692307a72f970d823a2fcb67cda310ea57c0adbf5f53963b6b63b56e1
ttp.r014.relation.0181	0c4284c64c42cb3ea3541784605a8c5a62e5fc3998d83e7e641cf225ccfb3173
ttp.r014.relation.0182	4dc348055f6f72304808c1371a54973af164794af6f90c3d75f96a52f3a525b4
ttp.r014.relation.0183	e6fa7c0ae2388b6c2a6eec797525490ccf02049d72a89d85cd0dcecb33abf393
ttp.r014.relation.0184	52ef274853800f24eeab037ffeb8700b6f705006091be952378e20d2dcb897ed
ttp.r014.relation.0185	50c2853ebec2ac4075044c76b5e71f6764cbcadf6a5e9d0fcec888db3d0d1e6a
ttp.r014.relation.0186	6b2eed00adda47f8031da12ed8303389e6408820f08816889071d22d76126f58
ttp.r014.relation.0187	8c2a349994a05836ba6a76ef99a93b91f698cb57036f067499051df1e00f7b37
ttp.r014.relation.0188	5f5f9c909a59e43fd09b688050cbaa14a4b76c256cebc241515c1fc497e33160
ttp.r014.relation.0189	ec0cb1dc5a3e2f962b1c43c465b6a2b2a4762f22c62de94cfae82cdc1fe52090
ttp.r014.relation.0190	2607dc2f131238ae4ad89cede48711dda529813f53613c8e903944022c520bba
ttp.r014.relation.0191	c8e3efa49d2b382a251c78607493abd17b02996190eb065aad8aa085af7dfa7e
ttp.r014.relation.0192	687700a9dc301a25193d5c3f58fef3542fdcdca6d21aaebb2e0aa32bef019eb5
ttp.r014.relation.0193	f344ae6b81bd7a43f09f9568d5f231c421075e736884831de9e3591571e1f40d
ttp.r014.relation.0194	cac4612f89ff6cf9df227ae8e5ee0186ef5bdfc9d36a15233f6f5ff2e3765a1f
ttp.r014.relation.0195	dc8894717cc3c5f521b8f8b01dd5f8aad7663eabf5b5a87e1ab61540d298b068
ttp.r014.relation.0196	d47880ed7ecc13c79979240a853361fec6779fd052cc278509f926e049f6c243
ttp.r014.relation.0197	0c6f36cf79edf08cef4c65f316b0b78f5d2a6b38c54f3d0230a53bce018dccba
ttp.r014.relation.0198	8875a350b0e7f485c369485ecd127062fd1f2b95f71284ca9006304394c0dbe2
ttp.r014.relation.0199	c7298cdcd3fb6626af16f26b5332fb315692b77a36583522bc4717ba7fb538b0
ttp.r014.relation.0200	43c23428c931908a1e080051aa0adf949bb93b3c841c328434aaa9e2504c65bf
ttp.r014.relation.0201	352b78e0210a4c368d6b0647267dd0f4b7aed6fb002f7e8931a8e7fb081e7c67
ttp.r014.relation.0202	a4851e8b02e7a74daeb811c5eabab75a742e4c68220d1bddebbc8810783f3c18
ttp.r014.relation.0203	9b1f62c3994ca7886e35001ad4e5fc4918f17db3d88f9da303c8d7c33815918e
ttp.r014.relation.0204	5dc90e875ff94d92241c336e3fb993e3499408236b3663c2f0f13b640b4cfce5
ttp.r014.relation.0205	9d30aa8a1d3801ab0555a6c1b55c8407209c314ce99df7065fae0e8456e0ef17
ttp.r014.relation.0206	680669e7078520c1c9afc0262be8d7ed9d92f1073ceaf60911529c4a2283debe
ttp.r014.relation.0207	cf3bc30ff0dfef7a2f1f1823d264cd1b383f110ccc88880a6ac3adb1c2426ca7
ttp.r014.relation.0208	b3c8b1474b6f5e4232b499c1f3808a1b30c7af25eebb335ca8cf531bb3deb30a
ttp.r014.relation.0209	dc18b2f74800d2434016d5d4dc406f4edb36bd07d475dca798cd33755ca979d3
ttp.r014.relation.0210	6da886568be78a22336bb860595c2bce997d7c3b8308fed834ef55ff1473393b
ttp.r014.relation.0211	5f898420feb97a534bc2de07bfa5dfa546f8ab86915cee7524278d7b435d3f0e
ttp.r014.relation.0212	ccb17b3e226645b1dc64365474c02a32538260bc87aeade1075da9358478826e
ttp.r014.relation.0213	54d1c6a7e04485752b0c057e9138580d66819cd559aeef073048f276f5eb1050
ttp.r014.relation.0214	cf3337da30c32b81422d01a49d588167acaa4d7f8f1d257ef46127d2e43d5e4a
ttp.r014.relation.0215	8ee540793e4feca7ba13ae310b87d0c051a5f1d92e2f1bdd7825b45283f2d172
ttp.r014.relation.0216	3cb0ef2ae4fb1fea36295c11522a995bf103d29872a62cdb9f297ebeb1ec920b
ttp.r014.relation.0217	3cfc01c87ea1d319057dc2de353d552209a2e94a692c13db382ce568c55af3e1
ttp.r014.relation.0218	66130f4dc88ea044c9cbcef5d04f1b8afeb2e0815df2d9756c939388451270c3
ttp.r014.relation.0219	16eea1b04a470b6f20098a37f99517a4fbb11e80d571331d638b2114fa78aac7
ttp.r014.relation.0220	09ab06db8062efc96dbdc0f45e7bb05cde02269b5896b7c12bd596b154fc78a5
ttp.r014.relation.0221	9e56fbd84f66a16dd1549ce5fa4bdcab5f51791a07d41d8f9648bb7f3dd0fc32
ttp.r014.relation.0222	977f4b20dceaed6a28ab68d448b087fb418eb29ce50e6ce397e605e7d4ca4334
ttp.r014.relation.0223	83044a5e2992c7b87f2eb3c3f86395ca7ec00c28497af09730b5a8e84cd2f27f
ttp.r014.relation.0224	0e7c78b2eaf76f9251e32e640790bd9ca94510c8d4c8e207a4054051224df46b
ttp.r014.relation.0225	1d5763d9706644a3096592739a1f223cc1002254b61a21e1e73bc5fc70af4e30
ttp.r014.relation.0226	88973bd26dc361572566a041da56764ecb853ea9fd7afdf0b9df1376aa2435bb
ttp.r014.relation.0227	3bdf420493d99611822214424922b0a0b2d565027dc2595f40477e9ee63d2959
ttp.r014.relation.0228	2de058ce1eba4cea4078c410affba1aa269ddab89dc294fb92f014c374662973
ttp.r014.relation.0229	a26e00f74e5fd4e372977b35b68b73c26e26915061adda02d10b94f215e1774f
ttp.r014.relation.0230	c33b293b9a180a43cf73bd9e6f16d46aeb802c8383a132ece349e6e559798b35
ttp.r014.relation.0231	594c40daee24acc48f752516860aa602e1dce861ca3dc528bef28b2af04b3716
ttp.r014.relation.0232	1f5d41921e27ef9fac3604c39713387685c222de29028166312a211a0309237b
ttp.r014.relation.0233	04ef03b3293d6e5f8ace33ad8ea2f7363d64d1c44851b08ace8c268fd34884bf
ttp.r014.relation.0234	00a5d9eeb784c6c6dee43414f6208b13699a1dfb12ee620736e3a26b60fa8a25
ttp.r014.relation.0235	8ac422c80540349113fe8ee06f108857df781723f48b96b3db3f4b13070b9336
ttp.r014.relation.0236	e27c35776cee30ffce687becf61da13254e1b91d39b7919714c38f421285f4f5
ttp.r014.relation.0237	1e690bf1c6da329dd3c9074777299359081e93b662a6c4fd437eef62c8bb5653
ttp.r014.relation.0238	f5d361f4ed23311ed710e1bea1e3e7d9e5daf2f25cbbc5734a224217b321a8d6
ttp.r014.relation.0239	7060f3a0dfcc51c174cf9e8575f34e9b1fd44a19b7fd1dc13a8c57e6a5cd77e5
ttp.r014.relation.0240	26015b140a8f2baa4003b43b2c1c6262ce258918e41b3d0b9461058de4b77239
ttp.r014.relation.0241	e222f5dd32728a3bb70b63fbc04fcb2da0198d8d3544640d63abe9b16f68d2c9
ttp.r014.relation.0242	8d3bef3d7b3ac271973a55ecab1a54fab3489190039e075cf17e032e373c832f
ttp.r014.relation.0243	7240e304d017b8228494f2912f29f7fb2c8afb9d8bc9eee07d39cdd85fa55946
ttp.r014.relation.0244	2d5a2b37c1a85d2a3e9d968ac5444dd567751f314039d0e1a6db10d8be1c2f83
ttp.r014.relation.0245	3861e20fe3e3734a936f124bb2dbc28efb38c429d37374ef5b695a20208be960
ttp.r014.relation.0246	67c0ff4beb279b1c797126ccb2a2b33351f938b475746de19616b8a8b03df219
ttp.r014.relation.0247	fdedabb38df072dd9a74eb0e911ba4d74679384a536966a9f1cdcaf60b8d1a0b
ttp.r014.relation.0248	8778cece26c545c62e917f1ffea78d593a2a0844db781b882159d2506394baf6
ttp.r014.relation.0249	df8a3b5de159c182fa9a5feb2b9c08d212b7c723dc3b1be948cee1b2d3eba20e
ttp.r014.relation.0250	ddd1cbb9ba2670defca08e14a7025dc88fe85861fe1c983938d6d7df428e4564
ttp.r014.relation.0251	d2935301f59e574aa00b76a00b605c83768235486a5bac264cc31416ef68773c
ttp.r014.relation.0252	4eb24d6a1a6e43067b5202f3790f40afb4786bb2a6c331c76dd80862febcd677
ttp.r014.relation.0253	f380ec248b2a656a77544ee15ffdd8eb7f10f876fcad60a44bb43d89725571f5
ttp.r014.relation.0254	0a87a68ce9dbfbe044efe57122a2fc01f0e15ab8076e9d23d9c568fe33adb81e
ttp.r014.relation.0255	1d9bb5b8a5bc21e63f382829844ed8efcf0a74e42e056367dfc3e5afae1541a8
ttp.r014.relation.0256	b9e869ca4cc2bd321b89a9ea366f26121a30490e6666dca94d745b1f729e03db
ttp.r014.relation.0257	e25b933e316d123a48f2b29e05155d91d6dd8d158e66b99a1e32370637fd06a7
ttp.r014.relation.0258	84efe2ac0cf8032685326bf44a7f1f94e3311583b2b094f1c6e2e9bba2b58b8c
ttp.r014.relation.0259	31b6fc911f9e4a15ca1d6ceac5f02127e52c89f46d5e8dd02f16a0a2776be35b
ttp.r014.relation.0260	a141677d912a0fccf4a8a3d6db121366f02a25aa1833ce27ee3a7991a2d60714
ttp.r014.relation.0261	8483abcd3c52bbe9cf4dd66c800d8d0e9251bbc463c4d0e2562f3d1e8b790038
ttp.r014.relation.0262	767c998d52a1aac61e4b8b3a17a62dc8eac5480c917aef19cfdc900f56adc32a
ttp.r014.relation.0263	010581c800b50921a09f3a7d940bb7c4ea5e89fcc650e7b245c654143f05ddbe
ttp.r014.relation.0264	e6113bd64afa19997137e148a1fcc9abbc61097001754bb74058f0345da4cc15
ttp.r014.relation.0265	7f9a994d9e57214d8c01eac2bbe06fb878b9a15094b2bc1a5486ddbb7b9cf93e
ttp.r014.relation.0266	6fc0f1c98454b20ebcad1d62e0e6c50cf4f05472d6536c34ee9edf894ed85add
ttp.r014.relation.0267	de48725a8ee141782613324ce43e7693942a865f94a9dc73b1740c10b060dd2a
ttp.r014.relation.0268	faf41b16517a09237d89aaa717a2ab7cf80a92b0294e5fa52985a658222cb2b2
ttp.r014.relation.0269	06a6a463928c79f729ee69d3c02a2e56e8dbd336610a1c3e713a30535e01b2dc
ttp.r014.relation.0270	8b19aee74bea08b7486e05a5b3919c2d7ebf2b120802dde2d7fa87327059c359
ttp.r014.relation.0271	e21a8faf536cfa737e7bd531a3e1a3ea2865dd31bfafa73053cbbdd4931ca9e5
ttp.r014.relation.0272	27f5b86dc368d1313bda85e5792fd1065e36ca25e2da2e4c5435333e8947c6b6
ttp.r014.relation.0273	bb89f9f65fba31475c8186a880fc61207fdb36c5c454b5a988d3c1dff9da8e55
ttp.r014.relation.0274	ffdf8ab1f367e81d71d73b3e42cfe4f8db8b00154170221f571be93322a31fe6
ttp.r014.relation.0275	940555741226ea52d175a182b00bc6e509b30bfcea735019fb7e79a492873cca
ttp.r014.relation.0276	a617c153f26187df387f96cb40bb12bc5ac1e30bcf74a6e48c18f81467007c9a
ttp.r014.relation.0277	d1024fe7430ae17c4809d4ae28fafaf45405826b04997f7f770f330135ec981d
ttp.r014.relation.0278	cc020e9ac4648444bd98bc0b94ceeee0e4762cc06935d87a7dd2f3f2cabce4db
ttp.r014.relation.0279	2227fa4e7e49d4f07cd8bf43262f11b346f58ecde34fc40246b595642e03b050
ttp.r014.relation.0280	e11f9b08c213795cc6ea5f74698e3f9a9740020610db3af0013006f78c0a1238
ttp.r014.relation.0281	6f6a1ac6e399485d77bda5a61ff408246a83a5f79a69326710f0dc1335c8d7a6
ttp.r014.relation.0282	94d583d4d4f8b8a1c1a238356e65c79bbcf1e80a9040a35953fdb9b84411b552
ttp.r014.relation.0283	1cd40dc37f5d6bd0ff6be20f3d3bc2aae51f3dbe3e0c4204c92d668b59c7fbde
ttp.r014.relation.0284	ee2891c8f1ed85f32818bb896483c88df49b42e001c7f0579d3c6d96b193db50
ttp.r014.relation.0285	b4fccf507d2d10862209ac6707dc7ff3df673a9861ee8e785047dc5f759b4ed8
ttp.r014.relation.0286	b89f2814eacce7be6f387b320ae62b116473e43814b11f2bdf2bc37cace26885
ttp.r014.relation.0287	d58685fdc2a6696d63b7917bcdbc57b245baf362de44005e44d8db00c710b387
ttp.r014.relation.0288	1e7be4400efe904d18fa8561c98c80f0a6549b13a7634e8deeb8686c3e46b383
ttp.r014.relation.0289	94044b834646d87ddaf2e9860d980b466af91aaf1b88efd842acb5b0d5a3568a
ttp.r014.relation.0290	20a5bd5a251f013f27f061676a7651154cc6d6f89a88190d0d75c14c18584566
ttp.r014.relation.0291	2ac3ffd665f24abedbba30a6fbd4247eef0f81baa04d56d1be6ed0d045cf4151
ttp.r014.relation.0292	cb6c5144850bb302db001be5fb1db0670389df2308fddbe437094f067017a55b
ttp.r014.relation.0293	22e351f599bd9ee1b81d768a763fc96de6cbca764a29d35db8c439a2102c88b9
ttp.r014.relation.0294	b0985f697f9c8acc7a74709fb0b511860a1b66f9a16b0929de8c0e6c9870b6e5
ttp.r014.relation.0295	136385f30e444b84202975b82c586c2542333abfbe8648e48de8d669c789e9ac
ttp.r014.relation.0296	ce69775f1a2e490f55e291679f2cb916dfd87ac55e2f41d3b8984b1933c2f0aa
ttp.r014.relation.0297	97be6347c8da8ef403f2857e3d3212eefbeed654fa3750a41e1fc9892eac77d9
ttp.r014.relation.0298	016e08b726a6c85471b4e06228ea023ec88cd4d644c928ffd5032691116db355
ttp.r014.relation.0299	f74b851e496f39d1f8724cc6fec1e42de982d30983cb15cdc51007aa3407e499
ttp.r014.relation.0300	2a303b9491dbfadf2c3eff8f8a662c422ff9cbd30ff259ef6aa339e42449f571
ttp.r014.relation.0301	5bd049295d634e2906911d85e45adbb8118581a645828e5fc41a299361ddf72d
ttp.r014.relation.0302	92c6d4f0badf33006bcc0f2f1ce8cf0b3833105bcd6c687e6995a9904a9f27f0
ttp.r014.relation.0303	2e30f6440f1f212f3b87a449839bc4b93490cc4b28939222796dd83b85eea236
ttp.r014.relation.0304	e4b11a8a36991b1f429ff76257d17d20415c80f71def220adc037db3587ecba5
ttp.r014.relation.0305	4f5a8c43241d84034571273fe7e9c22c7535741682bc1ea4f608221f477e2503
ttp.r014.relation.0306	8d169f3df7a2c7c9e04cfc7b7d1e4a568627bee397000855989c1df51930edb6
ttp.r014.relation.0307	e91ed84b5d1ab77624c1e6cd4f1c45d828bb0dddb7f85dd47dbf80e038a3042b
ttp.r014.relation.0308	558250f2d5c3130dc0cba09ffafd27c2d8e18607b734b5a5e801b2dff2e649e9
ttp.r014.relation.0309	00e3a5fa8e5bd24e25a32c47681504cae81cf7951e92225b3898bcf53b1bdaa3
ttp.r014.relation.0310	8c77b8bd4f4135e229fd449145b2e7274cebd8190a0ca254220ea303ed9726d6
ttp.r014.relation.0311	7bb121efcc3faf9d7702628f1f0bfc8d979af583112a0b6def7da2e5ed67cc3d
ttp.r014.relation.0312	459877833e828545e7245939cabef4c20f521367d586be068fb756d06842f2ce
ttp.r014.relation.0313	f42d506759d67b531449b5815e7d45e8812ce7472ba18eae6ac897fdb9b8b0c4
ttp.r014.relation.0314	cad4183aecd403c866a7bdd793e4e6795b012138e77db2297bfb9f1b9844d580
ttp.r014.relation.0315	c0fe480a4a3ecf9a9cc4baf1df3ca71062382ccb0fdf4e2d02e9e6603fbd9955
ttp.r014.relation.0316	5172f2bddaae8e8a74a9cef3bdeff64284a4646946cca6f699400c4d652fd9fc
ttp.r014.relation.0317	f7b733140111591179e8f1c5078cae781b8585694af4845cdb84f3a9e966a38e
ttp.r014.relation.0318	f9edb5a51f11591038c435bf767ed6839dc9d96bc602ee150442e00af89eb85d
ttp.r014.relation.0319	57c45eeac4e76986c600f287592f232d81cb2d360668e1a15d8d4427a00b9e5c
ttp.r014.relation.0320	1a1ae2328aa66c3db2c32dcab582e6a2c2dfa3168e715f94fa3a2d277e6e80cb
ttp.r014.relation.0321	a1537deb579c29c8931ea6c8955fa9480d64ff8c5b766db03457af99ab010afe
ttp.r014.relation.0322	e44f24def26b9e27f3d7dce08d7c82e018ac6aad922de9c5cbea75b5a8b74611
ttp.r014.relation.0323	b91186237dfdebd8468346137cd2426c02e320a14101cc720c61e2ed35de966e
ttp.r014.relation.0324	1a352966a8807d025994aba083a26205d1db4359675c77c29c02b8e7d3b8e326
ttp.r014.relation.0325	e81ae9f5b917e10c45dde88b3bd8e520c4d4096a4a0185a09419d6aef6ab0362
ttp.r014.relation.0326	75a77cd55ea804cabbb304e3f7c2ee8f0618bf8883295ed0b1c609ed5b15f8e7
ttp.r014.relation.0327	41ebc9a4f4a0f8fe7af2a28d2dd90f0d4e937c44532f93e6a77eec05a494fc34
ttp.r014.relation.0328	3ce1366e996fe6c07c156ace9569cc07580652976a5b044443bb578a49795238
ttp.r014.relation.0329	26a44890a3987e574b98bbded692f8b2009156477c814ae04855fe3b47c3deae
ttp.r014.relation.0330	f04cfb38bd3392c6b9db541f6ddda1f9e5f933e2f27a13e9b5c64c524fe477ca
ttp.r014.relation.0331	e13f973c9dd15ec42f9d6a2da80d626b805e38ae18519e6524cb2958548844b7
ttp.r014.relation.0332	5feed8f0d8ae5559378717c114a49c4aba7d6232beeac1295a93226bb6dfecbb
ttp.r014.relation.0333	a4f2db4c2317f81c13e9beb3a80a81a3e64b0223fd09c51b32cc35e2586a6184
ttp.r014.relation.0334	f01b2b9bb153ab834a28b30d6452eef5a1a67c7e25456910f0674194568d635d
ttp.r014.relation.0335	c59eafaeceb6114a300ed4280712eeffcbd18b63d5ea154cc257c1c1371f7e96
ttp.r014.relation.0336	8d0b1c7ab903553f02b3805d8e499168d56283faed8668b0793296bc1915e1e8
ttp.r014.relation.0337	a7996ac501c79a509a0da1df4a64ff61ae1d5d4fbf16bd3fcf0b93e8ca776021
ttp.r014.relation.0338	371b88339b68f41d3dbbcfd3acd2dc138287089a84b86b8cebec4bb6b14aec92
ttp.r014.relation.0339	fc44852f346d3a4a10145dd990e0217d4a21e1eda286385b6ebd895d2229021b
ttp.r014.relation.0340	c7ce6fd0e4765f617c5eff76192cd3da55258db6c0c03ecbef9315064c44f762
ttp.r014.relation.0341	5b8592adc0189ab24d627071bd356c5bf5a66510aed35ea70c4fbd99d419fc3d
ttp.r014.relation.0342	61693e4d63e0ef01bce9db3de888974aceb3465085f74c3b18038f690058cd6c
ttp.r014.relation.0343	9761a32f0f7f0f7054d7ef5fbc43b1546b8fa704c870f1b94dc624f0f974830a
ttp.r014.relation.0344	9e0863cca808ce00b1a59344f6e453e2e55b08d3f5c3d43004651c57be8b96c0
ttp.r014.relation.0345	6fac0933a7347a1ff680e3174723ba8f56b13628adc828abc9e851e71875ed32
ttp.r014.relation.0346	d8d57d8fcdc6d0290d49c06af1fb6130371bedd1d1e8ffc47e7580dd26235599
ttp.r014.relation.0347	3a2c3b3d3dd433183a360e142ed1658d2396ed663901daca1297c80b80a24612
ttp.r014.relation.0348	df261033018296cc100db68f04aaa3e3f02b868a3d2a78da4905bceea1768d92
ttp.r014.relation.0349	928557ef93883529cce55a9df0b670d50680eaf0119b4ada266a8aae08e1c548
ttp.r014.relation.0350	e50c2ca3ee3375eed466dfc1f83d1a7374308f4f9a0b1c44a25aa29064cee07c
ttp.r014.relation.0351	8767a3922c0881f9eac31a69843173d07a1ba2a28e465de67324d2f50c2abc2d
ttp.r014.relation.0352	cf93ad05839ea3447c660be5cd0a2d145e399133b3caf16805bec749de143b30
ttp.r014.relation.0353	0e0ce7ff154207e855654fb9ab487998d3156217ab40dacb0940a0a22ec57068
ttp.r014.relation.0354	3af1583764427e2608bea400b03854a803dd61644d6d1a95d704cfb949a2fd5c
ttp.r014.relation.0355	b6029e0edf1d4e3b9faa71fabde7bb000e1b2468a44a82d3995b6b8e6ecc8f37
ttp.r014.relation.0356	9e7b2f75f2c1046f13dd90a31fb67b99ed9e64974135d8cdb0e2c800e1642538
ttp.r014.relation.0357	41f86f862518d4045262f665adf5c4481620df15e341b6733c0e59f6f9b52d94
ttp.r014.relation.0358	442c785f94b1fd507f1a55b50ed9d34a399cbb3a3e554d759c6a31dc79374727
ttp.r014.relation.0359	e2504c862641a1cf4ddb726675a811eeb8a79b4e963fbeef9cdd00739e28b205
ttp.r014.relation.0360	6e09d2e10b7f7b84390cfe4bc6da5671428b203a3310f2b6fa7b75b6efc52db1
ttp.r014.relation.0361	8a77f0acee2240b289b848604eba3d156f579b35415a09e63d086652d002d4a0
ttp.r014.relation.0362	80c8e87d06d67fdf8d6091ef8a41fe9370c1e864b534be2614ee24772b9b7acc
ttp.r014.relation.0363	dfb859e69ad79cb744c48f2bf0478c27f79e1d270b7a936722a78474a6ff22d5
ttp.r014.relation.0364	ecdba9277a7cce54aec45a9ef79fa36ebf0ec326bb4b5d689c701eef8c7ab850
ttp.r014.relation.0365	b76999f4704c251454f8dee20f2d62b47f7f8d89735e9c73cfecdc018baf9b9c
ttp.r014.relation.0366	ca0c7f3879e02a662e9496ec2701ae15609d9dad394da677831f018f40f2758d
ttp.r014.relation.0367	8c4d9bb82d85488c5f2ac007f68075751c4f71e518952a5e41e265e963362e0d
ttp.r014.relation.0368	d522f36bd0ba7c18786c17a115d6ecbdd0c94dfe34b022c05e6d15ad2a787aa3
ttp.r014.relation.0369	efe23947d227d5212b94adfead98e93d2c00f3083dbf797244744a8f75fea58c
ttp.r014.relation.0370	6bccc47b1c487a2984587749f8b1569d0894dc56f2b56388858dfc65ef04b121
ttp.r014.relation.0371	bcecf342bb315ebfa11eb69943be43956abb38b66a8e3fc81871863b2b1505cb
ttp.r014.relation.0372	96bb627930c6f8e2e4f5fc34d9c1568297bd039be37c2fd5f20dba98b31d5f31
ttp.r014.relation.0373	28d2864985ab9836e67378858cf959e909263c04206cc1abbafbb2ea0c5636a3
ttp.r014.relation.0374	7867c798bf9e658a837cf7044510ef05011dfeabd6b13cea855a93fd08892d1e
ttp.r014.relation.0375	2ef7b1125aa95bc31bf9ddb5003229587c495834f577466560e163ffba1be66b
ttp.r014.relation.0376	cee018e6d247f5d167d6d12fa4b5c2790f9bbd70c15b2a53bd4b10ae8f53904f
ttp.r014.relation.0377	6acab513d3039ae59087aa8e1aa05ee8d058941f402b0e1de16e0ce4118b24ea
ttp.r014.relation.0378	1a08f30864604785b76bff37fc7eeecc67ee410eee8bd166e7bb01cbe2c8756e
ttp.r014.relation.0379	1275871078c2709d10e095c784c22d644dff001d26491857e3bd693cb49e3e8c
ttp.r014.relation.0380	122b340d2c67f6e854cbd3fcfd1cb1c221b89fb14fe0301c9f701d06e6ebf936
ttp.r014.relation.0381	cebd5708e99b1978c410688986c468544e3e0ba762ecc3792d805b2c9639eac1
ttp.r014.relation.0382	8e99960a707a3b21ab9f8c603c6d3a0c7c07eac627d5572939624f43d206fd75
ttp.r014.relation.0383	9f1cae206a07d0a8efcc00a7962dad69b082c1ad82f275807686d6606b367ace
ttp.r014.relation.0384	6b8003d9b27f64d824f4f4d43948e2900f86cdaa9a964aa4e1a8084d5568a2a6
ttp.r014.relation.0385	a00f3c3a25ab082544f6e83fa236dda66b1b77868a9f4aa480e690747a5bd6a4
ttp.r014.relation.0386	8127d7928c2aae35ff945e666d65a6a2dd8a544d2f977dec4399c5c102d7d719
ttp.r014.relation.0387	494fd55c0fc49ca09397d386e86b4387092c42fe2a4db85fb8c2b5b3efb03784
ttp.r014.relation.0388	9e4e884a4aef314e63fb6627ce89eb3e5bd122ec123d19206fe8e22018f4b556
ttp.r014.relation.0389	13de82af27320aedb057808ba9479729e814292e202492131d8f708ba70e5019
ttp.r014.relation.0390	d857b2aa6fa651f71233769f328117e9ea15a2b5d4f699481a796e69ed9c269d
ttp.r014.relation.0391	7d3297f7e7ec5288faaf3d11d5ab186d16879dea9e6487801b8c47ae6545500d
ttp.r014.relation.0392	0aaa5603cbdafc4771092f7d0085bf3a605c81a83c7e44406f662cf4be1f4256
ttp.r014.relation.0393	df986a96f6510435310e7a312ba82e660983f45501685fedc82e643f1a19285e
ttp.r014.relation.0394	924a9f018dcf146e5c2180c44342926f2599c808b4d893334a0c525989ad8d9b
ttp.r014.relation.0395	e773be61b78a3290f732a10539bfbb34bdbb8624235b939a6f3dbcb4cede1352
ttp.r014.relation.0396	f0bf7cd562d21c87bd5abc6fa520823e7c1a0712eed4298b4e3cad803afa0acd
ttp.r014.relation.0397	50f8fac6f1da47ad961f4b674b5e40e5c74afb079f4ea08b467f411481415575
ttp.r014.relation.0398	9ae83ed24ef696cac6f76ea4bb88a45a5890b79bdcfac7a92d0cbea6a028def7
ttp.r014.relation.0399	c0830dbdde73006383ab9848113926bacade26410b164b8267330be459cb663e
ttp.r014.relation.0400	2a4150e93db8560592dcb181a1b4a5a9dbacc68c6f981696174274e59db6ba83
ttp.r014.relation.0401	e92ab0e7a3d61792d518eff6f9ab3290f53458f1d9f583546d00a70918d64c85
ttp.r014.relation.0402	340b368f44d3f62a0573359ae0e1288735c835acb81e3b1f440463a022df4aad
ttp.r014.relation.0403	130cb1726c706d7c811e8673dd92c7b38920499b3ffa8616ac2e97a5a6d61fc1
ttp.r014.relation.0404	a82185b5099d5a8d7e1a504081b273e750b24bba42356fce63735852c7074b5c
ttp.r014.relation.0405	71584e2f097f5cb991d797a2aaac52f4bb6e2d96af58a620825cf28f723952ba
ttp.r014.relation.0406	27492240e364f9295d6d11baf2d11e7884764f96e2296728146a1390fe24d290
ttp.r014.relation.0407	d127605d1dd89538496e46aa66f9d25026b377a60ada806e66bf86d276778b69
ttp.r014.relation.0408	e76e82064e97fa3b6a30ec22d5c7f495892ccbe5939dc26b85031a28f11ffef0
ttp.r014.relation.0409	12f66d107a0b7d8fa251b7a70279483dab1930739273d4299c84d1e0957d3bbf
ttp.r014.relation.0410	0526d926eb5cb5c69cc6e76ae91220be98decb4671100a6e4d6bf814d3b2ae35
ttp.r014.relation.0411	ceac850d5a92acd3b4a116b5d586f7526a919963345db8ebd5db4f3008db1be7
ttp.r014.relation.0412	4958bf80c725df217123f2c7999a0dab2adb42cca8b0ce77ce6d9e38b80adad1
ttp.r014.relation.0413	ea198c050de1b5a086a1e44cf4fd6f15dcb30f8133179f6a441753b0cfa2dc41
ttp.r014.relation.0414	f3594cbed374de4d5b733fc28e679657f7cc6c8af32645cbfdd72b6d1d4025b3
ttp.r014.relation.0415	6be6efad19909eb4437eee8866a09fa8186f61bf3023449e7f7ad76e1aa1e4d5
ttp.r014.relation.0416	e5c80ca7570532a73f3233205d339f42592b3935142bc0ee092348804c6dc9df
ttp.r014.relation.0417	b48c8f4a6d120178dbf97ef6ae34330f5eca74fb4330ccbc93b55607c4cfcd41
ttp.r014.relation.0418	eef1de89cc6ddfbaa6642e8380519d3bc525cf597faa0560e99fd066edeae2d2
ttp.r014.relation.0419	67fe7629eb8e0997ce8d8b1825eaf0bf6d52bb7450b2aa5d52c79d1c02902586
ttp.r014.relation.0420	32cc766192b8e2612fe6c8776d39d42f509e493c8ef56d53e1781150cef17fcb
ttp.r014.relation.0421	50785770b8e6f3c2a7100a65366918825337997d087a81ff1ad4b63403f63625
ttp.r014.relation.0422	11f9de79ab4227c56dc1d14c95198993ebfd874e5d70488d7c1226786e05c66a
ttp.r014.relation.0423	ae7b4b687dd95f23f8c8a3eeda0a53da84abc8ce979de533c76a1cd62830ff06
ttp.r014.relation.0424	35275a36e0f7f2ffd714b112ded99f08fd941581230e6ea3ea8c50bb8bcd922b
ttp.r014.relation.0425	ddbb7da60297cd4a4976d300a0dd8ed9fd361be26c909864c396ac4ad7d0d40d
ttp.r014.relation.0426	6047124efaa539f742d4d06d298bf743229d7c5fdfac6596a9520e6cccb1051f
ttp.r014.relation.0427	a0b730d69c66e0f23763f014daad7fcc250704e7e4d4cd0c07b3e8ed6a2c0e84
ttp.r014.relation.0428	84511550fbfbd52903a94b754e1056f4fb4a29c4001813027e8a561583eaedd7
ttp.r014.relation.0429	05203cdda9d327237fa7cb5c209ca3a7d7cbb0fb8622cd8d26b72ae7fc86a360
ttp.r014.relation.0430	86375c86e51277986f2f66b7c45a2436328f0014ae6a6d6932e5ff783839f58b
ttp.r014.relation.0431	03a12d3660812e14a5c904c289219c01d51961a14c132c4028967d6bc068b043
ttp.r014.relation.0432	ab18b8f262b6a5170c9ab9c3f19f5146736e5fb072e13c410818450f63280eb8
ttp.r014.relation.0433	98e50074733cd82869ba0744262b1fc8b994ba17cda302621211c8b5d0765652
ttp.r014.relation.0434	308ead6548c32afff07ee57936a1dbfe52c9017eaa53b9b87ccdb7daf7b36d8f
ttp.r014.relation.0435	fe1a4ec2ab32b2d1bee5ac033baf973a1c91e0502766c72161b35fd1e486bb77
ttp.r014.relation.0436	52ab85adb264e7395edf2c0f8bf46b07e498113e3227f6f25b3ab4522b7970a2
ttp.r014.relation.0437	763d2eb032182e59c26b1044b1fdb1090fb812e5e479c482df0d231b35b783cd
ttp.r014.relation.0438	bf107d5759ec5f023d65c04018fc995aff9035bf03c5a2a5367952f684549406
ttp.r014.relation.0439	c176a00c05cedf9619d275f73f5893c922ad235e5825467d387507c151e60f31
ttp.r014.relation.0440	02ec8be7acd57493254e3b69a20b075d2ac94712b906aae46a5f46e1de669f19
ttp.r014.relation.0441	740d6222ceb18fe35fac40a0318b6a78211e6685323335bcb23968c9f8ed82c9
ttp.r014.relation.0442	52420e4b721f0306269743ec04167b7ece9136cf141ed304bf93d330d7e886c9
ttp.r014.relation.0443	5a5742709a6726d1c8026719e4354d55b4ea8d3cdf61306176888a6134609af7
ttp.r014.relation.0444	6814932ab3ddbe03aa8676c43f7c6f5807541fc46d915c6712a748335b6cf3d1
ttp.r014.relation.0445	4b7a608a94486377007d65efaa52b1841f87af7b15223d0a9eb0519736e64e11
ttp.r014.relation.0446	3a9fdc9d2c024d8b6df2146602bd631f86c23d17b83ea809c4cc9facd47c0a2d
ttp.r014.relation.0447	5b2f421279edafff9b4999978442eec9e2b7cafbb1348f1a00ed31bce64d1390
ttp.r014.relation.0448	9f462fb48f9b9a39c387376e5365f65d63eec11880421cd0f10f1c36a2da9bb7
ttp.r014.relation.0449	26657f56c457f0c9efd821d360a84ea327fed0ecd1cd4a606dfed1dac6147516
ttp.r014.relation.0450	e980ccd6a65f51d040c59efc217bd8454789fda0c851bb37c307ed5dca72ba5f
ttp.r014.relation.0451	5e7d7c6bde4ced6b0a922720679b5d384d3afdc60c7fbe217b6d34fb88a23b07
ttp.r014.relation.0452	2dd70f050d256aa5ea1985f20bb81f02e8165a197dbeaf065b3e3f522251d4ce
ttp.r014.relation.0453	93a45d973783e6c03d8c51064325acb9234221c6918d8be753bdc866705686b1
ttp.r014.relation.0454	0205e96f186ee48516fce21825ea494cf22a8058127d7c128b735705bab8473b
ttp.r014.relation.0455	5cb2554d4f72e84fe36a8396c294b494d3328c36ea2879aff716d0a5a2e524a4
ttp.r014.relation.0456	15c5af8939f833ce17301e99a252c177c6985f73a3132bed02c2b9d8987e01ad
ttp.r014.relation.0457	3a9200bb5f55110876b8f3a1e69e2e3cc9437952f9995f24e9962b681e3cde6d
ttp.r014.relation.0458	d7da174256ed20beb8435ce475e73c6edc4f3c3484a6b414d52485b15637f4c8
ttp.r014.relation.0459	c7ba5238de516ddf6ec7965e6041ec59fa45488aed5c39cbb4143017a307c770
ttp.r014.relation.0460	8b90b96fa786a5b785508feae573adf92f52646fccd3bc6a6c842c75297b204a
ttp.r014.relation.0461	1e2f10b6ee1a665f28eefd5b224e17b3b9b440a80d7cd60eef31915b47b22283
ttp.r014.relation.0462	c78a1c620de2ffd980a4c5f74f29a0663f7cb0cf0830a2f6f3220ce3eb4c9ef6
ttp.r014.relation.0463	47d3c5704f3f21b90c9707871900c9e37f070c4b88cd2415e3d6b9b4b89121a3
ttp.r014.relation.0464	0fb0ff4120b2741e8051f99ef9fd9b612c020cea09e159dc6e06c1f40b800ec4
ttp.r014.relation.0465	857162b47af50b9d3e3558e4a0e45ecbf65a3a222c7ad263851575d36c827456
ttp.r014.relation.0466	70b125f5609c60510f7e3eafcc95c6e4c948cd58209ab02561003efd96f84a34
ttp.r014.relation.0467	688112d516e290127ed714240174debe9262ef48ccf0eb7f7f6e9d4d222cace0
ttp.r014.relation.0468	00e0f5e8a3fc30adbd8e751d6d698a15332bebbf5c199835819aeae1c0738c8f
ttp.r014.relation.0469	3488a86916492ba8b91501c561d4091de6a9d4b9921bc7d3bad6f48fd0bf733d
ttp.r014.relation.0470	71b8be70afc93c98b1a13a888a2f246bfae7394dc8e659d85b08144070b4076c
ttp.r014.relation.0471	f0c509c50fdecba895e0f2e57f48eb3a8b00dd1ad9a8aface69a9f0c647906c9
ttp.r014.relation.0472	8a589a46e868006d4b00f9f467a4a08a36c5de6bfb7b7e7a28d30b4e5e26966f
ttp.r014.relation.0473	29c91b06380fa9b1c458231fae64e314e6ab95aff31c01526de0c28fe8309f31
ttp.r014.relation.0474	f8a986f50977f5cd4b643825b708c8aa7d9f876b5dcb41a62d51d0b4615dce47
ttp.r014.relation.0475	647b0bafcb8a460a0263b781e0a679e3d853843e08d8130dda51edccb5ea57ea
ttp.r014.relation.0476	53b2f0bd9d683da6de9b96163947210f6c536745a167625f52c897420fc272a1
ttp.r014.relation.0477	66c1329da58e1245abc7751c60ed501319b805c9dc5028127c107b4d760776f7
ttp.r014.relation.0478	ab34601714899d947105cb08a43c2b388439e3cb570b66d5f7cad4a2e1cd01fb
ttp.r014.relation.0479	fc59553ffde1d89344e347da7b5db528dc0f9b94123e6fa83dc5bc1f37755716
ttp.r014.relation.0480	529e6f1d589448bb7d1c6f25e6718f27a8a4315339b32c614a3a13cdb53ed728
ttp.r014.relation.0481	4d337ec425f32712da825329b7af5f9fe4d107277641beda26cf0af88695f04e
ttp.r014.relation.0482	e656c07020e8136a39db75248742db38ff57d73b0679bffde80ac7d3e4bd4657
ttp.r014.relation.0483	3e1d321beb07df90aee209c59aa105abeeefe704c5422172f10c5e4bdccb8174
ttp.r014.relation.0484	ac0ad6260094302a71ea18684220797adb268b421e807b2e628b100ce1e76cb9
ttp.r014.relation.0485	2961810bd9c0b3442adffb61859d1c52fc5344a384077bd6fa9a360601c25961
ttp.r014.relation.0486	3562cc9e8e3fc2998b221a0bbe3fb24cdc197ae87ccc17891c286ee15872e0cd
ttp.r014.relation.0487	bf50267a1e6bd7701cfcb726cbfc3327047021a279604286867f4b6da1d89d38
ttp.r014.relation.0488	9d1298cf21e4031d6810b076816c264c07d204f0de92534d23ec01cf93e73f9a
ttp.r014.relation.0489	5c8a8bf253abb01c799937dc16fc9f33debea0aa6d5f24a22c8de67043f31339
ttp.r014.relation.0490	16b518dd20cde6391001068168ef0378f289006d378548641d571fa97961fe07
ttp.r014.relation.0491	ee623aca44bfc63f651edcc2bc1b503c297531ac34584adb3379e551f26823c8
ttp.r014.relation.0492	3a1e0484575a04d921718648b663947356623208f015128254f51f50a0dedb23
ttp.r014.relation.0493	749cf697ec102fbb652bad398df88dd902787df3bf923a63af548d58ff032116
ttp.r014.relation.0494	59f054a32cfa1ca64b582fab39efbc7ff53b1ce74a3cf78e288b45989db4aab9
ttp.r014.relation.0495	e44202dddc5b0c7ab1740d758dc75ab9381777dc6ec5dbd458e0936101689a43
ttp.r014.relation.0496	daa843968840ffe16de136728317e741cc5459a52e71e39f095ee0b317e8832e
ttp.r014.relation.0497	33dcba5feb50e35ced3f31a4653d23287bfe8f7da38f34416380e0d4ee7abad6
ttp.r014.relation.0498	d7902b5f4774b8b43b4c158c2ba384547a838da3f488e6ab300a7d3bcd311961
ttp.r014.relation.0499	deabb32a2f188b3980fd456bd13559a568819b4275166b44e36598cc1c6d4da3
ttp.r014.relation.0500	bd28f59bcb469558614e5889b7901b5f87f552a11f428af20bb59d0236564aef
ttp.r014.relation.0501	f8670689d5ce629d118c1e2464bcb7cfcbbfb1297fd64f139615cd7be161f64b
ttp.r014.relation.0502	267dc7d9da145dd14cb4798bfb6bd1fd342a43f7c8b7fc321670cf055cf8d4bc
ttp.r014.relation.0503	0c499f01afd91a4873f9e158a9270446bd34d20ccee1194842d954f12f68ae04
ttp.r014.relation.0504	2b45767e4be10c37c755151bba1ffea3c9c9a9656d94ff99d4109c374604c8b8
ttp.r014.relation.0505	fd2d003ef5d204ecf77843d85d93210146b7b237273b3282f9e897a98461ea3a
ttp.r014.relation.0506	492aa1d2733ba50fadfede54b98ec190a1981429bf8f334494ec3079df6b05ee
ttp.r014.relation.0507	8a410d0bff36af9411431d81ae6dda5049cad340e302db2a3fe5d42dd7133975
ttp.r014.relation.0508	1c4e5a6ea8354d02e741d4b9be5a6951a0ac53b7f25ba1c6d8a3a6247cb15f2e
ttp.r014.relation.0509	b69f126324ba2c8251943809d34a09365e4daafad2ee9eb6c8271c24473e222e
ttp.r014.relation.0510	8b30422c9df679c8cc555253745a094dafea9e8f3e429418f7664053faa89f1a
ttp.r014.relation.0511	96ffdc97ff327f590300d0abd0a322070a42d692c8c85373fa337d16af164c25
ttp.r014.relation.0512	dc70d90b545ff3edd73c29c03451d2f07a42836b60dcebcde7f4941d58c506e7
ttp.r014.relation.0513	7d09ae29ea85825abaf714dcc784666152f7c01bb9b1d23a9a8403b5ffc07343
ttp.r014.relation.0514	4d6a38f26a31fc2d50c2cd2aac991f00c89dc95b435c021e218173d00f934d21
ttp.r014.relation.0515	32853356314e5381e0266f12518a3a330527f04696e981c7fd6804af7b02f199
ttp.r014.relation.0516	aa05518b2fd0c7120977436752aca9f098067bc8aaea87bf13c33f32d0d575d2
ttp.r014.relation.0517	17ee1305232e46508956e1a0d8b35be181eb7d409acd2c1df84875bbd6825f69
ttp.r014.relation.0518	ad07ca6c8d4bf72d050999685bfd5651600fc8570331247f04d92e8f9eeded32
ttp.r014.relation.0519	943242ecb2831cc73feea5209d5c242003063a7c0ed2dc4f56ee18fcf252abdb
ttp.r014.relation.0520	a54fe3d813140a496b7a0c989393088489032ee020d4b6de4853256e1e9057e4
ttp.r014.relation.0521	d70c3d6f80b43b2f1655157d885707994920afedca43e0833a4e1c747973d3fa
ttp.r014.relation.0522	f34cc76106a26abd711dfe84b40318f70a4e49c225d088b40270487f8ff756b3
ttp.r014.relation.0523	92a7715cab5fc62546ee282f48931ce9c3b592e7708c4602bcde86d60547827a
ttp.r014.relation.0524	89cd90247be4d040204a1fcb5680f98444599a2e250955a7ebcdeebe658c6b72
ttp.r014.relation.0525	ed4649d383b16bf21b5688913249a222fb8c6fcacdceb9e560a075a553d9d5d4
ttp.r014.relation.0526	f395fcfed9a3578cdd0316994eca30050fd764e6d57be93ae7badc797f970d37
ttp.r014.relation.0527	aa38af9ae64d6ce310eb34bc3f5bd5654cfcf95269368d3d8d3a38431aae4209
ttp.r014.relation.0528	9bdef59abbb8dcb336cbd7f895a1abfd0c0a9f47ac5c348b07117d3eef821ce2
ttp.r014.relation.0529	bc8c4c223b9c5bbd50bf714e78efea14e6905e2e30261a1d1c61e33aedd36b44
ttp.r014.relation.0530	cc6a71418f5982532ffc9bf2a767ee3830cf90d68199338d7586f90714941d1d
ttp.r014.relation.0531	856ff8b2975c1bdf0754ebbb5bfb0b5fb1aed73190a4f47d19c967db1ba3c66b
ttp.r014.relation.0532	4a32ac3ab7e3fd85cdbad3b0587167cd1d8011e0ad5880e425867dc73da4ae12
ttp.r014.relation.0533	8e629c82afa6b8790cb73487db9a3faaccf5f014be3a3ce9c1eabc4d04a28fd1
ttp.r014.relation.0534	276d21b747e49d3c5297ddf661ec8e21b740510d81735f21b3aa9e597a983e9b
ttp.r014.relation.0535	fef8b841b6361006e1269cd1d610a5e17f203337740ae9bb897fb6f75017d480
ttp.r014.relation.0536	6bb557c8a7f3dca644528e146419063c1f4fa5a13b56d6908d986d3959134780
ttp.r014.relation.0537	56924e176dcae036f11b7c332b560ae041494b893d21d23863bb14d2e9e13e05
ttp.r014.relation.0538	da3f3c1df0a9f284af7a2b47b3c2938ca6e4ee6f7d3a465b9a4141786f1a2093
ttp.r014.relation.0539	b6524f534b894e0e02fc4ed0a2ce93ac533caad24013f44b903da003746a6443
ttp.r014.relation.0540	2ff5574c070115dfa98cb8e4c727c2574569c5a608198407d3108a70b1580808
ttp.r014.relation.0541	2298edb5e160828fee8bf01d8e3d3ae452ed5b6dafe0f218fc9b8bcd9397497e
ttp.r014.relation.0542	72f54926fcb4bc53862b7a1435fde91f8c48c5b60a65f84cb0e18be8223ab89f
ttp.r014.relation.0543	37c6836fb6d9e0ab5a770672e14f38e411ce4290dd78fdb07b2a4ffe511f7941
ttp.r014.relation.0544	7be94f07e76f60d76ab8a8e728b9669367087b1b1b1a2e162c373470162defe2
ttp.r014.relation.0545	63ead48f34436925078d3c3b4d06d8d694f8c6ee0d12f5815574c1afcb5fcae9
ttp.r014.relation.0546	87a7c228acfeea702cd844a8644d096795c55dcf6dc518ebfe9fa9e9a460c589
ttp.r014.relation.0547	a66bd2f874d746ee078051ec982fcac6ac174003489bd61731aa938dbc3083a2
ttp.r014.relation.0548	6f61ed93c67e5b06454af4ba59333a87eeca7311fc3956bca4ea08256377973a
ttp.r014.relation.0549	d86154df840a26d60f082eb69d51055039ed7a37c7e5b52be66ea43ef46046ae
ttp.r014.relation.0550	c37a86b5cec53e0ff71370e46d742c8360da620d8bb3e36342103a59fe80d3a9
ttp.r014.relation.0551	1a5abda978f226deca3110679c92dfbc78069aabe78ecc437a4c70720d7ee4d3
ttp.r014.relation.0552	1996825de9e76558c5e7338d721ec1e85e0d5697d295498d19157fb8433ee8dc
ttp.r014.relation.0553	cb6034fb8dedf5d058891e081a32493c0b46389f1e800424fb7e12165f8a8511
ttp.r014.relation.0554	26602616d6ec8a2cab686bb8b9cc9983ba42b549d9bc59148bed8597ab85c3d1
ttp.r014.relation.0555	255aefd38499f3c23d325666f55be8941a444c4e2ee7fb88437d2a458e56126e
ttp.r014.relation.0556	82da999f2875f704d16a594fbaa679ddb9a9be6b99cdb34d1c6aa0ccb4a56a2a
ttp.r014.relation.0557	6e4ccec4a12f686c224ccfc35b73e02847097eb701eeb7feec9cb5d83c5d0a98
ttp.r014.relation.0558	c4e4445e31a8e8b409a3b594a57284cb649f6dc2c557c7750a4b22200a9d3742
ttp.r014.relation.0559	d4287a0d19712b1746614537358f52cfabfcd7a51a136c5f9b867746d107bff6
ttp.r014.relation.0560	65e8ba732374c0e5291d8101cde6c3bef869bf10904917ab8c91661604b6b4d8
ttp.r014.relation.0561	f93c2424ebf05060241252ff3bc028ce24ad0bc643f00d4732ee365083ad4ddf
ttp.r014.relation.0562	440305d35fb9d971298f7532bbc8eeaf7299855096a7d3e8ec58eacb5bd60ebc
ttp.r014.relation.0563	1a87a235d91399e356e9048858c32c640c49f0d82267b94ea6d1a5bc039db1a8
ttp.r014.relation.0564	1d0f20b159e19f192bfdb3573202cd681728536290cb7b80971a2d2355920809
ttp.r014.relation.0565	ea99e65bf62798b13dcfa05597f2bc94e82f1b6c046c9b8fd7be6e2cb5c22a66
ttp.r014.relation.0566	fa6db8f388dcc8760e639f08fde20065a9af45db5eba4152c8c5a63cb6f810b9
ttp.r014.relation.0567	1827878f1021532ab9fb3514d52599a002d63578220b8b57800b0f3c303f2a3c
ttp.r014.relation.0568	959f54d1f3ffb11d362e80f54722205aebd88d5cd49e33930b7d72a731390d53
ttp.r014.relation.0569	f1800d01b3d1060766fe16bf9d5bf66e4b464ccc315fb3a46e45aabd2d6ba1d4
ttp.r014.relation.0570	951dbdd3b3d63238b2b43f6572fd5234520255622f095c310c03fc63fc115107
ttp.r014.relation.0571	0e3c6fe23cf368cfb5e4e6ab42c3451cc8ed8f2e432abfd1afdbd757b738a672
ttp.r014.relation.0572	7f2f5479edac0613baf31ed37aae517e2f214e89a391fb684721f0005503a64d
ttp.r014.relation.0573	24c8a0627fc2bb0b6bb8b8a515bb8881d42b0ff6dc6b3da994218eeb4a120017
ttp.r014.relation.0574	5c161e0c39796255005d9acfe383390ef014a447fb40f1a3f6f0115d1a456d82
ttp.r014.relation.0575	aceffa2cf06650d02624f058eebd322ac7286e3427ccedb60f7a0619a4a10d57
ttp.r014.relation.0576	0502f450d7d7cb36ea2c0f1b7afc6c3619cfe9cc28f534bbff22fae64b691c7a
ttp.r014.relation.0577	e6e8c9c7275530291a739858f7b2642127ccb8376037b7b9dcdd7c4151260d52
ttp.r014.relation.0578	ca0309f3a052e40492f2820fdd212052dae459fcfb0415082b34d02e2c6a194b
ttp.r014.relation.0579	3efdd12d62f66c765bc408a5aa45d207590b4d3f5a6ee7725f343e74ae33dd04
ttp.r014.relation.0580	8ad99e11767cd91e6394f69a1cdaed9710b1931b9b66877a6bd37ef495ddd4c5
ttp.r014.relation.0581	115413142eec8bb0c284e494c2ea9945bb331232a570c80405bf9bc6a62b4087
ttp.r014.relation.0582	3cf8d6afa1bacb734ee647d842850fdedb2b7011bd931f43f94c068a21fb2c67
ttp.r014.relation.0583	5d77418a1dbfbf4e94f3f53c050d2fe0de3607a2fda6de2d8cef9ff7d9ddc754
ttp.r014.relation.0584	7288b72f598dcd4a0206cd59d2b4e9e7164679f583ec53b8d0e7218befd4cdcf
ttp.r014.relation.0585	4d0921ddfc9907174a3ec3d79b9d0cf36d919a96749a19d11f577ae5f94d7b87
ttp.r014.relation.0586	4eeb15b1d854c9b3214021e24f7f576e94e082dc71e0982f96c069fd905a6948
ttp.r014.relation.0587	9d2b3c6497b0adb741ec90dac9c39f5a4c2d73a6cf64b7d729a3a59bac73df5f
ttp.r014.relation.0588	a5a22e85ae58eb07ac4c00267f5a6f4b7e5395a901e21ce278e3ed9d9a16fbc4
ttp.r014.relation.0589	89d6bbce9319f86fe63bb751a3657a946c03af72ca7f7f324376ae1c69af220e
ttp.r014.relation.0590	04a880b51d22133dda59f104a2739b599057b380508fed1523df25554cf78753
ttp.r014.relation.0591	1beb1832bba7163c58a8e5324a007eb23f04ab3129f54f74aebbed98c91fb1c8
ttp.r014.relation.0592	ee0bbbee328cfda291e87adbb1e29a4f79990f6dff3fc4c28184c1fb7eeca965
ttp.r014.relation.0593	cf56c72168776fc24357e3debb5fb990d5041ae6344d8897236224cbe816b4eb
ttp.r014.relation.0594	8c7834e254f63ea13f0987e4b04ce59f67bad29543a915e7889df37a4f959464
ttp.r014.relation.0595	bf328fad473871e153daa368f6f501f7224f8630f07a597bdd885bce2a0093af
ttp.r014.relation.0596	d77853e9d2faa1da04f4f7f762bf3486943a53b71638bf8d7222ecac9c60381d
ttp.r014.relation.0597	75e9f18dbe8630612d134a76f79c12c949ae8fe381735b11707005406e75880a
ttp.r014.relation.0598	f201f89f3847a786e5805267d346a4f83756edfac7645f21b7ee1b660a2bcd80
ttp.r014.relation.0599	d3fb0d3838bf8d4de720f396373fd1bebd642131c28f79e767207300843819df
ttp.r014.relation.0600	70dfd3405a8f9e621a6d5eadc1750a4d5d46c59477d45bad0fe17c9e8ca42f91
ttp.r014.relation.0601	1c8e6fec351de36a8d7f48cfc4c0ef515c9a0f1ad291bad2b181e0a63b8c98be
ttp.r014.relation.0602	b85a5930ce2d5a61b8b4c69254be5d29b413b56d1df665f0ec2f91156c2a4c71
ttp.r014.relation.0603	5e51de892c641ed28370ec47d34a7a402c58f45789081b3212482af4f6808b2f
ttp.r014.relation.0604	bf53926c69b79fb21410560acb92c81a2d6139fbfe73ef88f36d19dd6cbf4c80
ttp.r014.relation.0605	c3eebb6b199135548c26722cb4671b2ac82ba0137940e78f6c7b35dc72819dd0
ttp.r014.relation.0606	eb1b1fe25661badc1315c8c876d14f7fc794a6013003e0559efb693e00bbb926
ttp.r014.relation.0607	6c617f7ee12065156f2a405bcc2d1519e5e18a0ef8c70ecc1bce91a6db649e7f
ttp.r014.relation.0608	37be46093cd4eb3f0ee97e4b3e4b093afa169def495d5c31c7558ce940c65f5a
ttp.r014.relation.0609	63a1b300851a2831de6aadb8c85716e27638a00ad9d817431e9538f90871a592
ttp.r014.relation.0610	5c7a4f1dd21244f730596eb9978884d099718f031ac6197237f6784fbb3cb8f9
ttp.r014.relation.0611	51a0961e312ac07e9d457a324230d6ab40837b6ea8820aeba3942f64b1e3785b
ttp.r014.relation.0612	d198dcca2d0f08ad6c8ab0f460ceb90f1df105a1cde4b41af3c06e4762b8613b
ttp.r014.relation.0613	c6dc31b3cd288431b2ada6466edcf34278eda0b40a60eab98d1d5a15e9c565b2
ttp.r014.relation.0614	a7b1f0ed2ce8c5bfd36a2df166d82a8f70897d6d16c932a9d57983c54f0c1974
ttp.r014.relation.0615	c5ec3d2b76398649ec8a5c3f3b61653bbcb5e9f422bcb3da95ad79c157fb00f2
ttp.r014.relation.0616	a7c908d20c50198ca16fdbd4f5de03047c86bfdf62c96dfe299c77bd139d5534
ttp.r014.relation.0617	9a401f83e439bddfc1337aa43cd860a21bdbbc12ab05a9a56441eca5a2e4e9d8
ttp.r014.relation.0618	bd5ffb21ffbe4882c04e786fb7ca51e8b251658282ee2b983eee29dc4d300f8e
ttp.r014.relation.0619	417af5ebc79065719d8d7aecd412e0bbfe6f639adc566010350687929800f8f4
ttp.r014.relation.0620	51a364de1e8d0161631a9d4f383bc95945d1b57201f8791d122d34eb3de63a81
ttp.r014.relation.0621	7eb7db85d2eebae029ce9252ce82e71a8419d2d337fe459ecacf15f50dd3efc5
ttp.r014.relation.0622	355d8fdaafbbe340554540abc1e9a6c951390a722fa1a29f6f290eb6c05a840c
ttp.r014.relation.0623	e4351a41842606123bf875e0a7f1d09d7789ccdeb4b1e632ceb8c7ca920a84e1
ttp.r014.relation.0624	68ea0b28658652b8474e96da09da307e733980372cb82823e0fe3a7022a13e0b
ttp.r014.relation.0625	c03bf8cd8bb7b291fca9decd77ad53cca508658853eb26af153945dcd10911e4
ttp.r014.relation.0626	ff38e68f436a889f0827de660a63a53058062c65d257e0685393824da7f5187a
ttp.r014.relation.0627	f9e43609d383c53a23de8875673bda0cbece65af487596172a14595ec81721a9
ttp.r014.relation.0628	0fd25e4c3247a3cbff2b155efe5780dab48a347b1c6a4715348777112a94660c
ttp.r014.relation.0629	0853bea4925ffc9a15f438b369ce9e5bc8d4f5795897cc293254e691eb642b6f
ttp.r014.relation.0630	fb612e8029afa4ed45af2aa3b428eb312a5193bc266a94215b435b539ada7d3d
ttp.r014.relation.0631	a8e902d973cb8cbedd7046f2ab27a9efba4655e3f4ab48de8e2dc880b929e3b5
ttp.r014.relation.0632	268d4d411e14e5caaae7ffef40b89ce750233833999258b07b15ead2dc92fe20
ttp.r014.relation.0633	ae6843168c8279d737698a050782185cd6651e77f3c2cba9faccea99997d98d3
ttp.r014.relation.0634	ccc1a1a460cd4cb1bbaada9f4c476280410cd755f7930e1b82b70ea5298e096f
ttp.r014.relation.0635	dc98c4c52d058ed715c96a0f6da9a5d2edbd40e34adfd30fb89c63a85f44e9eb
ttp.r014.relation.0636	d3272656676c15a17d83efac10f76dfe760df00f3dbdc07eda31fc9c8acad3a3
ttp.r014.relation.0637	0f72360ae22fedb799eaa405767ca2c5977a06081e69eb6cca1146bb49994ae7
ttp.r014.relation.0638	4bfbdecb77f0f8c3a4c85c6ae19ae6b2915848b679be76d36a0f6e90c1a2673a
ttp.r014.relation.0639	49ba2adfee44b0b56679cc477681f0963a8614e23211d6e1b4b7888a4478c3d7
ttp.r014.relation.0640	ecf2ffac2b230ad4856efd64ab2039bd5b000987bba8da1b362fc556cf6a224d
ttp.r014.relation.0641	a8c6d5ada96190a71f7458517bc76029c64eb0c4b715b652664758973075ab3a
ttp.r014.relation.0642	f1c486bd649c68df54e5e5c6c60ae3bf704eaddd5321240c86ad6a679db403d3
ttp.r014.relation.0643	e48e4edc929ff40e7ee7d9e99aaa5c83277fe8b71104b1bb05785008a4dafcb1
ttp.r014.relation.0644	c981ff3f2678085b19110cd1f773b01076d9a6cc8ed4893b61f3406697d9005b
ttp.r014.relation.0645	872c52e6655e4a4ae4526a9264492ba27ecd85ed176f5875d380d78549071ffb
ttp.r014.relation.0646	90e2ba8636523f80bbcdb48bff6968f4ab4ddb6263188c365f6c99dd05c544b4
ttp.r014.relation.0647	c4bcbb526dd262cc8b1500edf8d0308c1f30647a2dc37fd4b8b7fa94afeb1fca
ttp.r014.relation.0648	7370e0c42117381f86e1f0e82a17d9d49466ed98da92453461a10b45655dc65d
ttp.r014.relation.0649	80da96777e7b66f45a0e56773efe12aabe0d72940fcaf09e065072e6f0f722dc
ttp.r014.relation.0650	562a375b72b07ec4a8cf4ffe6f42ef9e2a87feeeafc42fe8b5b5fce3b76b36aa
ttp.r014.relation.0651	8d7e2d38c14abbc6e16d5363416619e2795e36fd33aa37395904c2b52209529f
ttp.r014.relation.0652	439b8da5da1ea07ec1eb3ecb40eeee8abc41c367229c0488de5462c3c73b46b5
ttp.r014.relation.0653	e3fba179ca9c965414fd34d80858ae9bb8cf7dedccc411efe67e1549de496507
ttp.r014.relation.0654	c55d707c9d7b540e1333a28f2d77f41448501171b68b9f513bc90f40e5f9af24
ttp.r014.relation.0655	06fcb64f61e2694ebb8d7a8dad37cae1c6ba5843df3d3d3afa88aa69090119f4
ttp.r014.relation.0656	c8e3f651fe17a20fc29ff273c9e17be82910770567356de2b554f88ec09b8c2d
ttp.r014.relation.0657	0e3507a9656c7c47d9163c0d169558dac770d1619ee14da5b493d2b28b2e622a
ttp.r014.relation.0658	bef35f4818a475db1a68393fc82acc4383b75da0068ce3527f0e9e4d569f3439
ttp.r014.relation.0659	3ddebe1d8ed114b1f40b7bc17264b8d75b8d0d21939a0bbabf819aea028631d4
ttp.r014.relation.0660	a45fa49a3aceb3288348cfda30cdb0700486edcbe7cdf8372c742b9598940ccf
ttp.r014.relation.0661	80f324996c0279da89772964dd8819570dd672352f1fe2e9a2f6cd5e1d9b2753
ttp.r014.relation.0662	aac7ce03df327d94c82b073aee32aba47e5589e74de35e4d4337cc8a005e1456
ttp.r014.relation.0663	dd9e6e9b66a82fbbca4a9c70e634a29c4982e00c8eb1cad89fb95745f0b8335c
ttp.r014.relation.0664	ad2de13871e05f03418c06c9d107581d4ba084a833d1bd3719473bdc33605853
ttp.r014.relation.0665	52f775cd40045dbf7da5a3e97860e0ee69b9b648c7756253e21c284d69898663
ttp.r014.relation.0666	877c75cd6613b7084497851ea815a0037eeeb8cfea54e451abee279d3399a551
ttp.r014.relation.0667	58fff2faa1c3c582611ea2c4b2ef7734b20046fc9d99d7e39bf64375305a7c91
ttp.r014.relation.0668	1db88af5035614611a0f3ddd8c0568ac50f219f87efa8ff9370a7ae35eedf63e
ttp.r014.relation.0669	20ae884ec2b1a91d4663c31cb8bedfc7c18f3b6fa3df95276b4651bc4f156ffb
ttp.r014.relation.0670	9f7f1b9eaf48a89ca74af8f954aa9f2eb09bbb9b0f6dffd4cb12bfdb844b4019
ttp.r014.relation.0671	c3e356ddebf64496b3dba0c807e55b4dc78397b6ddf08fb07a1225893bcac5f5
ttp.r014.relation.0672	4c7b8d8ce72beae3a755122e8880c24ba0d2927cb7e696bd46bd6c93b81e0df1
ttp.r014.relation.0673	d0e36b3f4912b909716c4e1d4a107530f581a7607c23f8d271822a7b105bc0bf
ttp.r014.relation.0674	6c31076c8342944fdd687f8cff1994f9873dfd5527f882bf2fd7891545dc34eb
ttp.r014.relation.0675	03897a9a87ca9446f6e0b9f2f50c30d86f72288da1600b90fd1bef8e70876d2d
ttp.r014.relation.0676	b67518200dd7db451cfa46f0ad59037f61c2ac033c9f72ab701b42ab4e4fcfdc
ttp.r014.relation.0677	7ab666600e55bdc8c8156a614ab2f126ddf826d4246f6b401f3b002997c2c178
ttp.r014.relation.0678	9dc33297abe33ca09f6bf3e53c42da327f6fc3119ec7ef28abadef6f64112904
ttp.r014.relation.0679	13b4f7b797cbc558ad984a4fb319650bed20c7e57d0adb318dc7df24f3417d37
ttp.r014.relation.0680	767d32bc3f46350c51c83aea68f95e4d1e2c24f41856f92681d1acbfb2fb71ba
ttp.r014.relation.0681	76ed5e22afb14b687f2be854b0f189d602e4b51fc43f1fdbd67f9f2cd90007e5
ttp.r014.relation.0682	5742e5c608af4439f9a61c1aab6c3d0952041f28aba4a408e214dd85f70bd71f
ttp.r014.relation.0683	c7d17e475352c5d2a5a88b7fc48470c664156f844ce8f85cc704bf4df0bbcf93
ttp.r014.relation.0684	d6f9670c3be3e69e10e6b65b766c76874be3b74bc70e2b8a1d75f66d513d25ea
ttp.r014.relation.0685	906d271b5d31897fa67a764b596fedabd5fa8c177a511a85f9111157f95df703
ttp.r014.relation.0686	68cc4bb1d4704dd8b82cbe1cf44bae81baea3c0cbd858498530bd932d43c9ca7
ttp.r014.relation.0687	d967e61064e9e36775ee3adc9386c36681cd71325d114f21f873137630cb1953
ttp.r014.relation.0688	341ff6879cfb4c002ef094d8fdb63dca41e3c459dc6f3fec85ccd71afacb8485
ttp.r014.relation.0689	87e4b79e1edfee5157134e789bbfb0de49854ab8eb34a25ee6e2b8d4dac058b9
ttp.r014.relation.0690	bab3e2a1095011155fbbf749e6b7693ee5a4487dd9bb3521813c7bd61db87bfd
ttp.r014.relation.0691	50ba8a847a24263d1cd3eb5c3474cc33e42daaceb99efe3278b4fe41b5936f84
ttp.r014.relation.0692	181b8847944292647c2160cea6623e57e1e23099b2f70dd2765d1aaadb2eedad
ttp.r014.relation.0693	0c0bf8243dcbde4ad8d0ba91304f0e78f035fa3ed3de0a4c92969728f389ea6b
ttp.r014.relation.0694	9b18456ca5454c9e475c52282794b3bfad802ca57c2b468e1f5c519a42dfec7f
ttp.r014.relation.0695	58e7a2f1e11deb0efbd567f4fe908c94361f8cfb6ef44b8ca872b213058adbc5
ttp.r014.relation.0696	29e42248d56f47f9839637eb7f93898eb37eebdc30d83ebabd233e60c825f682
ttp.r014.relation.0697	5c94d8e4a3c1f92d1111a29007093882e09aa41c6c10c38b7d3c7e74479693c6
ttp.r014.relation.0698	f0dd7b7dd6687afedf351c9373aed58319069edc6a36d893b62660af19a1f142
ttp.r014.relation.0699	2e72814fab4eef27d942eadeb36eb2c39eff3c7d06bb5cb052825a3e36fe3d42
ttp.r014.relation.0700	39a60a9b278c020fa3026cfdb375172b189077b1b64e33e7500d7ce93d159e29
ttp.r014.relation.0701	3cacf84f355bf83a91919af532f0263c27da5ae0de6bfc556177e53b039b019b
ttp.r014.relation.0702	befb73dfcce58d3cd0a725e2af15ece470585e6e7e544fb6632a6d4c7091b0ef
ttp.r014.relation.0703	704b43d84c4071b4e1b98d32ba9586ba1a93eef94a5ba64f4b09aac9c8f1a1ba
ttp.r014.relation.0704	1a29017101fdd902c6f95739867c0b63a2f40177db18494d4eca3245e8043319
ttp.r014.relation.0705	05b20f2df5e136d30a4525cbae7fc1698560b0c3b135f556429a441b226b211f
ttp.r014.relation.0706	c3e3e959faef7a010e60687a074eac1501ee1b8a9d13e3c001f85611696add3f
ttp.r014.relation.0707	801fffc35af6388d83b7e87b0ac38ee20092bee33acd3c2af49e791f4f905473
ttp.r014.relation.0708	cef63e96d4a95c7a2613f08fc27b532ac05e3fb156204040ccf79e139e9f1aa5
ttp.r014.relation.0709	d590a4984ced10f918c388e7ccc7a8fec9d148bcf47c032de793ed909dbbbeb8
ttp.r014.relation.0710	03c04426512d64bf608a16478dcecafcde7b5ef4c25d4cbffcffccffe5439410
ttp.r014.relation.0711	0fbae9bb789ed45ad5f5c348025e32cc4ea00eb06c15b55c35bb65f2f71a878f
ttp.r014.relation.0712	0fa7263e76efdc8410867aeea84c1f27b941d952c8cd4eea5ed351bd81092da2
ttp.r014.relation.0713	40503c0cb4253e51b125b290e8cf965b09d32d1e981be71f31a93ad86493e704
ttp.r014.relation.0714	2fa7e73509404c2fc5cba92e5d5f82063cabea58e8fd75552f3b0add7ee50a1e
ttp.r014.relation.0715	74e9fdc04f025e7c14d69b9414870fc8c90ff3ebf6d7c710458cdfba59230845
ttp.r014.relation.0716	d7e270357a0d4e09dea64b92c8c980840e113ccd6410dbb217ecaba09992d5a9
ttp.r014.relation.0717	47e2f339d007516f8f4ebff69444c921388ec4888ce3023c10b8b3de5d9187f9
ttp.r014.relation.0718	0f69620560f3b49538eef66d31c33adf26fe9b9e03b3d9952ebb716d3a1e6a5c
ttp.r014.relation.0719	cc159958e7dec6b83fd9726ea7136589a81ce089eb40dcb5dc7bfa831309df3b
ttp.r014.relation.0720	fd61bdc3ad3e6c46a5bcd6f7ce9e2dc7875c6978899375f99eee611369476b81
ttp.r014.relation.0721	47333a04cf9b647affb618a836f92cfdf231674041a723a05849b075ef4b8ffc
ttp.r014.relation.0722	e91f71363683af8bcd2dd0676fbb349c7670aa5cc664524623f6bdef3146cfca
ttp.r014.relation.0723	10cb7d2b36bd8a2b072edff3253df0d10b839f17f3d03eeeeeb161d469321611
ttp.r014.relation.0724	2522ce60fbb57714e2b57beec6a66df5adca1b7dd5b304cde83a6dc1aba66b21
ttp.r014.relation.0725	dcc1b138a039c2edd318ff915678134ed87184a8ad6bb80e3bb36eaaf257b42f
ttp.r014.relation.0726	205af8559c4bcb46883ae7cfcec1c70f7cb299d497e07baf30da545df9b78266
ttp.r014.relation.0727	69e9a9f8e7410f66ffd42873021282485489983863de38dc8cfcf85c0a831c3a
ttp.r014.relation.0728	d3c709800ff8c5f0f15ebf533a029e9732a536d73d644acaece91acaef54f5cd
ttp.r014.relation.0729	497be907b3fd6c35b1f685d703c6f0026ef21db8b9cd02c0c0309a0cda237844
ttp.r014.relation.0730	f4b611c7a379ade055d27997d736a02f9525aeba0d6f0111656437160694c578
ttp.r014.relation.0731	9df60f22d5673cc39045a2e3ae647a8ef0d091635b3397cd5b0261f4e50ac8c5
ttp.r014.relation.0732	4dad632cff78d701adda34d5ef50a81d03dc62d50750b45f6e4cd6db5d3ece09
ttp.r014.relation.0733	e7feca1d689d216496842221a1fc2bc4f3a4619f24e32a4a38756fc7cf6ceda6
ttp.r014.relation.0734	9919b67353fad3f1cdab07f9367092d82e532c604d9ec7be9db4b93236b9ee75
ttp.r014.relation.0735	8408b10aef700f269a2b2e6426736ac4e55746f4bdefcf085b23ab1c20827df4
ttp.r014.relation.0736	099641c1c46da6ce3d438b7b3bb0148f5f7149226970f6b0a0fb8b14cc9f1b2e
ttp.r014.relation.0737	77a4d87f1600152b66b4f1134ad54370ab019302789616e2ebeb2ce304931acd
ttp.r014.relation.0738	b63fd40b6818641c06ec9c383f140f3a4164fc623c29dbd5f05779f2907d266b
ttp.r014.relation.0739	819a257e0c56bc0cf88320fb0c93eb1d6fd98ad62a40037bc51994695a2f21db
ttp.r014.relation.0740	4a317bbb0d82fec44474579e91921a61635c05756af6c821ee80d4ddc49fcd0c
ttp.r014.relation.0741	a97b092215a00c381c687f11c246fe752644a1c6677c9ecce2bef93494468669
ttp.r014.relation.0742	a37e5525b1a9913c650fd7dfb631bf50671d827d07825c91e0fbe1ebb2046c0c
ttp.r014.relation.0743	5a30454bece9764e8d436f6abc910658a56f37f2c80f576b12bac70d41b0154c
ttp.r014.relation.0744	9ca42335995a0fc0e41c35fa4c8c3728c96c0db1651748e13e2fc213ba6d342d
ttp.r014.relation.0745	de8f74ba69a0d4f11e494e608a3dee7149c2083c2bc1721dbd9cff71323f3aa6
ttp.r014.relation.0746	48522b693db580218ce96816813c2e9f7d87d68cd8c60b8b4178bf602837e65a
ttp.r014.relation.0747	b939a6c28ad6a0c3acf3e8afe20a7dfce512d701529ab643f9e3f1988d4076c7
ttp.r014.relation.0748	7156854aa73d4991c90cbcc50620018a8e33882df134943640fb70f84eb83849
ttp.r014.relation.0749	4cf6ac0fc5b5edc137dbd82f8f6cfeb2f71632d6500a51b52400ca9d334e4244
ttp.r014.relation.0750	f16e16abf805880519af1d781e3fae5929b36451a53630b8dddec56ec1653f90
ttp.r014.relation.0751	d6b6ddbdab3a38ed7949050a959f3332cad8e1f3d109d8cf040af99c3d854e52
ttp.r014.relation.0752	baeba1ec8672638db9585cc98bf67cb43fda00335b75f27e78a9f3b2a87a06f3
ttp.r014.relation.0753	536758f8d7aa39d79922f678d5f6e9df75a8ba70c2b50083e9a0cdc8717b3a4e
ttp.r014.relation.0754	145994621bad8912c670f1478e40c14df9a7dc4f3fd3dc1fa3af011f7223100a
ttp.r014.relation.0755	b952a69f5cd28d8af32ea146e2bb813c810565f0ce35b35d3276a2cf14a63428
ttp.r014.relation.0756	38c9401d71e0f005d008545b7f89523f26b81fc7f94e3dd74d2236219aa0af2b
ttp.r014.relation.0757	57cdd2cca9d8d088069ea49894b4f56e259d1fb57ef86294e186c8b816132f2f
ttp.r014.relation.0758	0ec78126e00cce3ec67ddce8783bebdeffcb030dcc9d9b72eb0f4d8a7e27f285
ttp.r014.relation.0759	3416fcd39b496efbf59ba66cf57db01f35ad1b57b7ff4ac4e1c26787d6ce493a
ttp.r014.relation.0760	11d03168006cad4e82f4709d51d569c038e01dd7cdf685d1a5c4c0407fd40cf5
ttp.r014.relation.0761	bac317f4218209437535562cfeceda72f5774e77d597566b915d0f6e665eef33
ttp.r014.relation.0762	64fc7a451cbfbf41ae5f8d6c460b9a2201b64ec726855e33559a5fc914b40ae9
ttp.r014.relation.0763	ce86226f84dc0b7a0a2df451e3385611fba98079ffde2c2da0625237bed6d4b7
ttp.r014.relation.0764	6bf723093d4baeb6ab951fd51d1aa034ceccf1f7ec81eba9f8ccee7547ae5ae6
ttp.r014.relation.0765	f63bbe527b7e9ebcefd754db19ad511ac765f94cada564362f0c243adb8cdd0f
ttp.r014.relation.0766	b664f0bf390894888668be7af97ca7f7ec2b5b96ad24bfabc946bfdc1c223a88
ttp.r014.relation.0767	d3389d9cee02460fd5554d1adb62114e96884fc39b1051cc984df748a2c0943d
ttp.r014.relation.0768	f9addf7087b40fe8f3f2fba0ae5dd42e96f444ae39adb35668da4fe52d8d8194
ttp.r014.relation.0769	7ee7275d13cb2f8ac924a7913157b7033247b87066c34ab93eb41521c7c7d0a8
ttp.r014.relation.0770	82ae25754eec081a1688db2d138e6bc397d2486832b72afdee6baa33a0835e35
ttp.r014.relation.0771	1362ff61957674413f1b70c50e045f9af9c0233cd2b62de29808823b34fe9ed7
ttp.r014.relation.0772	32949a9fc9d7e1d126c3fe0336afb43413943895f0d4f744e1bae7ece62610ff
ttp.r014.relation.0773	e269262f9c368bb2b7717b9c7f66a7363480f4c554a034ec3ffba4041488a3ea
ttp.r014.relation.0774	84516cc87cc84f58f2e7e6838ea1d6d86955966ee17018ad48e894c6bbe68ff1
ttp.r014.relation.0775	3d4031dff03c8326147e66344ebc81b46e62d43130bd5797b79569a5007954b6
ttp.r014.relation.0776	df78416a255ef5d089f93133e747ca9aff05437b4551af44d6959474d5750d8d
ttp.r014.relation.0777	ee6081684fbc2c3917ea2c1601a498335eafeb55397f24e8faef06621cd2b034
ttp.r014.relation.0778	ead6c019d0af43dcb4773a98227ecb3fb6e95e55fc1fb0b9ad2640a548e1b686
ttp.r014.relation.0779	f8e8dc7645ae31af7e70a8add61c247dbb6973e66b285dfb2a6708f9f2db40f4
ttp.r014.relation.0780	42b08381e2f50e7e337a9d39ab9ae6dc58c32183bd4367a31d58418fc31d51d9
ttp.r014.relation.0781	f83c6d097c4ba2c67cb91bbce3cc30621068cade5e46087e51f52e03d00efdd0
ttp.r014.relation.0782	7ff7f428b88ac6a204ede414b4882671a03f8ccdfd47d85cc93ff2ae3b75c731
ttp.r014.relation.0783	c49aa47d4a99481315fa2870702ffcb09445faa83dc504870e76b74ea9c7fc80
ttp.r014.relation.0784	7e0ef6ff94ab6de8c15d40dac9cffb0cd398de080281afc374cf5285f7ce9e23
ttp.r014.relation.0785	794ac423419608c46a2a5c14ca956a786c3387bf3d2a6ad44c8c2e4bb0a440b1
ttp.r014.relation.0786	2287f4d0fcc9b41c5e459236c40854264374914489e440f5f6724c29fdb35b95
ttp.r014.relation.0787	746d710685d24bbc7536325c36eba7f6a14bed935c8e9beeaeddee594daf9d25
ttp.r014.relation.0788	d3b120692946d76dc3884198ec95d0024460598bb919a9176635ed61f463bae5
ttp.r014.relation.0789	6ff151d91daba99adeb3a5e6c6768cfab287947032a3b4e68f33be1cf2d003e2
ttp.r014.relation.0790	bf60dad4908feba796a68cc91f4fd5e232fc4445b5dbeb0659b61b15b49da297
ttp.r014.relation.0791	5242a34b9fe137843a92e3737cccac3ba9e7eef65f2f7a194d0138646f94772b
ttp.r014.relation.0792	6eb911a2b1ecbda0270b31ac835e8a769d9b4f95b0f4d0937b8b6bcc131f8571
ttp.r014.relation.0793	5f230286a8a5df32f51e0339e7ccc5cbda7106a2b3d30b1ccbe8b9b6bdc30bfb
ttp.r014.relation.0794	bf2baeed782d7e34f20a76064c864b966099d297ae34d8e9b161ad8b3ba59aeb
ttp.r014.relation.0795	04eaa658f7c0e64d051de7eb2f57ec1b99628ff89759df505541640e8c8c98e2
ttp.r014.relation.0796	e5e6a1576ac1428aed1f8e74298df88ba256f4e62633961d55585e1b2858c856
ttp.r014.relation.0797	1b344523314bdd17ca750d44c175b3859165cae64f5a857bb05f1900644f69a9
ttp.r014.relation.0798	bea1ce9b940b3b8dd8e92218299c1860e21ba540fbc697cfe033ad950fa98246
ttp.r014.relation.0799	02a2e8c10fe2e98dd2a280cd944824f24c077050c4fcf4b9497fb50449846f82
ttp.r014.relation.0800	e09c38a29ea8c156fb4eccce8f57558e679d3843541456ef6dc2b2306b74c054
ttp.r014.relation.0801	bc82402405d43f4b7624e6fcbd468bc9ab181d91529b9d13a93cb9a5d2787f6b
ttp.r014.relation.0802	53bbaa677f1d15ef0e7ad82575a8b80c2288c2ef6651b930c6af4434902aed9f
ttp.r014.relation.0803	64259f382a3056ba6f281cef7a408d8ec0e64c01af83b97bcac25b6fbc4907ed
ttp.r014.relation.0804	612607562924e57b410d412958b1b963ddcb0d1a7cb21d21767fc988cb69a1e1
ttp.r014.relation.0805	552a1b0ed2e63a1a74cabda4e0611676f59b8cfce04a53812b8506f83fd1a730
ttp.r014.relation.0806	7aa5e5381d9d857bc57fdd123b5bc38d56a0d27ce20cb36c4dfdbcaa4eb2ed79
ttp.r014.relation.0807	88a5f456abf760cadbcbda1da305b95252d3b0bc8ff509efb680ec10c273f72c
ttp.r014.relation.0808	1649c0e527d05cf09e11b8482e6ed803449441b7400feff833c6f03b94942738
ttp.r014.relation.0809	57c4bd939f56a11d7c11b998ce7dbf453e27c580114e4bfca53b308a11c14be8
ttp.r014.relation.0810	47551941a4f10f5efd28b97b6bd3fae47134b2e01c514ebdec788a0a6bb956bb
ttp.r014.relation.0811	307edd9b3c1c342c61cc3ee144d6a83fe43867046d4e0d5d66e85d730f1a61d5
ttp.r014.relation.0812	5834931bf339221f6137bf34150de360a3552e60143e75e17f5bd4bf8fd11932
ttp.r014.relation.0813	4bf84d01dce3b1fb7a687d522aad5ef59d6781d0e6fc5a7c71c3daeb09f84c42
ttp.r014.relation.0814	5de395477a8813b062f87042cd47dee2b3cd0db88923ea15005402e65a9809ed
ttp.r014.relation.0815	02b1b9015b21c56894ce639fcbbe0565be7f65beee27bdc25ca1e13f59118409
ttp.r014.relation.0816	3274f70edfe0117c4d4c81af3334fa00b1f92ea8f25f38c7c1a50663bb9c78ab
ttp.r014.relation.0817	c0424a953f753d34b6b729506422ff401306e2af784c9708564d6f1707533067
ttp.r014.relation.0818	13f28c5f77262b812a1aafb0b3f766aa2f5852f618d286327c50354de732bc89
ttp.r014.relation.0819	680ccaf2b30e6ebed72251ed7283ebf14ac43028951f670edafcdf20e4bbcf1d
ttp.r014.relation.0820	00dce182579df493c3b215db19794915ecccacbeac303503e729fdd222a0d133
ttp.r014.relation.0821	8d8083dc564136c327f588f662770966e4555b0e60b9e17dad1e0133b41cfde4
ttp.r014.relation.0822	984b115730bf84fa40ebd7946244dc9e388c87bcc183edae8f736ce17c19f693
ttp.r014.relation.0823	cb814ed55cbfdbd052248e31bd11fadd21a236639d473c23c2c980e5cf2ab026
ttp.r014.relation.0824	527220ae84accf265e363bba813d6f5052b38eaaa0b3316596abee6d52d46abb
ttp.r014.relation.0825	4f63b51102c95e07478a9bcecae4ce8de19d105b6c81508f484dce95bb6824da
ttp.r014.relation.0826	f384121c3c8b6c00407734b79cd35228821be39f0b948b331035a9afa7787d50
ttp.r014.relation.0827	5a79089d689fa579a33eb87c6ee087276caa9188000dfdf364625ecee832f070
ttp.r014.relation.0828	faf3ece6e145db33f6cf70ec981b9062561efeaa2771e5e18c06f5f1d110fedc
ttp.r014.relation.0829	144ef7f04b2bfdaa8728b17ffb998552e18488d40c57cab97694e0b49a5c7c92
ttp.r014.relation.0830	6f06ab2dd1ff570e565ecfaca3eb3485d2465d07025b0a5cc7f5d0ff6a02544a
ttp.r014.relation.0831	79db67b6cc794abe39f046a35a8dd1ddf6ede9fcfbecd093ca94b9982c58d28e
ttp.r014.relation.0832	1a4f4bbae0cc9f67d9dd59c56f27cc33969bf4cdef6751fdae67afb42e233138
ttp.r014.relation.0833	74f2df4cad26c09402689848d6c18ef15aaa2e021f0c4bbf5e38ff8b051c1148
ttp.r014.relation.0834	6312780d2929cf0dfd9ec1dcee91084ab8dd3856c8d8525654e34e6e64d55c91
ttp.r014.relation.0835	5669ab7dfb0a47e31a6ba77b21a55c91c1ee9ceb6157384c020b8357a969bcf2
ttp.r014.relation.0836	35236961bca2ba8ccf50c6444c8355c63f0ee05f285fee06452c6fa06254f78b
ttp.r014.relation.0837	fc9f84d960c59c8a60299869cff6f2a656152bad065b0da048a786fe9707b7a6
ttp.r014.relation.0838	da24b68328e0aaca4db7ebfb750429edec54dc5bb557185f69610ee099042ae9
ttp.r014.relation.0839	5efdb9b0933cccbd5aee739af8a9aef76749bc16437c308f4ba786ac554ece97
ttp.r014.relation.0840	3996e616004b5e4e544faab791ba87c3fbf6fe6bed660e40f094bb24895452c8
ttp.r014.relation.0841	5ebea6f157bac4f476cc2a5af3fe67c9d4493f0b176e2ff16a3e9bd520871b95
ttp.r014.relation.0842	8ff3c377df2f85881fad9d88ca0f1fcb851ff255f14d63df02793290751ae45b
ttp.r014.relation.0843	b03f06b349e263b77103239c260a4265ffa4d169a59496c20e710f3645c7b065
ttp.r014.relation.0844	07c5e24a64d80da5a9a759fbf451c68212a7efe219c7cae6f64cdb76bfbb93f6
ttp.r014.relation.0845	37422f63d0096042fb45303ac76043e00d71ba8ab48fd6a30deb30b16d0e4c18
ttp.r014.relation.0846	58e9ac11bb29d87b7b350954f7e0f1df1487101316ea489b2ea0c13a3b7d84f9
ttp.r014.relation.0847	38b66815f69a61dc61cc926d9ee732a2e1505533f9043a167d697c5eb4aaa01f
ttp.r014.relation.0848	d8fa46ecc10f3af6504fbc16ae3c440b8afc1630383553237677f180b5d0b111
ttp.r014.relation.0849	205f8e4585f0dccdbd765cffc7d5da47503373eaa75dfc54fcc07f70ba25325b
ttp.r014.relation.0850	bf1b042aa152a7677abf93f7675edd8cd720f43370474d6e4cbaf4d110063f0a
ttp.r014.relation.0851	f231608f158ceca45a962b390813ce9e84d252f8b324d0dc7fcb261844881a88
ttp.r014.relation.0852	52aea9bbd87f1235bf57fee52b66c4e0ffe1168eab6edebb3eda6707ab8fa253
ttp.r014.relation.0853	097f8194ebe3953f4a53ddf14e6ff373ed50d13953721b7b2140a54442441da8
ttp.r014.relation.0854	54a252fdac4dd2964211acfa913e9732366a74d021b001a4c462da4a68f6b4e1
ttp.r014.relation.0855	317dfca7a20369e406bdca9dc24a7fd12328aa7f0a5d4e61ecb7ae59a33708d8
ttp.r014.relation.0856	e12bdc9cb2f04d4511b5e40b1f136f22b4cbb4d4425bc0609c897d22c72c31b7
ttp.r014.relation.0857	947cb569a1bba31e0d4d274373590a02f1f9727025db2c45b9d0232a628a60a2
ttp.r014.relation.0858	a74d6befdb887f1a68ebd2a3cba760d82790239f91fa06edd19b6b05f58180f8
ttp.r014.relation.0859	2bdfbae166d3102ffc16e36f89d48d148dcc7daa13894f1d7abefe70bfc13644
ttp.r014.relation.0860	d836d90c0df5ebae3fb65c6e6b5ef208665daa133ba455aa7fbdc2b664c2eb86
ttp.r014.relation.0861	6dc671f6d15251582cff88adf0bc6209c6501fa2d45116ff8fffbeb196c33f9e
ttp.r014.relation.0862	547cd4dcf96952504b9a2bd0205ddfa225ad319d4b01b60735dca568b06c7a27
ttp.r014.relation.0863	52d97ad27735e1af0838cf9a200dd1333c8fcfab8161581961e4c7bb531fdab1
ttp.r014.relation.0864	85de634ab0ea03b5dca3f2c21c55672a1d612f0a4248d6b17c4e3bd3424fade6
ttp.r014.relation.0865	145f3d2d1df2ec9844fa424168e347dccf8a2840ea904e64e9c3bd7dfce34b73
ttp.r014.relation.0866	76c677b3f60ab65bb3bdfe74190ffed1ec7f6a125907c12c50ea991adcec5366
ttp.r014.relation.0867	5c30ebf41b69b2fc9b965991db0f0bd142240a85f067f0ccd5d2d5c0a75f4a32
ttp.r014.relation.0868	07abd68e1f451d6cb9ca9b2c49e072a0eac1214435116eaa8e056de7fba2d026
ttp.r014.relation.0869	146a1d1b6c122de2a3460430646b9ba323f564ceabc9f8853a7af796af849313
ttp.r014.relation.0870	f191a6ff0d37de894b19a1340790bc97dcf145acd49d9c04e9ce968ef8d6c754
ttp.r014.relation.0871	ef69d98f4f5737407f889425d20b1069cdcaee5e4b1c8c7d40c7cc1f8c965dbc
ttp.r014.relation.0872	d146e48dc7117e460421c9d45973a522b206dd2320f75467461c0e2ddf6ebe6d
ttp.r014.relation.0873	e61447cc786e40272292b5098c490fde5e69f4f92519e5373e08e174675101d0
ttp.r014.relation.0874	5eba44adc39a51896c99df5dc2881d7ace4f6b90cd7fa7ca3de595e4007a8e25
ttp.r014.relation.0875	87c4a7ab57c3d03473b8a4a48bb1b016746cfa916785574fd357354515859d69
ttp.r014.relation.0876	31a3232b43552b5e4f98b5415f7f5ef494d17c8b2ca95d3d4eb543f425805b65
ttp.r014.relation.0877	4aa84cf0e4fe877fdf3599fca904ba85624412764ec6c79c9b0506a445139a18
ttp.r014.relation.0878	8cd01cd37bb5a9e93b1004c4dd36e57cefe794c1578df1aa5207330ca5e90cf8
ttp.r014.relation.0879	1a467d6dbfc226b0963ef19f34ddbb9898e0c8d0b27d9a4237fc5a6c3dd5c0e6
ttp.r014.relation.0880	b16790b900a0586d0d0fb5e25fec58045c7cea15348b0938fab3beebc6284363
ttp.r014.relation.0881	ea7a52c5301a40951f8a4017b95cf60904a1216e81dfc7e3b9972818b07be7e7
ttp.r014.relation.0882	4adb8aaec2fdca957b1d5ebdb49a61d41e8492228cc759420ec9d77bf68a0bfd
ttp.r014.relation.0883	f2517dfbbec883aff34cb8f3a5d1e64b964577994bead260ac29aa94092136ea
ttp.r014.relation.0884	c88f21c727f08bf47a51c65d820ac81f0b037dc3defdfae66000b1f966c943f8
ttp.r014.relation.0885	dc43f15b55026cba236549e5a350bbe49747e0fd104023d32504f88d6a14d4c1
ttp.r014.relation.0886	419cfda1cda46c19a4da9685b162c0abf060335bb9e16262310ea1d5787e20a2
ttp.r014.relation.0887	8d9c67b7f6c6ebc889af887d5728032fea13a3abdc616662e194123d1c9018c3
ttp.r014.relation.0888	d6eba528135c88dbcb0d3c88ff6572715e2c0c6a9a40fed6971536c1bdb558e1
ttp.r014.relation.0889	aaa0e3b400e5ceced993dc44ee24eb872aa3cce848aef4b7524ccb76c0dd07ec
ttp.r014.relation.0890	1990ab6949ef5a29ea98cba902aeb7f6d52e558cae00041b507005e717595499
ttp.r014.relation.0891	a6d52c356e5ad4e6cf6a544148af53062ca7772d4c9524343db48c4e5b04ce9d
ttp.r014.relation.0892	88bd445b8980448142181053dc5a31b975e9517c57de5e1f54a3be40f2f145cd
ttp.r014.relation.0893	63c27a86e3ebc09bae2da3abada00a47383d7c28843d06f6a733faf46da3e5ed
ttp.r014.relation.0894	75e8bd008dabb3be3792747d0335cadaa2a1198c310bab91ffd14ceb4cdc9d52
ttp.r014.relation.0895	b5451bede77c8fd639fe5a640e0e137cad5011941694cd208430acbb243413e7
ttp.r014.relation.0896	6ef14a10539d3269bbef749c40ba4ff38af824bfa468b02601b98f5fa8e5d599
ttp.r014.relation.0897	46f5102e330f90b50067a4129b601baaada29ad686eafeb415df3ccc2933237a
ttp.r014.relation.0898	5260a758db65b9e0f38d91837dd08dd80ec58e0d72a2d4b1b68ac3ad29e498ef
ttp.r014.relation.0899	b80e44d9f5fc8c3efa669a5320bc34ee7e93ccdc7e34bb122acf9d686f0bb3d5
ttp.r014.relation.0900	f8de9132690e0184d350f32e1cc74f2069f6fd5fd7954ac8b50995912f03ee17
ttp.r014.relation.0901	b191c03210c614cb3452030cafbfc3f366f9f58d638268165e9786e04144a233
ttp.r014.relation.0902	4c1d6542cdafaf851d090564ed8f6eff4343445ab9a92f977bb03be31e21303a
ttp.r014.relation.0903	46682f8e72e4a3a06358389ea09f2feaa6c028d1d9e69436d938bc9e1fe56cc3
ttp.r014.relation.0904	c9937f932548e431254020f27c667e20d24d751336dfd5049e5559f34957286a
ttp.r014.relation.0905	363cd5df7fa06128f0922ecf78459bb5e4b44afafddb5ce1952a5f3ad6c3ccd3
ttp.r014.relation.0906	d0eaf7313a6898e470a1f09ebfa8c944b91e8b9e4ac08bc2880f0f766b3594cd
ttp.r014.relation.0907	a0ce6138ae36d0e755b629bc978d0069ca6eb6d9277119ce76806bd8bebec8ae
ttp.r014.relation.0908	51a82ab1a548ff84c05ac061796ec7e11e2fee5e14a9993931d8dd9d48efabd5
ttp.r014.relation.0909	1c37fe22138f3e949e95fbd77cb54488e3d8294cd470b52e777aed4cf3476141
ttp.r014.relation.0910	6e3a2b103ec9d32df8be6fd6974fc3c939b03b52fa509c61bc7b372323fa1fe6
ttp.r014.relation.0911	122264485008a40ebb034490f4a4e7d24c9724cda4f68668394ed53be623bd66
ttp.r014.relation.0912	e88ba65ec7148e01058169024b51bdd0019014800a0f20f7327719f3ef683575
ttp.r014.relation.0913	477dc0adeffc1d2c9b18b0d0d4f19f20f23f172131b2db92177068a97d1675ef
ttp.r014.relation.0914	591f94f9fe1032c1a4986ff033e4ccbb9c926ecc7364277863bf29e040510b2b
ttp.r014.relation.0915	cbad1f63cd1d8087262ed4cb94ea1a7e52203daa1b8164853e053b4718fe52a8
ttp.r014.relation.0916	0dd6a4f75bc706c077357478361a08424f87d21574c98276d2368e2a656b7d8a
ttp.r014.relation.0917	848cb1351d77f29292a24d459cdfb5b068a9798208bd396564b57ffd09017b83
ttp.r014.relation.0918	1be32ac420002ebeb997b47b3eca8d26be04fdf9b5fef1b3e48c2f1fba2ea5a9
ttp.r014.relation.0919	eb341aafe3bfe660cd513dd37f6092c6b0ea2117b57cbbeb900e51b4f5e215f1
ttp.r014.relation.0920	7fc97749dd460e1b63595c3e19a4687f4b100b542d69708e195b1663f940c9d1
ttp.r014.relation.0921	31fb58b34bd3e774dd35d469e6be63f97c54713f5fad3202e312ca5a9fa2602a
ttp.r014.relation.0922	3241fc28a9f0a1cd7a7cfe2ed10b2557f40c1357f5adbbf0ce8d858ed2737515
ttp.r014.relation.0923	965e0e3c8f1740f3e1e523c9d0819b72b8493bdcb69deb9f2987ee47b62ea18b
ttp.r014.relation.0924	9cd98e38dd1f9eb2058740c153dfff81125c430febd3792ae62fd3457715088c
ttp.r014.relation.0925	0bc45d56c2c152ea45ad32caac8cbd2762b762cd1094140277f173ec7f06afff
ttp.r014.relation.0926	0e52d74e28c1a5204a097e589d91b459f54eb0bf6c6c9709806f8f7572f298d3
ttp.r014.relation.0927	3a5377a2557affa2b2cf293d4cafb3302f2108a618da44d6a6efcb5322ef3601
ttp.r014.relation.0928	2275730827e550ade98d4149778c678a921d38cee82e976afc100f72e1b468e9
ttp.r014.relation.0929	0553242bbaa2732d5c349f3bb369d8ed0f1a9369a4dea17590e4919a56c21106
ttp.r014.relation.0930	b2d56e95c0fc094bd571ba2e8e80bb363c5973ab8d5f9f053031aa85c56751cc
ttp.r014.relation.0931	6793a74c3764495312e4522f70de2b0720639a9d048f14cfecde862ef9bb4f86
ttp.r014.relation.0932	52c76e58006581e752a1b488e342df877cb23f35fe0b49e974b712b424447de7
ttp.r014.relation.0933	801d51f8810db90e706db30949c1377bd467c38eeceb4e2c66628da35cd12132
ttp.r014.relation.0934	45afdd53d00366f582baa4befa5ea6f7e9e0878b1195c7390f764a5bd03c7f62
ttp.r014.relation.0935	eba7f80fb069aa473105ddc1fd8129a30184a24a29d665ecf1f3b5804f030089
ttp.r014.relation.0936	989b5c5fd819c880557f1436aaf807296d5a3e7433ca88c40dba75c8511d0bb2
ttp.r014.relation.0937	de714083082ff803725f2ce0e20e099c4eb5e81eb9828170206cdc3134721592
ttp.r014.relation.0938	3b9177798816740f798ecdd2ec752d7a0691acf943de838a4af3d698257e077d
ttp.r014.relation.0939	28688121bf2ff3a8a1c88c2f7a29a4c2a7f8aa4d09712e44dac861e73770d6cf
ttp.r014.relation.0940	af3be9cea534dc6f73fe72701724a313ed6263c07e9b8872a4fc34eb503e71ea
ttp.r014.relation.0941	1303a3017fd7820b04501520158f2cb369dcf319d30f53501eea34aaf084bc61
ttp.r014.relation.0942	ac3f162609ed1fddbb69312c73822dc88760520f46d452f427ac7d2606f3b742
ttp.r014.relation.0943	b7a934143ea61a15aa90022d62363bf4329109faa64bce33e15449bc86ab16cc
ttp.r014.relation.0944	8d830ea5972b21fb436b9ff429cfc4fb00fdef7243e2af526f8837b3579fa1ad
ttp.r014.relation.0945	50edda1eb2604b5ab6306b36a252e0e450a181500b40129977fe8b38900b0947
ttp.r014.relation.0946	1f3efad34da2d179cf9454b34e3201f7d0cb59d100c24df01bf58257a2dc8956
ttp.r014.relation.0947	c0e4561565918b951d74751f1fb28530c412b4dd9aef7bb3fbb9054c430babb5
ttp.r014.relation.0948	220a5645b64f0fb8eb128a937313ee00a2d2ac36f469b39113b624952ecd322a
ttp.r014.relation.0949	aab47935e5f95b420bbb81f9868455b5a746e4ba08d6ac72425838ec4fdc52fc
ttp.r014.relation.0950	2d489db9d4771304dc36b567622263666919d9588ce791dc4c92b7eed07b3b4b
ttp.r014.relation.0951	7aa7e883cce704181ab056a4568008abe9e4f8875a40f5767b0013a8873380c3
ttp.r014.relation.0952	3c339e0a18168d9bc98dcdfb68d6344639161cbc9abd92b0c71d400563e2630d
ttp.r014.relation.0953	900ede2c10c31426b7a71faf62e20a3c9ec684cbe0182b1841deefb6fa3dc8db
ttp.r014.relation.0954	870e5b68e4b8e03098f15ff014ce2d5f227c842e95de239eb23672c27c8f67d7
ttp.r014.relation.0955	0595c154c252aa9cbafa3d9cf0cbf8df13be5f0dca77bf603b23e430844967ea
ttp.r014.relation.0956	886aff614faf27a96940898a3d87e41e5b80414145640ff7f4917178e6a2099b
ttp.r014.relation.0957	83190b53b3ece625ad773aec71344cd0e812e8e8a4336d69d5f87a82d9920e03
ttp.r014.relation.0958	aba39675e111d0cbdf818e42d9db72f72c1ba58c2a8b533b779958fff6dd612d
ttp.r014.relation.0959	a4af100c55304560e943f045b831172200700288da1b84c95513fe81513f69ee
ttp.r014.relation.0960	8622e2367c00f7b6718ec1dec465dd61355d9c63708a675b44fd0bb8054eb788
ttp.r014.relation.0961	5fff5279b05adc567130718bade5a0d021be9571eefeca31047614f9df30f494
ttp.r014.relation.0962	f7659d4aae934a052eb87b4b2b1bed001066dc25f639f0d6ae623e7cec6a8f75
ttp.r014.relation.0963	6884556d37a113d8de424021afcb856c6ad4676c1d09255463d4068748382926
ttp.r014.relation.0964	89b7c42b645e38bbec33cb65d88d93e0c3bb05d18006074bbecb58579a8ed5d4
ttp.r014.relation.0965	bf9287abe734da0aad8785b4fea9a0080efebd9ceb35807c34e6bcad0d572711
ttp.r014.relation.0966	182c14bfb32e75b2d958dbfa22bd66e18361d7f6a7d30cf3f0cd7db535b631cc
ttp.r014.relation.0967	846bbdc51e3f0087c9d672fcbf2fb7d87aae5ef11eaee16d7790374f3ead0730
ttp.r014.relation.0968	f3b54fb10fb41f443e986f6125f154866192cc39a2795146a3da38ba29aede7c
ttp.r014.relation.0969	86f90e2da98007b1a7afa0555b863e8a308e9548de3041f3e1b58b4d27b8aa16
ttp.r014.relation.0970	569eeecabc48ae5b0bddab8578a11920bf6bd8b98456465958e83eaec13e49f9
ttp.r014.relation.0971	7411da39d813235c320541930a38e7c67dd7b064ce333b0795daba582883f137
ttp.r014.relation.0972	b6e5492ab129850f37c32fdf011d2e5fde7f18ce694d99a246307a1048495ff4
ttp.r014.relation.0973	315556193c3bd6658d5e3f40bc4670294546fdd4c7a46bc23fc2ad1583f852cf
ttp.r014.relation.0974	d18e425bd8c863ccc5e023e5b10f0223ed4dddc30d7b89e409e199506ca14de4
ttp.r014.relation.0975	d194aad949e5980b02612eb557dce6992bb5ee82985e6e2322a37d583e4a550c
ttp.r014.relation.0976	a2af826fdefbcc40ad2e323a5262df9441c943b015718f90aafb559bcebb2f7d
ttp.r014.relation.0977	8113d9825b2f0a5fc23007db1bdb103880d4f018f48de8a5093f4bd42edeeb1b
ttp.r014.relation.0978	83939606b7dc40de384ebbec86a6405d932fe986ff66f87ae31b8a0c8da7dbd5
ttp.r014.relation.0979	5421a9e2c2a6ee4e9c5149ff45b7d630e5cab0121e053f824c8f63002c38739e
ttp.r014.relation.0980	1716a4ae08d814f24fab609288f39a617289888f706fd7df6604d5ed0794bd31
ttp.r014.relation.0981	4bc499d7d2b34aec8ebba42ea974b26ab726d3e4edf18df6745a6b0d1552642b
ttp.r014.relation.0982	aefe407196b6da4688f135a39d050f8a0431769aeeccff1fa4f2d81de5bf1fbc
ttp.r014.relation.0983	0f7b37493747a8df22103bc2e7d8056dd53966213ce598d956704cd621e1d50e
ttp.r014.relation.0984	c874c6203962544f98812e0b161e4317669aa051f3d772cd119cbf43d01fa068
ttp.r014.relation.0985	a69e6648d80b1f0c59a37d1a389e2c55350dcbfc782ea686f5758dda939225fe
ttp.r014.relation.0986	7598b7a8020cba129aecccfd9ec73688f8e7ac370f7a7e254d221e15708515c8
ttp.r014.relation.0987	4f91a101fa62356e536d81590e6b253b14361c2a398b16b6534b4cbc7a2a2959
ttp.r014.relation.0988	d52caac50a17c87ec3c87f6e1a48a8613424cf68e3676250ff8a2e2a807c1088
ttp.r014.relation.0989	e4ed1b0dd444e6fd20c30b2e5ca154d161c8ebb7dd333441fbce4bf5defd0b5f
ttp.r014.relation.0990	94b556f3c544d405907362e7314a33e9c75608c724770e45802ee8c37d1ed06b
ttp.r014.relation.0991	9e192aff74d659193b0a6a5d8371d259a5090e0f632c0e5059f422dad2635d6a
ttp.r014.relation.0992	4c16bd310b2bd518c9368d62e6c1ae3660cbef3dca0adc46caf51e4714278ae2
ttp.r014.relation.0993	7d856af2cbf4aa81ae817e253355eb3b1d4a74662d000252383afecfbc4eab54
ttp.r014.relation.0994	ad63182e2d0454f3642e3f9e77c2bee3df3dd77f0cbda7899d37bfe85182476b
ttp.r014.relation.0995	458c8a97fd25831ef1157ad11774e6b2e7d1b99b4d7cad84911348e5003d1f8b
ttp.r014.relation.0996	a4ad2a346660c3c434ddef5fc804fdacf8e34ede2fc7c2ad040bdfefbac19ddb
ttp.r014.relation.0997	b5229d0135571ef1da587b913a9fb1ff106a8d8196b554f764c00ae060b2e4bb
ttp.r014.relation.0998	bc7624f5d7e4e2f7cd52922a05ec2e6d456556d392b008acf4b89e905b54a625
ttp.r014.relation.0999	8db043713f40768dcc5c10df1f9a720b1cc2f73a7df9cb5509b846eac1e9886a
ttp.r014.relation.1000	6be766404331b82eab62c3820fc2fc324ad45e08024269b0454409aee671c3a5
ttp.r014.relation.1001	4bb7d6cd0942bb7b9e97720a5eff3e66abc5b2e8cd1933847b4317570a426f81
ttp.r014.relation.1002	5d83c50644f4ebe4555258841f49c9442d771de65cd4db8d232f77edfec60d58
ttp.r014.relation.1003	f23d35671e2c471148657c6cecf0266228a36e9a25407a6b51429a717a7d678e
ttp.r014.relation.1004	bdc5873cd1a578091d906469df9e58425b40a24ba806c36f8d2c795e6999a1ce
ttp.r014.relation.1005	5fe1390d12110b912f354a2691fecf25a7043eb901f959fa4ed908949c0e3816
ttp.r014.relation.1006	bcec0f76506ecc692100d869c459768377891197346ee080f0eecd41c79a7c03
ttp.r014.relation.1007	8ed7918916981b13a8240bd34cf09cb6882a4b270e9c2ecb26c8b72bb3f165bc
ttp.r014.relation.1008	1ece8d98f6572200857a959c7e8855f7f15a85777ebecc1214e89bafe5cadead
ttp.r014.relation.1009	9c6c397165a479b284a2d42573036d7f61d912b3e2a2fb182305dd91bb6f2427
ttp.r014.relation.1010	8dde3b40e7744c3bebaf427a30c9436b48525cceef101a8bdcf74338e25e3b0f
ttp.r014.relation.1011	95a48a6651a38ab01549f7d82a5c71e419fe76a7c833f1a30824bf79d3a4baa6
ttp.r014.relation.1012	7bce9fe1e8e8b22834a3b32827a7a204486549ba3db5988f5bbd691c7828798e
ttp.r014.relation.1013	1a99224bab854424f8443895c67300a9c5e56e3657240a6aa5f870c4905cb34b
ttp.r014.relation.1014	02fa9861d462068837fed346ccf908cc927662afc77dec14340f2f1962941a89
ttp.r014.relation.1015	18d70fee9612e7a31ad5df1b42c51db94a3de7c0b8e4684efd60c03101ad1c1a
ttp.r014.relation.1016	bbb40acfaf911a2d16b8a9f3d6bad88f95e2079e80b9f4d667ebc03d62b45301
ttp.r014.relation.1017	369c437c18fdaf9ceb57515fdada5f1029fcc51d7ce8dae7aac5ba5636ecb57d
ttp.r014.relation.1018	6f078940218fa9c9a8837ea5b2dee50505221a690357378672272cd0c8360aff
ttp.r014.relation.1019	cee24046fc90e89d5db33566e4092a2ada3c0e72890bd9a757575668a9990e19
ttp.r014.relation.1020	2ab6eea9038e2f75c0bb02a7a4dc127ad5ae39e9dad2985f67f94244b0431b3f
ttp.r014.relation.1021	846bf1a6894b6d49af8c65b58348217a105626bab02921debc38ade958e6719b
ttp.r014.relation.1022	b1c8b6139c3bad07094397e50bc4b083ee31a27f44eaa6e22670a8d40ea9c705
ttp.r014.relation.1023	6ca25ec84a8256d2a181d1ace5634c911f0893ce05614f565564fa37f9f3cef8
ttp.r014.relation.1024	6796eaf1e8e9697491c357d3e01c007dc6404a106d76fc04437329c248b93220
ttp.r014.relation.1025	84687e2d3607ebd1c77271f7b7e3ccf8a64fc60ad0f3e9814adafdde16caf17b
ttp.r014.relation.1026	70286026f0d4fc0f1816219b92feaa3c46d414c2e36976d9bd6746d4dfb97d92
ttp.r014.relation.1027	1afc53a8fff16c6f72666a1cae5b70cbae44401122fb6e2904cc429762660f3e
ttp.r014.relation.1028	38371fe7fc5cf5341acba9fce34d4ceb498e4881b0321653bb3dfe8c4176452c
ttp.r014.relation.1029	7a9daad20ce7030376068b4d9b53c0710c60eae9cbddeb9e000a4c9c26693fb4
ttp.r014.relation.1030	79dee38ce3afd2dd08441c155cdea75da1b59cf7987c8e318f6b11977e2b6c54
ttp.r014.relation.1031	a9b9430252a42ff6da2a9dc80ab393b1b83f38b6d4afb31428a4b9ada878700d
ttp.r014.relation.1032	de4aaf4b9d7e6a850b998c32362902967f6dc04f6c8c58396e37f1c2b1adb085
ttp.r014.relation.1033	36a81e2a6a0c28e4913dad86126c1be44842bcbf23faf9b26a6356877f6867be
ttp.r014.relation.1034	cdeffe07658d9f44f9e0b56c737f68086f78c00222fbc450a0d7e9b32c97a1d3
ttp.r014.relation.1035	545817d5b64bc47225446b8ae2abff1a253950159adb73a8d127cb7efced085b
ttp.r014.relation.1036	5d81b29a9c010f03f690a46528f1898a484d619b9356d123098fd418604fbb42
ttp.r014.relation.1037	f81ea7c43a4d32bf0be246441a541ea608e011ae34b0629c23ba2c6906eebe72
ttp.r014.relation.1038	3252e5ff96b07d376187dbb00e992beec56c2c37d8c7a1b189557525e93dbdfe
ttp.r014.relation.1039	6438b64448e8213a336c842e2aceed304369fd8e4eea5e7de3e4c3e7f56c48b5
ttp.r014.relation.1040	1be5860ee6151c6e3f1c9ff2077769174482b1227afff2212c1ecdf432c1ce53
ttp.r014.relation.1041	13bed4840f32ffd650cdf2bc6c5dde81d01ae8b4d8e00a836b4bb2c900c057f1
ttp.r014.relation.1042	f7d6a611639d1b1782dc907cc892d41e1baf7bb6ddfe4c8ff729323892729e7a
ttp.r014.relation.1043	a9246bdab16fe1ee8d0960ca08a210f2a9acb8e89f30f7c08acdcda775aa3b6a
ttp.r014.relation.1044	4a1b71e26069357182e12296eb8fedb61ba14530faca414c1f5bccb18745076a
ttp.r014.relation.1045	cb33b855cabe4a86abb371e44766b299d5315455ab4c84f8da31a36a70ba9870
ttp.r014.relation.1046	d273a159946519a72ae4917d8d4e3a71a9743df843627417e59aadabd0a2eebb
ttp.r014.relation.1047	9ea75773622e3e6bfbc1d72d6b279524bd42eae03920b17ecaa452be5afe027d
ttp.r014.relation.1048	799682e03da7d97dda302dbee2007665c51e5609eacf7b8665f27e2c90193f9b
ttp.r014.relation.1049	679db36a9b0cb3fd0fda94508fa8ec304c660f4c397defaccf9f749f37ea9517
ttp.r014.relation.1050	3a93aff1837313cfc2b2056fb4234a0838dfad2fbfc1533e76ea400299345bc1
ttp.r014.relation.1051	4d8b32f98e3b0efca027a01d31410dedc6f698c6a5c50d0fab085c8c84745304
ttp.r014.relation.1052	95b6cc1f176e587f2e6bbd483cf355a4b0fc9f160de7ee3af6bfbc83f5ee7f09
ttp.r014.relation.1053	8481080ab5c59b8f053835175548dd438aab8e929c9d5b6bc3bc2231c62c2d5b
ttp.r014.relation.1054	0d4214a36ea6943425401bef4f0243f8dd94fdacebd9dcfe9895a81b3806e6c3
ttp.r014.relation.1055	24f23aeada51ec7e0915ed93c2a0e2846fd8258d36fdae36908e93d44a6d9639
ttp.r014.relation.1056	95b74a8bad6e9dca8d7bcc9620d403d6fdb20f73ba0f86620981f28286e27e0f
ttp.r014.relation.1057	3010ae66d58c162335161976265b90f1c904dd90751fc7e62a1ac5dd8816806a
ttp.r014.relation.1058	064dbb4b34678d31b3ed6ebf328345234510799cd2a2a39bd406a8925dafa620
ttp.r014.relation.1059	04c5b3c471f8a0e22efa19f4104555114e48073b83899aa7e9e39e9cc90a1aa4
ttp.r014.relation.1060	edb9934d473f5e7e91e001a27afc65fc194101083e5b3ea19abdc449d4f44646
ttp.r014.relation.1061	fcecae59cd634aa7305608f551a1c3cfece8e4be3d83ec67866f35a3f6c6547e
ttp.r014.relation.1062	767ec3f0f00c1868b767c1b6ecadc0110c38c4ff455ea5bdac23d3f5a357575c
ttp.r014.relation.1063	7efc6e4c893d744263cabc2eaf47ac856567d3859a467dc87ec69deb9bc7b89c
ttp.r014.relation.1064	58a3deb2d9432fc4edd388b85ae912a815896b5d8adc21de21737f17a8c7984e
ttp.r014.relation.1065	bf442cccee14f5fe02859c9826727a3b5bfcdf3d016f1cd2934cbb9463853467
ttp.r014.relation.1066	b90b033e1b631e7a0199fe2f9dc28ae68250dc2fe2b11bd774410b4606202510
ttp.r014.relation.1067	62b52807f9fdb19f50f200d0e04ac6aac0f4ac6ad76f3d873ae0ef18b09c6be8
ttp.r014.relation.1068	0b72165714dfe8a2ec2da4cd64ae87d25c5433851c9868b9686689603bcad7ed
ttp.r014.relation.1069	d9dc8bb0d141132a5ecc9e5f4e7464cb06fd476bf42e197fd2945a86bdf84b42
ttp.r014.relation.1070	ea8ff1b6d85961f958865827b91e3177dc229c1c7d731a436becc1004fec0059
ttp.r014.relation.1071	444088d9f671e5f72f72e794d40426f4950283dfb85cb13d4062fdd0f83ba85d
ttp.r014.relation.1072	1cc01a012d8d5302039eb57463671bb7a376d26bc47ceb3615eabf0707489caa
ttp.r014.relation.1073	1e7823db46087ef13cc7ba9838aeac78fb61e4cc0d33873614fa9925df879225
ttp.r014.relation.1074	9cf25a4f4541bddf1cdbe6277ef669383cfff60e586ca28d7908b1380bc4fc3a
ttp.r014.relation.1075	27f194d079f4434bb25a343ab5ef6e81a1f20a33869dec9307b5bb61e1f1cb89
ttp.r014.relation.1076	477f8cb5cfb9c4e94b5dbd7c6742ce227dbcfc0c2e76999f87dd707621523505
ttp.r014.relation.1077	75e5bc0b25cf8df1fb1b53ad85fa77c8abf262e766790249f641966010c0534e
ttp.r014.relation.1078	4d6a1d66f753f9d1be0ad898ebfda4c87af1e8caf349e3e1550a1c9d74e6fd06
ttp.r014.relation.1079	c2a68c62e5101ebd1555cbee7476b74edb5746f0851e48f8941620f899a38f8b
ttp.r014.relation.1080	a48ebcab11468381b38e2cb5dfca229728187e485127a3549e321178bbb2a59b
ttp.r014.relation.1081	5ee00aba91a709c9608709300b4f041cd4978e718991c0f9383d10edf34b0476
ttp.r014.relation.1082	4de06b5e7ed756d4ca00b5fdb8b71907c3c5c6484283f86ee68abccb8b0d5c12
ttp.r014.relation.1083	0f77202b68b408cd4bda02040dad05008794a4a5f44f6c54420b7e98e6bc13a4
ttp.r014.relation.1084	71322fff5aae10680af7d6dda69875c01719e80acefb3e6545aab9299187ec9f
ttp.r014.relation.1085	35014102555076d72f38da7822988f32d7b313b16ad29a9de6e75f36c4192b2b
ttp.r014.relation.1086	bb13b1055037b3f9f88bcb7babbd7e6f543cb04f84656fb4d8ac00a062cfe88b
ttp.r014.relation.1087	d0a7543abcbd462d54379f1aeb0553247b1ab68933ac41c956cd50479b2bc867
ttp.r014.relation.1088	b7711bb132dd6da8bd161fa8c17cf6ae9f6a6e865ef5f05d34c79d25bc08316c
ttp.r014.relation.1089	94fd00456db437727f02be076d07d94b774a1488c8651dfa212ace84abe0404c
ttp.r014.relation.1090	72051bfb4a7387c6d435b48d3135171174b67b3606188c77280b8ca48934b728
ttp.r014.relation.1091	3a362ebafdf01dd2fcdd26549af962a4f006422b2f6a8225191ea770b0da75c7
ttp.r014.relation.1092	51d023ab9a6a7c0fca5f3b3d346d9df91da157d8aaf45dbf21558b0648ebaf7d
ttp.r014.relation.1093	55f1afd2f53f94ed331fbad99fa77b66f95ad368e238b6e6fbf84087fbd25b38
ttp.r014.relation.1094	73326854ce1171ea89285f37c84dd8b8b3bbc1223887058a5cfb785a3b130cf8
ttp.r014.relation.1095	520d12d0e48986a1eb70e6904472b48330789a75a94faaa94ed0e98ae6b64c41
ttp.r014.relation.1096	67db872930cb12e64cecf31356ab4af8dd3fb88d477d493efb77766653940e34
ttp.r014.relation.1097	a8f88bfb4fe3d3d9faf1e4f762aac2389e8a1b76c181a24e6392c9e81b6b039b
ttp.r014.relation.1098	1785b095791409b91ed845e4355270ec84448bb89562e9e38d5fd89342a47f92
ttp.r014.relation.1099	294ba1e70ea4c0c06c2e3954a462be2b0f00a9000fde90f097f4a6e6dbb4bfdd
ttp.r014.relation.1100	013f024cf76f0079dcdf005f9bb0a510755db9a552d1180eec55299325d70f74
ttp.r014.relation.1101	9a2d0304dae5246f42213399ba604a3077bcf9e1688cd4fa99a8ece70da43327
ttp.r014.relation.1102	937b5fad273857d838aae7a79e4541ce75ae3f9821a61d70d99ffd0072621930
ttp.r014.relation.1103	4cd0d95c03ef53e8836af989fb25dea739d0cb5cc4182744af7f392d210fd659
ttp.r014.relation.1104	bc2c8c05b642d988aebe343134d6e8e15b3da1c3ce7ac92203a316fa98903cf9
ttp.r014.relation.1105	38c67d8745fa79cac2e6c6315715c9e0f94954e8e72a7b67ca453752f5656354
ttp.r014.relation.1106	b6f8e2438c0449f043f92c149fdbbaa9f632b198c6f7509b8101b3525282865f
ttp.r014.relation.1107	c645ce6d7a18fda001bdc9e7774cb9177960aca956ec4b8c401875665dfabf59
ttp.r014.relation.1108	a5fb2f3e9b433a4ab83bed729f71c3f207939b7a6ee165f4393c308c2fe3a940
ttp.r014.relation.1109	49fd749f70d2e3d46dc4e39c124f1720e1e394b21477f0e4ff10b92f95a0c36f
ttp.r014.relation.1110	24dfa9a621e33663b6cdd6766b3cab914cf0164150f7bd34b8673d8d887238e2
ttp.r014.relation.1111	618ab59dbee10201be92cd0d07adba8bb474cc97a793c128cf3a30f0edda239e
ttp.r014.relation.1112	2888a3d2b21cdf5fe4cd522da8bab56359e4eaf065987e7d8a461ce5d8b69826
ttp.r014.relation.1113	f67a888a709810dade51d11f90a4ca01fe9968261c07f3d80d69a024d1084712
ttp.r014.relation.1114	725de062909fcd87a2d8b303328956681f2dddae688ad934a1a453c4517acd59
ttp.r014.relation.1115	778ae5a4d1565eadc553f41af0ff092f75dd12f864154836fe273c97a3c60c20
ttp.r014.relation.1116	b531272a74f8eea926dead7cae2f559a3bdb90c73750c1c4e73506d3e9639096
ttp.r014.relation.1117	01142931cb4dd08ad973a50b8b4f60541ef418e4f4bfc3214f7d0702137bbaee
ttp.r014.relation.1118	0c5363b6c446be6c3f00375f3a9d47f6064d66e79846874c8b5d717ddf12e157
ttp.r014.relation.1119	8877d13f789e8481955991b2f5cd988b15f1e0c8b74827dcba295570dc8541d4
ttp.r014.relation.1120	42fb8e48a9112da232bc4384cf6891fd72425819c19be46bc9b5aaaa14c88d7f
ttp.r014.relation.1121	aa6f16ba3056437724cf9e87920321bf14321f0d29738634f5b7f05b451ecba2
ttp.r014.relation.1122	c8327bc1519d71d4f56f2192a9325d77911624675225ddf57a291da5484104e0
ttp.r014.relation.1123	354795a61642e1ad5c4c6b017999d9f05a1eea04fb542de1a3559d4d2638d8a4
ttp.r014.relation.1124	811f0ba38f8d3edba8ac7c2e8f46da981d1aebe4dfef9dd5237fed2f648e8dd0
ttp.r014.relation.1125	516cd6e2d566db8b532279c6e4ce9c894d7ad3c410d18f938b56d78b9cdf4f66
ttp.r014.relation.1126	d2657902a20cf7175b60a673eee57c87437cae9f96941428c4d5ba66a5fe67fd
ttp.r014.relation.1127	afcdf3f2808c4965c5a08f932136852d475eabc85e8d5b0f685622701b7a9625
ttp.r014.relation.1128	7de831724d581ec78ab3d6fd6a26fdc12275faf53cfccf18936ce74719e12f75
ttp.r014.relation.1129	7081990688ab75c08329e531841c3e3ab2158e0fb72911f0892d6a7950c5af24
ttp.r014.relation.1130	cb12ec8c9d2f28221044edffcc383330259d35187f3c259f26a9ee015fda64da
ttp.r014.relation.1131	f7fb4d5afd695bbe8a7532eefcab0b451ddb226011801463d728ce0a24c18264
ttp.r014.relation.1132	1eb16b715f3acd913a5abcc934af5c874845d02d5a4cc85a4eb7fce07ec97e4a
ttp.r014.relation.1133	fc830ca4d1dc0b052e79b56323b8db41431b3cac9fb8a9bd35760873ed6d79b3
ttp.r014.relation.1134	ffcf62a0bfda7aa302a86eb1b6bd8f27e442e3a0750d30f7eddfa1ab06a83d69
ttp.r014.relation.1135	95706f21299309c644ede004a918cd501e8fa687773eb96e50f99e698f15238c
ttp.r014.relation.1136	d619a5c575bc2920dbdca0452eb12f2990f33f618b3650b92bd4cc50fbf80bb3
ttp.r014.relation.1137	d1ff3643c256b6174c03239e0f2e687724481b7636f2790f70f8aa1c767bc3c6
ttp.r014.relation.1138	4909d145a9a403a6aae7ba0ce6ce54d04a0f60e2bdafbb2c98555af8628af972
ttp.r014.relation.1139	e5e54afce0cd3f47dc35e4e7a9227c46e7157f3bc4299871ea92e173e2eb0125
ttp.r014.relation.1140	ef5299d632a063a17c01394f5b388ae2025fc2945e49ed4fa6a907ab748329a5
ttp.r014.relation.1141	054368ec8e4af0d19add532928a97076775553fba3c54bfc571773aea2cc049d
ttp.r014.relation.1142	db58174268ae34b6207ed5e543bd8c76b6848b4871d035fadba282a519c19fcf
ttp.r014.relation.1143	c229229ab52bd77e52508cd317db1217d814f44437ceb3fc617831a940e503c8
ttp.r014.relation.1144	10d73008bed69218b38f852f4ee97d4b1e8cab952a3f1200871492d58a2dbee4
ttp.r014.relation.1145	ad6934b7dbea158f1ad6fd978033448fb2fa10a48ea3d803b520c433c6e77f95
ttp.r014.relation.1146	090309a2fb3e38c0e0602e91be87747122486fb18b048d992c95456f854101c1
ttp.r014.relation.1147	8846fa5b385ff4194d204097fbc8c0e6d76b18d86990ad6fe532de76695b7e2c
ttp.r014.relation.1148	118e839522780a7429d681302f19852e9d3f0252a37f33f2c397298365922024
ttp.r014.relation.1149	2f598226afb4740ee70e29024c6df2f4baa0886a95b4b0496c319418cdfafdd2
ttp.r014.relation.1150	84c5aab6d041b4cc81766804cb3302327539e8c371ca8977f56a17bb9c8d510f
ttp.r014.relation.1151	e6aab61405df7fbec7676a4212f1cf4abfe6edc9b7c01ef5998b3b5735fc631a
ttp.r014.relation.1152	92667ff6a736f9d8f5396eb2eca4fae12af48ec6db05cc7637e7351968b24b44
ttp.r014.relation.1153	02aad4d62af446676cf21275d989bd9f7b3bfcb5ead9bdada277beb37cb87a95
ttp.r014.relation.1154	3070521b7e7c73104b95630445b4e5b8860a3678b850cf54386fd7ad1f9faeb2
ttp.r014.relation.1155	05809a9140981cda1fbb48ef7b2305ee61f20cb677cc3c3d344f8eab434fb515
ttp.r014.relation.1156	f4df7936bd3b2ec98e37514e5a94cfd3e2a82320de329acb2388378d0145fb0e
ttp.r014.relation.1157	dcfc88ede936dd0085f6e0935dabcae966eba9aa7341a57f24619d896145d054
ttp.r014.relation.1158	49d47f526570cb8e2ada39c4069b74f8c0587845b0e00781ce51445d03562979
ttp.r014.relation.1159	85c47f14ad20f238c1f41c068f05da4319789d0abab9af555da660ffe58a8d40
ttp.r014.relation.1160	48c60fd7e3009232a3051d0f881216df2f1775ec3276343f9ebc36ff38374d86
ttp.r014.relation.1161	dbe7837f7b1c92fa924b00f23d8726bf683b5802afea0300e58a7ee03b4929c7
ttp.r014.relation.1162	31176962ac8d97ff276bb4a685e351710589a4b27567803d4ca2b82933b70dcd
ttp.r014.relation.1163	aefdcd316fdf7a29546832a511eb06303ebac713e20326dfe501dab279d32aee
ttp.r014.relation.1164	253fd4c54f9c34e38a82dbd9252c03b598f95f09cde924f8b7749cda2bca3fec
ttp.r014.relation.1165	6945a0cbfe7145abb8f10a8df25b789aad09cba3e8e901e5abb75577cc01c95e
ttp.r014.relation.1166	809ba06f7aa06e5b69fe399eb1a406a33aa9dc67c34e69ed783e02c265e4c88d
ttp.r014.relation.1167	46d7cbd6774ed73db45c976af8aec6e9c93f3a90b2ca09438dc5bafb7b942025
ttp.r014.relation.1168	971ef4cfdca08ca70e1c87c2c3e6cfcb995949e8a7f5d18dc0103487943f12be
ttp.r014.relation.1169	5eb9387a0654b5c02ea6e9c5290d9323cbf20fc742e1dbd369e8dd3795656312
ttp.r014.relation.1170	d79255dbe1179d9a87e23e0d22477acbc0bcfd2dab2728ee086571ff38d2f317
ttp.r014.relation.1171	b98b5182cb5efd31c407fc0883356796ad7ad1abc9e629a283f0bdd6bf623bc7
ttp.r014.relation.1172	7714f2343eca720b12e440e0c6546fa70c0340ebaa2fba2d522178556a11179a
ttp.r014.relation.1173	bde74e5f42f5c958654604045b9b6b186ff7692b00889a069c7be7ce02b2d842
ttp.r014.relation.1174	ad4c9764c794e48ed823f0698f1b8c67bf9f45f4764e68a7f4e3fdfcac9283bc
ttp.r014.relation.1175	72d2044bdfd47dcea5344e1638b22427c26c2182f0eb46f9b35425cc204cc6bf
ttp.r014.relation.1176	b2a30a9f253abdc59fc45c85712187a4c85a9a0ed1041f62d88528e1f357d1b1
ttp.r014.relation.1177	ed94ec173a2f94bdd57c29adf4d364d9ae3f643bf8ed737f6b06b17670c303c4
ttp.r014.relation.1178	507dacdb11d821f2100892682e2533892e30af8a5bb664a8b1372ab1255cfca2
ttp.r014.relation.1179	809ad90103994aac0d882929d3b311e9e303e995e3fa3410dcd710171979f938
ttp.r014.relation.1180	829db44ee75479ca8b431012095200d72cde58dc604a3492e6463a90994f70eb
ttp.r014.relation.1181	e8c87327f715d751a737d3b9ab1f1c01a5a72229bc4969874ca2b37d03dcaec2
ttp.r014.relation.1182	559d7c979db6b69baa6f70c48ed383862b9b42ae2112609395bac13dd8ec5a81
ttp.r014.relation.1183	6aec849fe23b7785529f08bcd4292077b0197b2765d6ba4ef273154713ed4137
ttp.r014.relation.1184	d10d181da5deaf90d6938656e8dd87444f6dee220c06c3e83e3444f6e5806ba9
ttp.r014.relation.1185	d72218bb72c9e0699ac495d2b3af7bc43482d9a356ba952559b1570576067147
ttp.r014.relation.1186	f2032f4575e824e86861f24c4b777344db16240c7240ccfd01fe2b36ec78df81
ttp.r014.relation.1187	cfa4fae537096212cd8dc663012555453aa85f7d2bb4b0adcc8e4f2e7877cafb
ttp.r014.relation.1188	5745b6f1a7575c00578a933c134654e4497d09d9a09eee0e3597306baecc3ac5
ttp.r014.relation.1189	2dc8e5c80f5a8601932df1a1de5b34c873bd42f39a0bf95c3723532959ac7715
ttp.r014.relation.1190	2aa20a7245d060c7be9e593c63375dd477d51099e99b8d68884663a49213b7b5
ttp.r014.relation.1191	811e5d467baaaa53e0d3fb3e7d8fe839eedad862718c819124ae7d9afe62428b
ttp.r014.relation.1192	4f587c16fd8949ee6e3ce7c8e466f24dda01072f4cbf7dfd568cc467cfcff105
ttp.r014.relation.1193	f88927e65696ce9b5e4b6096977f4d5049756b5efa17933121f7e5c068c4d35a
ttp.r014.relation.1194	3285439588618636eddaac960237215ea9a8a96d2da9225cfd5c4e686839988e
ttp.r014.relation.1195	f37faca138f167f96b8e6ab38c3b05543f8ee16458326b114d4b86a2c80ed529
ttp.r014.relation.1196	e20d466a503cac0c4875d3a83fde3a89aabcee6c1d4f18d8d58172512c1555c8
ttp.r014.relation.1197	70a9ad9cf8def0dfe4f0ad9ae16e439204a307de9b8bd08ef457ba28b31d94cf
ttp.r014.relation.1198	d04eaa0b10c6c6f464d00326000a28e900edb92bd345fa308152313fb2a5ae69
ttp.r014.relation.1199	8485dd960b8f67328acc23cff1fad84c3c89f01b929dd1d6e29318a5fa5db5c1
ttp.r014.relation.1200	dc3eec08ba8277fb8c478ec5a6bdf86ff5bf6a9bc69acfbcc611cf7a782f4e53
ttp.r014.relation.1201	76dea53a16ef2fc93446cac930c1d3fa92384d1187a5e342b5768f309ad0eae5
ttp.r014.relation.1202	c5f465e2e8b82b84f1f4c2b1386c21e58f2e70a7139aeaa51224a3a731f3aa4d
ttp.r014.relation.1203	186b9c5291e87b93e6f7a64f03bae6dafd8c605ba525cfcf83960a0c739c87b1
ttp.r014.relation.1204	cd741e697d0132e648433ec261ec25b353bd8567044cf892e858bae821d2fa30
ttp.r014.relation.1205	6e99fe18ff11a5c3ecffd301e14adce9db24e87b75672465dc3fa92dd9eabcd6
ttp.r014.relation.1206	063e2d0e5e867990b51506c19a5d252dfaa445e64426a83a7ce3a28985487e2b
ttp.r014.relation.1207	8658cc66f1da4444f0ec33493cc79b58ed885c34eb15969af95a69dd25df864b
ttp.r014.relation.1208	f5572acba877c001df01c719d5987bc98f07598624ad09e441c5cbf1c7740056
ttp.r014.relation.1209	934604d8dbcc0ba802db1e30b0b469108fdd3bb8546e9c8d73bf7bf04938b702
ttp.r014.relation.1210	14d6b3643975d1bb8bab907cea0cd15d59b565a6f5bc11ba42252e04ebcb3e01
ttp.r014.relation.1211	ef5ad30455421cffe8835a810eb3dc296955aa889c1a88dd7c16a254e47011be
ttp.r014.relation.1212	7634804d5c47a025707ec237acb2c79adca1217489d5183a770fb56a3b09c766
ttp.r014.relation.1213	faf44d10f85d0dd322d802c993e1962385907a5ee9681d0fbb57269de1ea1ccd
ttp.r014.relation.1214	c30fb4505e043972cd00b3fabba22e1d3dc92025f54983803e77645e5138ed62
ttp.r014.relation.1215	0e5786d91ba896ad1405c9cf714fc726846c85f0c399b51ac1c522142bcbc932
ttp.r014.relation.1216	98431989a945d6b6763c2f5538f477ebd473b6134cc9b00f7bbbdc2a12d68822
ttp.r014.relation.1217	15a55b71ac9ec2bf92af9bc1233483a0f2b28d056776b72db9f00065f7346561
ttp.r014.relation.1218	a6c3d7f880b95142df401215f56ecf227f2eaca7257e623ec1457bf9ef62e42e
ttp.r014.relation.1219	96f4b611a361edae6631df3d68970383ff8da752710d11238a0bf59ccd64ec7c
ttp.r014.relation.1220	d17d1c3925900000e1f0b27f00046be12164e4eb10cebf5302fec11bf1aa8503
ttp.r014.relation.1221	52ec5b6b85132f5261b27ae35caa36de80f529dd77416e3446742f0d572a39d3
ttp.r014.relation.1222	10516b68d394e0340720d3116a4bbac0f74a8ccd49ec3279dfe31f7f5eb2d0ec
ttp.r014.relation.1223	a11a2620ea5a52c9d2e98d53d9b8e952245d17886a60f812d7fba9ff2f739f54
ttp.r014.relation.1224	761bf40b04fad266aec724024367395ffee3800ef1f94041b5076d753abc8765
ttp.r014.relation.1225	2a652b7738bfc760dd7d0cdb46cae93a70731cbabff50660504dfc54dac28e4a
ttp.r014.relation.1226	7e7771f1361dc0fe6ccb2fdfc30498b915dad6dafdf605b42f10131b86c5a39c
ttp.r014.relation.1227	cc21c066d999142d417f48ffee3740e29c5c3e40b5afd346c38aaf487991c333
ttp.r014.relation.1228	5c51be5efaa096a9170a17b128e66abfc987776303a56901a002116e41cc7b7b
ttp.r014.relation.1229	13cf682bbeaaf7c9ed20de3b8b3ff6bceedba8a4e5839bc83f668aa8b2285b62
ttp.r014.relation.1230	c5a51e3a2f33b18194a3b692509d0d33ec30ddfffc55a9ff4885311243229071
ttp.r014.relation.1231	77eac1408cc029ba54ff9f0812e1ea03db6643d52a5a4f3839e0c808fb6166b7
ttp.r014.relation.1232	eeffef30d79431289b04ea16d27bc4ec031fbff47a7c4810b25fb537ee3784b9
ttp.r014.relation.1233	b63d54fbbf300c1bd336613383bc8ae56e19958dd2313f6dc2afe179087b8e3a
ttp.r014.relation.1234	7e7c58d4ec37db148faed63add77be1b50335005fe936e4372ec23799d82da80
ttp.r014.relation.1235	4b3e9fc8557af36e46e5942e89e603bfd24fe9a5ed19a7cb5bef1047b629a607
ttp.r014.relation.1236	d4d591e34984e496c47a56de11161b8507cfaef26f507cde2b8cdc883e50d597
ttp.r014.relation.1237	85afbdf22b78c53c6e844e8c8cc450cb9ca695791ec48da602d221cab2198162
ttp.r014.relation.1238	6466d4fda0d9bf04f5c54bb1a438ec20c04a3debdd4ed3ab39afd2b1a1685e1a
ttp.r014.relation.1239	d8d9fc0f4a30f5ba35121701f70776bb3114ea4d0c50464a58312a98bb6b4fff
ttp.r014.relation.1240	8dfc65174dc6b15cd03801fc9654b20861c3e378c3bf0e3ca70525f3b25d5be8
ttp.r014.relation.1241	92d123258ed5338e127ead02f84f04f9d47b56e5231fd4bfbe92dda98629b6f1
ttp.r014.relation.1242	58ad1a7c8c50ed16867fd9ac4d4574e511f2a3b44454292f4ec0c0948573445e
ttp.r014.relation.1243	1f40d1f83b94ec736eec3e7689ab21f4a4367cf40ca8dde7c397611928a8bd3c
ttp.r014.relation.1244	e2e64a4e497352fba586dfa2cbdd000634592f73b32db7f5fdfe02775dc18bee
ttp.r014.relation.1245	021c6684bcf29bf48fefb7cc2c693b78e6369020495288f7b7cd267214820922
ttp.r014.relation.1246	c7a980156ed3e818c1c9e6315ef6553f15913bf5d07e26c2f851e835baa12a3d
ttp.r014.relation.1247	fabdeb5416731ec76003083f6a3e706ce603194bfad9d3ddb2a13aab5f620124
ttp.r014.relation.1248	2f8f6af53ceda5c21e2fa0ecc997c1532f0e7c49b05bdef2fbfab30e5705048e
ttp.r014.relation.1249	090751d4c3138f3b74f6639ab82a8d12b6da59a52336f953dc26f2aa2f8c932e
ttp.r014.relation.1250	91d0c2c7950c998417d4e8a77aa19d9dd36167a0c5af685263a9a9c920388a52
ttp.r014.relation.1251	751d3d42cdc0694734e43c6a64a8225f50a2be012406d7bec99a1da06d729a07
ttp.r014.relation.1252	ba7b092d10b2e10da29fbcd0db4ad49a4d290beb3523d729316dc4845a735bfc
ttp.r014.relation.1253	081c09f15ba6d7f3fea7f7bf032a10c260478be5206b32b94c640ede86b9f99c
ttp.r014.relation.1254	dc58e62cba57ac8d700016a1c700880f375c156f8ed3b683147c5b361d7eaf33
ttp.r014.relation.1255	b4e93f52aad15253c6e47a0cad21d3d76dd65589b7147fa51efcc827e081006c
ttp.r014.relation.1256	c652cd8786725abd124cbff7d57d24423e37a7882be0c51fcaf2f0f49b2d5d91
ttp.r014.relation.1257	e64df847b7a52e5970bc5c48cc50b0bd9ddefa9e32397a9095ca14dd22d6d3df
ttp.r014.relation.1258	0fb1f176c8682b065bf58486d6c79a14bf8968f50af32fe1dc0b20904ee26a12
ttp.r014.relation.1259	8c996f472a4ee7720c9133b3ee8d7b1b9ef1626664edd2c95fc432708c8be83b
ttp.r014.relation.1260	a9adda61173244aa8bf600319247bd489a5203d0a982dc5fe00f74537da6d6ff
ttp.r014.relation.1261	598218106760ec76cfe9ae181f460bdf1b9275415497c8ddb171b1bf1bc4d1b6
ttp.r014.relation.1262	2c3efe390076125ac0b365d21241e234fd00b65d5425aea4f0291740cc9e63d8
ttp.r014.relation.1263	e8057ce3f23905354542ef67bf9d99e314fe0d715ec7874db4a498c3e6f39067
ttp.r014.relation.1264	cb7f1e8e746466ccd9d33c4fe5aba686a5f27d0e0df9fd88df5fbc8a796f9b6b
ttp.r014.relation.1265	42348f192327f0d5be9c10e988e63ea349df2d9842820f15108e885d8acb970c
ttp.r014.relation.1266	45638be07ddf4ac4d7fa58a29b40d0a4a6c0cc4d03f1583262f8e0b250ef0f0f
ttp.r014.relation.1267	44ef695969e3f8a3f191737e6717661c77763459934e7bc3718990674bec67c7
ttp.r014.relation.1268	e8e5eb5d1feeb415aa6bd484135b4465ea558de321efef2e27a73d42e5ab3d1f
ttp.r014.relation.1269	5add08aeeea670c249ba1722581bb076c9839a3881eedc468c476cfdad2872af
ttp.r014.relation.1270	13719a48988019b6a0c623aa958f38022c41127bed343a0da0280f852ca5bcab
ttp.r014.relation.1271	2aafdd418e8213c811c01cb0f7bbdbb4113fc2e0d46b8fc66af8b739f2940283
ttp.r014.relation.1272	ddfb6eeba7a7f6945cc94d035d5624e584c65d4623a3cf18b8e8d026228ce118
ttp.r014.relation.1273	79dcea5d1a382353f1cedb30670af3320b9030bc6279399986112d9807c5bec4
ttp.r014.relation.1274	81b52bd16233a6610ca13fae4dcfe25fad42b9fe8425204d0c1b1d4aea936ee6
ttp.r014.relation.1275	4ae83ab545804baaccbeb18552733850cc0aae8fa9ef94fea4767b3d560c9d34
ttp.r014.relation.1276	39cb13f93db2044a143991e25ce2f47976e4777ce2d9d50be5e6e7040f47ad11
ttp.r014.relation.1277	160fb9dcccc966784e86af88cfaba8d322e10027424c61adb0afd8e3f00b10a1
ttp.r014.relation.1278	7fe30ec946a5e2b9dc46630b945e303d2e7ce5b3657bbb30054fbcd6e7e5a955
ttp.r014.relation.1279	bec59e0ba904e7970674b55a94cccc397112da45444c589049174f27877fd976
ttp.r014.relation.1280	17b41dc471615173e72dd40f226faff2b92512b02545e731e429c85b3703094b
ttp.r014.relation.1281	7243c1d27577be153a97ff1f551180174da06a93a9a9ad5b3ac467c05190ca54
ttp.r014.relation.1282	deef2c86c5a6b4d552c5453363f1a2cab04f5316a10aa0314cc8b469928c3e6f
ttp.r014.relation.1283	41732d4dbc092ae4334196750816c3df4f486f036677ed8d7fe61e7bd78e69a6
ttp.r014.relation.1284	d6b85b35d24187427bb4906e9c8c7982c1c697ef6f4183797c3f9b8fa1ba0702
ttp.r014.relation.1285	54ca138e1755f588d6882cc1429dd562f4edff90e8f0be5d87db1ebd31725e55
ttp.r014.relation.1286	5743be98036d14d771695beef73017ad2c8677aedf10fc525b3949fae592313b
ttp.r014.relation.1287	245436d03ab71fc4aa5fb8cf0866abe5dcb725452327d0fb6c11814c1ef629e2
ttp.r014.relation.1288	f55c446d2eb1c82f62963c3f4a070425f5653df96759c87b56fd8c363b862f74
ttp.r014.relation.1289	99843ea1cb76d61f0b11c1ae20ac5816be2a6acccbcfc8fd3016665c6b55d7a7
ttp.r014.relation.1290	e670a3fe8193befea7a6bca19d62bbe7be161568564d341044e5f78d9025aaa1
ttp.r014.relation.1291	592a009e57723cfd5a9d2f0346431410f534272fe519cd0213fe723e2b3dec90
ttp.r014.relation.1292	44541eac0fcfc00d0dbc8257be57c57fc9afd33e4892cb1748bd3fdd8cfe54dc
ttp.r014.relation.1293	849bf40c36090475c61b5937bc0166d6b1203c4dabc75f5213e5fc1fdee3695c
ttp.r014.relation.1294	78f77451587d027b776eef3cc6b931af03ed6fcc77e5d2c85402d5c0850da764
ttp.r014.relation.1295	12a8ba2765aeb03ad2891c2fc5361333393b7678716be72498382e2a8a26aa4c
ttp.r014.relation.1296	4d7545fb46f61ba9031986e991258531a57c51f7fb572c49d889c7b270b269a5
ttp.r014.relation.1297	15ae0b10f00847d02c94b7e2976d4a8cc8a2a98a7d94b1592895fcf0210a50da
ttp.r014.relation.1298	fffea7db29c77e96e6e391c50c5611c0543167f13aaee043d456ac06460c2732
ttp.r014.relation.1299	378f0678d6107d19ed62784be22df8bab98a9e7b62e54528f41ff91ced505487
ttp.r014.relation.1300	e631fb6c7e16d47e7cd13d17e990c763f1d1176bd8a16513c0adf9cd595c6182
ttp.r014.relation.1301	45e3bfd5d59d9b666f64813ff12b80b786846a4a649c152221fa4a9c0f4f49f1
ttp.r014.relation.1302	2540edcd78252f3c5695d6a0a3f1b691157c63bf598a86d98ea97e5a1f25a13b
ttp.r014.relation.1303	4896fc57ce3f90ec891a90c2a1fc269cdb449d3c64a6c79791514677dac0bfde
ttp.r014.relation.1304	8ac1238eaee54039df276cb1d7855085101f00ae5676d811933f135acdd71778
ttp.r014.relation.1305	b0e2e7f98ac8a40ae0953a2ef965831ff8fdb895fb60ebd39a4fe0e169f524c3
ttp.r014.relation.1306	8784491073f05954d1c106541a20bab9b80e71dc21927d9b9b62c55d08c2e045
ttp.r014.relation.1307	11e8a6d90cd7cc3c28b457ec838ba8dc7ca105ee85500580755c1451d4c52fe0
ttp.r014.relation.1308	609cedf0901508ca2aa8266b3a7c395bc9722a042095273f171402327f4e6c9b
ttp.r014.relation.1309	02755c0815afa829a69b54b3bfcaf70b486abb9971aae3132a7c25d9014d86c1
ttp.r014.relation.1310	64b54df8f66fe09f4dccb1047a39ec35c261cfe9b06444ba4f21a6b14d708ecf
ttp.r014.relation.1311	bb8cc3d474443bad70f7d028639a44b9213792828ff1e7b89fbc7f27c0e84797
ttp.r014.relation.1312	95f56f37812733cd7f1c526fcaf21cadb514f749731a6255ee3c75753fb20f1b
ttp.r014.relation.1313	720dde7208374e71a32830c05ab60d0f51f7fbc6feadb669f85d42fb17d0ba2d
ttp.r014.relation.1314	75225dccb0be65d90e03ff5643ff9d756c9da6c12ecba3ea6116a326a030456a
ttp.r014.relation.1315	87d807d0afec83fc7aa912103de2cbdf293c939ed49ca389d02fb60d97628183
ttp.r014.relation.1316	336603cee5a26af5469d897ebbd79ef5196b5b35758a610197d431731b9d1fe3
ttp.r014.relation.1317	8aebfed566ef163b4b8ea91b5042893b5b0be92b59c7fb72650428c72d3bc395
ttp.r014.relation.1318	06d69c7003e3c4def0243dc6ea2f8855b526368c9321605f4c153efe5032447f
ttp.r014.relation.1319	f34e19a8e4a8f186a8df8c096d879b512d66041650abbab25f96c7145d251b72
ttp.r014.relation.1320	b22901638b215b778dca8e9f62de9efb635856fd5caa9e26852edc2c7df8b7ba
ttp.r014.relation.1321	8990845d750d55fd8fa0984a4f9c8de75a1ba2c0f8ebd81fb61cdbfa2e23d206
ttp.r014.relation.1322	b9477ee417789ad54a77ce16a90e40c76abbac773de703598b81da032d5ae5ab
ttp.r014.relation.1323	efa4e91eea63387b9cc35a1b340125b7d36a29c2616535d39c0f37e171a98982
ttp.r014.relation.1324	a9c57bbc0f449e02b50425329fb8389d4d7d8cf663d2c7531d17eeb76fe3231d
ttp.r014.relation.1325	2a4ee2f470cd60b2e9b23f0e2cef31a6b3d486db6778cd733376d45a62fd2c6f
ttp.r014.relation.1326	57f12c1003905853d24785a95ed286873a529edd2dcab2e9339a1749efe29917
ttp.r014.relation.1327	7b85138b59dfc2232d25ed2d9a14134153fb2ed3d7ff126a47ba53f532294a0f
ttp.r014.relation.1328	09a2705f132c0ebb114534eff5a373d646b342a8d04cb4dd461a414c6763574b
ttp.r014.relation.1329	bbaa32a44d255783bfd6ed71482f4767d7392a1ca36c442417f0d48013afba09
ttp.r014.relation.1330	306bf78e676973982fe881eeeeaf818bd40767437f545ebf2553bb82385a631c
ttp.r014.relation.1331	a3ab09db9b0af785046299f8d9654fe8b252d00006115773098dbf602e8cef97
ttp.r014.relation.1332	809b2121948783c84952bd6250a98367fbaabc5a44192f476affea1ef801c389
ttp.r014.relation.1333	4861ab49c81b1ee4404b94aa82f5bf2b0ffacea2ad67a082580441bb24764724
ttp.r014.relation.1334	1442c2a22da4c037b9bd813f221e31ba77199ff8d58121963edc6975aa97f038
ttp.r014.relation.1335	545aa25650f6effb5ec8c5ce8f968b41209cff8bb7aa0076c76855410acc825f
ttp.r014.relation.1336	ffc452f205529264d339318a3955b3272c8099aad4ab8b73cc624b73335c6054
ttp.r014.relation.1337	f555770f33f9b7d9aaa3efdd0fad33a865dc3f1740b9ee2c050edeca79cace75
ttp.r014.relation.1338	df61b667daad80dcf0122f1862a23f1fd0a4fbf7728368ddf79a1e982ca5695c
ttp.r014.relation.1339	d548ed6350a99da913c5e585fccdd39e330ebec9e6dea66935509411aabd425f
ttp.r014.relation.1340	8d11ccc5c4693104c6b039a2a23527f30ac6136c8393db4e830729057ce53be0
ttp.r014.relation.1341	649444d08d0890e0b3cd9e03337ce53ffd1d539a2cfac9eb51848ebbef2450e8
ttp.r014.relation.1342	dd43636ed05d55e9e6ff1f8077e8f3df5d4f4224314354fd2a7f5c7f9bc4cda3
ttp.r014.relation.1343	a73d0a2f667acbbf0349852194be22e254ec2e80d7a7fa207d39afe50be76165
ttp.r014.relation.1344	a0df602332a5777a263dd93538cdae254746a017bf71f2a93c9701d43de2accc
ttp.r014.relation.1345	023da60c20030245425a926db621830fd368eeb634923ab3ab1c2c54cb12d812
ttp.r014.relation.1346	66c62c0d3725aab0a50dcd4d1b2e40536d0c14f862fcf58c7111ca97525282ba
ttp.r014.relation.1347	4f12d2b160b64a917f83afda69bcf191f74503b2b5a4b9a38e3e55715629dada
ttp.r014.relation.1348	0e0e4997e3f6c0e6ec786297cdb46c4231c3e9643a6f9af593206844d671540c
ttp.r014.relation.1349	d9f4f620e29fedceeee8d5b25d01fb46aa75c23d1643ce824004e1edcb0cc2e7
ttp.r014.relation.1350	9046ff3afa625bc0cf9feec6b928f15d889d4c0fca5d447247ca28a42184bca8
ttp.r014.relation.1351	dcb168b7c000500f0addd848d8710705918e8b46ca8bdf1782383046aca4c0cb
ttp.r014.relation.1352	b0ca923848f56d04654c2da2b35bc6bc630de09ed7cec32a56f76726ad5b1ae3
ttp.r014.relation.1353	5c26803b37885c677194b35fdaa6740bd35410d3a0d2f04b883ac651b9e68a04
ttp.r014.relation.1354	7c56ec2b54f631a93c55eeff7bdc9151125ab6dd4339699ca9161b313a9291c8
ttp.r014.relation.1355	5cc27236cc097931ac5c674c284b65aac4db7665efa0ad0707a100c402ab1306
ttp.r014.relation.1356	7700b66a9ccdec099668b59a111742083a301374a2b79581d09040c4364630ca
ttp.r014.relation.1357	40ff548957eb595049384a36e7cc03631dab5b6b7cf9f0ed6e6f310ae9b54adf
ttp.r014.relation.1358	90af9cd5fa7b7b1bbb33e82477e35bb2dde651ef368d30c27d43d5cb99fb830b
ttp.r014.relation.1359	75340d70511b23f83eb8e6bb2eb5cd80d3277753160dde4455f1d2461ab37345
ttp.r014.relation.1360	46948a4f07727a18059741cd13b9fa4153afa49637b5ab02118347fe7b3fb9f2
ttp.r014.relation.1361	0720fca7c6ba7a31d5516a8fe62afe7c3b833eae3400455b666d392232458a49
ttp.r014.relation.1362	6f893d6d9d45c9ef16388eb9c98b849f94b81a43496c56dde9427f0d8414478f
ttp.r014.relation.1363	b50348afd98ab363812b957c27b7a071b3cb52c1ae9901b13d0b2da4ed659c7b
ttp.r014.relation.1364	b73e8c6aca540bbecb807b28b84850f65d03d74d521d0fba3b2c92c30401722f
ttp.r014.relation.1365	fa9340e7a2d179d00b8093ba51e49d6fa610f673c5ecdb9a85317b575363f8e8
ttp.r014.relation.1366	e151a869f4383cc5e06f2e78b9ecac76ce9ec0d615006949d8af7a6f55107854
ttp.r014.relation.1367	bc71c5ccd2a85512a17bbdda68e17d8827f44600b4caa802fe36fbd1e1ed829b
ttp.r014.relation.1368	b55baba8532691b77711c557bac5400d66344bb8571a4037e8af21085236a3df
ttp.r014.relation.1369	753c6504132b0b11ae1f7eb7bffc91d200e6fbf86f6f8122524853a3d23d3a72
ttp.r014.relation.1370	7f730a61289f767204c975aa90f7f32c2ff916cf2a65a961f283e7bcd2aa37c0
ttp.r014.relation.1371	f51ba9fac98e8fc82e737fd496f7e7b0b84b5e1a063f275296a2e68f7a80636e
ttp.r014.relation.1372	750dc903429743962aa4eff093afee913ac64d0cc5f729e8b495b8fa82d72d9b
ttp.r014.relation.1373	480f67e79363c6ca957c98a757a3c982b124630b9224d8e8a3459220ce11d193
ttp.r014.relation.1374	582f06386ac44a28db7be6e9fc36bb6f36719d2485834671f69015202987c254
ttp.r014.relation.1375	7efd77636606be54270c09f3e1525218137797026c8dfad55088424815a80ca3
ttp.r014.relation.1376	697a63f32dcffd61356dab79194388ab621103874a5a9ea3d6ec303a2da4de0a
ttp.r014.relation.1377	6555f7cd736f576d657136db58c95021c87d9cfae8c5395418c2e96c71989fc9
ttp.r014.relation.1378	a4f14e6213f57027459d9cbe216b8b11ceecfacfaca8d41329acb577fbecf44c
ttp.r014.relation.1379	05f43717a07e77db77c95cb748ee188ddd696527a919a7e052a3467bdcaf71bd
ttp.r014.relation.1380	df100b3566e8090a9e5724ab4572d9ad64161a97ae9353a3e399e7110be920b5
ttp.r014.relation.1381	4b4aab7b11569c76b6cb9c3f33e642ba73dfc4b59105e78862ac3c31e153e65c
ttp.r014.relation.1382	cd85de4aeee6ef5558b3657c9d1fcecbe8a3e362ca59339afd860dec8779e6ef
ttp.r014.relation.1383	90f76187d0739096a8669a227bcbfc7b87e5de97cd75702db413d193cb94157c
ttp.r014.relation.1384	8ac6be66769d6c091fa93a916f6bf7ec4b9d58c42919eb66306fed4123e08252
ttp.r014.relation.1385	c3588d9ca240631c3ba0a5b95875181b424576318e938e25fd128626a5b99b2c
ttp.r014.relation.1386	a24dca452fcc7ee5a208faca3d150337a77fd3dfd35c9a94d8efb86988892b46
ttp.r014.relation.1387	150fbef54d83d1e77b6f88d5b973280eddb4c9add28c936f43fc8e3edff572dc
ttp.r014.relation.1388	b3f5de392e40bd4b91af411f17523d4ec9d346a0ebdb2f8e5a9c570681e8905c
ttp.r014.relation.1389	95fe3ca5d082316231129be33ac205849fbefb710c396333b53857de6889b324
ttp.r014.relation.1390	190505efbd5afffd196b867109a15a3b99ec27c893adaf1b60515299ff1d18db
ttp.r014.relation.1391	aa3b2cd1aa2647f0f479ac1887ee378b58834dfd3344ce3bc93529df8ff2f671
ttp.r014.relation.1392	f272432120f2fb28cdecf8191994b2d026d089ff7b856a9283d77b21ebbb4e51
ttp.r014.relation.1393	b52b4123b998eb4409cb129bbbdc951f09d713676c5458b639eddeb50069b4ab
ttp.r014.relation.1394	ec2dc5b48d7937b79f60e504fa2d561754754885e2dcdb74dbec753d11ea8e4d
ttp.r014.relation.1395	7cfe5bd68b8bbd0016d1ff8b144a23e640ecaf94f8aca7c5adb08c98fd1cdc68
ttp.r014.relation.1396	4bf0504f1c1d74fe880cbc06327599319faa66bfc50dace74e51d6bdaa51c643
ttp.r014.relation.1397	c13a2960d8570bddd09bf1ecdebc7788b63f97466ab7e5db97b5b621d273d4fd
ttp.r014.relation.1398	242ec75535cf3535ef9ce109932440af9f3e72029e938ab050726d93eac5bfad
ttp.r014.relation.1399	8906c67f161194d86ff63725fff3d6f04039f6f3b7479029315c13965de1fe6d
ttp.r014.relation.1400	ee16c1b7f53e8da1478d9abd23264a569cafef7b20b12cca396b57dd3d7f9008
ttp.r014.relation.1401	cf3f37ce5db89104dc39204df15254a860be92b40361b263e2ddec5417b85df9
ttp.r014.relation.1402	73e56a3c7e0309d9e4e4d52fe7a6bb71578fc0324e7ed7410fc723356c192f3b
ttp.r014.relation.1403	93a8cb47e37ac4c21cf186d017ea33ab1f2b7c42b1962229132da7af58fc4e91
ttp.r014.relation.1404	a2baddc27795fafb80aedf62e7f65d662ee7a31e75e3ccb7cab90738362967dd
ttp.r014.relation.1405	0ce7e9d8ad2426c56c8bc3fb3efe6805c2de99bf269e5a530581861ef1798c4f
ttp.r014.relation.1406	78ac3515dbdec2588579673b2da87601b737600c56a19a1d4b38edf9897dfe96
ttp.r014.relation.1407	9f6a6a44f6ed17a5f0207aca23e741f21ffd012c60bc0ff55b93ae5ac4068c05
ttp.r014.relation.1408	a688674f3048d4e2af28571d50b4d53b836cd5e804fcc7a80567b4d29393a5c1
ttp.r014.relation.1409	3113a57182a3c28e18799f92eec4801e5dcdc61ce402edec634834fd79052642
ttp.r014.relation.1410	8289844824103c0318b95423080ce91784fa44b0ea49a70d356114b87c34b6f5
ttp.r014.relation.1411	be215ffef0b67a643b71a69b2b558e0986b8776350556af62f895878088deb0f
ttp.r014.relation.1412	3c67e71e4620e6cdeddc420efd19e7acd503b3c95849b06c969d4d2a3ac085fc
ttp.r014.relation.1413	36d82a557a58cdf3eb8406b807b67c2e9fd6e53782bf33525c8de1bf6a2186f6
ttp.r014.relation.1414	267449a1c87b5e0a6222e9134462ce224222953681e63cb6ae0e69878d98ebd1
ttp.r014.relation.1415	3c0ddf7e75f9398464a9c748656248f7adf19ff376e120936b773e14c780afc3
ttp.r014.relation.1416	a2372d44d20b52e066479a10c0d519483f4b96278746c316d65a08420ffbc347
ttp.r014.relation.1417	71ded21bd48aaaa9e83edf72f71e4e6276fab249159ec4e4b97db5837678c219
ttp.r014.relation.1418	348ed80ea9c5a7ebaeb09923021997e4d03f0361dabede5fdf194b3a53333213
ttp.r014.relation.1419	2757c60daa833db0dc421f841dd412c786594fc25930b04b7bb1f32f18520a3e
ttp.r014.relation.1420	64bc67a3803b72f7eaad308404f9a1501ac7017cf32bcbfc9e8c5072118b9f23
ttp.r014.relation.1421	5cff065f79b6c9a3b90a7cfcf4ef706235dc4c4e4be4451e02b8d1d4205c176e
ttp.r014.relation.1422	06de8e4d3653b3a177e46dedf9c7e8a2b89c05562b720f5bc25abcef949eee20
ttp.r014.relation.1423	e3dbd40e1fa3bdb07df182f94a9da96b7436af347cd3c0be75f14b7b770fb2d8
ttp.r014.relation.1424	23ff3f9928e858302608e95eeb4e9383f611bcaf8659dd26e70dfe1d6af09190
ttp.r014.relation.1425	b56122e01d1ae1d046a538f125cfa2e98809c07c1df9489c00c41ac57b356b84
ttp.r014.relation.1426	63725748d0c3a8b5a4b1365eede551a50029a3bcb1fdd4aa3e446b479f7ec8f0
ttp.r014.relation.1427	5b9e29444b0f4072d7f668965c5d80788954aefe2a07b78190c88a8d9ee30602
ttp.r014.relation.1428	a880dd93ad9e4a8a356a39ff525745c6eae65d70144afa67a1f85042641552f0
ttp.r014.relation.1429	674ba881396df16150f1bffc58c06db9f1944518c37571edfab71d6478bb43cf
ttp.r014.relation.1430	b3814655a82025fd6a322160563b8d69eb0105c2c5b731eebca57e977d09fdc4
ttp.r014.relation.1431	958faae5817ba6127b14b370f49d1009311b95c8107ba9843aa9c66bb2b5646c
ttp.r014.relation.1432	5586e1a3b2813ebf65c310d67fd337cec1b0ecbfe4774a931bd5f13d8ac32701
ttp.r014.relation.1433	8e807af2e1e2ae8e599e1bdf1ce6293f9d338e856029a106aa19daa628ff8a23
ttp.r014.relation.1434	7e130b845c0f0870ed3155f8e4f002b1b6ef8fd0acadab603b492693ea386a11
ttp.r014.relation.1435	08bc08d7d9183ac2ba3b236db17500b7cd0f9642a9255a7c4c13ba6d4d6609d0
ttp.r014.relation.1436	08daab84434b256c038ad0921c10d814da265f1838ff85b53d13cf017c05432b
ttp.r014.relation.1437	8e9664fab8dceba17e489bc69794cdf978b3f98fc396cfa80693b63249d66fea
ttp.r014.relation.1438	f985c2ded5d4eb6f25dc0087073f26cafbeac422ee7db539a43f28baea27ab92
ttp.r014.relation.1439	ba75feddbfcd33f425cb08572e45f1a2ab8716b39a28b5da14c95cab9b9a5287
ttp.r014.relation.1440	96b078efa4094c47f093ced8c1315c5bb4cb352c98c4f8424afb1294264440c5
ttp.r014.relation.1441	93de6196670eb1c994a48c814cb6eb7ad50adba8716d1d84026c86bf41b1fdf4
ttp.r014.relation.1442	fc4803553727dcf402d7c73fd70ea66a12107ee4194308d89a27d556e3bb49e7
ttp.r014.relation.1443	c73dd30b90825d301d586a8e6c71b6f148179e5f69f3cfbf18e024a0124f3102
ttp.r014.relation.1444	a49f19b5971a06feeab13f69a618ee8c3229e310b63806c923364173af2da5ab
ttp.r014.relation.1445	d358a16a30d946234ea8bf95b5e2bfea66031315c95b45e869a0306a9508add3
ttp.r014.relation.1446	c4304965e774605152cc7f6beaea494e26f8e7c6ececc30818289ab250f1da14
ttp.r014.relation.1447	10ca33429fbf9bf4a28fb8bce66b087cdb2f10ce1c6fdeee064e046498fc1581
ttp.r014.relation.1448	87c66cf354dd00bd45594acaa8c60831299c52213951439cb46c5b9498ea0cd0
ttp.r014.relation.1449	a553606b5a3f2a82e8a94961584b88800acd1fb8796d2c71771c29e0e1de1380
ttp.r014.relation.1450	affaf95878b6f44c4b63eb6ebf2a61f71584c2e934c94b6e0d492191fde9f92b
ttp.r014.relation.1451	964f23a4a14a2c0d76572b5a36af43cf4ec478c9aa2f73c744123317e30491ab
ttp.r014.relation.1452	0bc0946d3d771ede838b29cc2574ad3436b893ba62c885456bc760d315c07cdd
ttp.r014.relation.1453	c7f7e15e910392fc12c345ae8754a603d0dbe50484a6cfb020d212db02d8a0c1
ttp.r014.relation.1454	8c3d3a21ca179b5b447444656656f91bafb9dd1f03357ea2c575fd0b47cd0637
ttp.r014.relation.1455	72a413963d7f78377b802dc7cf7d8b544b7ed86334f586ac7dd1c081e9a9ffd5
ttp.r014.relation.1456	67c17c17d8ca92dce0bc68acaa5d3ec7288154234fe255393ebe1b3fffe7298a
ttp.r014.relation.1457	4394fe3ef7a837654cb04a20d55f885f7a007c6d06c3f5d273ac58bcbe26d851
ttp.r014.relation.1458	dd8b9bc300b6b5df3ea1865ae6161cdbb4ebc044867693f6d26bdcf6047314b4
ttp.r014.relation.1459	e1cffe71d785529a8cd9b3f8a6ffbfb4443930cfe8f82753390d01a055c6b82d
ttp.r014.relation.1460	c8825787e727463f33ab53bce8f44882998dc2d27e76c94ed689268408a9e5f2
ttp.r014.relation.1461	267b44b01b9d0396477fb19859889c36885c98c22013d7d5e09dbf127e92fdea
ttp.r014.relation.1462	14846d742ed30238dbaa9929fbbe9431899b195e6c0272016bea4f25227115ea
ttp.r014.relation.1463	c9e32228d4a069a690e12c89da55a1b947265c4a46308ca196b37528d0fa99cc
ttp.r014.relation.1464	2dc2cbfa77b53f3a3b0e35b49f6e77a11678ca85f068dd435c1df37667ef6fb3
ttp.r014.relation.1465	bd6757719d7439632240d0a57529afde7e97cceb2932bf144054062a89f2c99d
ttp.r014.relation.1466	89ab5ea3badd71cc25829489c94a714530d2b731a67443e6ba79525bd137b0fe
ttp.r014.relation.1467	a4c2ba14dc2cb7790e127e9e7298de8e99cb44075250dcfb5a604e2dfdd9a46a
ttp.r014.relation.1468	857a7cd480cf5e5b9a6e53a2576d91ee09e7ed5e325959a97a255618b319e7fb
ttp.r014.relation.1469	22e827c8f6b586827ec0ef89d59d29365df76ed0f94f2d0805ed24bb9966b9f7
ttp.r014.relation.1470	541cd56e243ba35022b1631e0a27ad168a926d249b488a0c01bfd1b765e4afd2
ttp.r014.relation.1471	4003ae816de7bb6ae4fe726513302f25585f875dedcadad108de4d79a3c31107
ttp.r014.relation.1472	46686cb2a76f61a3f82a0763c6fa712f36089c0f14840a39bd351ac3b85d69c7
ttp.r014.relation.1473	605990957cb46f87c1ac7417d0f9600b3b61fe9b4b7fd6a9959be9c44bf1557a
ttp.r014.relation.1474	c694180376350356cd9d1c1e2f0763009870fe16215f3c906a819e64665f6826
ttp.r014.relation.1475	eb5d3218296c746b867d2013859145e6919fc61374dadebfbfac17db6130c85b
ttp.r014.relation.1476	2da92c1abe6b4233ef15c37c7b435817ec37c7d6bd7cdcaf0994325aea6fba9d
ttp.r014.relation.1477	1502a4a86e02203c80795a5ceb3faab1c456d9383ab3b17bb663a6adb46d790e
ttp.r014.relation.1478	db73aa99e5e348bd3b145d4a53c1e8fe939c8dcba0830b0294499a0ca7b42837
ttp.r014.relation.1479	23bf1d7398e8259561d60b0fc23de7519ed2c1916a3e17cbfdf76c34c358f416
ttp.r014.relation.1480	e3d12f838c86b12c011fc644dfe3307c7ab25595e98973adc53e041d1f1a2aba
ttp.r014.relation.1481	9057a882d061a37130bc4b93318f2e141dbba77a7180ad17ceb783daab88b965
ttp.r014.relation.1482	55f0c260291e3647692349568c1e6d1a772798b63997c324cfcc076626545e84
ttp.r014.relation.1483	6b443c42efc5a315d47552bc195d85541f06c9e3dd4d3854f42cf7eeffcc1a1f
ttp.r014.relation.1484	f6fb69e13cbb28922be538acaf497f6b7d366c310ce82d6fe2e0ff9702c46f45
ttp.r014.relation.1485	730f034208aeadacca7d3f354a8ca82645a78da2a13a580a1bac47c31471257d
ttp.r014.relation.1486	8dcc84e56aa5188888914dd50be85f876e30c00ef637745ba93351baee1e0e0e
ttp.r014.relation.1487	a64cba32fa61043f812bfa96c1718e6e663f6d0ef196bd9b6b3eeda08a6c612f
ttp.r014.relation.1488	9490465cad90786e0726446f47458e3fc8345ff805ae41c798787875d0085143
ttp.r014.relation.1489	7956158220e9c3854227c53965a8a924c4b7d79802f818f0fdf9f492e0bf50b8
ttp.r014.relation.1490	4366059486b1ca8a3aca200c4bc5cad25f3d55be59a8b2741d1c646d8b0710be
ttp.r014.relation.1491	2c9fd0f7707970fd4f2925d6578198cc88bed460b2cffdf87c32e138e510803d
ttp.r014.relation.1492	75334cff4008311ee14486950ceb5f2a3175a2d04ee094fb93088c7ada9cae9a
ttp.r014.relation.1493	284075a99408cf711783ad3d93154ae5a3a44efb1a0a73ec08e8f0bca6789dda
ttp.r014.relation.1494	238c5e5d6dee037744c0bb09b093d5c93f8090cf1f74fb2d6b1ce6e14352206b
ttp.r014.relation.1495	78037277e982150947eada583d9bf45aa55ea99ad3c1c78b09c46f7bfddec32a
ttp.r014.relation.1496	46635735c48422d47f8198949964fe961a10012535b06873fd3ce78414cb4e65
ttp.r014.relation.1497	da458391cca3bca2de9f4df40d09ee396d21b2b643baccdb9c3884834a04e6bb
ttp.r014.relation.1498	ef1a8e5437b76e2278a241fe9d7873665780547737c9eccd3d498c6c0b8842a2
ttp.r014.relation.1499	9ea682ef8256538eb40880cfb3789238a215ef9f8b6b42f75b57f865127b827c
ttp.r014.relation.1500	cef4e7e174f48f1bc8ff0b7f037008e6482c3d1d23c95ff5850028c02c6b0801
ttp.r014.relation.1501	b686161f7ee800319f61383229551ce11489b2d8188f24c602f8fa9dbf345d0a
ttp.r014.relation.1502	50a14e88d91ba21ac597266d83aff0c13488f717f19bee1ceb97c60c425ae453
ttp.r014.relation.1503	112a4e8a950f1d71dbf56b2b68e180768a9444521fc5915c61f3d6f2a7aee109
ttp.r014.relation.1504	9e57a340bf49914623269a51264e8133284fa00727df4519a84d42bd0b81862a
ttp.r014.relation.1505	c3da89c2af85e89575cc86db89a84b3d3705b35a6f54f910f5fe9454dd5b60b2
ttp.r014.relation.1506	b290115d1331fd4779bf81c1758c17d9582830f8f7b72a892a55150e56c2bd84
ttp.r014.relation.1507	15d8d18f45b65938c0988904e45f8f5f4222d8939dc01b8ac522fc8132d8f3b0
ttp.r014.relation.1508	40f7b2a383cf7cc020dbd33e1709e130586947af45cbcbd24c55f9133781befb
ttp.r014.relation.1509	9f36f595edc3ab71ae3b537d07ee40208f564a409883a3802dd894a108e0f71f
ttp.r014.relation.1510	a06ccabaeaff70d2ae9fa48678e551bd1c8edc5c8c5b90c99d460e5ac90c7743
ttp.r014.relation.1511	3d6aa4df662ad717c0264854389c3adb9afa55570d6e1137d87b1345db4d5cdc
ttp.r014.relation.1512	a086404faca53237b1fe7f506d04494f615fa5dde708f8c6de35f4173131284b
ttp.r014.relation.1513	d8aa5910dce028fd7856107aedd7224b70a31822679888835ddfc48a6658ab89
ttp.r014.relation.1514	bb6fd5c4e0235ea048ec6fac7705cf41d5708362d30b14adec6646cfed5eb98a
ttp.r014.relation.1515	494dc87cbc352897be8dea1d43748e71a6ea5d0bf9231d85a5684a646b09fd00
ttp.r014.relation.1516	7a7cb866e59f15afbfe014cf0627ecf93c06d24cbcf189945e04151f2239d57f
ttp.r014.relation.1517	daf600ebb5b97ba8b401a4d97c292488ad354f4581b33daa6b453dc3426f3b2a
ttp.r014.relation.1518	668b98dbf63483271e10fa1e9f56f21a9450f4212c9866abc29842f94f9e85a4
ttp.r014.relation.1519	c7e5dcc0c235eaa318811cfd41f7dba52514f8a575d816080feba9b1975865ac
ttp.r014.relation.1520	6ca37aceed196a646e5782b8bd5893acc3900aafb02fec24b49fa77633c3e207
ttp.r014.relation.1521	a49ebd9227c3f58b3f5384d5367b35246ff074a2d86cf7dd714dd2168b7eb187
ttp.r014.relation.1522	f41eacbc175ec98ae999dff5297b34fe0e0ccd8a5d0556d4a513a8f2df5c4bf0
ttp.r014.relation.1523	c21966ecda6acf221783a13f2d24ddcb151642362e68e1b3a9367f6e363a43b5
ttp.r014.relation.1524	03aa280dd6c95e706e777e41a3c53f88fd6ebee7fc2e4033ce464408fd20e75e
ttp.r014.relation.1525	d442d8567124efc36ad53512de5f661f19bb172e3a563db165286840b16cc9bd
ttp.r014.relation.1526	0b11ed29eca5c15fe6edf99939fae8d21010686b499c2bd5259b4f9150eb1e32
ttp.r014.relation.1527	2e646f586812e422a8725e13bbef58afa54770a411adf77388863250de683602
ttp.r014.relation.1528	51ed8701b69010a96fa57c44068df03a72068a678b5a04ba13711a960562be50
ttp.r014.relation.1529	e898343ed69b01fc7ce0fa60804c18b8080c4150160083e84893551c5c6d3830
ttp.r014.relation.1530	94a84e7f029224071a8d3fc9f1290d09eccc180d746c211716e116630f338be8
ttp.r014.relation.1531	ab402ca2fe0d7c18b40a11ff1f51f9051e97262692c4688d39bd447c3b92a887
ttp.r014.relation.1532	2ab3e387a3ae29b86f1fae8081fd72831c386ed9958080becb7d4b9fff34b68f
ttp.r014.relation.1533	9aa6a9112cf86e9a111e0bb5567c7f1842441a69022f46d76bbdd61734a05009
ttp.r014.relation.1534	7125b88a268e61581739c68deca624bd43da37f9bc900c16fc5cc9542cc706d9
ttp.r014.relation.1535	e922621dbb1c50832ceb443f214dac8d1dbcca5ce33fc09846b7fbf3a6beb58f
ttp.r014.relation.1536	c8f89502127c1239301afa64c534d5f4feaddf7b5c73ddf2d5b0a9a2ec351774
ttp.r014.relation.1537	665ae1472dfdda5bf9f9a297378a8e6abe6690ee88a506c98ca69a5fbb6b7bf1
ttp.r014.relation.1538	cbb910ebab0749e600f75c43c02c7191662f26bdaaf7179c4821aac3b3800d7c
ttp.r014.relation.1539	5b0cbe5cb737074b5cd536e278161d1b305350d9ceff568bc87406a08e3cac9d
ttp.r014.relation.1540	11e92ff2237d9ece13fc2b9562e0624334e9bf7d17ace6f25b5c56cd854a3abb
ttp.r014.relation.1541	a518967f5c5a75671e480a22826515c2478fe1833af475619503c28fcd08a1c1
ttp.r014.relation.1542	2216ac1b1ddf04faafa4edc16ab58fd47f9332a0f387e3c83590106db027c91d
ttp.r014.relation.1543	0057c4cd9f8b9a25d63ed6f2aed9ede0e348e5123bf90c49ef0b0ab52e868aef
ttp.r014.relation.1544	e0f9aa82cb4b1b7949d24b5c8a587b1098e7bf8f2888cf013fbc9889e20607fd
rights.yaintt.id-id.derivative	9828e65abce992f8217ca242930a248ba1ac42f58ea0fd8900ccb6d6e45871ba
rights.yaintt.id-id.derivative.boundary10	326e21d50d6acdac3f6159876c60ba7f13ec1e40a5899089c4d8983fcd35889c
rights.yaintt.id-id.derivative.boundary11	ee9c19fb403a14a28cd0f0c32c81a58d69a8fa11850aabd50b856a3eca84491f
rights.yaintt.id-id.derivative.boundary4	e2a1cc4b4cbbb99006bea9bf8726463b80f937f5deca84d133636e7f5d6c6b4e
rights.yaintt.id-id.derivative.boundary5	e4debc13de5fbb2e70e9a1faa9ed56b4223fed207d2c049e9ff751fcba3fc725
rights.yaintt.id-id.derivative.boundary6	e8f76d1310d04973d9520b05bf272b7bb9189586b3c4d160b61121efab7c4b3d
rights.yaintt.id-id.derivative.boundary7	da5685c9262b251f6beca8472905ca1326dfcebf4b03a4c0f73ce433fe09cec3
rights.yaintt.id-id.derivative.boundary8	f73116863417414de42245bef0868f6f364dfad7103f520a4ddaaed0cf2b4f15
rights.yaintt.id-id.derivative.boundary9	54db0641ce1256cbb35d21fbfbe07e34490bd3556d33cac4288d4c6d949429c1
rights.yaintt.landing_page	0cf2139d8254c42ff965a43e35e3daa106094203e945006f103211dfcd872724
rights.yaintt.license_badge	526cd0e534f989895099cb5600bbc36831fc1ffd9f4db4760e0d570705af4a0a
rights.yaintt.official_pdf	44287d21bfd09c96bac092769bf7497a26fb2dada51c82bcff831db44145b216
rights.yaintt.scytale	404c7c15a5eb789f7db252735c9521921aeb9a77f46bc04ef0eca32086298ba8
rights.yaintt.text_and_author_assets	4c82e68743f00672dc32ce5dcd0bb0d64335a95a812f0fd3ff8f400fdbd9acb0
ttp.r014.qa.backend-boundary10-determinism	f0d6440fcc088790e01b9d30f23752a61555f81e0c6190b1157b734d3fc1d6c5
ttp.r014.qa.backend-boundary11-determinism	1d8276c0be43597e15d9e356c74df6a8ec426889ef8fca2bb611fa45f17723ca
ttp.r014.qa.backend-boundary4-determinism	5b9242e010a37b9ab21d7209e25972641eda9f0c95a9da92f498e43fd60d6db3
ttp.r014.qa.backend-boundary5-determinism	280ab94126fe22cd0f35b84b4098476b84b55f48efaef972cf2747c01346fa20
ttp.r014.qa.backend-boundary6-determinism	575d4dd83dc1bdfd295653b1e6de392192a370e76505462b2c3f3aac85261a4b
ttp.r014.qa.backend-boundary7-determinism	31a505101803b604ae6489d1858cd30feb9d3eb4443eb1b63f841806d391d3bf
ttp.r014.qa.backend-boundary8-determinism	00e0d53e917355ebd6c40bc93d7cf05bb52dd9e90b6d1dc0af2f4ee3686221a3
ttp.r014.qa.backend-boundary9-determinism	89fb857cb3bb519b8f494bc9a51c436bfb29c1b45757787212529d2506067e5f
ttp.r014.qa.backend-roundtrip	0b586495b769a6f2cec7ef8c67b704e3cf7a51cedb2a45ad866edf6ec065a905
ttp.r014.qa.boundary1-accessibility	fd9c054e0286abe06c0a21fc84fde79795b78fc364335115d7ce88e6835abdc6
ttp.r014.qa.boundary1-build	67847ffa0c5f717bdfdb40689fc03b6b4d3578d6e6a357b12531523a0bb6b151
ttp.r014.qa.boundary1-language	6a26b8f3b5a03b6cd556ed61edfe61abb6947e1e17f16960b57bcf869ed4e419
ttp.r014.qa.boundary1-math	307815c6a959deaed46f868bbcea1100ff1f3421cad2172c289a4e05e4cd8858
ttp.r014.qa.boundary1-topology	2426bb85ca677505122859002286d767e4563382c12061dcd35b9396b524fdaf
ttp.r014.qa.boundary1-visual	8bed3c395d42b663619094694e4f327c892133e57c78604d9d3a1317a2ed9715
ttp.r014.qa.boundary10-accessibility	3a183933f651521df78ad2bea653693054405a94d77fecd68aac49504eb2c6db
ttp.r014.qa.boundary10-build	d518fb70f89d907282dd74a33d8ac8d8ac45c62d79bad6e179dba9044c692637
ttp.r014.qa.boundary10-visual	85cd19e026c27c6427dbffc6f89b87d3e7a7a9f181bd81bcab7285a5479c4d08
ttp.r014.qa.boundary11-accessibility	f6d1363af827352d7d5ad64bcbb365a5f6125c13ddf18ff66530d26b7f51e12a
ttp.r014.qa.boundary11-build	b26067693e39b61a113a70758bff65c54e76fe94c75a9045ca8eac58c277aabd
ttp.r014.qa.boundary11-visual	da1cd0713b0a6ede78e157205de8c60c54b9e402fd4125799858bd06954ea65b
ttp.r014.qa.boundary2-accessibility	c9ca55f9df05249e310939284a5e410d5959b7e012dfefa5969f3c280a6921ab
ttp.r014.qa.boundary2-build	ca46072695d29303f66bf511322c4073dab4d26b5b4a35b9ba42122f1e7ab400
ttp.r014.qa.boundary2-visual	d86e310fa78ff034d5e05b42b04b6ecac9ca2072bc44f6d09d07a5064964cec5
ttp.r014.qa.boundary3-accessibility	7843cc13e4e7445e9a6aac2ce6e7edb53c1bad58b384468d46686e8267f98466
ttp.r014.qa.boundary3-build	bb528a744071b1e2b279da750f1e9a7039c3a4cdf8d1ce8fb4beec61dfd532d8
ttp.r014.qa.boundary3-visual	7583ce74d630bcdae23689456ebebe0bbd89818757b40afae4ad4ad1e61d88c4
ttp.r014.qa.boundary4-accessibility	9af857800c4e5bc0ec88b6bbb34469c1912186e5efed936a7f84a1861d501d84
ttp.r014.qa.boundary4-build	24434a6e8420fea642d731f2bd53fba8970024768972379f8f2d06500c4725c1
ttp.r014.qa.boundary4-visual	ecde33abfc7a408bc726caa60a79d43252917a0e423d3dc2b84683ba01a8572c
ttp.r014.qa.boundary5-accessibility	2be41d9453aa95c25fefb3a4a861c6b1f94c32e4fa184300902f4c8b5e63cbdc
ttp.r014.qa.boundary5-build	ae6214a12c86c4bf5d0f9e0da4747f782aaae0ab42e08130c1909837f70a9f9c
ttp.r014.qa.boundary5-visual	12ccbcd76bb853da8bb38868eef2c69b15efe39f3cdb5450d81e18fe11fd1012
ttp.r014.qa.boundary6-accessibility	d2b2fee5e1f425f141e6abd9a991a236b9671e76642b7bed6aceff52021f37eb
ttp.r014.qa.boundary6-build	a34c02fea68b4f812b947fa2d539769e3440b97f577bd89d207b0d9b7fbbeb4e
ttp.r014.qa.boundary6-visual	f47a258458c52f0ef055fcb06d1375239abe10318c1414ffb4eb84fdb7e7ec0b
ttp.r014.qa.boundary7-accessibility	52c898d29654a8a243ba6ce163ad47b3ca3ace382f20f1ba689a950cd27746cb
ttp.r014.qa.boundary7-build	d811f25cfef1d83bea58367db629de6bd7e8d9312d2c7e2a7f7c870bf554ec7b
ttp.r014.qa.boundary7-visual	e958a6d0c6ab3df78f3fc5d919cf8a9782bea5650164675beed1b5a27e3d1e85
ttp.r014.qa.boundary8-accessibility	28e13287db9db6a5ec4b38bbe33b1d3efe28c496e72bd017c14dd9cd4c5cad8a
ttp.r014.qa.boundary8-build	5cce3d4fcf0d764e45e65e9dca0485a7f54b774e9c4ccf3864b5520195d13e79
ttp.r014.qa.boundary8-visual	75381022b5ebb9f6278dec775f13a543d2e56050892757a618445d9dacf59cd4
ttp.r014.qa.boundary9-accessibility	e21e6076632b983f48704883236f63d24e48781c9bb10a7141bd87d9e1dfabc7
ttp.r014.qa.boundary9-build	4a20816b915174edc175e18132be220f9f3281578d5f478a6e1858a940d929e9
ttp.r014.qa.boundary9-visual	53dc360ef85aaae1de8362a65ed2386a8dc929f2f9b4e65ab7589f2b4962649c
ttp.r014.qa.component-rights	1dad6190462b33db0c8f9b1a4ef1d47a1960b90eaac5e0cc7169449b56e6cc99
ttp.r014.qa.section-aowi-language	7dc118f95f5ce80fb53ff79a472f25a7017b09aa658ae61770c3aa79a47783fd
ttp.r014.qa.section-aowi-math	6d75527f3e822499d791b5ac85239d63c62bd8a45d5c691ea4154fc2ce4f5ea2
ttp.r014.qa.section-aowi-topology	ff4f0cd52d4956cfb27eaaffc637abb6e84e524c9674999606eff1fb4c593369
ttp.r014.qa.section-awtwwc-language	be77033f2ba4128556c4e7e66aa25d1e66389f7a235b080e7e0d05896759b0d8
ttp.r014.qa.section-awtwwc-math	73090255984ff1176663e788eb6c4d46f8f09dc8f8e291714fa5f4cd31ae2d94
ttp.r014.qa.section-awtwwc-topology	3d0963bf993097c394eee0d43bf49f640fbc1f8048f058245fe025ca150d3d83
ttp.r014.qa.section-crt-language	9802de84fe7c2f17ba9ed01b00d9ad074da96a66b7255c5da1ef16974150dc81
ttp.r014.qa.section-crt-math	76f20cbd980ab4677f31c03a289f27573c4ce3163d1ff3f6ba3e9c1017709087
ttp.r014.qa.section-crt-topology	5376d30212b68fb8734c1692a608c9d60b2346bb90da29767445fff8a0542929
ttp.r014.qa.section-dada-language	74d0728a3ebfcd7f14c26056ffa95ce24e4cb4b27fd62ed7fa40a3653c4f977e
ttp.r014.qa.section-dada-math	fb2c6e2d0d3a01f38585ec28ef68ea9df1041cf2f9c359193fbdaf523fac439e
ttp.r014.qa.section-dada-topology	0a85c13eb537a89e1ca40a2796e7befa29e888bdc1cb0da9ab8d5ecae4b78aac
ttp.r014.qa.section-ea-language	44b07b9a08b5b4d1750cb2f06c710833fd0f9cc7647ba6955a54b227114bb3d6
ttp.r014.qa.section-ea-math	79409854792f509bca41a656955f276c53d8088fe63c1511866b22cc4af97c79
ttp.r014.qa.section-ea-topology	b1de8cdeda75ee013681bb9031a485405a826f391e0ced93ff50af0888ef18c3
ttp.r014.qa.section-ephif-language	73ace75b6adc960a8d33146bc311a0a814f729b4dde8d6cff10ebb5ba166baa6
ttp.r014.qa.section-ephif-math	dc2010104ecc1aa14af7defdfcc7601609d787970c84f737caf2c46e9a63f29f
ttp.r014.qa.section-ephif-topology	7b7c601327857a6389711bb96e7ca32e1ae80c20f78882a1f92c84d58e065566
ttp.r014.qa.section-gcd-language	0aaec1a437800284a8fdf096d6c2cc71cf14fd30e7096c7c42a87c49d3d8fc23
ttp.r014.qa.section-gcd-math	44497d657bb026c844bdba110df0787eb6d33d5d525c79e618d858fdd4880fd4
ttp.r014.qa.section-gcd-topology	426abc302bced8ecbbb761195a0a0031c622076ec40959104108dbf501c50181
ttp.r014.qa.section-itc-language	a8337bc6800f497e3883e1c7299024cb2893c1c1fff8c95931a19b1835dd152a
ttp.r014.qa.section-itc-math	6d8bd3cf7d7ab85d771d99a7bfe10039357ef2fffb9ce27ae5c0da6a65683c5e
ttp.r014.qa.section-itc-topology	5a97ff9276997dffeea2ef4fc115b6b7199ad6fb586a5d937462c5b3fa7221ed
ttp.r014.qa.section-lc-language	17050b1c7d306ef538049e4dc1581b12d8b32a2d2e6eee32ff9afb36da0748df
ttp.r014.qa.section-lc-math	dc96ed6c5f061ee6d6f63004b8e973eeab7eade5d5fb24099d2849d8799cadb2
ttp.r014.qa.section-lc-topology	e2b921cbba928154995de43dfc69f194fccac44b07584ba3650145f60fcd6e6e
ttp.r014.qa.section-roiidb-language	1e6632877f1b67d5c0e565517e6a139e8e6c172f7a438f0559916ade708817d1
ttp.r014.qa.section-roiidb-math	8cc3fda857ec564eaac6579d09bdfed7df7223ae39ac8045b78f708e3973d707
ttp.r014.qa.section-roiidb-topology	1a1cc52b7ba70c815ba101feb8b210e246fbed84dd39af2add03e92c5ba6eb73
ttp.r014.qa.source-authority	7fe8d6d63064577e0baec6997678c558f1c9aa7da2cb668d931d05e7bf5977d6
ttp.r014.qa.upstream-build	26519a25dafb6bfdb6930ead515114f4aeeee2fe91597700dcf7da06f8f5a24d
ttp.r014.artifact.authority-manifest	2fb5f5622ed9e105b9e1cf64f27d28361496b24c172321c913567730dbfd8ff8
ttp.r014.artifact.boundary1-pdf	77a8f3e63d0bc6be800788c53e8de501c01ea76fed5dd7cdbac0d03795c5dcff
ttp.r014.artifact.boundary10-pdf	f5bfe5a84c21f48089120a73dbebd43e47616264291bac688378f6afcf735054
ttp.r014.artifact.boundary11-pdf	309e9911a49d034c5ad66f450e38dee60b2626852f4c4a70dfd25ecd4ae9e612
ttp.r014.artifact.boundary2-pdf	ead058e776f51b752b468ae98b878afeed21eeea6a218a64033a37c6c05dd59a
ttp.r014.artifact.boundary3-pdf	c1bf3a62e37f0a9933481fa821fa4bf6adcdb4501065734e17ef4a220aa8b3af
ttp.r014.artifact.boundary4-pdf	31b8d74a1ac1c611418b51c7374b907fda462193781f663ab309ce7c70874bd6
ttp.r014.artifact.boundary5-pdf	bfd156473dabc69a9c7bd73be880a59585a2d590c76727ac2513944631bd452a
ttp.r014.artifact.boundary6-pdf	4b37d6b9302ab4660e65e293b60a962d4ae61fe1e7a75858f394e86ecd927fc3
ttp.r014.artifact.boundary7-pdf	a1ad1fe8498a526dfee3723adb4811318d14a462c929042a447efefaaa9c23c6
ttp.r014.artifact.boundary8-pdf	ad30ee46fdc6d66b9605cb4caa39cad5cd16107a7c625bc78e975e056ea555bf
ttp.r014.artifact.boundary9-pdf	4e9ccb6331cdc924a4abc58c50b2fed9271c3dfc7e704b60fbd8ade4853254c7
ttp.r014.artifact.official-pdf	a26b291468677cfa1f4835179a7c4337388c220241ccdfcc7b7f6193d9a43272
ttp.r014.artifact.qa-bundle	b9d9d0724531eb2b0363ad9d0947ee256d5d256b7907e583578e2f13c1685ec9
ttp.r014.artifact.qa-bundle.boundary10	9e8a9e9969bfb456c9943ed260b17c6a438c9e837de7052b194ac5f1f95735b4
ttp.r014.artifact.qa-bundle.boundary11	6a2dea99e4a1ce18667c69ead10acccf7ccdc558c5641ee660e23b665bf00807
ttp.r014.artifact.qa-bundle.boundary4	7a412df74e8b532e1cfbc3e490241aaaf28cb43b1fff8030a91751d5aa58ad04
ttp.r014.artifact.qa-bundle.boundary5	4b7e8a4728f797fe8f0103f454018b17536cb7dc5b4373343c9609e81c98f95d
ttp.r014.artifact.qa-bundle.boundary6	f72af62a4e0391cd2c24edc41acba074471399f261ea6df7ab16add4dc751824
ttp.r014.artifact.qa-bundle.boundary7	3a2c78f687cbe973e4db724f92884181ce8ffcfe468ad0f8a5fb1f661642026d
ttp.r014.artifact.qa-bundle.boundary8	66162f15c325c357d685c1a77ed167e72863f155c49b734f0034df3564f2ede9
ttp.r014.artifact.qa-bundle.boundary9	964b7e29c2e0fc556e84209b52e1e57095ec6d2b2498092794ba773406410c14
ttp.r014.artifact.target-source	faa9517809704f77fdceecaf72f8939bf2f81337baba28b972a48cbaa5e4dd52
ttp.r014.artifact.target-source.boundary10	31950cb7181ca3ca52f5cf03786376831ee204274061ab20c98e1abcedf3d913
ttp.r014.artifact.target-source.boundary11	1201a5a7d83004033b208ad291ebaf470b059e85305fd77bf6b2ff56cbb1e2cf
ttp.r014.artifact.target-source.boundary4	169dc5d7e91137988dc47137eb5c349b994c9dc60043e46cf7ec2ffddc4fc009
ttp.r014.artifact.target-source.boundary5	4b18ddf8cd3c3f61baa18a2506cec6e0e2b456d9b1690bc352c161fdd00797be
ttp.r014.artifact.target-source.boundary6	965d2ac562ab378f47aa2ea9765c9543709da4232b1326c3799ec342bbed0b38
ttp.r014.artifact.target-source.boundary7	1d42a961ef5d24810723090e9c9663d096849a17119e6b23175da10a3feb0d14
ttp.r014.artifact.target-source.boundary8	9fe7489ad301198814dd0babc6048972751878d9274c68c69e712f8f554cd588
ttp.r014.artifact.target-source.boundary9	cd8b80573a3f28d2f731a8e9fffa818c08b1b42d95c9497e0262794b36e9ece3
ttp.r014.artifact.upstream-replay-pdf	51f2b344ff7f9143242be3b5d1a80873ef9fa2c8020fa96d0d43162279e5ff47
ttp.r014.correction.0001	eb058b80fe471f8125719d53a2775805b3db3d4b4a00cfdd1daa06e268d58165
ttp.r014.correction.0002	68ae9396960bf4830e94359f2927eabb9dcad0eb901a51847cb6ce759e233bd6
ttp.r014.correction.0003	459f1833b937cbf7089d10b6eb32dd22ada145e0b9815bf18929e815402795b9
ttp.r014.correction.0004	bf314eaf821736b8f1891db8e1c823b002482a4e72f17a3e115c00d66bffb8e0
ttp.r014.correction.0005	1ad305412e6515b9b85e8b9124379a496a43415ed6bd19661afbe60863dbd87a
ttp.r014.correction.0006	dd06059024946f1d9e6bcca5f4164e5d0d578f51c16fd73a09e7ad2f2ae10680
ttp.r014.correction.0007	10ef943e24706032a7f8eca25d656a5dcfa2cfa3183d2d4da1e168fc37ad6d92
ttp.r014.correction.0008	ae0a0572d79548f9942b698c9a250b9840febc6e71a21662c5770651cab67025
ttp.r014.correction.0009	83f3ecea9e1167e59eb196b4426786c2f884ccf2cc43c6d68d6016f7e0a5ee31
ttp.r014.correction.0010	c0dfc3d08082d67c1b6af53745e57acc16b367c6b7353a36e43fd032dbc63420
ttp.r014.correction.0011	1df721884111e943fc46c4c67d70958df8a6f4c47a17ec187de07a811578c665
ttp.r014.correction.0012	797ef04910ec893054c87c2dca5bc2e15f2fb5d4c9a6a81c09a20ea3925b37db
ttp.r014.correction.0013	6541add45690ada2a237a00e29f9d1c72561069a48d16c13d0619d85a66b4ec3
ttp.r014.correction.0014	88e0ef44b2bb5758b8f2053c15bd533a2a691fc85978ae0517387d3855ba1f3d
ttp.r014.correction.0015	cbdbdaedc47b8079f1c92dd4fa152ae3e0e0bb1d2934352add1912d4d96c468f
ttp.r014.correction.0016	8c7875acb32b716b2a05b0700601fe06064253793fa472701dd8752e85e9ff2d
ttp.r014.correction.0017	967d31e23077edc3f68625de6125c744204701ffa4b709fa6baf2392c146898f
ttp.r014.correction.0018	2d69abab171bdc11de6db5d182dd97b6c6649eecb47c1431710d9af17cf05592
ttp.r014.correction.0019	e5a4f4a1c3d812c2336f89ac9e53f19126e3840c67c826e93547e5610315cd57
ttp.r014.correction.0020	af81abfd32624272b32b5e06079199f72cc0ab39920cde9a8d69777823b0146c
ttp.r014.correction.0021	cdb8810003d81da3c9933def7785fa44ef3785228ff5abce6fa0fcf42aabbc16
ttp.r014.correction.0022	089ac841a31acda04986d32641e43c02edf0de97e91ca997034d8099dff21f0e
ttp.r014.correction.0023	02260f132f36c399d53bbdc3d93fe259f29bb28c99a8f85b85b8b42bcdbe4e4e
ttp.r014.correction.0024	7c559f7a2872dd862ca17b597d9120031fb0c70aab8a409f7dd5c0bde63b4c89
ttp.r014.correction.0025	d27d5f1860d856008c9ebdbd3c58cade5596a1a472dee3a977d5ffc98423c442
ttp.r014.correction.0026	e93078d15509b8a153e66fb09d176f7b167e022b98d42939f49249820f853445
ttp.r014.correction.0027	271b2374710d3ea2b22c6412a73df0724a8b04bdd2bc9a8cd63c5d211e43aea0
ttp.r014.correction.0028	65e4a46470728555b836d6b6aa07e53c449276e30a0847993ef007424ef0463c
ttp.r014.correction.0029	4d5b254b29c9187a7f7bfc497bc8203df42621e391d102386484846ddadc0fb4
ttp.r014.correction.0030	b5dbfb2752024a28e2fc52f1aac2d466699069ca467e7ba345b95fca55d08dd4
ttp.r014.correction.0031	e5dad5c1807d86c8d757592157d7d499bebfd1b2d718901e7808b59706f22c76
ttp.r014.correction.0032	83f9093686d7536bff6e8b841c0a127d9603cbdf352cea160897e58319719161
ttp.r014.correction.0033	6b3a2880eb7fbf948f9ef51394daca55ac07a2d2660e2b3751eafdfac63afb78
ttp.r014.correction.0034	606e177b6acad26ca4cadefeefd489a0f98c0822f5fbb4665a1f6b1596ad90d9
ttp.r014.correction.0035	a47e0ad498c8c3c7b6855c101dd402f90b152116779ea1c68c98e4b4aaac70a5
ttp.r014.correction.0036	499700facfcddd9c46d02699d318c8d9d634fa453333f247d3cd9aac8a68609c
ttp.r014.correction.0037	f4df9c0f39fa485c391abde495d82cec1e1fed7b304a6a70f72b9db3671efae6
ttp.r014.correction.0038	8873ad60af2edbe7d86556f45945f1a20e7e3f6430fcf9adbf9fdf7611d8141c
ttp.r014.correction.0039	67e601c01c0554a06df527821d6b5cbfe9b2bcabf1d5647f5e50c50eb04b9bde
ttp.r014.correction.0040	48edfb6f7366a8e6c6b1584b6c920ae9578f5407e74be9c6407e38ea0a7e516e
ttp.r014.correction.0041	734d8c8128a1473fdda5c304d245243cd56449e52e03701bc01294f6723007d9
ttp.r014.correction.0042	1753bdb02ef9a4a2a041096ba9c28e1a56317f77f0a2c6fe6ad108a71d550915
ttp.r014.correction.0043	48c730ebd58740ee1c27b536d5588e3a7283ffd3c3a56c2d3a093a2d874f7d2e
ttp.r014.correction.0044	299c14bffaac529929cd177542ff1575ce9035cec157b2e15d834ceac29105a1
ttp.r014.correction.0045	54c239d0613f4ce3dcebd578814044b66beaefc86ec885ff407071f59097dd3b
