ttp.program.mathematics.id-id.v1	0badb8abe66ce5db029707758c64dc9e5ef1ba3ee2a36f34c18d77159c65bb6a
ttp.course.c60	a2119a3ce39d85c2f61a6d5d83ee107a928687df641ce82ab922d6df2c2fccdc
ttp.r014.yaintt	af9c564ff666a3a9e22fe439558175021ab76bae9df2e77196e060f2d2b620ae
ttp.r014.edition.id-id.boundary10	69d11b15db43cb17d7ffed9e9eed6c5445e1badbd89c8d05dbf874b1b767225c
ttp.r014.edition.id-id.boundary11	a9d16e5744ecab4484b2c6656be14a4d3f5d7391571c942da79ea22f02243fc1
ttp.r014.edition.id-id.boundary28-r2	2e7e20ef616ff72434acb18e7a49eeda28c0631c8e9debf1a9c86d0d6d1a7e43
ttp.r014.edition.id-id.boundary3	3fcc9dd222ebb9b6c06b8217409c2ec2c01cacad5d52c32f262501e227dd3686
ttp.r014.edition.id-id.boundary4	a9ba461bf189d7a5c768a217cf5178691e32f97c57e4d8e1736e777af2dccaae
ttp.r014.edition.id-id.boundary5	ba1f3e1b051d8b414221761aab58bb1e4d3304e671f5dc9d5965e29b3d11d930
ttp.r014.edition.id-id.boundary6	3c41037bc7969b29014aec066a62de9d117efb144a97376844625bb02d3d7164
ttp.r014.edition.id-id.boundary7	4a5fb6f63bd8cfa35d739214783b18119781f641d59927145a8673a5eb579133
ttp.r014.edition.id-id.boundary8	2a8ce038073fde209870f2d25f0394b907b624d3e9bc548eeffdbdedcaa1f20d
ttp.r014.edition.id-id.boundary9	71b5764d0c8da9432d5508a9369895ea11a3109befbddd0a3cbf736c6a178bf9
ttp.r014.edition.source.2014-05-07	5ee6b6be971a574149b1b706352f784979eea9dca7ab994e2267dfe63c0455f7
ttp.r014.unit.backmatter.bibliography	33f6da85599212e25765610a067181d1ba1bb34bc46b7941cdc5cf3a64de6b02
ttp.r014.unit.bib.stallman2002free	afa2c2889eb165c7f93ecdae10ff12a302d2cdf82f9939ef7201ed06456c3aba
ttp.r014.unit.book	72712ccce537afbdfe6361ef75b594b4ee9ba5ac0107f0e003a39cd38208941f
ttp.r014.unit.chap.cs.discussion.01	ce3c1d00fa1d8aeca4da0b7fd13a1a94ed1973cf8f9723aad5425b5443d24c3d
ttp.r014.unit.eg.inductionv1a.equation.01	c1cbe12104ac4ed97d894bc23110f51e52c752da6a376a583b174dc6820943fd
ttp.r014.unit.eg.inductionv1b.equation.01	51b432c09f9b56d82f812828c1eae0a2a27d3271acf887949cc110f7289c9dcb
ttp.r014.unit.frontmatter	9bd6cc14925f39375ea80946a4e6b9e0797362012a38a485588abacb81cd8e33
ttp.r014.unit.frontmatter.preface.figure.license-badge	fc149a812bbae6dfb81f08e4fd0c7921e9754e99f5871a17da44cdb0b496fbbc
ttp.r014.unit.frontmatter.release-notes.figure.caution	431b0e32770c93b51fe4a6f76e5c916540cb7e68fad67187f6bdd47407e5696d
ttp.r014.unit.frontmatter.title-page	a09c5099e68e76a8afffe288d08a990e6dab7b29d090eceb9555da0fb85ee39a
ttp.r014.unit.frontmatter.title-page.figure.cover	cb6db13c75e73628bbd092896e52ce59da04e970f5830e025bc6c49c66685351
ttp.r014.unit.lem.euclids.proof	13160230c15bdc4e62341a15c271eb429c1121bb62d36357475614e3b61c28c9
ttp.r014.unit.lem.gcdafterdivision.proof	7a698b1879736b6dc8c2b7055873344a2f51929a95518a0c8ad657e72c862d8b
ttp.r014.unit.sec.awtwwc.discussion.01	63c09207dc147119e8bfc25923e3ca23272a7adeace37a8645c5faa3aea86a5f
ttp.r014.unit.sec.awtwwc.exercise.01	7bcab3864fa21e3a325f2fd6206f0ffc653a586058642ffb01be14ae5e05a779
ttp.r014.unit.sec.crt.discussion.01	94e64bf2a9ed212c18dbccf187c99508599d43f2d22ef1a576a279cfd84d7e68
ttp.r014.unit.sec.crt.exercise.01	aa235261ea675d30107698117068b5c4be0ee453f24505a6c5bf04aae6ca8c71
ttp.r014.unit.sec.dada.definition.divisibility	0a5dfa02bb72bd9b87e2e22648fa0c1e67465e39beeb695042610efa0361fd60
ttp.r014.unit.sec.dada.discussion.01	9514345df286a38a6134ff71f5d414f75074e940c76dd339309df02f6b38cf88
ttp.r014.unit.sec.dada.exercise.01	562390777b9458f7725011a783267783e6ac2d25dcb1efac09e090e031f4c241
ttp.r014.unit.sec.dada.theorem.transitivity.proof	64387f31c6b30a791dd783a1ae660139476a35ce17ad638fa57e98112a29764b
ttp.r014.unit.sec.dhke	76c778c4c9dd036d9ae14055bfccb55ed85c62b137620c58b0def4148c494721
ttp.r014.unit.sec.ea.discussion.01	3aa4b5ec520741cbad6e305c3ff16136373837daf431e2d057f57a81d645ccad
ttp.r014.unit.sec.ea.exercise.01	38623293b471f78d9bd7eb803df1fe78431877e6713fc60bd85e6ee5d51a47ef
ttp.r014.unit.sec.ephif.discussion.01	fe86014a0d31fc39e70bd56850c64bfef35ce7145f2d0a514d04a680d6a22996
ttp.r014.unit.sec.ephif.exercise.01	1995996c41477301be60f5377dbdeb3a2a367a338c2d7eb611d24314a9922789
ttp.r014.unit.sec.gcd.discussion.01	d5359d6eec26116c875b37f1e8af0d74741fb62a640cff609f8246eb72831926
ttp.r014.unit.sec.gcd.exercise.01	a4726fa5304443c41cb9e52598c7b7c063ebb3337e551fe0251a416f5a5c57f7
ttp.r014.unit.sec.gcd.theorem.invariance.proof	a91e028b84309f8ff561d3b1a7671b47b1e6acb59629fd383a8ed24628e11c01
ttp.r014.unit.sec.itc.discussion.01	ef6e1bb06d54d61a02c854c95295a9fc0246fec77443c00ddd56e23339ab38db
ttp.r014.unit.sec.itc.exercise.01	962a1c6f22399aa187fdcb9d17f1aaf4527df6c8a5655d94058075ba76ab556d
ttp.r014.unit.sec.lc.discussion.01	fd657f35643eda4c50d09b8ff178d7bbb22be3401851794b38d01910e7e81173
ttp.r014.unit.sec.lc.exercise.01	2ac5864c66d1473d4049e4a14a79b8abea3f9ee56e7d5e920cff4316d432e5f4
ttp.r014.unit.sec.roiidb.discussion.01	c04853c046a23558cba6f319db2a1801ce7c3ce050820ab0532cb1c4efa47b4c
ttp.r014.unit.sec.roiidb.exercise.01	d4e4092475dbdc9f0a247013a190c7685b59f0f105165f84842078c90e21ab42
ttp.r014.unit.sec.wopami	d3793707edb01dd46662619c129d4c85eb48c9da1ad4c00e9ea1e135521c01b3
ttp.r014.unit.sec.wopami.definition.01	c9ae851b04876d41d76be0c88b3a2c3f5b3e4cb0dbb386c0f86ef77eb2fb0950
ttp.r014.unit.sec.wopami.discussion.01	2599650ac10beff3b3136ad12aae1d7cc8e45025c525ff0063187dd956e6ad24
ttp.r014.unit.sec.wopami.discussion.03	d8314d56d19238a835e8047ed92cf8b59f2a5f5984064b7cadbe0cbfb5d4bf22
ttp.r014.unit.sec.wopami.exercise.01	f9ca08c38380e0831e62ea1375f26970b9323ae2d9e94ea23f93ec942abfd321
ttp.r014.unit.sec.wopami.theorem.induction.01.proof	be271f7dc91e66dd9dac05794dc1e1fce75091b4fee8fd60874ebf66f8a190a7
ttp.r014.unit.sec.wopami.theorem.induction.02.proof	f67eb3433db6d4904a1f96a167859c646e741aec6f7fc8442a6d3b915486a301
ttp.r014.unit.thm.basebexpansion.proof	4f9cd028eb1a0638415adc3b2facd098348872f704a9b98a1a94a53b1ff69bc6
ttp.r014.unit.thm.basiccongprops.proof	7047a9d7c2a3b82cdf30a2eb9b737f5a26607082852aea4534a500dee684087a
ttp.r014.unit.thm.basiclincongs.proof	f326bc6fea5ad5ad882a33dc96f08e1887feb650d51a4763c9b085c21183b5bd
ttp.r014.unit.thm.chinese-remainder.proof	93fcb02805b6efddc55602ebe91354537fb7b292d4b9cf8d5b57d210337a7eed
ttp.r014.unit.thm.combing.proof	8ff0928743a08cb5f6bfd290f08309e0da5e89ba10bbbbf3b1ec1a9f7127410e
ttp.r014.unit.thm.congcanc.proof	e4fa9b59c756edce23f9ff12d27b126e4833c272ef4873bfedf4b692e02d5317
ttp.r014.unit.thm.dividebygcd.proof	ee225e24a28425edf88d8edff034cb6c9b78eba9dc99fc3ae726d835191b339b
ttp.r014.unit.thm.divisibilitylincombs.proof	b6d305e659506dec764e8c8e46efadfca55b57f272a61b810344d503bc0fd7bd
ttp.r014.unit.thm.equivalence-classes-disjoint-or-equal.proof	a353f827b21791f176005caacca5e952ccbd564e79cee12c0605af9b97db48dc
ttp.r014.unit.thm.euclideanalg.proof	a0abfb3b1d83fc923496da5fc5ad06ad76e3ef09e3e1ebb93892f8ddb3bd42e0
ttp.r014.unit.thm.euler-phi-counts-units.proof	4f4b115ef3ec172a5c653502d557218c9ad6159e6e41f14073589d5cd95173b5
ttp.r014.unit.thm.gcdislincomb.proof	85a090931bb35545cdee27363ebdeb9455b7111fac2905b8cf7eee2c257ecc1b
ttp.r014.unit.thm.integers-mod-n-representatives.proof	332c5b310452928f76fa81b132d4f236102ff475703dbca3ec1715cc391e5926
ttp.r014.unit.thm.linear-congruence-classes.proof	94efe5f44452f8853279554dc29869fb9402ee4b036609ea0ad96a7cd7a5af12
ttp.r014.unit.thm.numzerosmodafactor.proof	fec6c6daa89305ee65391b41952c9036ada289d433a90829f1ae5d3a7acbb8b1
ttp.r014.unit.thm.phiismultiplicative.proof	4f47b0c1f8e45055d32c838ba7716695b31c9bd659454632bd5624920ec2804a
ttp.r014.unit.thm.pigeonhole	bb3566ead345cd9fcf7977d742316d69deb27fe22b33dad25cb49347dee5a20e
ttp.r014.unit.thm.pigeonhole.proof	91a0681b60cc659cf46d91b808240362049ae679cebbdb8683552f3f728d6559
ttp.r014.unit.thm.plustimesproperties.proof	448d4d8304e8db4e380250825a8413dccd3102983aaca6aac00a39bf597afc6d
ttp.r014.unit.thm.plustimeswelldefined.proof	a275990f321e90e7853b28e5874c5d6ef8539d24376772491cf8fcbdb4f9b791
ttp.r014.unit.thm.the-da	43097c3657e92f37f7d7f4ae977648e6f4c8b6bcd527a41c107a30afd98acf99
ttp.r014.unit.thm.the-da.proof	6040cf50aa673c0f3664f5b417abc141714dafbe9e18049f25eda01e542be4e8
ttp.r014.unit.backmatter.index	825e006dd9f160fd83b12474e39ffd11511396a251cb4b39f5d5bb43fe5aa17f
ttp.r014.unit.bib.hardy2005mathematician	db47a1649823ac25f8020292cf6c4038e9566f734fc2ed8412bd74ee3c3eb5a5
ttp.r014.unit.chap.woad	fee5840eff2fb0019de8d6026355da35ae23bf529bf6ea0cdfb30d6fcb03b142
ttp.r014.unit.def.congruence	cc035ad1e8ed3b2a678d9aba6705ea63778cb650319049b8e09433ed5f3f4c8e
ttp.r014.unit.def.equivalence-relation	5e48309f34209f8753e50e636d02c0cac8b062caac0c6cb32587b228a7bc668c
ttp.r014.unit.def.euler-phi	3ab37bf2b56d05dadf8f14d4a20819b91da79cb67e76bfc8955df1c96d1d9e6c
ttp.r014.unit.def.linearcongruence	c24ede158faf1b210866df07877c3c2aa8c16cc51c13da32bb1abb01ab16ef8e
ttp.r014.unit.eg.arithmetic	68e085a4d2f42b84ccdee4db538744d16f4fcbf4c71507e3b0500431310d42ad
ttp.r014.unit.eg.inductionv1a.equation.02	fa27a6625dc71fc0d922ae4aa73cd1932da2513dfb8cd151d682fd3e818a91e3
ttp.r014.unit.eg.inductionv1b.equation.02	25dc3a8dcbdbd60ddfcc78a2e6c53bce789bd5d5b941dbf4d6f62f8f3ab09cc1
ttp.r014.unit.frontmatter.preface	14220ccc453bc919c24baa1e4c16c4bc36523931025a0a891e72b39dec66adca
ttp.r014.unit.lem.gcdafterdivision	d518b553783a03bc4a811808ec797af181cec288a1a1fe006b612a80781a9ddb
ttp.r014.unit.sec.aowi	dcb9546b1f1b84f1078b821446819dcfd1c3c683e2fca34c39ae8257b012e642
ttp.r014.unit.sec.awtwwc.exercise.02	00916ac55885abc13c0f72472916a351531ef25f7295c694ce15892d7a3cd1b2
ttp.r014.unit.sec.crt.exercise.02	b844d98dc54330c2b257f6f8aebb97ed54271cc1627e660e60dbaaa7d19bc7f2
ttp.r014.unit.sec.dada.example.basic	df7b6449d8d36cd89680c7dd23793c0f2424f89f84b95764bd3a2e0a2707332d
ttp.r014.unit.sec.dada.exercise.02	297eb584b3d9aa10dd72ee0ef898ef79dcd3ad52c2d347146ccdfab20b19ac70
ttp.r014.unit.sec.dada.subsection.divisibility	ef10a0f896c515aeb7c8b6caf0ae87e8fdc081ccd31712cd46b37b7b651c3414
ttp.r014.unit.sec.ea.exercise.02	ab7e66044f4c132e9e10c84ff05539508c033d8ac5930930a6c4b541da802659
ttp.r014.unit.sec.ephif.exercise.02	669ce4a505edd92bcc51f1ec4e95ad81401038e282ff839a663b695f0d70abe8
ttp.r014.unit.sec.gcd.definition.greatest-common-divisor	9e96f267eb9df27f17c8eb93e9ed4f706b1877bda3293633987967fb4ec7ec2a
ttp.r014.unit.sec.gcd.exercise.02	6a0ace100f539faf4127b9b050fc7afddf0b0f65ff562b2bedf6f16d55654b4f
ttp.r014.unit.sec.itc	f3a0066b862e1dcb7f1f09d732a2d30341a60cfd136d9182b518630da752bc42
ttp.r014.unit.sec.itc.exercise.02	6b0901898167f186e61d077c91739e1ea2fcd7feefe7500ea7824c9385b10bcf
ttp.r014.unit.sec.lc.exercise.02	594fbdad2c28b37c4067e5405b52bd0f463985240fe8ac7c6432c0fbb7bce105
ttp.r014.unit.sec.roiidb.exercise.02	8154d1139aab6a56b956aae8e9dda6cab8ce947b9aec269323bd3491a59a7a86
ttp.r014.unit.sec.tegc	63526ff33f61d618592364f187de877fd9bcabd92efa0984167dfd667dc24a23
ttp.r014.unit.sec.wopami.exercise.02	88f6e64babff85d87b728445a70af520a8d2f35597f86567513d4506e1a14e7c
ttp.r014.unit.sec.wopami.principle.well-ordering	b935c8681aa199fab6f0a16991af0bbcca379d4495e3fc3aee0d3f098d0fcaf0
ttp.r014.unit.sec.wopami.subsection.01	d22276aaeb10a90bc8793288b39c10bdf47e7f0487e3b21e2262649250ad33b8
ttp.r014.unit.sec.wopami.theorem.induction.01	6d67c2d6dbab601c254b1092ffbc947eb5cc529a97306a0a598ebbd46dfdd7c2
ttp.r014.unit.thm.basebexpansion	ade7a1333947ddffe82b589a3dc845a66549dbe0fc486f701cf6e17c62171c57
ttp.r014.unit.thm.chinese-remainder	2b8bd5c538ace3ad414f4d5e862b61a1886a9350632aed2b4413a215fe46d1a6
ttp.r014.unit.bib.bourbaki2004theory	ab92e906b2f983d79c9a554371e28fd6f5d275628aade46ead7f057710f499c7
ttp.r014.unit.chap.crypto	8d8c369c3d6c2ba019fbfe35d877bc4dd0ea3e38d2a23cb09c242d79318fbb49
ttp.r014.unit.chap.cs	0ca2f61495afb756585848ac87ad7b1edabbea8aba8b361f2f927310bbb445a1
ttp.r014.unit.def.baseb	c789e0eec56fd2538ee85f4a142a96f571e04a1058f5d5fd9301cee2a205dd95
ttp.r014.unit.eg.congruences	ceff71c3b592283cd2e018130f86251368dd2d7dd78fb743bc0d817908ea2314
ttp.r014.unit.eg.gcda	ec918e2efa7cbd6e0a0784bf1f6c9e68a63eec7773caea8c35515aecf3d9672f
ttp.r014.unit.eg.inductionv1a	7685c5ee94f62534f2550740f001caa77d371c0586d23c4f5dfc317610d2c42d
ttp.r014.unit.eg.inductionv1a.equation.03	c625011cbc6fa9e5bf8e083480f2020abd0debcd910c06f91cfd5b9c54c18163
ttp.r014.unit.eg.systemofcongs	0df506b382bbf3925e98dda8d188c79a32c96050b0c04706cda822f012d9f5b6
ttp.r014.unit.frontmatter.release-notes	b6df6d92e7d550f4bdac5bac8953d8974f28e1556767bb3d889d6040d634fffb
ttp.r014.unit.sec.awtwwc.exercise.03	02cba7b0e7cb58e09690eee0dd3d2aeae21a3a5265f2e2350f7ed8995cbf7b74
ttp.r014.unit.sec.crt.exercise.03	831c81ea1072396df1a98e8ec2b60b39a42308d2fbae0c9450771b5d734d7caa
ttp.r014.unit.sec.dada	9631b857709030c398ab190faffcbb0abf68192508201bf5967a76ab07485f50
ttp.r014.unit.sec.dada.definition.parity	f1405931121aa05638817126409c4080414d0d57093034180c04fd82d7e4213d
ttp.r014.unit.sec.dada.exercise.03	09c8ec82018b66169585751e09a2f6e396fcc7af77a113ac7c7fe03bd3b7e744
ttp.r014.unit.sec.dada.subsection.division-algorithm	07069c7146793f43baa50242306272e6db77c4ec866007704c796747edd9b07c
ttp.r014.unit.sec.ea.discussion.02	15fc2e80ed5cac8e0fc83d50acbbc673ea3715756bff22140100888ecb277927
ttp.r014.unit.sec.ea.exercise.03	d1490d6bd0b6384afb63e4442678898a9d05338d6735ad5806f84241d0bf9baa
ttp.r014.unit.sec.ephif.discussion.02	592a52f301e8f516af8e3e57aae1a9f0d842f3801eb7112de4053101a0b0102a
ttp.r014.unit.sec.gcd.exercise.03	0456f0d50cac9d3c5d3fa102bdd90f3c0cd41cba4f74e571ed717918513cf6d0
ttp.r014.unit.sec.itc.exercise.03	21604c47bd653cde11cf5463548f8e7659738d684d4cda1ab1ec3eb4aedbd210
ttp.r014.unit.sec.lc	430f75b1ed767174211fb1ab54134ffb0d80dfc96c4a3ebb0238ed3d68315142
ttp.r014.unit.sec.lc.discussion.02	8e80549ba6e3a17efbc24b0475b50caa0164dbc800218fe42ae1c325b29ba2ff
ttp.r014.unit.sec.lc.exercise.03	ccc40d7f03153bf9f88a86e77ff7becd199b86439d659b50e70a03ab97d1647f
ttp.r014.unit.sec.roiidb.exercise.03	e0b294b62ca49e57eeee30009f5b064e7594700f5aeb8165da0fcd4f25ead60f
ttp.r014.unit.sec.wopami.discussion.02	cf952d98a61f25041c47cb64f65504a9fc284329a912f9d7f7c0092703ef2efe
ttp.r014.unit.sec.wopami.exercise.03	368cb851dadadecc850681a1ad8fb1a24684e4eb66d4cd7f328168881c0b1fe0
ttp.r014.unit.sec.wopami.subsection.02	0458d396b12ade411d75e480071d9df93c441cf0c61b9db7073566ba96e3f4cc
ttp.r014.unit.thm.equivalence-classes-disjoint-or-equal	7815349a3ccf58b6ce48a8396411583cf7e7aba4e9a25b2caffefcc0780b67c7
ttp.r014.unit.bib.gauss1986disquisitiones	83ea6eb9cde508caf15db87f4796b6ef1fde708bc47954f042e6ff9eed12d5ff
ttp.r014.unit.chap.ieqdl	3b96f960ae031e2d1861c9bb009c2ef10b216a1607c94346035ef58e205e0d15
ttp.r014.unit.eg.basetwo	39684d71522711be0436b60457173b3d75465ebb18a64451a2b5e23b78906f40
ttp.r014.unit.eg.inductionv1a.equation.04	2ed8126d76feb4f39e9567648a7f020c1696c80d359b574d2e5086b54a1a53a1
ttp.r014.unit.eg.inductionv1b	f159bdaf4a297b69722a46d03f48b5da09aa779f4482b5e3c5ed36b3b9b2aaa7
ttp.r014.unit.eg.rationals	3bdbbdf1c54d35c8b2569077ad9c3d872d704042d953ba96ff0a365419085256
ttp.r014.unit.frontmatter.toc	e29051e8ca96222138b4c96aa0df14823bf4a720a57734af3ca2fdcd3d52e90c
ttp.r014.unit.sec.awtwwc.exercise.04	8d49bd435999623f8e8773b848d6db2f422648f5650cd8d75a21401dc09d61fa
ttp.r014.unit.sec.crt	023b6ec276cc190061e85edcd6af36f81ac25dcff822f0af8e59ecc68b6cfbaa
ttp.r014.unit.sec.crt.exercise.04	0e68fc2b040c8aa6d5ba79011fcc51232d9f29ab3aa4b0c6e0e3cb5016a19c7d
ttp.r014.unit.sec.crt.exercises	65524ae21486cd4edb8c5c80de8af4b9af245346e1d17700c620d6af7339776d
ttp.r014.unit.sec.dada.discussion.parity	ea2224ac3218b1f106491574a47c652c6eb914a9ce2565361101fb5b1a6482fe
ttp.r014.unit.sec.dada.exercise.04	1514acc9a602eec6f396986cc346bcabcf19c685cfad1bcef0daa8ad63945b07
ttp.r014.unit.sec.dada.exercises	b71a1d894858f4c543a3e9cb3c5fd065808833a7682f414406fb3a8d72242868
ttp.r014.unit.sec.ea.exercise.04	a6ce762977fc92a5dc77b4fe734a9d5d172cefbe814fa7ab93b84d3367893096
ttp.r014.unit.sec.gcd.definition.relatively-prime	0d0fdd165e511a95da7d7b7db77fce6ff13cec623b9a100b01ef6b6d14293543
ttp.r014.unit.sec.gcd.exercise.04	f292c568e702248018086ae797d8b972c68007cc9bf67db913b88e644e0e8f0c
ttp.r014.unit.sec.itc.discussion.02	c6bad4ae717cdab24edb1688ae01b20ad19cbc8165b36cd83c5dfdb863ff3102
ttp.r014.unit.sec.itc.exercise.04	b36dc5e27187f1f5bc0fa3ff4381b77be5c16f69b0ff6a2c0dfec1c34d72611b
ttp.r014.unit.sec.lc.exercise.04	f1d5cb1480011329daf2635c9c45417f52443e272942a077f745a5970124cd57
ttp.r014.unit.sec.roiidb	e3820af0207133e52fb608e71ea13984a24733b31f75ff8388a7a6946156b7d8
ttp.r014.unit.sec.roiidb.exercise.04	03f5c0dd9bb255e7812a1edfcddc23109725bca563ae70b6bc4e2e527b8b1b76
ttp.r014.unit.sec.wopami.exercise.04	39497e5b251c1ba97342ccba917cf4094e2fe70a6c5bf0185f81fed6b2bca26b
ttp.r014.unit.sec.wopami.subsection.03	501edc65c487405ad332b12632c9181720e9208c3c2bc41582f21a34b3925177
ttp.r014.unit.thm.euclideanalg	84419ab91bd4f32ecdb5fef786c4592a1f32de52dfc4f29f98a8cc63de9f6463
ttp.r014.unit.thm.euler-phi-counts-units	f902a935a1d0bc562745de56c8216e7712ba4805b184b9eb0e9a63e0555edd90
ttp.r014.unit.thm.linearcongruencesameclass	f66fb797926fd06b412948eb3486406f98d92770e1170326ad3b9c60d18ff1ce
ttp.r014.unit.backmatter	cde097c4ee933430844b5da99d626d0921a8c14f99ac8e1aee6f8806ce91e287
ttp.r014.unit.eg.changebase	7e963e32153a3a7fecec4c35f9b458efae8dd70316af95908ccda1af946f50ee
ttp.r014.unit.eg.gcdb	2e8a4fb835079d70f38c1238243961c745bfc0bbf05a4e1f903302050c034cde
ttp.r014.unit.sec.awtwwc	69c1ea6ba9feaf70e441421adfa741127686a71a95b30312fe42c66d507d7d49
ttp.r014.unit.sec.awtwwc.discussion.02	4e5abbac7fc5928ad425bd9d21e4d46f690aa7714478d222345fa9dea4ec144d
ttp.r014.unit.sec.dada.exercise.05	d8016221389f4e78aa72a9984907f4d95adb5282df6cebec4f38af4c17076cf0
ttp.r014.unit.sec.dada.proposition.zero	261bc2650a1ad478597be8e761d83b454bf7b31d2db326029e35e7112d93f2f8
ttp.r014.unit.sec.ea.exercise.05	eb07462b89c0529edf6a87ebc901f44e093867f29854ec684aef8f15451319c3
ttp.r014.unit.sec.ea.note.extended-algorithm	7ba68a530f5fc13e7b1443c1bab3e41d361f29fc6c0cf88baa692652330ad777
ttp.r014.unit.sec.ephif.discussion.03	48137f94b5cddcba5427c0df4f13885539e7adb1949b92b3b1e69dca8595efcc
ttp.r014.unit.sec.gcd	9881bf1cef4c8f93a5cc92f73dab3000730c865a343d4af64963d29f17206bfa
ttp.r014.unit.sec.gcd.exercise.05	bac3202156847ce56cd05d2b68c4d93f623615445c6f9412b4fa1057aebb05f7
ttp.r014.unit.sec.itc.exercise.05	9a2227efac3453da4e8fa952f8b3983cb2b5d68df43fb8b2aab5258babab7c4b
ttp.r014.unit.sec.lc.discussion.03	0be6e99c9612a6c69d8fc2e5ee79a4045a559cefec5883b3fa0f2b39b9ee15a1
ttp.r014.unit.sec.roiidb.exercise.05	dd5ea5425ba6808258a359e072acf926441d2c4eabf43de520efeed6aaa78979
ttp.r014.unit.sec.wopami.exercise.05	52bb6aacdcbc5d2e394a8b122c0f385417be84d00b0a8930fbb37830723e9bc1
ttp.r014.unit.sec.wopami.exercises	037f5c7665a714feb307d9f45a66e565b839a8a0fd70fa242274fb12b5465f84
ttp.r014.unit.sec.wopami.theorem.induction.02	db18e5ccad568356adc06b370a7a6b654032e5bdc0fbbf3e65626c3774f17d2e
ttp.r014.unit.thm.basiccongprops	234e55ec7a1c7a8bf680924d033946b95c477bc7c3f2d8521c031073d5bd0428
ttp.r014.unit.def.diophantine	37344c95db6f1ef0902cc87a805e0042641b1972bf93d8cc63042d6f87e33b9f
ttp.r014.unit.prop.congruence-equivalence-relation	2f811c1a8912030cdc6d5c1a83aecfb3a638b1b67f95a6eaad0663424a7ec563
ttp.r014.unit.sec.dada.exercise.06	030bdcc99fd79f5a769cc31ddae2d0265081d488b9a3368f6e52f327cb38688e
ttp.r014.unit.sec.dada.proposition.size	a254b2611e19089132ebde01210ade2730c80bcbe6610c0597b90062ad8b2b11
ttp.r014.unit.sec.ea	e6640ba413981640d6663b5cf58e73dc8217c80489bca8d1e9796bbdd5687561
ttp.r014.unit.sec.ea.discussion.03	95d4ed09938645ea51853c4bf31e28edcda5f120115afe5a8eba93e44aa6acc5
ttp.r014.unit.sec.ea.exercise.06	f702972558a6fc66fff5fcc8255089295c75124b8bd79a5e02b3ea82cbe66bd9
ttp.r014.unit.sec.ephif	681ff4c78fb2651ee2c3c75a4d2e18e74f8e2de8b97399bd73032fd0a158c0cd
ttp.r014.unit.sec.gcd.discussion.02	13c416717bfb6a52902811aa5904aac1bb4934214f86ea54aafba42f96ac14a5
ttp.r014.unit.sec.gcd.exercise.06	f8fe0f4ceaf4d780a4f80c535dd25478367c3c9df0d158591809dfd7352d4958
ttp.r014.unit.sec.itc.discussion.03	edeceafa92549a0151c77dc49aac1c54761ebb12bcd085b4388c13db8712586c
ttp.r014.unit.sec.roiidb.exercises	3a11007d850b127077de64ce76e1efeae5ba0af8f72e937814608a35a2dae373
ttp.r014.unit.sec.wopami.exercise.06	30ea1cb06e77798d21f1a24b8c50cfda4972e68d661a8e4a49fe7ea9cf8433fc
ttp.r014.unit.thm.phiismultiplicative	dd7106394341f5e37225c08fe74c3b05778721c62b7525ddb35e7b90aecdf9ed
ttp.r014.unit.def.integers-mod-n	358fa5c0ee9551a86ca049d32ca1603f14dd653d1c84148d5968c365ba0481e6
ttp.r014.unit.eg.ea	72259000cdf88ba34aba4c1ef0c7d1de04299ad12e26c49c96d23be7a32f745c
ttp.r014.unit.sec.dada.exercise.07	ce81a2c9daf93d8fb28aec0d262a4628ccb1522098b14966b914efac7218ad41
ttp.r014.unit.sec.dada.proposition.absolute-value	d5c3f891545f0c392953c8358b76bb7fd0a4014d1606b79ca33666c192d57237
ttp.r014.unit.sec.ephif.exercises	6d5b12264df341389682ba6fc9512213d45042d91284b66da403ad62a8ba682e
ttp.r014.unit.sec.gcd.exercise.07	670756506d8771956d8c5cdafa7db0d2e790a65e1a0d224add26368592febaf6
ttp.r014.unit.sec.lc.discussion.04	dd1df613b70ca646c0f313b2ed632a6cb5c4d6f57d061fa2c7ef33b6d62c3b3c
ttp.r014.unit.sec.wopami.exercise.07	699a654b958ec342e0bb38c5c527f36f3ffec5502f6a655a95f529699859d9b5
ttp.r014.unit.thm.combing	7498af49a9baba9aa300755651727b0163a97c390189aeefb227f2ec0c026985
ttp.r014.unit.thm.dividebygcd	56a67a2e1dcebbc458368a7932fafe46dd02bd0a0d78dfea1efc22aa94cecdbc
ttp.r014.unit.eg.congarith	b97a15d70608a0c560149dba3c8e3019e888d4f292c26b192b6c7b30a18a18ab
ttp.r014.unit.sec.dada.exercise.08	132fc1072f677eed47066e82245c8c4abd9bdb2d6381ae3a01f8ea19e58fa176
ttp.r014.unit.sec.dada.theorem.transitivity	452f783a2900b25c4f311caeae2dfd8fad3d383e74ef7477d2bb92da3846dba3
ttp.r014.unit.sec.ea.exercises	bf04c0a0d4c97d708ace1fa3c46336d46d2c4f3437f397afd329436175992618
ttp.r014.unit.sec.gcd.discussion.03	b7388a59fdb6ba453ddcf00e7f2c521475223a487dc933b73c173ddb625a105e
ttp.r014.unit.sec.gcd.exercise.08	f1da0b68667c010385c0d566227cd07fd8271ce6a8b52c5d8d3ad566511d4d14
ttp.r014.unit.thm.basiclincongs	579b9ff0827d4e4eaa635f89b94503fb55e1498fce489c5ba00df47877a41d3f
ttp.r014.unit.thm.integers-mod-n-representatives	e911c425d88b189e761eaf9638cd940bb740fb7ea339fbc750a7a67c24ddf7dc
ttp.r014.unit.eg.divisibility	24d4868da3893a0658273b698a1c2fef24917e2e7a50492617f3d16e3cc9ff7e
ttp.r014.unit.rem.uniqsolnlincong	54008d125214e480c5a7fdc0e022ab90ed921c79a39d745c3bd661b0bef8a2ca
ttp.r014.unit.sec.awtwwc.discussion.03	5679f2309958e40f57d19f8f13142a0982cb8318e1eaa4fb206b3359371d04b2
ttp.r014.unit.sec.dada.exercise.09	a600f2a8b3c3b4974eeb4cb05c0d5b7aa0b0dc2eea22ee1c06e12a872946efd1
ttp.r014.unit.sec.gcd.exercise.09	28fdb4a036e98c8328a5b765631e98499cf3cd8b66124165cbb56b95b662523c
ttp.r014.unit.sec.gcd.theorem.invariance	3e0508f776d8011513faef5945e1180ba2f5592f50e5966296aabeb40097130d
ttp.r014.unit.sec.itc.discussion.04	483c65b2fe3331ec750d38f57b29a16690fe2f109a5b5e52995e774e48a4f64f
ttp.r014.unit.def.congruence-class-operations	71182eed630cb5cf98b79d98b1fc9290a8ce23805f44d0687c1f0af481518bdc
ttp.r014.unit.eg.gcdc	947da7c8c6b3242b0b1db8f81c56d86edbf29e160ceaeb64550db21b472550c7
ttp.r014.unit.eg.multiplesolscongs	afec230773398da7dfc29908a3674713b8706f73b9ce2920e106e247ae55a0cf
ttp.r014.unit.lem.euclids	0ce1b7cffb37af34138f0bcafe50b86f1d30cabbcc7d81605ed6ce93298cdc12
ttp.r014.unit.sec.dada.discussion.linear-combination	f13233f64dd026fde2c0494ed93dd934513962d2851a1794178761a99c41fc80
ttp.r014.unit.sec.dada.exercise.10	d7819c759fdf12732fadd2a6d738562314b6f7933ef07218033c4d975d1e007c
ttp.r014.unit.sec.dada.exercise.11	76b9ed0c7a10e797759b7ad7b48f725b4e387dd8f528cd30c742c6a4f7b743aa
ttp.r014.unit.sec.gcd.discussion.04	e58d82f3bbff195f0be1d58322f4b3e5cab660598a3c4207938fdca3fa1cfb6a
ttp.r014.unit.sec.itc.discussion.05	90d00954b6f75cca0fabf668b203c2b0e498aa009570bb3747fad1ba91cc28f8
ttp.r014.unit.sec.lc.discussion.05	857b246c79a684c3f965b29115744accc40da3bd4cc9adbbbe963c0e8427a043
ttp.r014.unit.thm.divisibilitylincombs	58eb0944f947e61bbf4914dbc0354f1baeb9e997464a984017798f6820b44576
ttp.r014.unit.thm.plustimeswelldefined	93ab36d08f2b93721e901e9b58ff8b013f93b7aaca8bc437cb0cf69a13cbf811
ttp.r014.unit.def.modularinverse	b5f83ca52cf27f35f2d3940e2963b34925c920f4b4c35c08f198dac62a1c1bcd
ttp.r014.unit.sec.awtwwc.discussion.04	dc044fa402704776ab4b9a5e8b0c2ec3d87d94baee58819cf2f67de440204680
ttp.r014.unit.sec.dada.discussion.finite-combination	331b700a1bfe476417ce9aba95995a1d3cd7728de8d6dea2395c187e84452b79
ttp.r014.unit.sec.dada.exercise.12	3f68c55f9b5b90a7b8645da82a7fffbb23e78fe3b2cebd91137b78558fc1a384
ttp.r014.unit.thm.congcanc	b6020520619a71e7403bc956cb77122e164f4bcec0ff6dd6d27a4faff27b7282
ttp.r014.unit.thm.gcdislincomb	ab240f57d882d4d75e112fe43eda7dd5850ce94f2099fd75009a9f64fb00c4d1
ttp.r014.unit.eg.solvcongs	eac3a70473c2907e75d007f54becb8f792f317dd0d54fd236abc8bc6bcf5ae30
ttp.r014.unit.sec.gcd.discussion.05	8289d85367c774a13107e7cddd91f7ecf2616058ab552a5072db0e70cf763d4b
ttp.r014.unit.sec.lc.discussion.06	912297b4eeead10821ac60d83ff99737259826c36616dfd521ef7cfaa6a3131e
ttp.r014.unit.thm.plustimesproperties	06a51726b59cbf2d0d9625a9b66b8a103a8dbe09a062e26c948b1c7b1deca2ed
ttp.r014.unit.cor.intlincombrelprime	cf666e83b371eedf88d2670c46d155013fcc6aff13bdb767cbcf39fe0f018352
ttp.r014.unit.cor.modinv	3e391c3a3232cc9c7a537e867c4306ed9ab6a5090ba13d5e7496cc3649ed6ec1
ttp.r014.unit.sec.awtwwc.discussion.05	096d44e65008e8711fcbcc2a82fa0bca80b70cc8ecc88289f52797637388a98c
ttp.r014.unit.sec.itc.discussion.06	9e5ff1a1c546e6ae096d88ee554cbab596baa5d85bd4dcd5771ec35dc8700257
ttp.r014.unit.eg.modinverses	df770ad3c71b62e0f788b28ec382a3ffd2a26175a95a215f3c57ec474dd5d85a
ttp.r014.unit.sec.gcd.definition.gcd-family	b9cd24ea1213809e299911bab6d93220d8f8cb17158cf5bd46c97ab1c1a1e63d
ttp.r014.unit.thm.linear-congruence-classes	79c214ea4e71519bb0914659ec31a46376102344a2ca8c30b441f5b786ccc258
ttp.r014.unit.thm.numzerosmodafactor	6222d1924d78de3ef7da14df038b736123d567506b992e3096812fe4baf6da14
ttp.r014.unit.sec.awtwwc.exercises	72d16f800c5576d1308d2c9ceb53e49ae65f119957d774ac11ffa305a555e645
ttp.r014.unit.sec.gcd.definition.mutually-relatively-prime	9877a7d964596041d1666eaa0c46d8cdcbc6f9e0ee287e6841a560e0514a2b85
ttp.r014.unit.sec.itc.exercises	a876cf237ad87520f7067756a657f42370b8a66546b25731c8411847aacbe273
ttp.r014.unit.sec.lc.exercises	2bc6d914eb7763299ec8dc0376943377ae61db74b9f8b7843c0781aa8a95f74e
ttp.r014.unit.eg.mutrelprime	3f3d262be1873f372b810ad23fbd3299ec667033e0cf9787846ac6a00c2314e0
ttp.r014.unit.sec.gcd.definition.pairwise-relatively-prime	5131511de5534075a990c943a9bf39977a601d908b3c1a6bff8ab83769fa0844
ttp.r014.unit.eg.pairwiserelprime	7b3715f81739467b68400fd4b3e830e6eb43ee1c3e38f90a8b524abc9d344941
ttp.r014.unit.sec.gcd.proposition.pairwise-implies-mutual	48fccc02dae559a2b5f46241b77ca6371fa28e81995a763fa2c61e138f02102b
ttp.r014.unit.sec.gcd.exercises	c81014a91ee104e74bc993190405a0a5e8b78f1181180976737b29e20a2fef49
ttp.r014.unit.sec.batfta	258738f7389f8252e4e3fedf80cbc6bda3bb1bd34a7e08a35a4c5e52c877cdde
ttp.r014.unit.sec.batfta.discussion.01	919683761c67c14e67c4126591cbbb376911138ee9f75271f5c50cc7c23053c7
ttp.r014.unit.sec.batfta.exercise.01	356a59e08c50dc33ba92733913ff4b6cfcdaf5eeea50187db1b75e03a2a609f5
ttp.r014.unit.sec.batfta.proof.01	242876c8b5d5a04bc910439a7ccfa285f3eb4f12610423d8e70dda8f2c58f866
ttp.r014.unit.sec.batfta.proof.02	62f9097c66b5cd56431b5b0fa215ab2db5aba4b913a777dc0dfa1833974c821c
ttp.r014.unit.sec.batfta.proof.03	552857e146021257182e670866097e4aae1bb23253df9d2712f7784aa678062e
ttp.r014.unit.sec.batfta.proof.04	e29439f41d7741df6fe05508d5e07916402a02d1fc30994112804cfdc69dfc64
ttp.r014.unit.sec.batfta.discussion.02	9fdbdcb11e6e99ff27236e4d28a6cad3ecc752866868f4538142dac3c88c98bd
ttp.r014.unit.sec.batfta.exercise.02	b35ecc8e09449c4aa5ff16a6278851eab87d79a64342c5860102b80f424d61c0
ttp.r014.unit.chap.pns	8f4b87f6e8585a1ac75e961fb6b6bda62b1e48e23c054406f7be7c926549cad1
ttp.r014.unit.sec.batfta.definition.01	932823d9947a6304bdea1d0be15b0bdaa15da8ec9bbf1b2f0cc56523934083fb
ttp.r014.unit.sec.batfta.exercise.03	a42efe8bee50a43ed3408d97495f0d65ad760ac13f0623bc1cbf1ddaf38b6c58
ttp.r014.unit.sec.batfta.example.01	5d405a8590f732d97027579cff28d89be5303abce15d77a019ef15633c237bef
ttp.r014.unit.sec.batfta.definition.02	0d21e1e538a8240bf807cfd19ac366ba664423f97952314fbeedd43c0bf4771b
ttp.r014.unit.sec.batfta.discussion.03	3cd38bc259b5347243f03b71d804cbfe94ad87ca70dd84e011244e4c0faa503e
ttp.r014.unit.sec.batfta.theorem.01	b2cc3b93773dd45860628c69c03384433edac331c62dad8af7103f5f47731839
ttp.r014.unit.sec.batfta.discussion.04	a5c0c45ec85b1c3ac3b790cd886405588094b6ae1602099bd27d6533e012188e
ttp.r014.unit.sec.batfta.proposition.01	bb474557a39f7173d3241575d4768177454cb9428c08f21050b0292d8c7bcfc5
ttp.r014.unit.sec.batfta.discussion.05	29453c25a675064779eb513d6ed3af0d22aa37f756958e30ca3ab81d0b500fe4
ttp.r014.unit.sec.batfta.corollary.01	99ecdd480f648fe7b59acd3a5f58c1fc27f3fc0c12f166ef6a7faa25cde9cf91
ttp.r014.unit.sec.batfta.discussion.06	c56bcdfa6481e8fcd6adb8808144dc95e27cb78c2c4bd1e112c4e18df957b941
ttp.r014.unit.sec.batfta.theorem.02	cf2a9bdfbffb0be62cba5179c05e95eaab4ead85b5b3a141ed438be673450268
ttp.r014.unit.sec.batfta.exercises	814655c85e26c064c7d62ae0b86bcd0db0f38e5c5627072b88f1d2c0d23309e7
ttp.r014.unit.sec.wt.discussion.01	838df4bf22f5241eb75660dc748b734ed6fbb7f2fc308dae1b867a80724c1c6d
ttp.r014.unit.sec.wt.proof.01	d089636b0bffcb422d65c279337bf9a948daaf21ea2107f7066f5b3d1c686e12
ttp.r014.unit.sec.wt.proof.02	873761c0325fd7954e5076026bb42da542ee1f686a334eed8b53eda705c59254
ttp.r014.unit.sec.wt	648323aac85411c5965a6654f86266c09480f2bbd392f4db2fa0b45baf5a8f64
ttp.r014.unit.sec.wt.lemma.01	c3fb825377189ed84efada5b5bf39cc0abb33d99be0a9714be818e16ff2c37be
ttp.r014.unit.sec.wt.discussion.02	04af4193866de4328b7b132b90256d782f140732d7c917410fd890a820261139
ttp.r014.unit.sec.wt.theorem.01	8c997b5cb530034d400534ae335a9624e092441712b8e3b46bfbea69af600ed3
ttp.r014.unit.sec.wt.example.01	469c37ff996efe62720569f5568770916cf1037b0626d6c3db8def10ae2968e6
ttp.r014.unit.sec.wt.discussion.03	1f8ed356baae64fbf9fbf45dac4b239cab80c2c5fa260f39ad3951e063bbb1d7
ttp.r014.unit.sec.moaa.discussion.01	22f669456fe7f5f182ac6f2c1aec1118b1435dbd30332bb6ef10c71279f28378
ttp.r014.unit.sec.moaa.exercise.01	aa8f9cca920334062494eefed313a596d1ae94fa6edeec5922a6dbe230a2d665
ttp.r014.unit.sec.moaa.proof.01	87b8e854426b8d1cd605a07a7b67c2b8656f0735be748cbc1dc1b89e5d933e39
ttp.r014.unit.sec.moaa.proof.02	ced33433a9ce6d80d7992e72bed181882ebc3d0db39fbcb2077483643302f472
ttp.r014.unit.sec.moaa.proof.03	9d9fc827f9a90cf20851d30e8a8c16131b8ef4f34da5aabb559da942015debfa
ttp.r014.unit.sec.moaa.proof.04	375d328a2b4af26c92120e8cd6c180cb6d9ea746d05042415b930200dc87033e
ttp.r014.unit.sec.moaa.proof.05	6e9cd9c881eadf222d28b5efad23dddfacb7a6755972f439b756aaeaeb58523e
ttp.r014.unit.sec.moaa.definition.01	db86303d0ec521c83ac9bd07d7b42b502b6ed58938aca61be8c12b442feb1a97
ttp.r014.unit.sec.moaa.exercise.02	bc6650c0898b46b739ddabf66979160238263a7b0fe9868bfcaedcc2f6fb521d
ttp.r014.unit.sec.moaa	03bc8d84e70c9345f602fcb9880d4b85428679fc969e4dae4a723b7eea681640
ttp.r014.unit.sec.moaa.discussion.02	0fcaf6186bc891f21a3da187abc09cdf255c5351520c6eec17c35b0a4143f3f4
ttp.r014.unit.sec.moaa.exercise.03	81be5f73ad6e070f5d083f29d8cb3579d0425b3dad95466b32a1642d70bdbd21
ttp.r014.unit.sec.moaa.exercise.04	3c190962286fa3bbb5a27565bc698d1c264b5ae10dc6cb54dd4068c261aaad19
ttp.r014.unit.sec.moaa.proposition.01	9c7b973f748585e50ac4453008b1baba3ab809b0051242bf1e9a003508a55560
ttp.r014.unit.sec.moaa.discussion.03	3f5164d1d9bf884529a8f87d756bd02317c2c1ff64401421b4c14747fc9e654c
ttp.r014.unit.sec.moaa.theorem.01	e5743ebd75ca598136a0d118aa72dc8b32c61d6a42c7363838ae33cc3661d62f
ttp.r014.unit.sec.moaa.discussion.04	7b2a443b169ad44a3bbcbfc856d188137766da77a94059b3b67abb8c99d6a4bd
ttp.r014.unit.sec.moaa.theorem.02	d9f77ca69518c8067dab6600c3e764b11524135904fc1d4e78ffdcea918812cf
ttp.r014.unit.sec.moaa.corollary.01	cbe114c911083d95286ed2cbce774eb71e0a5251201a159311f16fa07bb32b20
ttp.r014.unit.sec.moaa.discussion.05	4d70fabc8b5f3c2ac633c79b638f6f963f78b19ce20d9154dfe62510aabdaaba
ttp.r014.unit.sec.moaa.theorem.03	4ed115a1eaf806257c1324ed182abfa56a13f8db3facfc47975cad3da386ee76
ttp.r014.unit.sec.moaa.exercises	e00b440a63761b56932394550543427c8144a37004a42d2b3afe52f162fa03fa
ttp.r014.unit.sec.aatflaet.discussion.01	b114fbc674ad7523c1c3fe7998a6281110721302c8c999ac14b782f45b2edc6f
ttp.r014.unit.sec.aatflaet.exercise.01	fdbc72175eb7f07a793fbaa446f4b8e2408a250ba1db7817ec8364de137f84ef
ttp.r014.unit.sec.aatflaet.proof.01	1e4cf2bd119a0e51520c4f458d764628f9f3527ef291a4a9aa60d227c6362932
ttp.r014.unit.sec.aatflaet.proof.02	da6486c69d0a34f62e712c5248aaf27b8866a9777cb8e4ae58605981f003a488
ttp.r014.unit.sec.aatflaet.theorem.01	c9d3dcb91ec5e1e8513c463ba5c373bb1285c19f0a089ce78cd350365e748d9b
ttp.r014.unit.sec.aatflaet.discussion.02	c7ffa5442c2a09cdc7b5d7529de1ce1f790ce23ab747ab822e6731f47983bc81
ttp.r014.unit.sec.aatflaet	240a7ca4f38ff59ee7525bf352e05ce9f07de3103d35b2c3cce2cbfb2785ccc6
ttp.r014.unit.sec.aatflaet.theorem.02	4dfc2aecdc6db895ee359a19571e2382ba8d85fd0cfb62a29d3df1be87be1f2c
ttp.r014.unit.sec.aatflaet.exercises	982cf9cc3b451f46848e0d946e4c7ee5b4983a975def5842985c141fbec270e5
ttp.r014.unit.sec.ssh	a149cb7288284258598b16ad3c3d0dbe37a7af440c9f036b7d344a69751c6877
ttp.r014.unit.sec.ssh.discussion.01	e1762b5d86d8a4dec79780c5210dbc3e3744752fa1cdae8012ade87314bad120
ttp.r014.unit.sec.ssh.exercise.01	70be66b97e964bf2b8f339e13c264c99f25341c08d91f162d063fc63b84c795f
ttp.r014.unit.sec.ssh.discussion.02	c27359648a83919e192c559c552039f2d5506fe581caac3d975a8888cc9c2088
ttp.r014.unit.sec.ssh.exercise.02	c7885577e827408360d5f9d4201de191845a9e5b24e3d87b925ca6dfca08756e
ttp.r014.unit.sec.ssh.discussion.03	9f0f4e16ca132674f9329a1580b72f4d8a559c9fc598af5d2390830f8c3ed68f
ttp.r014.unit.sec.ssh.exercise.03	c73a2cb7ed46decb24d313d0651eb6964bfa6afea5ffe155cf4bb03e27e0354a
ttp.r014.unit.id-id.chap.crypto	7bdd8776bbf4fca286f8cd41de4c9f1764818421c0fd621923c33885904da45f
ttp.r014.unit.sec.ssh.definition.01	4ec9fbb20b77675a0ad14a4be045d8bb43d05f3fdf3dc4967ae26db771ed3ffd
ttp.r014.unit.sec.ssh.definition.02	e8f369e5cbc127f009e5aad5fa859c0b09f6ff2b1b85d4361649cf2f2ba75330
ttp.r014.unit.sec.ssh.definition.03	825a8179574a330708092a438e0b7ba9a676b58f1842c40c4ab553f921df8c4e
ttp.r014.unit.sec.ssh.definition.04	a4b9b2aef47125a13ad64e371364ed032b7cc1525d2f01e21fa18ee667e999b6
ttp.r014.unit.sec.ssh.discussion.04	a322da60b4b1c44498949adfd0fb661d282d9119f06a7e0a977a42fcab86573f
ttp.r014.unit.sec.ssh.figure.01	ea113c96d17d775fbf69b0da835fb717ac508bd9a10c3d57d5bcc1619cb553ad
ttp.r014.unit.sec.ssh.discussion.05	62fd810f65406b8ebdac4196aafce2c6a29391a721476429d7e88c8ea1073a95
ttp.r014.unit.sec.ssh.definition.05	4b879a327a51cb44831db2b68a1a6afc9dd455d1718d4d5c00d58d6f8a6747b8
ttp.r014.unit.sec.ssh.definition.06	c4ac4a5f2f1a7c88ea4f732065f3dc28a277493b09cf962beee7fc33211c75f8
ttp.r014.unit.sec.ssh.definition.07	a5feed57087cbdf85d91aa0aa34a151507c8c62e8a4b874732caafb8810bbf4c
ttp.r014.unit.sec.ssh.definition.08	d8bb58d968f0f351fa3d7841f719a382d07c7e61f9bd2b8fd477cb0ead99c973
ttp.r014.unit.sec.ssh.discussion.06	c1999f78e42e86a9ad367128a2e16dc2d2ca7a1108f7eddfb79bf1d635e9e2f1
ttp.r014.unit.sec.ssh.tabular.01	bfaf325bb4b8701e26e3168e1afb6261ab49af1e7ee3afc91740357cd743cbdd
ttp.r014.unit.sec.ssh.discussion.07	9ea65a5b56b0d755daac44d5ebb03e01cef4690585641181d653b985483df700
ttp.r014.unit.sec.ssh.definition.09	b381ffc8ffb335229225dfacd5d7d3826cc639ac37bbffd079330d4928002dc6
ttp.r014.unit.sec.ssh.discussion.08	1e4c8f2bb18614fe7289ea55162cad0f63bfe1af50211e7083cd6db9ca1c6dd8
ttp.r014.unit.sec.ssh.exercises	a1df4df71cfb64488326ddacb9b7a6df8e275547dbf9a26b1de8e895b605bad5
ttp.r014.unit.sec.ccaiv.discussion.01	742755e51c5d4e39701de735f2208c5ff04e4d13efc2b2646bb4972aaf262e41
ttp.r014.unit.sec.ccaiv.exercise.01	a8fa61ba787bd75d4fc63d444fa2ec025227e6ea8668506f6074bf9ec9cc67bb
ttp.r014.unit.sec.ccaiv	c47fbec1c2747ddeacdfb281f122f39208aa25719dddb8f27eb72867ad777a9c
ttp.r014.unit.sec.ccaiv.definition.01	9958afa46a870fed43e908f60a7bee0a4372aba2c4b343a73278e9b7ec8702ca
ttp.r014.unit.sec.ccaiv.exercise.02	31f71ea405faac4e56d962e30bc9ed8405d7f723f7d589136d294ae23dd6278a
ttp.r014.unit.sec.ccaiv.discussion.02	de7a1927bf1bafecee57b3bf60f250d589e3a4ca80d91103629416f68aab7e31
ttp.r014.unit.sec.ccaiv.exercise.03	b69e9f8dc561207b5c0cc3a8d7c87ab3e64348da3d1997a894d5db42e60819f6
ttp.r014.unit.sec.ccaiv.definition.02	a0f895fca8f30a567194195f06d7b80bb3fe5cb06f3ea79d66e557e18298e556
ttp.r014.unit.sec.ccaiv.discussion.03	7e21fd9da09efcfcc53210e1f87b75e4e6ea629bd7256704e1e1c9ecab2aa115
ttp.r014.unit.sec.ccaiv.definition.03	0af7db1406d4c9f055b5b5d4c87d4b9533ea4c1dcbb788ef642be6ed32786d39
ttp.r014.unit.sec.ccaiv.discussion.04	60a77caf653518b9af915f9b67c290df17e07ce7a0c9aea88273163001a5e00f
ttp.r014.unit.sec.ccaiv.exercises	05483a6380133b5943aa902a0419f5f8a7762f7da61da17e01000d5469974421
ttp.r014.unit.sec.frequency.discussion.01	6ea3ca98007cf98f5d23b414107968954d96229b409e1e9fd05692ff71892d20
ttp.r014.unit.sec.frequency.exercise.01	4978a5128c4a3988ec325e2521ea7e4fc44b3a6761380f23af52160950f3203d
ttp.r014.unit.sec.frequency.figure.01	6576d14bc1071d74f4064d7aa0b61d81a00f8af2117b0ec323c073655503341a
ttp.r014.unit.sec.frequency.figure.03	25721e5bdf7de980cfcde2e60ab6e009c8556a527041a3e1bd614072480dc8e6
ttp.r014.unit.sec.frequency.verbatim.01	cd17e9dc0327f723b68e104f2634db71ef735cfc91a275ff7b36680c9fc6bcc7
ttp.r014.unit.sec.frequency.definition.01	1204a7cdbee8f613798c6053ed41f6e823ca1f2c5048404d4d2b8cc41cf62511
ttp.r014.unit.sec.frequency.exercise.02	fedfb699f19b7b2f0728c4a815f0460fd25d4eb457eebf85159d5f0b38d5a18b
ttp.r014.unit.sec.frequency.verbatim.02	b0c93a3f9c9abda06297f2830db6400248190513133cf9e6d4e9c2db3c4ba444
ttp.r014.unit.sec.frequency.verbatim.03	01645769eb58135365fa35a1c24daa862b098c1cdd16f420d54fac0b47838dda
ttp.r014.unit.sec.frequency	675a7602d2090f93bb3e6611399d40ca681ebddb340d19ba4aba9545297c176e
ttp.r014.unit.sec.frequency.example.01	0d424788c159db615adc7b2c9c4e741788a2b2cd57257b2ae00bca9dc8cbd575
ttp.r014.unit.sec.frequency.exercise.03	4dd54d55e7b1566d40370441d06be72066e669657749182817fa7796b9f3c965
ttp.r014.unit.sec.frequency.figure.02	6230e7c6e07bc6022fab4168700019a83c610378901eb57ec8452a3be1c0255d
ttp.r014.unit.sec.frequency.figure.04	49fe35505b177a57e3627afcae61f2ab811e7af145f88948e0f8853bbeda1693
ttp.r014.unit.sec.frequency.example.02	81723e6291337a1e6788f6c975a59c66e5a898e326c598f7142a73b4e8df8bb7
ttp.r014.unit.sec.frequency.verbatim.04	5c9c3243d987acfd887a308f12371be88b9ec4f585505773a6f359c81e973630
ttp.r014.unit.sec.frequency.example.03	49cfd8a3ec0edca0d9e66621321e37318ec31023121363ac61cace6ced9afc6c
ttp.r014.unit.sec.frequency.figure.05	86c5465df9fb74445ebefd1c76040728593844204a3a33128a61254a27c13e0d
ttp.r014.unit.sec.frequency.discussion.02	b2a880bb771b5985b7c5b05010475b0fa1028382f836013ce7497a53a0c935a4
ttp.r014.unit.sec.frequency.figure.06	b9da6c4e3d2911d1af0924446b93eff1630c7ce6bc094d344cea054c52bf5f73
ttp.r014.unit.sec.frequency.definition.02	6daca9d1c6a254d811f16f0d936e1e07e3de645dcde1382d95d8d67cbc78e3b0
ttp.r014.unit.sec.frequency.discussion.03	613309bcd917c4432be29e353020a6ffda88d7d26be4e223e00eeadddafcb494
ttp.r014.unit.sec.frequency.definition.03	2c8a14db5ad4c496203eb7f5cc6be748dd706efbd36267b3e7bfbf37c1a246c2
ttp.r014.unit.sec.frequency.discussion.04	eafda364e9595f138ad36e163f1bee88f610d9efd6b3c7841d6cc0b8446c5be6
ttp.r014.unit.sec.frequency.exercises	cc91dfd995a0eecac5bcde2da970866608b73fa7435a857f1533edc3b3af6e0c
ttp.r014.unit.sec.rsa.discussion.01	139d436571747898be0081e3f8b28fc27419e2f976bcae805d0bb14487c3afd8
ttp.r014.unit.sec.rsa.exercise.01	27d306b2c19c357fbef7c31ba906960b17980e7318cc60f49db0d12c36cc87df
ttp.r014.unit.sec.rsa.proof.01	a4ec5c54c70f9a25130547fad25305ce99275dd25966730a1c98d216d3acaa31
ttp.r014.unit.sec.rsa.definition.01	87cfaa177d424fc1bb53763010f13a9b2c8869f30b80365764110214ff099ff6
ttp.r014.unit.sec.rsa.exercise.02	a1f720f82273a75165edf866bf7afae2a176aa695322704fff14efdf8c50d630
ttp.r014.unit.sec.rsa.discussion.02	2c57d287f03b558b28966b461532212d5ba0dd91e9472ff80025418a3932ed6d
ttp.r014.unit.sec.rsa.exercise.03	25e7158bf545798736c25430820aaca40d3058c9d4239a87bb8c995d0d8ab53b
ttp.r014.unit.sec.rsa	9c19d38a62c3fdb60f02edb751b186df8ffc4863c5dbc92dab48532ba95b827d
ttp.r014.unit.sec.rsa.tabular.01	873900beaac5ed2c6b52574131826eb9383839b7198a5cf757d6b1a2c52cbbff
ttp.r014.unit.sec.rsa.discussion.03	7e9a0b8c79a611bfde2df80a1a6f2c1a380452a6f9828594864aaa75fa44b3bf
ttp.r014.unit.sec.rsa.definition.02	a368289ef38272f0614914c25586a98cd4f1530d488e25566e01af69ce729ac9
ttp.r014.unit.sec.rsa.discussion.04	85b5cd9d5130b6cde856ce3fd69a7b38e37903584da5758330402b7ca582f93c
ttp.r014.unit.sec.rsa.tabular.02	c2c22d58aedb7ee398ac6ebef8024dab29d9d0dcab137ddad5bbf37f500a635f
ttp.r014.unit.sec.rsa.discussion.05	68b4e43c3f1deb178dad7a5f20189c4dfb9815ff14efb9ae7ba4f7c983d7e644
ttp.r014.unit.sec.rsa.definition.03	504628d7b4f6942f41c7e9d47fc55314fdd51dc51eab3a65c1214760d88e45fa
ttp.r014.unit.sec.rsa.discussion.06	488baeb8cf8488070a7e4d7daf31bc0defde1d8dabcb32edc4122b21abcebd1e
ttp.r014.unit.sec.rsa.definition.04	763687ce0191222f1dea1205a1be36a64387cb2291f03f902c9211cbd897fd9d
ttp.r014.unit.sec.rsa.discussion.07	598a40c0d4139c3c5f626746e65b5f881b92761636c676e6adf9fee3d7f8fee5
ttp.r014.unit.sec.rsa.definition.05	7c0918a59c6b71a7b9ec4fae969b084a8e4d82e78293ec0ba817a0f51603cbd1
ttp.r014.unit.sec.rsa.discussion.08	f0aabf3546fb883b00b9920cfe2e977e6d08576d5be1ac6de9cefc9cfe755bbd
ttp.r014.unit.sec.rsa.tabular.03	50600c3843e366b6b16880504842ffabd4e5c3adc727337ad77210e0a7bfe260
ttp.r014.unit.sec.rsa.discussion.09	4f1b7f023ec28dc401a6f362c9de081f7de2263cbfb37d35c80dec136962371e
ttp.r014.unit.sec.rsa.proposition.01	db258d970089fb2d84bc20b2d9abd4e925d772daf6b2579d786a966b98805d70
ttp.r014.unit.sec.rsa.discussion.10	19dc05367c4724728cec797fd443adeab644f5134d2c6fb2a616efddcc34ea14
ttp.r014.unit.sec.rsa.discussion.11	e77479e4c6957bfdf2f29c481e854d337f3c4f587cca8dbbab343fa5a00be050
ttp.r014.unit.sec.rsa.theorem.01	8142b7ea5bc16746568e8c2408c385e9832dc311443cbcc298f62037b566c753
ttp.r014.unit.sec.rsa.discussion.12	eb038e4694155c533cfcc51131b01166ab9c55aa5b136d3efeef82d472ac7bb1
ttp.r014.unit.sec.rsa.exercises	4b584c22efb497af983ca145fef537dc9e3565cba1ef8f47ba2a704ad277b24f
ttp.r014.unit.sec.digital-signatures.discussion.01	d3741d56e96ce857861058a9c5f0af6c1de08e0cf531140bd306df2667f5df2e
ttp.r014.unit.sec.digital-signatures.exercise.01	741d01ffc90b70642862864f293f864d097555cc97243569f110cade57ad66c1
ttp.r014.unit.sec.digital-signatures.exercise.02	b1fcecad52a2581ab787331066fb54bd568a0c96a632f295ec25cfe6d642f411
ttp.r014.unit.sec.digital-signatures.tabular.01	c1e0f397030a53756fedb0fb4d3ec5a74289b85b0a6924e2424b5913db6b8eb2
ttp.r014.unit.sec.digital-signatures.discussion.02	072293110ec34dc8db17e6ed693a5fea48f9a9de5caeae93059e90eb5f31b1a0
ttp.r014.unit.sec.digital-signatures.definition.01	01a52008976c452314a4fbcd2008c9fe30514f6bf98370d3091bc7f0aefb7446
ttp.r014.unit.sec.digital-signatures	27795dfd72dc56bcb5d2f3920b23396d5043d8c85682f077728fbfb092202783
ttp.r014.unit.sec.digital-signatures.discussion.03	edf364796436ee5ddf6b162598483981ee8bdadc18d51627fe280941921fc13c
ttp.r014.unit.sec.digital-signatures.example.01	efba01627d25a88aa7a223b09a8492385b1edbe79a1a7f3c7252290d460bb1f7
ttp.r014.unit.sec.digital-signatures.example.02	fbe9c3be477a367e60b3f8501483664e62630a3890771675810978eb9c1af232
ttp.r014.unit.sec.digital-signatures.example.03	f60d35bf057e59ed90ece22907b5fb90bb0f208f0674e3205af1924ec4903b18
ttp.r014.unit.sec.digital-signatures.discussion.04	621e6201c8c12715bd7841fe69810f91cbcde68df5a9ded9973fe2ddb8a273d1
ttp.r014.unit.sec.digital-signatures.tabular.02	42554d1a02e9d1c091b78ba85f702dc4c70cf9682ee0c90a5e6d53d1ab11fbae
ttp.r014.unit.sec.digital-signatures.discussion.05	d2e14a4ee34cb7fc59e2a021d063e66e96d01fe133ac0038fcd477509f7bd56b
ttp.r014.unit.sec.digital-signatures.definition.02	d591dbadb5761ef7d92efa00e920c35637a40ec1a17f23e94a0fcddbe67f9eb1
ttp.r014.unit.sec.digital-signatures.exercises	c2dc6de3364acfe09f26d078b064ea662227de46d6be34727a16d8e61660b6df
ttp.r014.unit.sec.mitm-certificates-trust.discussion.01	f517f4049720e48b22723e1db8e1c1c0930a07e324f653746a86d983f2a2a437
ttp.r014.unit.sec.mitm-certificates-trust.tabular.01	43c21d38cce72dd1dff6d347a2ca5feb6e4f0433e0d55dd31ad461ce04faf612
ttp.r014.unit.sec.mitm-certificates-trust.discussion.02	ea84fd7f18fa4c8b9723f7cada471aae5c36184336d771a37c58f940e977a5f0
ttp.r014.unit.sec.mitm-certificates-trust.definition.01	8d25098c07adeca1e22334aacb28d14419d91482f30ac2a65697ec40f81abfaa
ttp.r014.unit.sec.mitm-certificates-trust.discussion.03	0ebe07d2aab91d424b39857abd5d1c6cfa4259bf2263ddd60737df07820d1649
ttp.r014.unit.sec.mitm-certificates-trust	6734d9af8425ebf5b8f11478ee8de1c9007cbd0363ae2b7ecffff56df4941b7a
ttp.r014.unit.id-id.chap.ieqdl.discussion.01	03b9515bab620a80638feb0488474f922520481ac77c98cd8d00cfd9407cc281
ttp.r014.unit.id-id.chap.ieqdl.tabular.01	11ecf497b28d396c3160aea0c59cc3f22073104daf3f90dc3908a09665e3452a
ttp.r014.unit.id-id.chap.ieqdl.tabular.02	cdb95b532d52c480c241d75f70095cdb19ac69e95886d56c39d6e7b3887e469e
ttp.r014.unit.id-id.chap.ieqdl.table.01	a434118984f0a9577688904af165e5c701be27fcf965ca6e55ebde0cf50fee7f
ttp.r014.unit.id-id.chap.ieqdl.discussion.02	d25e3a6fa8744e6827a9847556165d9ad848a31108ee638c40dd23ca6477208f
ttp.r014.unit.id-id.chap.ieqdl.table.02	6965ead7a69928826c549ab741423b8c6044f86ec060097e80c203a6d7d95e5a
ttp.r014.unit.id-id.chap.ieqdl	22ca2446a5980829431fd760584a05abffbee105f27bbefdf03a0299a798b310
ttp.r014.unit.id-id.chap.ieqdl.discussion.03	ef2384ef14f790a48c9e37135a1f8142c7e1b6bc34d659af7798d8ff5ca68324
ttp.r014.unit.sec.multiplicative-order-properties	ce231427fd266f42a11d944d0fcf0cf585ebe5b2f4855e629ced54ec60d7e32f
ttp.r014.unit.sec.multiplicative-order-properties.discussion.01	72911aead498a0861b75cd3044cc982c2587203c659ad658758805e3004c24b7
ttp.r014.unit.sec.multiplicative-order-properties.exercise.01	e9a1abed4442a8af87180944dbcaf0766ea7511f635cf6ad2cb7d6fcb3a03dee
ttp.r014.unit.sec.multiplicative-order-properties.proof.01	937d715e7d0a803df7b08dac64207dffa80afee40fd631759eaad873d12a8897
ttp.r014.unit.sec.multiplicative-order-properties.proof.02	c6ff58a495073a035becc062f348e3151f5bcee556ad6b84cf65208846c12e24
ttp.r014.unit.sec.multiplicative-order-properties.proof.03	eda50f42b4f1ecd4a39cdb16b1f41c0723795720fb3caf835dfae102806ecf72
ttp.r014.unit.sec.multiplicative-order-properties.exercise.02	9cd83b280506b608fd852aaeaa94129786ee7aad46ff809240aedd66cbe8012a
ttp.r014.unit.sec.multiplicative-order-properties.theorem.01	46f1b38d33e5fcf08a68afe79d496d5c60cc05fd9ed546c5cb038251c77e1f6f
ttp.r014.unit.sec.multiplicative-order-properties.discussion.02	0ad0f5429efeece5af5352f8f85e0a4c42d7c6360f1759873f7603489fd882c1
ttp.r014.unit.sec.multiplicative-order-properties.exercise.03	81a2a93973a65c530c9ec3fcc81372bbf9a86cf8a229b180b3be6be5ba8148a9
ttp.r014.unit.sec.multiplicative-order-properties.exercise.04	2e707181958044f081ba477899494052b3af68cafe198953296a32c1db5a75c1
ttp.r014.unit.sec.multiplicative-order-properties.theorem.02	ba2009c77f984b5a977505d202d30d9d522591211ef2a21adcdae6de4678c32f
ttp.r014.unit.sec.multiplicative-order-properties.example.01	a7a5122342b6206e23d512b7642bb29461a3e9f91b20eabab9014b9f883504c0
ttp.r014.unit.sec.multiplicative-order-properties.discussion.03	d64a7489e8d9a9b74385c880a7e8c371c637770d42efebe59e363131f41bac5f
ttp.r014.unit.sec.multiplicative-order-properties.theorem.03	02cb33b4ce9638e25f7fb75baa9b6b972abf6d56d97128e9f6ddb91a96cf43eb
ttp.r014.unit.sec.multiplicative-order-properties.exercises	aa4894929f500c689e7d10a8862c4bb2dec67ff531575530a29c184053e30f3a
ttp.r014.unit.sec.gauss-totient-sum.discussion.01	5f52ad639e790caf2e00e2e93492f1ac609cb525db93195c9d91fd118be52f9d
ttp.r014.unit.sec.gauss-totient-sum.exercise.01	af863472300ecb71799ffd13552a794f1ffc63449de1457423e0030b2c4f083e
ttp.r014.unit.sec.gauss-totient-sum.proof.01	61692652dc612cf6b2107dff1249b3d1bdc698c36e1748c0b4ad7e27a0c05dc0
ttp.r014.unit.sec.gauss-totient-sum	08a9e0b1b16b9a1f578a26369f5b637402f65d33ad465b46455c9db7af7862fc
ttp.r014.unit.sec.gauss-totient-sum.proof.02	2efd87909cc709fe205c8b4d90d7a441ef18d1e823f255c20ceac8d6542d1e32
ttp.r014.unit.sec.gauss-totient-sum.theorem.01	59dc5270a6a4eb3a26042a3faf46615b2e4901b91d38b8c2b4c7c7948248b13c
ttp.r014.unit.sec.gauss-totient-sum.discussion.02	1f3b6750484f9a8f85b43a02dd49dc843d47254837834469bd54f1e532aa4858
ttp.r014.unit.sec.gauss-totient-sum.exercises	c2cd6105be2199290782a09f9467608e9181f596cf52a9871f61c88c04be43b1
ttp.r014.unit.sec.primitive-roots.discussion.01	504c4b000e4248a9a73e96d800a59809ee20c5c28e8403e3d81db8ae80ce8daf
ttp.r014.unit.sec.primitive-roots.exercise.01	3b0924696d30eacdbc4f1e3509967363f1da8a2f38a747a5da8a37117cf5870c
ttp.r014.unit.sec.primitive-roots.proof.01	52aca92d91b0953626c1461902567d03c57d5f7a806729ce2ac8ddda01c34aae
ttp.r014.unit.sec.primitive-roots.proof.02	5248625ae2369aa5dc1d4ba642db267ccd92531534af8f84c7c637e86397ec10
ttp.r014.unit.sec.primitive-roots.proof.03	cb9202750ef9f1cd95661c4c472132f8eb53577ce96a637d7e421dd020260de5
ttp.r014.unit.sec.primitive-roots.proof.04	6df1d6072830d48fca81d31b8ecf01d3fe38ced257c642071d36ee0e43d61706
ttp.r014.unit.sec.primitive-roots.proof.05	6dfebdfabbdcdd97ffcf0869694a14a47d3736c76ab099a186598f1660d642fb
ttp.r014.unit.sec.primitive-roots.proof.06	ef915b27a56dc07b41143cc26d7c09af8b8896b2136905bd22a84df1f9445d3f
ttp.r014.unit.sec.primitive-roots.table.01	896d3c26effc0fa06bd799fe5cff463826ba5fdddd87589e9b88c18017ef27b1
ttp.r014.unit.sec.primitive-roots.tabular.01	1a4fea13fe9e185462babcba9e61bc891002825d4d8d380804059c6f89b40120
ttp.r014.unit.sec.primitive-roots.definition.01	6bfad4da04e04df96bc562fda459ba1b79e33b04918e579beaf020a7225915a9
ttp.r014.unit.sec.primitive-roots.discussion.02	2dab655934713ab984305e87400d076ad41c032fd8f49d4ff014ef5e30e36217
ttp.r014.unit.sec.primitive-roots.exercise.02	a52fc4ab25d824c68aadbc9ff2553c8c00b481995581de11808e7aec523d27bd
ttp.r014.unit.sec.primitive-roots	8f5ef4bb1b66372d58ef471cff84b22ea0e114c607c854f57f48d53aefea7c27
ttp.r014.unit.sec.primitive-roots.example.01	e1f15df6ab62aa6d7d03feddccb0158355376905e75ac2ee41001fd43601dbc2
ttp.r014.unit.sec.primitive-roots.exercise.03	853bf13505ed6dee985d2686ce8d8b917902a76fb21aaf6d567a2ac79759858c
ttp.r014.unit.sec.primitive-roots.discussion.03	b6d70d70ea4e8853b20b3bbd8b567b42c675663b32a4aab7a3cf015dd71c32f5
ttp.r014.unit.sec.primitive-roots.exercise.04	a1144f459bc0bef7eb0554d11683b9ef1436a6c0d86e2347c50340004fa833e5
ttp.r014.unit.sec.primitive-roots.exercise.05	4adaf05ac4388c3878a0524d1178b864214c526dee96bea60b01bf422d49347d
ttp.r014.unit.sec.primitive-roots.theorem.01	96dfdbb07455927908c76b4b6826d40ec36f0f78665f8b85794d63b4db08cba2
ttp.r014.unit.sec.primitive-roots.discussion.04	f669adc2db24ff02760398e53b51c4497c2e0f577f73c6ff99f5b86809501cd0
ttp.r014.unit.sec.primitive-roots.exercise.06	6ae5f89094a80de8b94f8a1616eb7c3665eb603dbbc326a5106eb87f0b13b6c2
ttp.r014.unit.sec.primitive-roots.exercise.07	b81e24996891f9aa59e3aaadc054807b4635da15687fa2e053a3400cd7de56e4
ttp.r014.unit.sec.primitive-roots.theorem.02	52a6fba254a34620f40efbce06c6bc3b57aaec5184246a8cf1b5b31fdc759386
ttp.r014.unit.sec.primitive-roots.discussion.05	c896a0758ec58a6a8b0cc6dd6d8cae1d5f67c507034e9c98e7a8cbb5a04c3ed5
ttp.r014.unit.sec.primitive-roots.theorem.03	12569a1fd9c7953cc9b327d28b9191eca0664634708a7d7ab7ef31af2b0edde7
ttp.r014.unit.sec.primitive-roots.discussion.06	60faeb68dc26362c7043a7a7bb8b472dfc2ea38e4a6fcb0e4ecc1c14dfbec972
ttp.r014.unit.sec.primitive-roots.theorem.04	690da485b131a5e4a29e3ef5f58b875f30f6407faef5d438ac6797104476770f
ttp.r014.unit.sec.primitive-roots.discussion.07	fc3e5a9521bd32006f033860a84342b7064a6a031fe6ba96cc92315576dbf181
ttp.r014.unit.sec.primitive-roots.corollary.01	6f8dbb9694dcdb129201f6b2e78971351158ae371f8c602943b791b7d41cb130
ttp.r014.unit.sec.primitive-roots.discussion.08	5ed5102ae8271f39dd13080aac3b33a48a3181e92ad699b883554cb23f4d537d
ttp.r014.unit.sec.primitive-roots.theorem.05	d17ab49c3874145034bd5e652c0b7f40545bebf7f20e81b6dacf00c58c57a740
ttp.r014.unit.sec.primitive-roots.discussion.09	65d6ae7e2493961a49fbd6c725f31021269f6ae5eab9b7f4164ed39aff54924a
ttp.r014.unit.sec.primitive-roots.exercises	68cf670edccdd7968d037b4b69076edaffdfffb5030894cbb3362f9032c77a52
ttp.r014.unit.sec.indices.discussion.01	5423a0de165192a46d703d79cb2b1c4e988a426266e7466cd1ceb2506fd45215
ttp.r014.unit.sec.indices.exercise.01	01ae44c7361f3a9a33657ebe4a255cd8be8416b7a98a9366987d16920782cb05
ttp.r014.unit.sec.indices.table.01	39ff18ca8dd04f5ccaf2952da2941815172291ebcfe07e67200d6790ea4809a4
ttp.r014.unit.sec.indices.tabular.01	1ebd25bb97859ab1f25d13ecc290ac6e0f3259ae1dbf0ed41c10d9d696b573d8
ttp.r014.unit.sec.indices.tabular.03	008ffc3b0ed278f00c7224af894241bdfb3539c8472ff40f41c11651cf5b94e0
ttp.r014.unit.sec.indices.wrapfigure.01	7da14609afd31310d55c04c35c743b837137f8d5c79c57b235c881083f427bca
ttp.r014.unit.sec.indices.definition.01	4efa486ac7d06cf146ef96603ab5ada98cabd2be8c1151df9f96001aa516b4c6
ttp.r014.unit.sec.indices.exercise.02	79383e50b8ab5c52336d12cfe0fb69b556810a9e8869e00b22e641efc96610e2
ttp.r014.unit.sec.indices.table.02	77e17befb9c8cd38c5792f3f1b4bba269fc9d5034576ba4eee635dfc816edeaa
ttp.r014.unit.sec.indices.tabular.02	d33f0a4cb6ae1efd608a65be5b6ecfdfef89fb431cb548e335d130c402ea30c0
ttp.r014.unit.sec.indices.example.01	1325d85f14b4ffe8290faaf99e1685438a554d75c25ccdce1189db593f42032c
ttp.r014.unit.sec.indices.exercise.03	c1d3625c25a3420274377ea2ef0256bd14ba3c34ece95fa05fa4f5bab66903bf
ttp.r014.unit.sec.indices	c6f37a11cc64c05be60fec14768557470e013f2c11a8bec6e16f445e3c43485e
ttp.r014.unit.sec.indices.discussion.02	fcd03cda2605404eb730207e2e9cfd883596ce018874bff4e8b46d1a0d3e4d72
ttp.r014.unit.sec.indices.theorem.01	0079633f12047f96d8afc80f26646c4adb878a0b5fd4e4aadfa4446537daa237
ttp.r014.unit.sec.indices.discussion.03	b004212af6eaa28b8a36a5e52f351b754574c886b9e90f88fe3e6fe8991689f6
ttp.r014.unit.sec.indices.example.02	77f39118241bbb8ac130a445b3a2a77560ba18376d239efa658d43cff6b87892
ttp.r014.unit.sec.indices.discussion.04	db5c72ddc130e30b8fc6e10b2853c6d013ffc7c4db496952ae724fea05ddbea0
ttp.r014.unit.sec.indices.exercises	0f9568f495cc9b692c770faeb2744b192d2b2c91fe4b20f08cf8ec5c5f635319
ttp.r014.unit.id-id.sec.dhke.discussion.01	b6ffa287ed3873567ca71e615e0d34cc420ffa06f3c636548cf793f389aadfbb
ttp.r014.unit.id-id.sec.dhke.exercise.01	d9a67d9d2101f4f51e55bc4d92cf233a9cdd7a55d6a087f3b15566ee2e04c64f
ttp.r014.unit.id-id.sec.dhke.proof.01	c66849c39c54b39c7d297a36569e24ac88e209e2f75ff48f41de5d347861f579
ttp.r014.unit.id-id.sec.dhke.definition.01	fc1d511a7509d5f4b2ae8c018a4c621587f8fe22d66a4b3d8c7c6e0edc81fa84
ttp.r014.unit.id-id.sec.dhke.exercise.02	0c2d50a32da9a44f891a9adc81da76a30c3772e8cf3cdcfbdec7a6db05c2e075
ttp.r014.unit.id-id.sec.dhke.discussion.02	75124f9d3d2eabd9caf2a8873d9b5c260788d3b6180e2a1e59608eacd7eabad0
ttp.r014.unit.id-id.sec.dhke.exercise.03	274541a139cd7f1cecb9b275bc3a146ac3670f18b492dffed02d43746d3ebea5
ttp.r014.unit.id-id.sec.dhke.tabular.01	59b4d6ea927a3b099eecd2ed6731407be09fe817164c722173a75b12a00a2fa0
ttp.r014.unit.id-id.sec.dhke	4185843f6cc59087c33ad4d01add0f1d58d6701c9d0f0e8ecdc705422a91c9c4
ttp.r014.unit.id-id.sec.dhke.proposition.01	3b841aa67c9ea186918d103886cb5b6187876c1159a59f51fa0003df9b6795b2
ttp.r014.unit.id-id.sec.dhke.example.01	96dd1ce43454db998d9182114ac8c0d1cde6ea508d6d6c3ab6c80b74b84e9407
ttp.r014.unit.id-id.sec.dhke.discussion.03	635393a064385fe673c74f61ddb6ff3c569c2a59620cca13fc77fe2fc1aada1f
ttp.r014.unit.id-id.sec.dhke.definition.02	8b27e4b637152de4b00fed750c199aa7d322bc14356977587cccc0e8cac92202
ttp.r014.unit.id-id.sec.dhke.discussion.04	4a5d2420d18f0c40d287ef20547e8e9ee26d6b66b91fbf534e7efe03eaec5afa
ttp.r014.unit.id-id.sec.dhke.example.02	3470b03550bc738317c6227ebbe861926905503c291496d383b79ded82386244
ttp.r014.unit.id-id.sec.dhke.discussion.05	32bb084eba204dbde06bfb7fe03ce693271927dc0e1d1c07b68a9ad70d29f92d
ttp.r014.unit.id-id.sec.dhke.definition.03	e2c01cd48e62362a035432dff6b11c093c0739147cef3e10157205faeaeba768
ttp.r014.unit.id-id.sec.dhke.discussion.06	af6a456c12be7496fdd5b929d1d279b3d8e9af953bc9b51016f21dad0a320ce6
ttp.r014.unit.id-id.sec.dhke.exercises	a22b4586a884fb0955dc78d35135d635e1df30429d8645bab57421e3823ccd09
ttp.r014.unit.id-id.sec.tegc.discussion.01	647709a53e805c6ce2cb1c6ef2925f6af066ae23d21bd89270864dae0e3887a8
ttp.r014.unit.id-id.sec.tegc.exercise.01	dd030cce85bd8ef0078cb891648b29624b0b717fe907abff4e8e736ee82c0df8
ttp.r014.unit.id-id.sec.tegc.proof.01	41aae119739fb0c3ced22c0cc514c2ce195b8ba019bde2c2a67440664946e0d2
ttp.r014.unit.id-id.sec.tegc.proof.02	4846ace4a67e7cbe884eb5bc62a13ee3fc011c480211d13333749fdfb83cbe56
ttp.r014.unit.id-id.sec.tegc.definition.01	b0498c5c95572860424b69be9a182a2502b0ed339f2590d69b7706859344584a
ttp.r014.unit.id-id.sec.tegc.exercise.02	8844be68e91b6e0df43b316b6da3312eabffb8f96576e1808e2cd914f10c75c2
ttp.r014.unit.id-id.sec.tegc.discussion.02	37e67d650aa51dd9fde0effc20384e55dc26df4c28084c3aed9c0e02070cb464
ttp.r014.unit.id-id.sec.tegc.exercise.03	2974c422150423717e7d1545e2086833ea7d89c18a7c964bf90a24afc8442927
ttp.r014.unit.id-id.sec.tegc.proposition.01	de201262c5a05c53b866863b280d0597850d34565cbc00f2deedf87b12b7f4e7
ttp.r014.unit.id-id.sec.tegc.discussion.03	96d6d5b9e6f38320ccb0b7c9bb2f55aabf89f24b1bbf0a2956d318db9c83016c
ttp.r014.unit.id-id.sec.tegc	f6b01e26dd941488e1a8b6fc550df18e97d004972e3baabe61ce3bdd479e7525
ttp.r014.unit.id-id.sec.tegc.tabular.01	4f79778dc654d9c050bd96649b6b3e1b2a26d55b8ea983ad49aa4683395cd2ac
ttp.r014.unit.id-id.sec.tegc.discussion.04	4c4c6d752d8bf89a7f8005200868e1d63669af64201d7b59019295d13632793d
ttp.r014.unit.id-id.sec.tegc.definition.02	ee19769f392d82a5ff79531f7f29067177fea9972bf716a41ada597f9e42c491
ttp.r014.unit.id-id.sec.tegc.discussion.05	2334a01ff34e65f7e40bc93d45f1b0a396114b1e900d028ad82bd4549e23237b
ttp.r014.unit.id-id.sec.tegc.proposition.02	009327a3b1729c14da396b9d091571b9874cf5c56405628c1d31e722e3285cbf
ttp.r014.unit.id-id.sec.tegc.discussion.06	2df50652c5cba97f314726759368eaf645cf1c828cbc0edabc84419dc751db71
ttp.r014.unit.id-id.sec.tegc.tabular.02	6b81b38650a83f821d329adaa35ef267e6785b65186710eafa03b83903ab79cf
ttp.r014.unit.id-id.sec.tegc.exercises	e62c15542e9b112764361b5f0138fa2e4bf23b8f4fbc48dab1f510f229ab57ff
ttp.concept.addition	41a1e32e136c77d45c19ab65bd38dd9e54a674e2f8dc25374f44fbf9247522d0
ttp.concept.additive_inverse	ee234c39a947925bd091d5a4b8b7e965743875e9700bbb50fa799a3932e0e3af
ttp.concept.ascii	01de3e8e89e2a17f68b0168ae3366a4a9a6de7d14ef9a2b7dfb37900bb7ed627
ttp.concept.associativity	cdb577b90a10a155ab821bc4a327c3788af018670404f3063d86c74ff857ff43
ttp.concept.asymmetric_cipher	ca03c32c6a3d3fe918f49d52428ae409b3c1c915bb2766c925cc7adff350bb0a
ttp.concept.authentication	3362f1495236cb5decaa011eb8d618e139e544fa1287844cdc637668838630dc
ttp.concept.base	4bae7e6a71e40b853eb140697dc302b5a073fe84f1834b530f53cabcf601d7f1
ttp.concept.base_representation	7cf6dc90a86fb2cba918e1c0f6471320dd639bf41473915e23ad1fa103f69f2b
ttp.concept.bijective	3f2fdb3fde2bcf717a6a5c51de97a4966f9158701966b6d480238a61d7ab8fde
ttp.concept.binary_operation	aca65b491cd041095e7b629bc03c26dd8de0ae268d463cba7972dfe1ca9d4ae0
ttp.concept.binary_representation	3e9ab03af4e6490d097c96cf79feb4a348d3128bcc469be64d8a0688c6a634a1
ttp.concept.bit	66c2402f076f08e901e5acac064bff3e8b1ccc6ca2feeeded3f62997c1a99492
ttp.concept.brute_force_attack	07b137bf64aef41176f5cc7be88d04c2c23e34adda8bd5cfd6f4b6f839ca92a4
ttp.concept.caesar_cipher	06a9a09d0c98683d73b1ed536c9c59756109c4f3a3ecf500818fd059ae17f6b8
ttp.concept.caesar_cracker	412ea67447ec7e392ffb4f0b05b5a95a6dc789271a5d5caedc459d87b9eb6489
ttp.concept.cardinality	cebbf66a3551c0dd1ef3904084992ee67e8fd61f01086930c6e4f8fe910145c5
ttp.concept.cartesian_product	e33fbbfd470e69e752bd0c28fcac2e303172fbfb321eafe03b64c83ea5a56cda
ttp.concept.certificate_authority	c0bb943a03d60a8bf570676de0c4be86bb5db8a53f91b4f25fc9bf66f3019202
ttp.concept.certification_path	cd25ece0c6dd4aa787ab00b30cd01834b1b87c22a2199147abcc4b2c6a66f0bd
ttp.concept.challenge_distribution	b82c4af7fa3c8e157181c1343749211b5dacf8540ed73d4ee28dca0abaac5853
ttp.concept.change_of_base_formula	c11a52d40a2b0ace8e5fe16682d7ba2898484ff87e3459c57ded66e6e10a87db
ttp.concept.chinese_remainder_theorem	a79642b9ec808c6972d7b50783cd966350a8fd5ba03a4c51904a6138be159889
ttp.concept.cipher	1ef096f5efbe03488d2c2ecd60140f74757b1074d1331e79f302019d26976de6
ttp.concept.ciphertext	4ae550044fff49d18b2ab48ef16687f73d00059db01485d9702e475f2aadbde9
ttp.concept.class_representative	f2cb70ab95c2eca9a32f03dafa49da55784791160a3dee456847964756df6bdb
ttp.concept.collision	6734f05321b1face32da7f51ab0dc34908280105b0ba0cbeb1f3fa25fc51e046
ttp.concept.collision_resistance	9390429072d60768ebb8b0017f7cbddb43183113b6fcdead06259072b61add18
ttp.concept.common_divisor	9d7ef4242656272998e1c6cf12e3b13bffb96609af1b4bc05b4de29e520b6a94
ttp.concept.commutativity	701c92fd4591416d6b3602c1b85b2e7c146661762b5b3e9b247ae055c49f5078
ttp.concept.composite	93697b6cdf28ec98912814034e77b34bb502b71f531fc2b2627082983114d789
ttp.concept.computational_complexity	022218b6d8dd114bf2c514b63796f84e615ce250dc723719c418909988dc6ca2
ttp.concept.confidentiality	171e14a056999f17f76e5b5e14a4fb9696e4d56dd524a542fc362301be63de05
ttp.concept.congruence	e4dcbf9f3b2e497d3b0220ba85baa4f5ee8eecec3983665320cb5e01ff7f6fd9
ttp.concept.congruence_class	e26c491087d20ff518b57ae6465d34c9fbf30bb526d18bc20705a4e489e91b6a
ttp.concept.coset	4c68388593876e8aedeee895e1b423b8fec7cb2db25b9912e7a9a898eb501000
ttp.concept.cryptanalysis	281ef88eb612ab8c193fa714df424a445b08049426ec0128e4061d3a5aae60ab
ttp.concept.cryptographic_hash_function	b03cbae7b8462e9f354a965a0aaa398e75043a526fadade4d80ce02ce461c972
ttp.concept.cryptographic_salt	f2f7450404c01358d94aad5fff6871541a29ca7a3fe85d243a9d1615026fb241
ttp.concept.cryptography	f7a7ea3c6d1db890ae7961211cae780f222d177cbd4afc2724ac3690a2c10a4d
ttp.concept.cryptology	2187255634d0a491d606a96f7cb35095bf35ad18dfa7bd56f6ae69297a9d88f3
ttp.concept.cryptosystem	bc3be564be82a18a2cb9f0a151c67e11021434e547ee5997d1a233fe46320f15
ttp.concept.cyclic_subgroup	6ebf58685a77b1d0eb9cd1dd160ff4972d0033139b277484b8ad3155ac12e04c
ttp.concept.decimal	bea38b497ca880e740807ccd613908f476b89615433f3ec2d5a2d844ee0f4a21
ttp.concept.decryption	c13ae78e28db7c2662aa11a43bb359a4ac3c2d860e53f28be2a0ec7997cff51e
ttp.concept.decryption_keyspace	b75fd812a29cbc50bb3fcb900ced9333385fd9100d07476bb1f64368179e13fa
ttp.concept.dh_public_parameters	d264503f60993b1bdb8988b209ef1e4751f9244f69390e40cf69a4af1d933de4
ttp.concept.dh_secret_exponent	f4a204305afc55ef045fc3ba23eb2e5f5f3b9c8bdcc0a42f1eacecb4f33fa024
ttp.concept.diffie_hellman	d08eeca938509de77d6c304691779fbbb0c5e9e85eb4f54e0a6aba3447ee1f51
ttp.concept.diffie_hellman_key_exchange	8e5f61281e64128e941bf3fe75bfcc9d0e6345a8d260c7d7425f06964d8ca4f1
ttp.concept.diffie_hellman_problem	2ac4fc683d0c2db2526d01ea958e89223ed3e95caa036c5c905884452719c000
ttp.concept.digit	10317d2c5bae2b021df6aa18695ae7dbc20c5c74633f7527a57cf98e14340c88
ttp.concept.digital_certificate	01908184274361acdec675754910352c76a34d15d089217e6bd6d670ef188e8f
ttp.concept.digital_signature	2c2ef1cd3e159d17dec9ca15b0c976d68b892a046e9a3ce3150f73dcd6bb690a
ttp.concept.diophantine_equation	ab8322fd311b90b7843cad57842c946f4d23635e92444efd771c980bb28a4c3f
ttp.concept.discrete_logarithm	9bcb307c1aca2b67948d6ba6889f7d15f0f2a2ea965dc50ff537abae62a06c6c
ttp.concept.discrete_logarithm_hardness	b18ce2032a42c1115cba21e7e5bf89bbf28ef0d10729e294d8182e612bc9fd9c
ttp.concept.distributivity	52488bc2dc529d3cb3a58e4803527b9ecf85ebd34d35230acce34913861b8531
ttp.concept.divisibility	9c57786e09472dc4709c40c49b779d81084388ae18a3d1efafd39d4f77cdcf74
ttp.concept.division	0cb8717e2795f3cd0e0e6016a34a0fd4c0d056414a8d7f99cbb8207fb519216d
ttp.concept.division_algorithm	152fbcd9157bf9df8f1d8c9f7dea1fe9373493b599563717e33bfcc662cc3160
ttp.concept.divisor	33e15835f2ec7e608cd4921343488ac33e1b8f90ff91dc5f19b31f149c4d7f5b
ttp.concept.divisor_sum_function	a9246d37897d56c692e0e4490612da547102a2f4b7274a69d9bc2049883b76c2
ttp.concept.elgamal	6cad01a0d83983cb0538ea560b1fc745c96de85e0aa696cad148c3e8d09e14bc
ttp.concept.elgamal_ciphertext	97032a24bf50d9fe34073654015aaf7ccb940f0cf3ea4a55648da347839a09a7
ttp.concept.elgamal_cryptosystem	11da8a371f6b85b87d512f2403e34ddeefc1d7d46c71f570f1e6c42bfb3b5b76
ttp.concept.elgamal_ephemeral_exponent	82866e3d16a6067a9395507d28d925c35ce19cd0ad5b3c66cdf4ce925660c8b9
ttp.concept.elgamal_private_key	455316c9649d56a8a0f2f4cbbf3eb50404899d1d57d4b427257fb649005d39c2
ttp.concept.elgamal_public_key	89e80ad42c5d8c8ecd87f950e80dfa5256cf709663a2dc8bc2c798d62ccec3a3
ttp.concept.elgamal_signature	112f2a110fda51d25baddf88bbf72e190f17a2f1c8acdcc83bb2acee40f9a6f8
ttp.concept.elgamal_signature_nonce	64557019d83764edf3d87f436ffecd5b675657fb4cebc61986642ee47808455e
ttp.concept.encryption	fc493827d474e631dc8ebc63d64960ba4b4c6d08e31004f7503baa95fd9bdc14
ttp.concept.encryption_keyspace	58c4a2da123636d319be917875ab43b66afd97a3656979c0cb2a476ce0173614
ttp.concept.equivalence_class	8fdf7a862fb37638c6606e7dfea48781c698e406199866f021751522daaeed5b
ttp.concept.equivalence_relation	c643fec4f039d7bc52eb76fec3ea7b6804928aaa13e670c83a5c75f296d82092
ttp.concept.euclidean_algorithm	660550cc021d1e65e117ffc13822a836971c82dc3feffe0db80ae1bc542fdd96
ttp.concept.euclids_lemma	86a7aad3c028f90a2cce3629c996bad8d0faad4dbac81e4665f96212aa869216
ttp.concept.euler_phi_function	b43e5fb31172208ffd77e7c41c593d594f7f6578312953c44f3c2a7bec7c543d
ttp.concept.euler_theorem	f547bfde1fe5d6c3a600c3a57a7637db246f805227834c80e8f84243014c433d
ttp.concept.euler_totient_function	7d236ac8d80bcd3aea4e43f04bce3a1360d46c2b0de35d5c2062b840d88b12de
ttp.concept.eulers_theorem	887c67f23a46bdae7404b12eec7b25fbde563ab1d326a784995d0fd37caa9e21
ttp.concept.exhaustive_search	a6ffe9ac6bd203eff6792ee2773ef95209e681f124e1829c14f871cb4a5dd824
ttp.concept.exponents_modulo_order	58fe5757cd3850f898293ba34a5d768a5dc945aa8c02fce94fd9ecaec9a4bf3c
ttp.concept.extended_euclidean_algorithm	444e97be6970b4dbc450fe1afb65296250866670b7ac7a7d68deea35fb770bd0
ttp.concept.factor	3c3ab5a31cf66c30eb2b7975096a8f5d0f037b82707b1d6dddfbc62dbc321f3f
ttp.concept.factorial	4dc56e6ca20927ea3a4085e79423f30897eb5da2f673c804c6aa74c9660e3503
ttp.concept.fast_modular_exponentiation	318f77c3ec55e6d1c73a8bc19ccd6d05907f9a053e1def06605b1785ba0cdf7a
ttp.concept.feasible_computation	371319278dc65e7dc6277afb8cfdc8c61e4265b63b3ced73931d5ef241f3581b
ttp.concept.fermats_last_theorem	14d3c5689251d2aebe063cf15af48ad794a292dd2716b023547ad44e31db61c7
ttp.concept.fermats_little_theorem	705aa17784fe4c5982cf4c7baeae9a97982c74b45c06eb4f8a7d346efb1cb62e
ttp.concept.fingerprint	a1590f9debb154f9779a01904e4028eba5672c1413331079d43a2ab6126818eb
ttp.concept.finite_sum	300b116270677f12bd12c7cbff68b69e532c4dcea6824a705bb53cb9733595b7
ttp.concept.frequency_analysis	59047f6a3f195398008c94653525b23a4e6cf89acd05fd3f610fba28b778c969
ttp.concept.fresh_randomness	ea256d6662b47f1be3e359c46fff4d6747b270cda15e5386b08005e1fa12738e
ttp.concept.functional_correctness	8d36b7512808d88a5e2493be2118c056b189e380c29114196bf6740969fb463b
ttp.concept.fundamental_theorem_arithmetic	48c4ee296b4c050a5b199a9029b1af42f124c30b8c44015269553b52fccd811d
ttp.concept.gauss_totient_sum	7ca4dadc0100ecad8015836e966909f3ee10db217fb50cfbd0634ffaeb8faa98
ttp.concept.greatest_common_divisor	9a7abd0f405b48e8ac5242e892140b0223a909534a5ea6750480ed52e2ec9ddc
ttp.concept.hash_value	b0e627d503f681b5727a8625528d7e4591ff38b00bee1fd788fc037c776cce36
ttp.concept.hex	dc6fd12d24a169df8a1006ce3cc1d055b38a06e42185cee3d2264bb656bb1378
ttp.concept.hexadecimal	e7779be6c5a107faafdb0410a4e7512db4f363589ed2995777cd231ef294e30e
ttp.concept.identity_element	e5e0b597e4e7e883c07d14bc3dbf419f94489d697073dc51dfb2f58f6b875248
ttp.concept.identity_key_binding	b2901bdfa7c29931a0fc1c81abc9a8f3c1989dabd90bab2ed9a8fd94af5e8d4d
ttp.concept.index_discrete_log	15815e06811373c5d0fa7f428b812dcd0f51361784538625bde0d81b08070474
ttp.concept.index_modulo	a127ffb94214c6672b1561183c38c1c5c9b160e040f8666da4de284fc945c5ad
ttp.concept.index_relative	f83bd0a6f944a9b3fbc135512eb4c12c553acabdd8ea0daaf911be93a7c32c06
ttp.concept.information_security	58453668f69f7112f18109eb4977c02026410b95dd907e86136dda72cd9ed80b
ttp.concept.information_theoretic_security	4a59d54aed2da2890402b7a4566506abcc1083482a81dc432db688391da26317
ttp.concept.injective	558277f5e34cbf7313e8fc25b3b294bcd2c0670ced1429c7b6d7c86fec35f863
ttp.concept.input_length	7b0ca704ce9f9fe1aa46a8372ccc717cea0ab31ad64518885ad3b3c0093abce1
ttp.concept.integer	27805153584c82206cbdef7f1d5e73cc7da46d12bfe1b29c1825b53103852f5b
ttp.concept.integers_mod_n	65a7a63d10e9cbec6d0b488c8c02b9245fb35556011fbab07ef832e22c89a83a
ttp.concept.integral_domain	cc868fe0b2eb35c54025ab4a7c07443c6d825a47979c0b282d85a8bf6fb24f85
ttp.concept.integrity	25a480b1d644f80e57a9a3f6f3b15a968e12c17cb67d94466ddf3b88206dfddf
ttp.concept.kerckhoffs_principle	6eb0cb65250cf3c47defc164f58c187a8a5e70ab6a287c50e1f94d2080d083dd
ttp.concept.key	815cfaea9dac04e5c643e331bb8962042b22e5b5b17747364d6c5918930ad239
ttp.concept.key_distribution	58135825dcbf17543979831531709a1918d75efe7ed1376109b4420fe2a85d91
ttp.concept.key_exchange	3262045d4d02a2cf7014580b0fe7bdd7c301bce9cef905a5c5072689be0d65c9
ttp.concept.key_fingerprint	98df575db6f7fcfca757b2c083ea70c5b3281bf21081b78680236b22dfdb7e33
ttp.concept.key_generation_algorithm	07ce49ae3112142e0c9dbe8482536efed21195d76565d4cee1ae9125ede853db
ttp.concept.key_length	7dea29788b0bcccd0b52291d74ebc3c4e8e44d3759076ada068909cf43404511
ttp.concept.key_position	db3fb452f54afcd7abe1c173d819618a97288ecef92ab2319107f94335f6e87f
ttp.concept.key_signing_party	ac62ac0b14f2e1564b99c4bbef240c55950ed7ab4bd0b559efc6de10e064f1b0
ttp.concept.keyspace	ffc912dcd44e853f724891615b72ec97000ac5fee6147371d61881030ac37b0f
ttp.concept.lagranges_theorem	3fda448b934a6a705b8d73ef35713cfddede1849d121e878057390c89d395bd2
ttp.concept.least_element	7be7927f678353b2e85607ae16029c41586bf93f569a709dfcef5a95e9fce891
ttp.concept.least_squares	4849379bcc5f7ecf9f569012e43dd20e5e7918d4ea01c72736ab2741c9d77385
ttp.concept.letter_frequency	f6bc953f588776ec6abb814c3644e5359b8ceff87eeb81294e402e8039843f21
ttp.concept.linear_combination	47d64cc9c547f0167500035d175f7c5639cc48697d4908c00aaf3f4f9cd778d9
ttp.concept.linear_congruence	34f345a62482147ed2c0dc8139d64b713e22c15bc6b7beca3e490cf53efce37a
ttp.concept.man_in_the_middle_attack	e9f2cd495695a7a0f14dea6d2f8152ea3fa8155c32bb0151dc87b58fb94353d8
ttp.concept.mathematical_induction	3ab3b06b688fa9ecbcb3476630fb93a2324f60b26822c6a0b84a63a60a3c3e75
ttp.concept.message_representative	c222b015fde4ac2b9d417465774b3d05cd651ed48db243f0dd35a6456a4a11eb
ttp.concept.message_space	9755f6711555ceda826b6c6f2a7d2f11bf0a6ef9c6e8f3395d91b42d368c0f3b
ttp.concept.modular_inverse	7e8a28cbe53e17387846aa2b874c881dcbb746c1767e1337948f17a94f65311d
ttp.concept.modulo	6053eec8364f0142a0c81f21755c95f17373f5d8833c1c182fc558565a62c1ef
ttp.concept.multiple	7ff6db1b7fbbcd4059650f79f5c5c6527676fec7783656dd46f8313c8bb60c99
ttp.concept.multiplication	21f1d3acd7515c8fde186928102769e975163f42b4647e9bd437c9cc8ed4489a
ttp.concept.multiplicative_function	44e4430559bc63475959021f75ac8ed5d3a6eb0594965b6cc8e0a671881e78a2
ttp.concept.multiplicative_inverse	ffedc0c8e2acb9ae952e68a88a1d42c4ea165145c06d95a4e2135fa05d1fdcd3
ttp.concept.multiplicative_order	133d05968d179b5dda94e66a51515977ec5246733e80e4482d17d9e88fb072dd
ttp.concept.mutually_relatively_prime	8d485b77ec11daeb5222043f01b3b19b1fb959c8db53b0ada396a44c8ac9d9ff
ttp.concept.natural_number	1900a1e3f7b9d9bd3606548a22b86d614bff2e89c92c8965efd4f1582a237031
ttp.concept.non_repudiation	7e6848095ddc6131b9fee7a32e172b7a0bb4af057628f03ec108424866fcc430
ttp.concept.octal	0036c2dcc5b9a59445d45440602f0c38d175df527522e79251dadd1342a3d471
ttp.concept.one_time_pad	1702c615e3250bcfbc48160d64cf14e681731e1283a5c6c75d5a0d7362c5e050
ttp.concept.one_way_function	3438278f91fa4964a37f94c21ea1e36655bd98ea1739fd531fac62faf6355fc1
ttp.concept.order_class_count	384c423df4bdc305f2d9c34950ec77f44b57ed56af410cbaaca7e7132b098107
ttp.concept.order_of_power	aa8d87494f161188d4fd1c613fa5f841cadccfd6f05a3e26c0754c26a189265b
ttp.concept.ownertrust	465f1fc1cb49b56c18d2b9f6aa446cfbe1cb638d9456d282b9e578d08a0e10f0
ttp.concept.pairwise_relatively_prime	dd098ce0ff010a8f58cbfc88c130f727576df189ab5cfd6442f47b595b031d6d
ttp.concept.parity	d3e3367c3e52829d0f573f826711ecba06c9544399c6c50af7acd225fa7945ae
ttp.concept.pigeonhole_principle	64f6a08b38ec2b0c4d958194cee265633091b32f04a8332fffa60ef9f7d7cee4
ttp.concept.plaintext	4142b578d706a8811e6300caac1eb28703bd3d6f3b97264d97f31b0bd807aad2
ttp.concept.polynomial_mod_p	c37caa87e0ebb22f3598ee0937f175cc94787dae829e1cb46452112e5cd0e215
ttp.concept.polynomial_root	afcc1a5f444ef207e2c2f3139045a352e4927b8d30b071e1e54a27ac75a2acea
ttp.concept.preimage_resistance	999cbf9e3b058e16246da0f1fad1301123cbe32b86df7eca84444ddf91a4d64e
ttp.concept.primality_test	468d4e31054a6db357b34015dd99e12461c0537baba67a1c06221983c7edf77a
ttp.concept.prime	3897ff9bb74d7e20b4ec0475c54d938aaa49270cb5aac34c743ba41e4ae470c6
ttp.concept.prime_counting_function	2f52f4f864ac5f5a761f8c73e605340c03ce0f8e052e6d1066795e5b5d72215d
ttp.concept.prime_factorization	b7aebe7661ac82ee4381b3614ad0c1df41a193aea5f8e45ac3b8fa50091fae62
ttp.concept.prime_number_theorem	c62b4257c3b110a18ad93a44aeafc3683d4bdb77aa915386253cd8830d67b5e1
ttp.concept.primitive_root	ccaea8eac7656e3912d1892a2b03109c88670412fcf17c217427618edec805c7
ttp.concept.primitive_root_count	fc617635122d4eaec105e62a65d4c2a8c2e75086cc1052e4ec3116daa8eb317a
ttp.concept.private_key	0a13cdf813395a83622f9c250570ef426def3dd390bfe3d091894f34a1225453
ttp.concept.private_key_compromise	b494115758082bc1db3cebbf1e7eb0ce54be8daa9927d8d36aef885543280d1d
ttp.concept.private_key_cryptosystem	2030d103e3ee83b2ac89bfa5abe95c8683d13f33b24528e5f89012a02753d48a
ttp.concept.probabilistic_polynomial_time_turing_machine	39ecbc54e61229cec53799dcd38293c915888485de1b71d26fda7d4ca77365a4
ttp.concept.proof_by_contradiction	c71406e293a1b47b335ba5b6107a35e1dafa2fa618ebdddbec18803961c8c7f3
ttp.concept.proper_divisor	3e6a0d4e9211b3b7fc995335a817ef67be013835d5a7782a0dbd7c799302d645
ttp.concept.pseudorandom	52d73ed2440390e10c4090fc14e34fd989629a8040e024fc4a9523bb8a9825d6
ttp.concept.public_key	372fb2c1299b0991c39d17e7d744a251b6edad9d3d5ac37466dcf26554ea89cf
ttp.concept.public_key_cryptosystem	2ac2330bf328c583c8953beb65e60de5aba36db92255848cf0027b3d78ae3b72
ttp.concept.public_key_infrastructure	9c4ef36b22311d5e35974a131ec7675c409c905af73e2f66ad04c1e15cc17063
ttp.concept.quantum_computer	f9ba0f2024011a9d86c41262d7dbde6fa33d4029abec0399402c0e943e999268
ttp.concept.quotient	2e49acf3215df1733f028f7a3263098aaa13baa67c4a28d683410d1201546779
ttp.concept.reflexivity	15364b9f741dd0c6e072a5314175123d5611ec942993017e4351d9305548cf43
ttp.concept.relatively_prime	37102721f300a7add87a32fde96595dfde1acac09551e0e1f4efee5410cf90d7
ttp.concept.remainder	7a75e9adebd3be533e377b092fe6323f9aa9d35ad4e4ede19c7d24f7bb9709b9
ttp.concept.replay_attack	5b711adb9147308e96c880290565ad78fce0648e622baad030b1540609a4c856
ttp.concept.rot13	aa67f887a0f573412a780dd3076b6e6e698c6cff2ed21af90a13f5ea4d9a4136
ttp.concept.rsa	659393fc2d1391eb6439ab8edacb86521938cfb9e5bcf3080f7909a960affa8e
ttp.concept.rsa_exponent	eb32c8b64c6f6fd986ddd839c65742ca79aad2867ec11eec64a94fa3355adc2b
ttp.concept.rsa_modulus	6dfc49570bddc67c553fa88fdc2c62e1eb34d4dca4b5157907510a83047f2e99
ttp.concept.rsa_private_key	c16dc7cfc216970345b8a75390002acf7b9baeb281d7498d2456d4f5eaf4494c
ttp.concept.rsa_public_key	191a58113b3ec5a60282fdabbd4d71cd19a8337fcefe648dc84a50bb572b86a6
ttp.concept.rsa_semiprime	3c41fda3e87624fb660ed9c78e46b2fb02936596e88849e3438b9d6d86c57ca0
ttp.concept.scytale	44766097504e196fbd24024404bb6d3d03a1e52a1edf3206c5bbb04192bb031b
ttp.concept.second_preimage_resistance	2a7e5ed061c610ec5e6a012fc8090ae276c8ee9b22a3420b30dd79d198ae6ba1
ttp.concept.security_through_obscurity	ce068dd82821eeee61d0d1635240e01a51b77e4bc9379908eb1adbf325ec5cda
ttp.concept.self_inverse	c74a3f31ca12cf2abb168497313f37a05b81b79403870c8ae8c2a685ce3a85ae
ttp.concept.semantic_security	a5f7f8e2a7b02be30ced79e039c917b9ad74fdf69f90ae63e976364cf1840da3
ttp.concept.sexagesimal	f05c247dbf5362b4f60f8f2db0bba22c55207ea483e4e876c3b6e16036d5e753
ttp.concept.shared_secret	f64a4a6fcb90a20bccb228aaf55f8b2919662c52049e0ac21abb0baf518af2db
ttp.concept.signature_encoding	614a90bed3a3af1f79d402ed8cf4e3b33b7a3a7853234c5bdfe53d60d0ec2051
ttp.concept.signature_unforgeability	5b1bc7d3fdc39b0f3db9e4f917dcc353c213cb1fe3944f630947bdd494b8fa56
ttp.concept.signing_key	e4bbad050245f8826d2e769fbbb8d1812707e5081e33681ca4ee67523f8b1f15
ttp.concept.sophie_germain_prime	b87acdce4b765e486893f31dde9003de3bcdbde5a883f3c24a45de7bee86d5fc
ttp.concept.square_free	fdc7a56c5b27248e544d909ee7bca28d9373e4d80fee194819bed0bb2addab2d
ttp.concept.strong_induction	f2e65df70a72ed48e204a90fe9b61d76be8160e3a2eabf275c8245a0d050f62a
ttp.concept.subtraction	10f0ee98468377b2711967a603003d6de569897e6575eedecd08c2247acdb514
ttp.concept.surjective	e80f2250061e77b403d42b8c185ddcddfe3772713d1ac51d15b4f8392dc190fe
ttp.concept.symmetric_cipher	d7ecfde7995eabbd7ed2d7cc2244bdac352cad3c907fc17cf907bf27a2ed50c6
ttp.concept.symmetry	f4fc3407c200d0fc8dba1c3f13e62776ad54f9c6b92ab72ee30a284c0719c9d0
ttp.concept.system_of_congruences	adedac612cfa66e367c35432e1ba9c931ca9bb2ab67776150eff9f6fa1d5e417
ttp.concept.total_square_error	5a754fa81cb45167963ede16a15cfb9b0ed306949dc0aac0d92ff8022f897e59
ttp.concept.traffic_analysis	2364f083fdbed3b695739c181c5d08f2704a9ab2cab32b7980f5e7ae338d1778
ttp.concept.transitivity	939d210c986e8b0444253a3b7e6c46b4fc12f3ed9e5c7c0edd6908cba360dd99
ttp.concept.trust_anchor	7ec29787b136544bc776fc343e3a538e1c3da3c83d5d54e2f955e733f33fda97
ttp.concept.trusted_third_party	bae392564c10f228cb688688a441b197e5705a29c16dc5b3ef8180b3af833e87
ttp.concept.unicode	c1082af16d45843083ea003954ce1440c2db2bc623db27e6510d63aaba45ef08
ttp.concept.unit_group	0795cfab6de389e112a2c71dd252fd5b63106ad57873b7f0c40ac61fbd561b8f
ttp.concept.unit_group_modulo	6ef87429ffce50d7ad2c1a15f10e4ed219a75660e981513173a217b349489dcf
ttp.concept.utf16	385cf982a2752a2ac43ff8fe46a8bc407f73bb56b9615a8ac8de960a08207758
ttp.concept.utf8	f38bcecd6013ef6aefa1783cc20b2a4cff2cda98082790a2b0dcfd71e1cf2b3f
ttp.concept.verification_key	1425b6136866a12269a5cbc7ee781a5b7f281fa7f7c794d25ff02a295649c843
ttp.concept.vernam_cipher	add0b49cedc50db18a404d3d8f46b11314e06a38c0131a84240ea03e0a7a254f
ttp.concept.vigenere_cipher	664b9b47d26b3885c0a13f5a04dd56a8b1de608b120c0d4fa17f4a06bb7baa0d
ttp.concept.web_of_trust	0f139c8ebcc73b572c6201e2934ce98204a4254486240b62893d904a36088bed
ttp.concept.weighted_mixture	255d9b8382b05fe5d0570c65047274439cee2b5241a4cf173c26c59f4557a3d9
ttp.concept.well_defined	f732dc74c3d2cfaaad5a2e1abedfa542f9d0b49f3c1e12bfcf69b250a9d3f023
ttp.concept.well_ordering_principle	a3b891fd1c92879b1eea4f4b2ace88612c34838ce032f2dc937aed5b9fd452c5
ttp.concept.wilsons_theorem	df12e2541547ddcbe11d85df3dac1f2877d4c132b3bb82a7afaa5410db576303
ttp.concept.zero_product_property	c5e79b7c06707ad883bbeb69772ebb81ccf9dd742bd71e839efea386a59d56f6
ttp.r014.segment.001	c63f92f23ae3ca1d92a7ccf92245ffa697a8d496cc00cc0f5c0f97718699087b
ttp.r014.segment.002	7d74f2c7d3ba0931ef4c836c0945f0ad5ca52a0b546096d0107a0455ae5de88c
ttp.r014.segment.003	13026d2482125f08ea5375cd5a327153bc87f8e98f59a6b592ce0dac580392b9
ttp.r014.segment.004	61fe26bb265eef7ecd80a3f6ff07b6855a32a348378caad1b8052e648d52578d
ttp.r014.segment.005	1db9e5f9f1e1b392cd23442f1215e772363a7087742d5fd3a24d9834238777b9
ttp.r014.segment.006	2f4897e76e237cc1e3c93a6e5740d7db06967132d009c37fdf912c51875aef18
ttp.r014.segment.007	7a82cce942b59c0c981b037f91cf392fc242c51eded8d7e0a29e568d3fdbb777
ttp.r014.segment.008	ddeadeaf06853d891df8959bd72ce549c76390a150c2271505500f37369c7317
ttp.r014.segment.009	019614401ac455a931e85a60b45460e8d63926ffdf8a7f27221ca2fba96eb8c7
ttp.r014.segment.010	4065b2f85adc93c7acfa7928c4b6d0602a28627ac0a2f4d2280159835497719a
ttp.r014.segment.011	8ccc22379a8df7604fe3ad7a57daaa903f8654d042db0c7d678f41dbf59a304d
ttp.r014.segment.012	5d3b6bb16abec4fc766bc7b7117cbec70ec1b6c1f6c34bf9047b7565fc18ce92
ttp.r014.segment.013	71a66bd7460719bf88f448af55dcfaef4b788c5ebf46b456eac658c91c21f93c
ttp.r014.segment.014	a851faffd774143d46e81b75194e918b206f16dfd1d5ba983cd405fde8e85dbe
ttp.r014.segment.015	a69f82f5290aa31ffc6fafebbde2f07dbf0a62befc0616435dc877a5fe5d5e1a
ttp.r014.segment.016	260bf3a6d53fa1f6e7d92c359c86e3fe8d5bbc4b010be5db72c54ebe185139d5
ttp.r014.segment.017	42d00a2890b4f03dfaf57c9673251d1cdbffa97c70cfd830e7724eb0ca47b908
ttp.r014.segment.018	7461bb792b883228196cff15a724b78bf2b7bde6ea111004ac4a5ea650a904bd
ttp.r014.segment.019	6145831cadd56801b8a4d37ef2bba0d36cf4bbd428f7458d0008301cb9356d6f
ttp.r014.segment.020	bfb19e0d31bd001be23fdea42b5c53370fc3b6a8d211d52d88e8553b8eb5a3c4
ttp.r014.segment.021	2e22652f5ffcb564006657de04e3d2683dcecdac283dd9d88da148e6b1035c92
ttp.r014.segment.022	94f11fbe3f3d07297c49a2493568dd3bfc23120559eeea0f2caf9f0bc8a5ad80
ttp.r014.segment.023	4fd7ff91d93896c953e9eadbc12d2c3f7b39ad2989258971932b6c5d26f39d58
ttp.r014.segment.024	7cd5477d25d75c85f5648d4f2e46875e46ba53f2a51b81664ea2fdbc9d825ab2
ttp.r014.segment.025	cc8e059968cdf357056d737820b776b4fee7292a923a3b02fef08710b2dabfa4
ttp.r014.segment.026	24f332e60b7e258b392548311b16d1e1554074683544c3e1e709131259c27ad6
ttp.r014.segment.027	a979b221fa340a5fe6a2fd1ebbcadde798b3a7f988e60e4ac625dc528c804507
ttp.r014.segment.028	603ae0ac452f825822e65cdcd0988a4a3dd09dce0547380c94c0255257d8fca6
ttp.r014.segment.029	1a5af7206a366c7901306b8c7f546dc643edd88109e9e75c61a46e55e9e2f2b9
ttp.r014.segment.030	b612f91a8667818a8c6b5dfceed54df30c82d4c1da124d0329e572b5dafdb692
ttp.r014.segment.031	247f6ab0571201e36ac287590f2f04235da4d0e6df7b63a16bdb0a40196c2df4
ttp.r014.segment.032	4d72b555874f720f0de30e5ea438b61d621e15aa7744e74eb88b203128230374
ttp.r014.segment.033	47d69cd69b1f56516b90a6cf71722c64c2a874c772881badc623d2e88f07a213
ttp.r014.segment.034	29aeabad721fc61f93a3e82962629b31098752561bd57313c39c4f59f277cea1
ttp.r014.segment.035	c412d688d56d086e2f3da13c353e11b591d6b4e921c2dfaed755b29d29defb12
ttp.r014.segment.036	6f73a83e80e73199fec46596e6033a2d7976cd8f3afe0b9071fde99c768aed2a
ttp.r014.segment.037	1db935b677e123980a12814b89fca6d2076ee836ab2386139365b5ecea46b561
ttp.r014.segment.038	d0dc65800933e7af0c5a59746b905a31dfbed4807671fc5b54683db59dfb55cb
ttp.r014.segment.039	40a2ab49326960b72acd246c42a821c1a6a1959c3b79a72e24f1958736a5b1d4
ttp.r014.segment.040	fa467317b249b373cec5945c1cca1aedef55029f182ca7f88a773fcfc3d99598
ttp.r014.segment.041	7ca7ca0d90be4cdc97d0147459a259949d74c8d93d4fab1f0fc2c540ef563318
ttp.r014.segment.042	09f4a10bfbf5c667972d154c7ffea0e8e6e939ba232ca09349c2dbaf59d7ea6a
ttp.r014.segment.043	330cb771ff1ed2b9346601b97999fd42d9ec3805be3c1e92a97932b96d787f99
ttp.r014.segment.044	f2e117e688f586b8c62f17c2d17a01f4073d5be2ff088994824112f75a3c2a3c
ttp.r014.segment.045	aa44c3448ed21af73de689fdd09f2247fdc3ea7c16faa9ea694ce44e5cadc66c
ttp.r014.segment.046	6fcec48f064ed2d597153a2f921d44ce2a5e0ef1c48269298e05d7db704b9149
ttp.r014.segment.047	7a51634c104dcfa884e7674aa825eef87807840b19c28bd9eeed460ad0ab9f52
ttp.r014.segment.048	7e7838e153b3165d1b85e4402e5cf77d98626c18200186e38fbf7a481c107ece
ttp.r014.segment.049	e16e5207d84c2077e30d3a34ee5cf40452d3d0a5c05164c7c524a39131581356
ttp.r014.segment.050	cbe9c9095b38ad155bee916c3850def39010a99b0bdca43bb63f906850f26c7a
ttp.r014.segment.051	bc17f8af9a1f0cb8770d36edda4d198ef9f92b3ce39a9c0f01a373a1824168b4
ttp.r014.segment.052	bf038ff6dae5a54c8055b69551d6c0a01356c069c1d912a1dfd6b18a2a72b194
ttp.r014.segment.053	7c31e85e972ffe8064eb67602b8ad82b4541ae69bef3fed8940560122ba471cb
ttp.r014.segment.054	65f41058a6d54501930299682c743d6387deba16cb40fd4e1ba5df6104986580
ttp.r014.segment.055	ac5aff60fed7375594546199091086f39d51e90972dee56fcb55c0c018293c54
ttp.r014.segment.056	409c532457a5a71745dcf6b7b96feebb71b58b9c8842290fd08614d048bf0723
ttp.r014.segment.057	e743fee5f37e3d51f22976f7b6121e70224d7972578908f1da086b5063c16679
ttp.r014.segment.058	8220561c071c2401878920bc1f9b9a4f8e4fa02fb80aedd59c74482f6c8561c0
ttp.r014.segment.059	4daf0ec132ba78069c8627eb52009cc78c89d9363bd9716fc18e2aa9605a1fbf
ttp.r014.segment.060	4d951888bf5078559dff3b86b025fe7b54e7a13ab853a49cfd10fbf3b268e9e5
ttp.r014.segment.061	043a21c85661e38463f8cb1c046d0c07e8b133009b11ae5c16a572b90aebb945
ttp.r014.segment.062	1b225c4d0fff4d275b938a85b85f8c6b297cdd7f37cdf391328b20cca1a2c94d
ttp.r014.segment.063	dd7eadb2ff3102b8f081d342b2ccd39c3d9d3cd0caac91f1e32b79e06010eb99
ttp.r014.segment.064	a96246db33330e5ec00c5d038c5954206fd4f8440baabcdcd36a6e4259bb3d4a
ttp.r014.segment.065	d2bf3a29388d376d56919ea580be207b3ab85788a128c92fc5ef0ec8f2af05f3
ttp.r014.segment.066	fad6f4783ccbd3058ba798992ea1de0e7b6c35675ef3fc6a26a6d46d3034c639
ttp.r014.segment.067	bec29e2dac2b2d55392c1725d07425fc1c31e6ad8f82a90a2e0c21ce01d20ba3
ttp.r014.segment.068	519509dab5bba90caf2471d7ff716c09deb1ac4562a50c97749af461f94452ed
ttp.r014.segment.069	08f522cb6d4437daca06b3377fe128c37dd27f76bc850ef1302e84ad8bddfa65
ttp.r014.segment.070	a62a1c7cadd04278bcd3d0d89f27a1d46926cf37c34e836a081d97b2ba8d48a1
ttp.r014.segment.071	5f1739e3b10782d9d252620412dbf8af97e892d006184350385b5b1f6bfc66f8
ttp.r014.segment.072	dd392db342975938b399e89346183783f82ef4c25f96a12587fc8c1efa1da852
ttp.r014.segment.073	cca17eed0ffe8f36da451b7d92b7c08c4832773d8a2fb2fec8fbc430bbd5820e
ttp.r014.segment.074	d4e746937413d1d8f6853408f28296186a2dea62fbe4b1c6c6a160983d42a47a
ttp.r014.segment.075	4972ba1d5af788f20b7a7e913f1409288629351173efb0dec44a23e1d011f160
ttp.r014.segment.076	63d64e3f74f87cb406252c12087d0b7877da6be6edf177e4a89475e9a455e8ed
ttp.r014.segment.077	9176bf341561a4a0c9bf686169bc32d2511b00a32a254a137dccded07a349a0b
ttp.r014.segment.078	d8dc50edcf130653903f59547f556fc03b18e888a4be5acbb0318329b65862f1
ttp.r014.segment.079	4923577609e0a36a72025dbb8f3ff6b3055c269ae7d6e37261e76ad03dd099db
ttp.r014.segment.080	3dbb1e05762bc9a991a105a79c785a8c06d1e543d36b74969af4bfa14aed67d5
ttp.r014.segment.081	14e77d423a4d585ac3cb5223b36da868a3a64877c2f2c354271cc46688eeba22
ttp.r014.segment.082	6c5f10b24fba9e3c11b058c7dc280c26e1504411a606b15a50987f5dcf1f740c
ttp.r014.segment.083	61bf2a7c82fe1d430a7296fa7175adaa418bc384eac147632dabd1ae343da377
ttp.r014.segment.084	cf3fa2018799eb612a3b70e7a16a203c328e30288d6e14251bfe701f611000f0
ttp.r014.segment.085	5f415e419bb0a3ada5e099c290f3d64a6fec7fcb46e523979b9874b4da554ae4
ttp.r014.segment.086	837042eab13c2ce639b1c67e3cef478e1e4e87ca165c2599f6350fc543599329
ttp.r014.segment.087	a30127894f579aa89d7d3548c52ab00563fbbf0a9c820a4a3357f35fdf83620e
ttp.r014.segment.088	e3a48ad49c03e2c8cd38c7142e714b74f95cc201b352f29935ae1a0c03e1b876
ttp.r014.segment.089	40c65ee586281fc68902652c0a2c87dd56973b05c2b2b147d47bc85dab485aa1
ttp.r014.segment.090	c7df9d626b2e264b0bcbcc60c228403e97ea5f5c8322876d10d8340c5a8eb767
ttp.r014.segment.091	1a996754ed21e312a0e21fdaea3302868fbb8eaccc448d69c8fcc7955194b185
ttp.r014.segment.092	722a5edbebef3c205f593c74c289c05d52626dd069df37940c33c2128a63a17f
ttp.r014.segment.093	00cca5e79805a4c8502b6565ddf4b7ee3d90f82e8392e6fe2181b8d689df1938
ttp.r014.segment.094	dd90703736e0d1922a5638d2a4b4d0337c7061d0bf534e940919fd38efde33b4
ttp.r014.segment.095	ee30dffbf5753b26309ef0b7089a0674571c9a0108d7625878b6ac7b541d7bd7
ttp.r014.segment.096	6c210749eed4cf95b62060e12952ff85f3d9093644cce2d37844e32061efb613
ttp.r014.segment.097	c7bbcdc4751c4c5ddc740c96f0e8c9ce571e2171e5d438a9a3809622b6923fc8
ttp.r014.segment.098	d1421b8b4e225b09451a2ebded155c24afe1c93d337d21cde6148549c55415be
ttp.r014.segment.099	83798cfcebd05099fa18e8c01f3002186f059462fad2560a0bc2e68195b69896
ttp.r014.segment.100	9ffc630963743e5a637c03fa075f0f762c6a07624cf81aee9d52f1d1b6638909
ttp.r014.segment.101	4deb6de7af190fa8ab8ce12341f495c0e7a9d7dbfba43ac5d685edee5f1435a1
ttp.r014.segment.102	4a3219c702663b22a79ffca7b567dbea3d9dbaf9bf7ec382b8e932cc81263ae6
ttp.r014.segment.103	6ee53b5a60e6bf25eb598d251e85ba0387210f448de44f739271d20bafc3b2bf
ttp.r014.segment.104	1c7038b1207e18a5e0020bd7ef5c0de012da2626b56ec757ee94c5d24ff69041
ttp.r014.segment.105	54fd6a39d3c1d9e7da1ff0cab741057a4869a8e687b39770333a6959769c517f
ttp.r014.segment.106	598d3189ff8367f03aec7015c79b6c81489a63044e53a0081f725cb1e98c0c1d
ttp.r014.segment.107	b85c67c72fd59826b3601b7b7d9fc435450f2d8b8bc8eba385cf5714b6fdcf81
ttp.r014.segment.108	cb7b238d2d0e42feaddabcb06a9e17a101b3a09c54bbb86d88dbb9c409ca9392
ttp.r014.segment.109	8525a2b3aa1dbff663aec554723d1ba658f705b2fc5e376375cf166131ebc01a
ttp.r014.segment.110	88dd18b00821a9ea12f7d339552734de86e612d10ee3b1c02a52a4dadbea60c1
ttp.r014.segment.111	562c6ed8bb5230b007649141c0eca869abd734f147abb44a6fd1f4b21b04e065
ttp.r014.segment.112	815a7d4849436452dcd0a070cb14f169d97715c9fabc3258463f82ab9bb706c6
ttp.r014.segment.113	1750ecc820f6d55661d1997ccbe45d6e82b58fa4a5739857bc02fd5f96522503
ttp.r014.segment.114	884fdf2e9d37a1899af832d7d551424e2a65d17955320d00690a02c7fdf6f179
ttp.r014.segment.115	93c5cdd0c181aea46d3524cbf402f70b95b4b8b8de0355baeea7a8840d47783c
ttp.r014.segment.116	7f9e516e3ddc8126572ea8b2286ee04a14b70e5ec6fc54d440a27ad6771e7de2
ttp.r014.segment.117	c767d80cdfe000168acf06a7942ff6ad2a1c3e0354f1efe36197f82d9939ce7d
ttp.r014.segment.118	c0401db8182f064ef988127cbcb68edd9de3c6246dfe19e5d11d2a34e32583e4
ttp.r014.segment.119	f531ae65a03dc091cb9a73bf4924638f8c0edfc1028e58a1d5a5792ffdadf1bf
ttp.r014.segment.120	16109ca8c1830f52377cbff86e46ea931b70936fc650c73b95b8e4ceebb559a1
ttp.r014.segment.121	5d86238e5e38178a082c32db47d9998348ef8c2b41262d3ed86cddbe7c424b35
ttp.r014.segment.122	7359e5c8f5135c9bd506b12f8d92cf55ce251cf5197b8821a89c24f602e12284
ttp.r014.segment.123	1e1373f08eef2843c24980a83bfc6ec9e8f4e6e76e12c16547454c3685adcb50
ttp.r014.segment.124	1df9d1a82c99f2ba85ec554852d11b4bab616c1d6365505d2966b99a396551c2
ttp.r014.segment.125	fdd0980b10f391b19f0a36acf523cfac8135e866a9ad575fc44421dd3027cc7c
ttp.r014.segment.126	5340a57927e7d43fd0f3ea245c71eddfe98462c0fcdbc257882129bcdbd5b43e
ttp.r014.segment.127	dbe5feb8a0f2991a361cd7aa1a1bb14b61a0d107caecdb3c7c8d103e40b82802
ttp.r014.segment.128	ce1fa5ba150b1e13722695edc20858fbce0621daafbdf9340315f2133cd44052
ttp.r014.segment.129	965f5aa6c1bc84dd90f66933044cd4a9e364a9d8f1b9237560964fa4b2bb008d
ttp.r014.segment.130	bc24f3e8a23969898fcac57f29a2aa0d197c3ca35a9a19f29cf12960194de778
ttp.r014.segment.131	d8a42e5628cfa74bd34cbf086cfea607d3305e5b120401cf6478e881aeb30957
ttp.r014.segment.132	52e1c54db03d38ce38e99f58e5671e9e7af8997133a8dc1b6b4ccc996caee9b6
ttp.r014.segment.133	028fc4c1fc43938f69b1f01991256e90f8f5b1907117ad08d3d936daba1d5316
ttp.r014.segment.134	5764f2ec4418caa5848b6f6416d1c5b6f121a98e2eb30392904ab0b5c8727f9c
ttp.r014.segment.135	fa9907d0fa1eb524279b8ecc776462223f46697120a40ebec65ee9fa628fdb29
ttp.r014.segment.136	5cbeb59895174cef7b770450e8c23326f1b81b541536f975730c7476ca0ad156
ttp.r014.segment.137	1fe1727a063c54b7e29af39e8e15064192b39066ca6cc648b5513d7b1fc8ab3e
ttp.r014.segment.138	7f1db93c786ade4615f709f8834187ab84d5a251b04a85fbf2e3ce019be1b1f6
ttp.r014.segment.139	dce53cf34511418a4bb944142353960e75d9fea0e1c119dc9707c77a86c33798
ttp.r014.segment.140	3fb61fbeb09488ceb937c475a1a6c9a49e250bec47f7aeb707c53280f7bb37fe
ttp.r014.segment.141	014cabd982a7b547502fc93018083fffcc97ed96680d9627ad3a6fc8914bca6b
ttp.r014.segment.142	3378bfff95ffd27b0ffbc4011564aafe4b707ce4a0f58d430448628be3899106
ttp.r014.segment.143	3844991e28cf536e8524af63308442e95e660611b268d0183f136069985b4aa2
ttp.r014.segment.144	8f2b7404a467f5ae71efba15abbed882807a56e649d1d00b3299cc98c2d9ad87
ttp.r014.segment.145	6aa87ef3486e433b34d2a6830c5c47e69e7d054c1a0d4b0727245260f3ffbcc1
ttp.r014.segment.146	fc7dab1e4ee6e2b45e76bda7d3a36960ab8c0302bbcec4b9f44eaf4de8aff4e5
ttp.r014.segment.147	9a6da00b0435f4e32178c58ac912231208dfb9de04c3bfda318ffcf692523912
ttp.r014.segment.148	0644b6e3df6eb1d4c88e154770b7ce6f89e34369e7dcd2c2fd934393f772605c
ttp.r014.segment.149	0a93e8c12c42b3cffd94d089639acbc2f23a019ad70f58804fdccb1e3970945a
ttp.r014.segment.150	9f86fdeac9409e5788245ad069c41f62404fe3b213b52ebbfc8e83e2629ab339
ttp.r014.segment.151	3d6216d88d59d13eb230233b927ad8372820b115f83ede4833693c7d5b14eb58
ttp.r014.segment.152	20e5910a677d1e07895e12b1b44908340bd81cfb1ddc7926c43b70816992738a
ttp.r014.segment.153	6a67bd927a4f1a336d416bf03c1da2915540a4cdbf29f67cf3e6924a02f63d0d
ttp.r014.segment.154	32e47616f8d43c68eeba795e7601f680b1ec99a8a7bd51ac71e5eca4dbb67064
ttp.r014.segment.155	f5e6aafa8559a9d801c7034bf42399ba485f9b72c31e1d8cd6fad636c13ec1d1
ttp.r014.segment.156	10818a13b2c08ebe928f6ba01df4a62d20faf7aa57ed49fe1ec48bfd8a16083e
ttp.r014.segment.157	8de2ae232c965c1f1b052fc90705c846ce8f0ad9ff6e564e775bf3460bb66f6b
ttp.r014.segment.158	03541506fded0b19e5764261f286b984aa11c9736650454daf6ad3e73961452e
ttp.r014.segment.159	7662ed1b7a04ab41e6ae933a9db82c9bcb5df605f681d46f1636c813f2941f06
ttp.r014.segment.160	c36ade6bd58bac61dad78113fdf9bba6bca0605e32ad128e2a789e2cf3a67a39
ttp.r014.segment.161	c067b17d0c5eae66c64ad586db041386d4a1b743ca5d8a1351cfcdbbb405dba0
ttp.r014.segment.162	f090b0faf722347fa6faf535b33701d5e767e6e5a62e9cee57f5636f8f6cec26
ttp.r014.segment.163	09a98d5a5ee30c0bd6acace73e85ae10a3871de93a9655602292212d2251a129
ttp.r014.segment.164	14ac707def1f20ece20f2ec89c8630a57a268d03fea35409b3677bea664c79d8
ttp.r014.segment.165	e4c99e58587e37c65325d3e6a1d93217a10376f84283258e99b7e3721429e70b
ttp.r014.segment.166	b18effa76ba29675b45a6a9348df4833386a3615a9320711fc44428f2e7297c2
ttp.r014.segment.167	4605917827e34b9fc047f69480b75047c5c9513498bd79f9cfe6dc9d2c9ec586
ttp.r014.segment.168	e86e0ea1bf1046bdc91debb722e9a215d5fa9f5b5c819e394a105c6286fe65de
ttp.r014.segment.169	47135dbeb88ac930d0efddb7333d61563f1b3cfe2f77392f41c3f97db2e7e8c8
ttp.r014.segment.170	4bc29fe0f2d73577c5207613e0cf42ae12391d384e9108e66c6b2e96e648b3bd
ttp.r014.segment.171	691dc3e4522881eda4e496b085634243b8a07f99e748404161a499a9d3420f1b
ttp.r014.segment.172	4a77a283f58559209448b87adaf4b4d47d88e83f09a5755e0b0929c740f78e6f
ttp.r014.segment.173	f2eb8684ae7d0230257eb948318297c4311121102c615d48a373171924408d30
ttp.r014.segment.174	6c89e8eda42dac7414c8b473f0459275c4324af2914f7bed53684f35eaa76917
ttp.r014.segment.175	35639a8a3dfc635697e43a645563ab0030ad47bae46e2ea71eee0ab070f5eb7f
ttp.r014.segment.176	55dcd1043931b17530c41b8219c1d6429946e8b0e345f0ab043aa75086d14c8f
ttp.r014.segment.177	41aeb65ca4f986adb686a388f32131da0d6f3b2295b565426b9d71e69075f491
ttp.r014.segment.178	6bb67d03d2ca7ffa4b28d571f76cce235989554c6ac783412822afde48d4dbeb
ttp.r014.segment.179	9cbd2c6984a6639b038f86be48a483e87d2dae6e76cead835372891e890bcecd
ttp.r014.segment.180	774f1b55e5443d7e3ad5c1e771e8a9bc0ebddb711cef6fad5342702f3e1a0593
ttp.r014.segment.181	13b93a7ff3fe895ce388197d3132e2bf70c7f07f9af165ce8e7cad8b11c595b1
ttp.r014.segment.182	1b4ac1dd38c7094610cde0950bf6ff8c765bdf6d911873884dfe7e29f4e6c9ee
ttp.r014.segment.183	7f10f1884d81f9528c5e7a3d72feb17aa9339f6730695b95db14b1cb3e063458
ttp.r014.segment.184	9aff247a114a4fed69b92725b772475f89a07c56d9b43d0359a8110e88eef532
ttp.r014.segment.185	eb94990f1d22b241e184aaefcf18375de7b311e80e902311facadc5f9f12ab43
ttp.r014.segment.186	5be9d113a832079530386bab45a1a4cffe408ba782785e0d1c7f4251ccee8d6d
ttp.r014.segment.187	843a5305a226074ac9324b2f154c6b5551278a3be967cc31b2280ac0c638cd09
ttp.r014.segment.188	210fb8c8e759b4b097e677a9491b583ab212a586140b1671fd5a3eac3d4efe55
ttp.r014.segment.189	e95004f6c80ffe31b618c91902019af0b63752016f5ed9336d4004c3268da759
ttp.r014.segment.190	e41f2b79cfded88dcb8ab76435e8ce22d4adacda66a418f54d489a1981ae34fb
ttp.r014.segment.191	ef9511b2a104acd1aed8e7d681164ec049e4a8e33e909569d494a9a113bf7947
ttp.r014.segment.192	efb68d6b1557e8fabc7c749c2a06dd84f03bbac5227e7334349fd6f3a41b5fae
ttp.r014.segment.193	86407d1dc21a40b4645a283cd0954656d2b29025fb5f1ad96b1ee19842fefcdb
ttp.r014.segment.194	62852f14a0a1660362a4dcdac513ff3e288d246dc5d41333943f1c4cbaf75b1b
ttp.r014.segment.195	c210ca2fa13506f9c6d6ba2c35ce973d1d4dd9ea0cf1fcd4becd127658f0eda3
ttp.r014.segment.196	2bda7f21ed00d0b79137a81706d9e15ce4bb1fbb71a575b856a925dce07c241e
ttp.r014.segment.197	dc908b248a9757058ca31d90fe93ec4355c263997c80235913bf5df90c6c0f21
ttp.r014.segment.198	2e8716df017b97483bff10eb93ad88fd3610aa6ef8efc811485055986bb5bb66
ttp.r014.segment.199	6dd7d56a88432dd16fe509cbfc193ac313380114440e7f2ac5bb5f006639227d
ttp.r014.segment.200	2d591dee2bd589e5c25257a695873965356a67bb8f4661f3cea6b61c8d1ac22f
ttp.r014.segment.201	fd2ef9c9495e7c3d54641573cb0855e2dcd4c8b76f92bd072807a6ba52ef809a
ttp.r014.segment.202	9c6e9cf23a85642e03e51d618cf72f8d56a59530519262623174ade7f02cf29c
ttp.r014.segment.203	ac8736f027fc0651ed77330cfd8efe5d7ed9ed2e9fdac36252f1ae7ed30eff56
ttp.r014.segment.204	e3d373a1b1158e1da8f5560ec12f653ea009e0db716fba04775091a6908e920c
ttp.r014.segment.205	68d34dadb53175ed53841e54fe712d39803a3aaff9be5913fcf92bea1722ed7c
ttp.r014.segment.206	4df6d1da91dbde17f09a534ad2b46a926b8263e20615f3dffb02fea0b4605b1b
ttp.r014.segment.207	7a1cd2562e2b99b65c119261009c7066e27111e5028d5cb17c118b9139b32a42
ttp.r014.segment.208	754fb67545e9945921be88466b47d5ea2be4c68fcde8815044caa07df5a1ab9c
ttp.r014.segment.209	fccf7542ec8d362a36a773943c000b8ee1696fb88a9ace0ba00e4dc3efc3b2a0
ttp.r014.segment.210	b75e68bee1a1a10dab8ce6647f465b8df466961f3c6e03e61b6f175135d0e9bc
ttp.r014.segment.211	d233b717b0a7d573f7da5484bbab896e3f4eb0affbe3b2109fd07139c5961ef1
ttp.r014.segment.212	8201452fd802c482e268f1093e1732662fd943cd53136d21898933094fc6a857
ttp.r014.segment.213	93f945b0a36653c8d0fe15c2c933332d6e2747d87b3737b3048e5a8b2dfa652b
ttp.r014.segment.214	d23662adbefe36e67b55d67dae3aac3c6033d3d911a6ad353824e594092a412b
ttp.r014.segment.215	7e6fa24a22ebd954836cc8ee1fd45e9ee066a2571cc8ff6254e5a27d83f2b141
ttp.r014.segment.216	d14950dc5b2a04c169fb1910bc9eba6afb0b09c8bcac8f474b776ce83ae267e6
ttp.r014.segment.217	87f14be4e2ed7553a46e70ff253bca6b00a098af53e85c9895058bb858bd2650
ttp.r014.segment.218	280221d111ca065eb713c4f37cf14da1d1dcf65ffc5c111302f377456adfabfe
ttp.r014.segment.219	1790a0dee622a83f2091bb27e7f0cc5dcb8eb66e6a6884f555360c1d02c5bf54
ttp.r014.segment.220	78340d0f145d4b95139b551772b099067b5600b02dbf8f9f25e557a4a93ba63d
ttp.r014.segment.221	c2884213a0059143697965b45c5b8a4e39566c816646bd7084eec7d02734e201
ttp.r014.segment.222	df03694a28714ea2cc8fd9f8b8da342f8d2b891e3ddfd0f5526e93c63e1c376a
ttp.r014.segment.223	8dce97deb0b8d0356c001890eae469a03623264df9b28fd62ace4fab36b67135
ttp.r014.segment.224	d7a72e411399509290cd51d14498efcbc729f9dbf1af6f922e886621fcd60ef0
ttp.r014.segment.225	4578235c87bb821f49c742a233008d1898d103094b4d725135626c4df28e7f3c
ttp.r014.segment.226	e1d3c17e594f6947fbc94d16e1e3f63582be0ad3452ee07767b2447054cf4a33
ttp.r014.segment.227	3759b292e3619afede27ece88cd4f087572323735f0ee464f26c83ca6cf1eeda
ttp.r014.segment.228	634b2d5494017b411517650541a69fb11dd17b54b764c5bcb079e87a7321efc5
ttp.r014.segment.229	65433268b2d9ce6becb5fae5b8adc2541fa3256c9388f3578d7858a80ccec84b
ttp.r014.segment.230	449544a9fae24ea990de6df0f19ada7ab3b04242b26cf1dd58a0b6136171fd3d
ttp.r014.segment.231	27bd8dc33695999d3d540aa775df08f3b14513720b668ed095b46c3dffe8cef3
ttp.r014.segment.232	fd193bc04432db03f6e2e993eb5ba1a900a77eeaedfa840919dc7590ce4cbc6c
ttp.r014.segment.233	d88f3856f135e3f9878b1bf1964f8d50be3ee2fa1ce6c571281714a8b610c839
ttp.r014.segment.234	6e439aa4510cbc72f054f1c9b8647b6edf06b0a1cce7ea4133f0de61e3137fa1
ttp.r014.segment.235	792afbaba6dd2fd47b7500bc3da0be2194a5559251c2928109e897874553a9c7
ttp.r014.segment.236	d3f96c27825409abd7021696fd182b4089d50de49ef3243421685a47f6558f77
ttp.r014.segment.237	acf079fedb51ed6631e30afa4283b3280f176b1cd55a24190fd24bfc6890aef9
ttp.r014.segment.238	2bc8576f0202a3b8901c4db231b983164170371432fecd093bc75b32126c3a2d
ttp.r014.segment.239	478a31460c3fd9277ad185477cc897e387fe3e461ce1af0a5902cd8f143f0f33
ttp.r014.segment.240	b2ed38ae7b6f6112dfeb6a83533764c1283e3988f7c960f3f82beeca7042767a
ttp.r014.segment.241	d27d38ecf2fe2ef3612f1055aa50b0df52f64a6a3be9063c14bcbef63a39c7ae
ttp.r014.segment.242	8beaa31115846a07521fe4eb10d8406e30a6e37c884d90894fb7de670088989b
ttp.r014.segment.243	4ac35def03ab91a00a7f6e492024d0d92295f38ab9d8170ba247be07fec8fbf0
ttp.r014.segment.244	67d790685ec8abf8a1ce3198679d42d22540a6bedcc7f24a05c11cb9b1d4c5ce
ttp.r014.segment.245	3d5e3f6f84fb1cb1b9e1491b67cd5c4bfbe8c7efd079b2dacf9d8ed22604312e
ttp.r014.segment.246	8638eb4b08eb41946be5641c560adc8136230baea2c6542cc6ae73b6d9d4e656
ttp.r014.segment.247	07a41757ba95593b55d621e31776a48b56b4ac4bcd01e029b0a268880c314c34
ttp.r014.segment.248	a01b9f15ea9f6931c41061caa6f73055069143052a63e0a99c1a7651929a23df
ttp.r014.segment.249	8eb2a1be5341aafa3d9376ec9686385f7ce897dc13798c09a165ddb6ab64dc1c
ttp.r014.segment.250	d10de30273c59b231e3876ad9f71454771ff4ff27bf11b887e736dde1ff7859e
ttp.r014.segment.251	69fe84f8558d95c1efe409887cafd019fe86019be90900297f98cd4b0a0c7b65
ttp.r014.segment.252	2a0c8ea53d429110e23a2f7c4bde97ffef92f70324fcb0724f63eacc99bdea48
ttp.r014.segment.253	a78d00eed6890cf2f6032570643301579e21fd71a2729e6c6009b573172c3286
ttp.r014.segment.254	c99c2daf9dce4d71ff92b6df72d09dd484e411105bb9766385633022167ac975
ttp.r014.segment.255	91cee31075d163c5a18ea5e94ebf5fa6fc19061048158ec43dbdb9fa5137e740
ttp.r014.segment.256	a06f9858c767ff6c4400993390a8a08dfbd3144bf280578f190c5f13eb3a4fca
ttp.r014.segment.257	3ab4f6d4a85f4ee34062a86f5a8320d34d4616a50ecbf17e436fde192a5dc0f3
ttp.r014.segment.258	20a9cc8c67c65f0de7a7cccb3773760b46b3d49ac5e432a7caa5e8fc788ff3d6
ttp.r014.segment.259	6424d96eeee7f1e4963ba02758f5bc8ce5071d0f2cdb811ab0d55b961843ac68
ttp.r014.segment.260	66b4d0c61b721ddad2137f687762bc88288831707c8a9c61cab0660807643bf8
ttp.r014.segment.261	b30bdf3d2d078f99934ed5fb1acba4e488118c15aa82489ac60cad22e5a6250d
ttp.r014.segment.262	5613eb667b4ec12cab23d83f6c6200869a98f314b9aa94c01e49df7e5977ef54
ttp.r014.segment.263	5573001ab79d4bf56ad00a25d39fb277d6ffe47ea17bcfd318b227a62e7add8d
ttp.r014.segment.264	229c81134b5c1db0aff88f5db2bd7b8a83e144364e3d3a20b8e230832a85c104
ttp.r014.segment.265	a288c2e4a84de42f877e7173f5f2ce9c45dc7545db85daf4e936536d2822098c
ttp.r014.segment.266	6462d42d9457ba47038d6510f303fb4998c0a399de126beed1d7c1b76e1a6674
ttp.r014.segment.267	336c25988bb616748fcf5542f5d3750f9ec2196d40891b2281198698216e0787
ttp.r014.segment.268	b11cb268ba3cc703267a679bb5ab4b86b6f65912b2a453388aceef8e22d34bc5
ttp.r014.segment.269	384a44136673316eed3b1701392ac2af6b5acb2dcfe876cb80986f262a83fb30
ttp.r014.segment.270	3d062da460b54365c169fc02d766466235430821b0fb54bb11d64fe86801da96
ttp.r014.segment.271	a514e6c9cb622b6e1355a47459a1cd34d75332c1f377b6585a05a7c0a777d3f8
ttp.r014.segment.272	f9a45e92576c40fee0dc7b2e59f149b14ae35b505676813462d857c975e01291
ttp.r014.segment.273	9525aa5c432a2b8451af2fdb0e095adfa932b10648c45ce9910a2075cd5e513b
ttp.r014.segment.274	6e1faac0529dad439a05da289ad54953eb6e52d488f2b5104f4a581173bd1aa3
ttp.r014.segment.275	3ed9cc4583b8020ebfe2a12eee5ebf01d57fa4be0c89d86db2c4fdda04d56ea6
ttp.r014.segment.276	aa35bfea9b7c9bb9e00d84ed29410ed38cab959b2f722014dfc8cf9e052c4799
ttp.r014.segment.277	5ed4542aa914977daef00b6ddb3bad46a94bbaa5c1e70c47ce66da1e79c255e2
ttp.r014.segment.278	ba363c3febd255f0e09b8523e9a6ed4cef3ca008e2fa5802dc590b79f32c1b0e
ttp.r014.segment.279	640eddaa009445cd0a1155e12a9cda89e41e8ec01d5de84c7f7a8702c13eca2a
ttp.r014.segment.280	0f3d7debea488e400ff8303fb22bddcfc25f39d27bd923aa71f8cdf21ac43780
ttp.r014.segment.281	ca75f43b96960c09d2ec3310291707206d4a0f857a61d8b3e9636f3be4aa48af
ttp.r014.segment.282	25b62cab349573ee5b96e81741f5ebda4ba01e0dbb114b1ed9fa38b20fcded50
ttp.r014.segment.283	2eef41be3daf0167ba7ee5df661bec055a7cdb99d9bb3e3c67e6661df18699cf
ttp.r014.segment.284	acbafbe7175bf5816c3b12437f9df7b97b4b75ef118513b9893902c57413a084
ttp.r014.segment.285	ac36935fa47c02455a94a00d69b0c2a956f826ec8b1785d3f15a3848411a1dd7
ttp.r014.segment.286	b423f5b71e33079299460d1505e94c3d89c46833c05f6f365c41b1d6ac74fdf8
ttp.r014.segment.287	1d680b133f91ec851b9f03098a443f9e3b4d2fbd4df8124a69f9418b2c1a3cc9
ttp.r014.segment.288	1289174ff72ce530962e921ee38e84eb7dfb753c583465680ffebf088c56d3ef
ttp.r014.segment.289	aede1029e4e9bab4ad8ea1a31f0e5f2346e91f32cbea8ff84077c75656272523
ttp.r014.segment.290	f752111feb4873757369113ab3d63f230e59ea1dcea52859e84691a8c9909065
ttp.r014.segment.291	304328710f5ad82a3250740aa33d6c9d32fb430b7c32a4a24d2cbcc86fc71a87
ttp.r014.segment.292	bac7b64e7cf5d0d76269df1ff87b22d0ed538b91c62e467f178b8815995e0757
ttp.r014.segment.293	dcf904a8035e9aa7dd19fdbe86c3ae21df6e10c80c52d41ce03ce60dd046e614
ttp.r014.segment.294	da54e10100b08850042b0f70616ae8b324774b5790f8404a826e9bccb28e8fcc
ttp.r014.segment.295	6acfd8d48e804a83af63f3e006dde0e9857c480aa8d415305df22c8900b3be6f
ttp.r014.segment.296	eb0c278cca6d2885ccaaedde3a3695a49b07b5743689d8af42f40a46b7daf2ad
ttp.r014.segment.297	3a377db88ed3517f5adcf4520f3d20be8f906683977d10cbd7cb276829056807
ttp.r014.segment.298	65f8f205eb4509589fc475518e7cee60744fd8440480feedc5a412ff3bca9d62
ttp.r014.segment.299	1dca66a670079f0c18504c90b45638c8861148b5a07d7ecad1871118f2b3850f
ttp.r014.segment.300	0dc8711a492ae5dc6588f8511a4218161b5ab5cbed62a381aa57f24e11cc7f38
ttp.r014.segment.301	316e4cfd08e9b11b28850c7cd5bc584b0b429f6106c1941ebd6581f09d43a276
ttp.r014.segment.302	94713d0cd91bd3ae811b41ecf09327f507fa5903cc2aacbb358b68a70da43b81
ttp.r014.segment.303	429bdd9379ed532b4c55a8ec72b0c3962e673b1847b5ae03a7efbea71ec83233
ttp.r014.segment.304	a427050cd1755398e9a42dae90473d3af3e78e69d469c37428935db0ee6bde73
ttp.r014.segment.305	e9c578dc77ce190b0c8722849752b486fa6af8e75edc18c883ab8c3215b1b662
ttp.r014.segment.306	cbf61a35acec5c04fa7b07f216205170c984f985390329e28aba1c49d75e699b
ttp.r014.segment.307	bcef661eba9426a36026c845709567409b183b6fb279e98bcafbfa87d249ab85
ttp.r014.segment.308	1e48b7e150b0caa48eb8fd2c5d7ba8628a4df3682bf75c93b4240d41234ec378
ttp.r014.segment.309	e34bec229538810ef5e9a8cd774e9d11da9000b6accc49b498ba5f0349447154
ttp.r014.segment.310	43f26603b47036cfb27b4736d7f070b28c4ff98ff1e45cd116dbc88996b508d0
ttp.r014.segment.311	e2ad223e63db196ec477b585abb0f1c033122975bef0e52fcccd8c0425c28d47
ttp.r014.segment.312	14ed0864f12f9db8e9ce144b10ab65d44fe3369f81e05aa5c093cf3adc6c2f00
ttp.r014.segment.313	f7c3b673c4d03afb7621679cdd007adbce8c82cdffb5ab5185e418776c9a4098
ttp.r014.segment.314	ab3400ef759c06d69c230235cf4eb364b0cdaeefd1a0060b0d6d37106dd6f7b8
ttp.r014.segment.315	70f691c22b89df6d496c44798b0fc4b8966d672eceb7722d13956e59bc42974a
ttp.r014.segment.316	682d03d7cdca7df52fd4979c85e4fb30d7d62462390f9afd01bd07f182c094a9
ttp.r014.segment.317	91fc07c49de8e78576a48bb13ed9b162845fc99e3fef8bbab0fd479b1f58748c
ttp.r014.segment.318	67904ca1e8af8c72ebff806e36da517ce1c2c3b901891ed670ade81c028f7026
ttp.r014.segment.319	cb0521e47a15ff3f09400fbd6f32ca51393d386109d44a595f66ace483b9ab75
ttp.r014.segment.320	0b17e92dd85e3f57481f7b4ed673a8a0fe93485c16bcc9c644cb43350f85917a
ttp.r014.segment.321	06d181320204fd5dc287f3bf2bb1db6262b03246b293eaa0b7f9e08870d9fed5
ttp.r014.segment.322	3e7f2e22fe4c3fc6b59fd14b253ab4fa320a08e91ebabd97ef9d3aaf9281d6c6
ttp.r014.segment.323	0fd05c18503eb6dbc164072f924ded7c57c7968d9fab0b5b5616e2d85cb7593d
ttp.r014.segment.324	9f51ccae83f2eea6c38e8c0d9cebef8a81228c7b2d03f190756e3582e789e522
ttp.r014.segment.325	ea7d2f76c9f4033bbbde00c5ec54ba6d89b1dd9ea511fa7a905401775cad387f
ttp.r014.segment.326	b77b744d77b42cdebe441ab688d25e4144178688c7e2a860d4fad4dfb2a7e4e6
ttp.r014.segment.327	b791d7d811a98bd339fc6fc356f6f4a462e3c28ced616f2b57994fb870365543
ttp.r014.segment.328	3762dce19865a96c98d99520210243ef819ddae9d896834a5b241bcbb43f28ff
ttp.r014.segment.329	8818ccb909c242c904119de48a65de9287e1fe67b28283a1ed4bd31f316a0be1
ttp.r014.segment.330	a8a5d5a2c533cf0d830a898c5062ecadc31eefe7df7b640aa59a05a342f72003
ttp.r014.segment.331	e77fe9ccc43609c17a7e7a1ac118f17564b827bdaf2bd6fb9375921b6d230dd4
ttp.r014.segment.332	5cd2242060e1a664e148355241006abaaa4c2222e0d05fc4e04cbdc8407e1f60
ttp.r014.segment.333	327cd08b12fd208f1450bc109ec10c83f383cc33a57a4a5617a0ce2a4745ef2c
ttp.r014.segment.334	ef5c92072a960a99e0f6bba5ca2141f5acf69a697b99d9ef60c7dfc3e507e6da
ttp.r014.segment.335	eeb98e02a39526a2dc3896d8ed9bd01b1640b6eebb9b46aef0ebc9172044db0e
ttp.r014.segment.336	84052610fe83b30833910f6ea234e275e0cd6ad0bd3caa1b264be1dd5a340751
ttp.r014.segment.337	4aa99ba5b0423457e84edfab78628762e52cc56801071b5470098ea698ca5fb4
ttp.r014.segment.338	311ea4a0d8cad2da8c8e50ff5fd821e6b9117cf077db73ed7bc6b163684c2a91
ttp.r014.segment.339	00467135d81d7e4f42a08936ebc6d2312d8772839a3273447ab9aafd43dbf2ea
ttp.r014.segment.340	8d80df35e949f28b598ab3855c06f985eeb656cff88e2933366b612a61c9f957
ttp.r014.segment.341	6509b05b19cb32bf13f2962ed4e9b4a8ad2271d4a1fd6cf931b8d82ee844f311
ttp.r014.segment.342	31cec285846db4b0cdb696dcc6e4188e7f6c04e97ae8f68619fd075f42dcc883
ttp.r014.segment.343	d1497fffbe0e9eac1c2f2952b05b91158c0262e6d626f62f858b50ba2c5c3e1b
ttp.r014.segment.344	6c67b4262417a2f59adff5508b75085a9a06f28da402f428e58101c23fa54c6c
ttp.r014.segment.345	9f3de0f152c3da6f7090a2dba78b7223c448b342bee66e5f0e364824957cc34b
ttp.r014.segment.346	f29ca209e08507025b7fb306bb706936ae479f3b663d7e368a04379829e361c1
ttp.r014.segment.347	96a7897901f83f8a08e7683061fe8bfd891be62631d046bfa734755bf2fe870e
ttp.r014.segment.348	816a4a60096a9d1fa4c6788309d43fb56a88cafe97ef20a320265d8ce09c2760
ttp.r014.segment.349	e4068becd7332f87102f5ae0449b05bd6883c5352874c7bb0e98e07b7da31253
ttp.r014.segment.350	80fd39edcc60d934e57f91b6b93196f1e514a00d11f00452b9322c8bc616e42e
ttp.r014.segment.351	2a1e12a7cfeda27d3199ae09447df00cded34db9667ff5e983ccc3b37c684efb
ttp.r014.segment.352	6843879bf59aef9bb2a6a0a584b46ad30adf994883609bffa3bd12fd8ca43f81
ttp.r014.segment.353	6613124053be96d86d4b83ebdc1893a165321f65f99e95e085c51a4dbc4e268f
ttp.r014.segment.354	b511655c8a34247b60f9c0571713d9fff76e267f04581d87fb18a818598fc3a6
ttp.r014.segment.355	164c178ca895a8af5e890f986f708c43b639f2605b604b1ec3d09da6b699d36a
ttp.r014.segment.356	c74b4b9371a1f0aeb5363011014802909001d8440ea098c2c413a1fc89a413ad
ttp.r014.segment.357	940be2c20bbec2ea74d3f1587777ed8981e384cd03573ae7860186c349c99da9
ttp.r014.segment.358	85c3563094b8d2d50a9b0349133c061e5b270d0f5a9775b2ddde649f4c7e9cb6
ttp.r014.segment.359	6d03bd78bd16f3cab0e33ded220e5c8a45ffa82fa339457d885b4cecb59d6ccc
ttp.r014.segment.360	dbcdb389f2a3188a6f58e7698bc2d461d8d670019799350bab4f00d0daff551c
ttp.r014.segment.361	91aa0f418b09bf2bbd0e56799cf787fe87d52a8171777550e60b144817e20cb3
ttp.r014.segment.362	c6830fa31d2f34dfe58ef28ac277f66bc15257037079561084fe980a937d04a0
ttp.r014.segment.363	ea17386b1e6b13c28d3246607d2fcf7692e365651a2ebf7d2711188d810e39c0
ttp.r014.segment.364	8430ed5f57a3186a39070926495326d89a4e77e4369a1bd77440ee26192af4a8
ttp.r014.segment.365	f2dda518debae807c54cc0d67542eab0514fc238dfbc519059e664acb8ed9052
ttp.r014.segment.366	8233b7f168d1a9482d3591d2227f3cb709582f2f29e2d3b3e884fd62827cb77b
ttp.r014.segment.367	fbb574e631f8dfa2dd960f73fbb3c0b58e523bbfda9bd4b2f9bfac682475bdee
ttp.r014.segment.368	60c55bea0f1c127d40254a9ce883aa29975a875a9c148f0d6c9ee24592b46d69
ttp.r014.segment.369	33022e0eded2ad5368a9ed1722b3cfd41f365fa9829de4c9fe8388dbb1478466
ttp.r014.segment.370	8a2447e430ea2e2a18a60455a3b3cc4b79f154b167c34b62e46b736fdbdd0912
ttp.r014.segment.371	baee29810f20272707b48994a2389e8b7e2c4915d6860c75310392b5fcaffec3
ttp.r014.segment.372	74417c36004d13294d13de795175cf7b799af89c6b1a1382193ecc7807fe2c12
ttp.r014.segment.373	27e7ad74bea7a9cf7c27eee1904b54681b9c5f7acd19e530fbb55a29d7dd36a9
ttp.r014.segment.374	b832956629f5c846ee1c21be25d51c696948f443ad6d5caa613a500165c1b877
ttp.r014.segment.375	e996d847a623d046d92944642bcd62b36d87a56ea398362ccc61e43f84e26860
ttp.r014.segment.376	ccf731d73c671ced0bcdfbcbb014e26f7d56f586808231a7b451d3014040b7fe
ttp.r014.segment.377	3be728a4c8d7df93abd786b81df6ebbaf0e19ee1bb8eac66c173e855f6c17c55
ttp.r014.segment.378	a75c9af2bae50e94cc16dbfdb856cee77a9e6d5df0a85f004eda2855c0aef449
ttp.r014.segment.379	68ba5979cbce3c7a1f448666602e6baead6caa4a1359bd752583c6a835657334
ttp.r014.segment.380	2ccb49cbc542bab685c7828f33573090192188b0b67c4db3a75dce5870cc49ef
ttp.r014.segment.381	aa5e4794f62b0e8a480845cae30d112b54d34f6f53bf7dd3eaceeeb4e148103b
ttp.r014.segment.382	fac4e44e6f7d081b7f5968f0a703eab993ed0351233d4cec7f73480c996e004e
ttp.r014.segment.383	b430dcc2f507d24823427ebbca95a3a60ae531cbda642b654c8926555b714e8b
ttp.r014.segment.384	7f03677572a34a2d57181d816b99a929c83b6985dc912a3b074999a2db5dcf8a
ttp.r014.segment.385	96c811cea85c8b2c333269349c126f75c4ad139f09d62e97beb9c55cb412fa4a
ttp.r014.segment.386	d6ff111d804cee71a564eb33c50bee9bf174578342fafdcac54cb8fd8d6aa71c
ttp.r014.segment.387	c73fcb428a66ede6157077878101482c16d534e8d78658c14ba3819b4f1149e6
ttp.r014.segment.388	c864bb5ab357dcd62b7c43b4b41f1da80397d125046666eb616132e5de7acb81
ttp.r014.segment.389	0bb5b1fb62604250189f28a49f2b725bb9002a7d9e901063bb3dce77d8e78739
ttp.r014.segment.390	5d83de1802c44d45195af884410dc3f46ef27ab7fce051080338dc4f37f72066
ttp.r014.segment.391	40f56f65b99fa29b0aed4f910dbacd2915b6be3a6620498aa3ce2f7efa949e4f
ttp.r014.segment.392	61e9f7e2cdb21ed584c8e4ea7af8be89608ac4c9f491d60e2b0c5300f5e4852b
ttp.r014.segment.393	bc912064dacd7654c46937a740e88e1a17525635d43221011812a883702dd880
ttp.r014.segment.394	880e0c49bbdae5e73edd448105913aff211ef402c1dafee4dafb82ad77c35684
ttp.r014.segment.395	6caab7a78305a6d813c6fe98ccb906e003bdefd5654837dc19c063ca5aa3a70b
ttp.r014.segment.396	b12e049a5b18b8e5726a98a7e02dad3c93761aa346d84606320ba888cdf884ce
ttp.r014.segment.397	627df25687e0e72048c3d68fe3adaabe0fcd61834ec672f45f2d2e60cd82266f
ttp.r014.segment.398	3139dd6b03100dfacb27574b3bf673be52167b24a6ceb2853aab9b46f5c05d2a
ttp.r014.segment.399	ae4c7cae1b1b1c8de47f1a575100e625a3fa58a5a3a7d40b6d8e69a1d3086b57
ttp.r014.segment.400	05df352c9df0872052ecb6b200402733754f7bcf4b20eb1cd534ac73c8acb335
ttp.r014.segment.401	3b9ab4de63c39b645fde79bea24da8b9afed812ca3193ac23a371241a31b2382
ttp.r014.segment.402	b583459143eaff9a48ec6de4a595173838277487e9a369bd57855f8e713cc53f
ttp.r014.segment.403	64d8b2f4ddecfb3e83a3fb6288d60fccad664461b2d011ce2d6798296a2a83d7
ttp.r014.segment.404	884e983aa0d716b74ea7815411cb73aa6f1e604be0a4975944d177c0c1b8404f
ttp.r014.segment.405	ed2565f6bf76eee0d83787fc4846278cc2974e0a75758ea3eac28ad0127ba466
ttp.r014.segment.406	d13df76ebb746012b8eda8ea880ae8a5a4a067c2eb156ab34e4461c6e6f35740
ttp.r014.segment.407	2eaaa1a2a055568275e4756e7db94a4120f625cea75881e68c536e7cf79aa858
ttp.r014.segment.408	4b5102c5f7b009271cfb8a32b68d3cfc699195c7093d229028a65b768ce98835
ttp.r014.segment.409	90f9b99608d3c8dcdd04fa9b77636fc315d2af24dbfff450ae1879eaedafb443
ttp.r014.segment.410	9769de81f60ee9fe9423d82b09ed9872fbf3c6cb32923110768fc32af83b842c
ttp.r014.segment.411	a38c2e70a439e6e5251c9eb37629d22edaff116b5aca67c9a400da8f6307cb99
ttp.r014.segment.412	c09a680fd1643f43792a10517e8a3c32710f405907feaafb9a0d9f5a269e0c6f
ttp.r014.segment.413	1df11cf7e7d40b8e2bfe135a50e86b5392caeb0038665f430dda4a15921bef93
ttp.r014.segment.414	165844810074a84b594ad018f390174057e46c01f7997ab07787a2327638734d
ttp.r014.segment.415	321e4424604cc341149a36945283adeafa2d50a4bcd26b56047389fac7924707
ttp.r014.segment.416	d1b17356e8a811e591056a6e50748147adf4ec9c62c9c2e57f9acb4f4931819e
ttp.r014.segment.417	7b2439ea13306b6757149417748bee5deaa75389dc28c5767a60a13c86481fd9
ttp.r014.segment.418	0d467136d1611457aec7923cd8ae7eb7816551dcc671d70a3e37da6041d02e32
ttp.r014.segment.419	2631fe6ec075fd7d01677709de65e4321b5e94a3acacac062e1dece4e480d0bb
ttp.r014.segment.420	30cd89197328772016edbeee723146f9b6dff5908c4ec3857d770d0a53510485
ttp.r014.segment.421	46b5617b258399b20873509c64e26cc32f083ded02afcdd3fb9760a27050a7be
ttp.r014.segment.422	377995ebff3404518aca0e94ae5b274db6ad4aac0ff34787aa46096e663650a5
ttp.r014.segment.423	b03a2a807e15fb34888263c68c1161df3e42a44e9114cfd47786ddb7aa305b74
ttp.r014.segment.424	2727479403849876bcacdc48fba174cd90f9e6d94713d4a90ee73d1367e75622
ttp.r014.segment.425	2366714c42abc2beec2be76e900b3ee64bff701052e41cf3cdd80a5c834f1ee9
ttp.r014.segment.426	2cdf74f510f94a8075f8e4aba72d022cdca920a491feb46521456ed50def5064
ttp.r014.segment.427	502f45b04d127cdfe0ff443e40f6f7287b011d8620607dfc776181455194b27d
ttp.r014.segment.428	763d9c2deb9cae9ba1c240dbf0e4659b5b86a04ed263e84948b929051a510700
ttp.r014.segment.429	48c7140c61f5a1c75427228579000af9770bed84d97faa1f3b0788f26474aa20
ttp.r014.segment.430	b4483707007ca3d3ff3c983697b351a38ca127bf311cbb0d04dd1def12f1045b
ttp.r014.segment.431	f2c9a8dbb09c70f59a275f3aef58bb548fdca01bb0785516f74f689087f339f9
ttp.r014.segment.432	9bd914b4b8652a02ddce024a97f677c6acb0e9941e35472e904b2721c58ab069
ttp.r014.segment.433	8c518036e9e6374c0c4fd027b0cf82eadd1da102c6cae6ab7bc9ca3b227fdb3d
ttp.r014.segment.434	884dc39d3c372c402c3f5f51bab0723cf4c4c5af21d0476a00f9031f8793e91d
ttp.r014.segment.435	f1609775a7c19314e03f5b7b838ad44c08d761ee57071cd1ca0a210eff330ef0
ttp.r014.segment.436	83c51bf365ca676c630d766a83963f73476d5f91e911cf8cd0528fb76dbddae9
ttp.r014.segment.437	edd71d1e67c4754ce316cd7f9b161787bce8808b0ba0f2627c6108b6026f4049
ttp.r014.segment.438	7ff72295e3093da1ebeb7dffd5f909cdec1c4e6b8b15421b21a84589372e563e
ttp.r014.segment.439	26b79fe06c339f448af5a25a3fe4cae756abd8efe9ce6d102fcb85d2438ff0f2
ttp.r014.segment.440	7b2460e89e4c0919d7a4b03309e05c6645e803e2f6974c1dd88d43d48a35643b
ttp.r014.segment.441	caa89b59b8c7b90470fd3d79a71be4c2186a2005e95132f39a87bae1165b2c33
ttp.r014.segment.442	408e8444740131b481c16ca9cb1091155aaf0e33e13d324c83e833f22d4dd4f4
ttp.r014.segment.443	23e26ef73d4d4f4d7bd2ce3d2b4729f57a64837bbb9caca6e8c6bdc0f51b6aa9
ttp.r014.segment.444	27ef809c15f0f9a6c61f4250bce22a025913b9c0e50dc9315c01db48a0b6b3d3
ttp.r014.segment.445	79945b4dc2a047693ce3c2a8250ca82f0debb9cfd06b0c147966ed207a17917a
ttp.r014.segment.446	9e457edebd31f0a80db820bb694bc528fe759c54ed6b5060fa91c9420b83af73
ttp.r014.segment.447	8c3a65fc6e0f7513b52844fa0afa6f15d812437c20f23cb28bdce977ee49df58
ttp.r014.segment.448	fca5ae8fab1bf9f668494a28ee76dd6915a067cd8ba9e5e42c2dbb75958cccf2
ttp.r014.segment.449	07fe960b225424290ee80417d989b28d0afcb1b75e521681d7f1ce85df603602
ttp.r014.segment.450	0f7512f1fd5b4a2b8fa2ea08ca5e9ae7b07b30ffe115df0ffe4ecdbf2b3f450f
ttp.r014.segment.451	f6ac0af3a1df2810623d2fccb6abd0335653ff12aba888291706c009abe33fce
ttp.r014.segment.452	f74df64e4a04ef27578c5c26f74a43e23fc113fb7a2a145494cc0be1367084ca
ttp.r014.segment.453	02329ddb6d327284b06c530baa00f6550aab83a07c75a053c1c083890f8dd4f9
ttp.r014.segment.454	5a102c472e6d5d4a8fd8822c3358198eeb0c1327cc9c1a11eef269c6ff0f209f
ttp.r014.segment.455	e36dba5a412541cc9389ca6335629e900b0e60cf2ac29511e66c8016e67460ee
ttp.r014.segment.456	9e326a23febc51f9dd5260568ff43c4132db2879b4299d883764775653600d37
ttp.r014.segment.457	11759770bbab3a4c2d50e84b53574a50a8d550f6bc6fdc406af1229ae8b22ee0
ttp.r014.segment.458	cb7da49005cf9ea898a9396a539104462c3f9cd95a0f92a3c3e8bfb87c3f1ba0
ttp.r014.segment.459	84ea0c104943209e6c2ffb7155a68ee759d97f74d5a094201c7a9687e773db43
ttp.r014.segment.460	f93526fe279108597275213638d58e2bec18cb8fde95b4ea975861c0398f7aed
ttp.r014.segment.461	5b0f254194a2b5b47823f0ddfd8d3c1b055bf6856fb56f8e4bbe37fcc912c130
ttp.r014.segment.462	a5bf92bed54fcc11826fe396ca5a96f9c010aed7b5e4c627d985a76a61daf60b
ttp.r014.segment.463	96c4504812fa3855ec9098ea7971f0898074bb930c51bd4dd569e3e28849027b
ttp.r014.segment.464	bcc889c28dfaef3af0c946658b7874ee1c15cd6be2b02ef417dbb4c68de47657
ttp.r014.segment.465	6e2cf89f8b3e6e1143c080e64f29f41e21697e1b53e82fa73fd3942fce317dca
ttp.r014.segment.466	b5bbb51c5f27e0cd7a6ecaf912922c8a8dcb55e00b9fcc10f4e59a772b6146aa
ttp.r014.segment.467	d0aad03d2fe081ce331031e15eb92d41e82deb9e6d7ea453e86cdef472f1b281
ttp.r014.segment.468	9b4482d1996fb99540aa49f786f8483c7450a769018af9dbda9bc498e105a35a
ttp.r014.segment.469	0e21f87fd85c71a59e6da9dbdd90ad03e1a927e1462e6162cbf1d926982d115b
ttp.r014.segment.470	b493570137996c33db669be8170b723c631c2918cc6f05811054097a86200f40
ttp.r014.segment.471	3869f34f6c7b4a0e885dccf0f9e39d29399f3b19a73b0461df99c484337cbee7
ttp.r014.segment.472	8554067461037218cc3f6ecf1a52653722b7986299b60997de5b84a794ea593b
ttp.r014.segment.473	9eafd272e40e4a822eb80cc4aa5e0b0619f5d43470367c14fc3b39dfee2d80df
ttp.r014.segment.474	6ec17995514c8dea921d3bc222020de3e6f7504efe12b241c5428395d1795d11
ttp.r014.segment.475	bdc143bd93808074be7b32ae216d953fd624d94b5fec19cb7a7b54ab8640d7fd
ttp.r014.segment.476	5136938fb37d98015d8d4cb7611a916b435093c5472bed1c0f4d4df3aff04816
ttp.r014.segment.477	571083a40ae5d01beaffb33b880df9b8f4d0fc824fb1889b4520fafc8c7c8ce8
ttp.r014.segment.478	6f5c2c72671c65b10447afe2bf815aa125904ae928358a03ddf35da8ee9ad4a1
ttp.r014.segment.479	9f35585fb43c7561438f6a1205465949f3783e1f67736bff7304eb8d1f6c1327
ttp.r014.segment.480	8c99bfdd8c214d5c38a29e52102aec92f6bf98c7114b9efd7b95aa0010c2bc76
ttp.r014.segment.481	1b909197cb898972d26e5d17fe396f3c20a7e520519a5a357f47ed7598403416
ttp.r014.segment.482	8ea282bc704bbc6db04aec1949dde14020617adf34ad4af5fab310f5c0da88d7
ttp.r014.segment.483	abde62371d70e51e55877602b5a52c2903975538bc03dcd4db80a153ffa75254
ttp.r014.segment.484	212ab954c454d6434b49a07eb14ad4e11ab0361b56dc54c60569bc6eff34e26a
ttp.r014.segment.485	21f4bb2068fe38ff4fe29af23085ec498f6d07dc3523e7c7e37c1b16613a8e95
ttp.r014.segment.486	43a5e6d78b4f46d3fd956a36b155f25a435d65efde9ad7bec0d75600e188d4c2
ttp.r014.segment.487	9dc651a3d039868dbceea5e7821652b9107854789553d1e32a9b07dc7ab362eb
ttp.r014.segment.488	b0be78039f9ecad2afdf52274ae56a1ebcb58201fa436a10d7f1f4904a12b4d7
ttp.r014.segment.489	1c04733e6c04589c6537221c1185e9b364880b12a06d3448e310753c2878cd02
ttp.r014.segment.490	499359bf5df0c9211dcebaf870a7ae2a5ba5949d8fc7bdace339747079db542a
ttp.r014.segment.491	19d4abbd751acaf394b2c33fda90666fccc461d5d531818ccf2b4f11bdc495dd
ttp.r014.segment.492	6151dafb80ef15880cdb8ad5911f1a69e6d49d53de20a704ba7751f01d0a8d6d
ttp.r014.segment.493	0327ea9b9c72bbe1e5bbdb729d2d8fbf39752679a4add5edc030293c60114bc7
ttp.r014.segment.494	0440988082eda3c6ad1c6198cc2aedc955ed881f6dd2efadff80a588540d5a87
ttp.r014.segment.495	140fc114ff5468bcddd0df11cfc6dceec767eb9a9850768f61859fd7c6332fe9
ttp.r014.segment.496	6836f343c45db883a29b9425efb669996c6472ff088fcd1a4642feff142ccb51
ttp.r014.segment.497	31719fc5ba78f9288e4c0b345ade0f621e099def7100ab010ece7e6338a32db3
ttp.r014.segment.498	56102589af42b721469a6ec1f1c9210b74a6144e43d47131971922768d33130a
ttp.r014.segment.499	1456b67667837498318012b7db7092b06400cc98920d1c36cce6481cfcba0352
ttp.r014.segment.500	34c641d8e7da4f52668049839effd4b17d1dc53a19e0f6e6ae9d94fcc77cc7dd
ttp.r014.segment.501	883f2051f7811ae06bfda8af516c7d113c4048ba4d7be40430d6afec47a216d8
ttp.r014.segment.502	d8b7b95ebbdff119e8fcfc49719780eee406b1a46f3f495a2cf7b8ba3e0f25f1
ttp.r014.segment.503	fd401b41d348ab7dd07e7e2ed28deb7c14bbd03d019a95f6dfc9aeef4660adb5
ttp.r014.segment.504	8d1897a8b52330aaaa37491ff239c722965f4262d08ba9fc1a768bf3fee1d5df
ttp.r014.segment.505	77cbdb07dd629e8089b9dbfaa06ffadedc44796a3499bfcd90a9d5b9cd37d623
ttp.r014.segment.506	5e2c85d07b7b0b2d44e09410073f137b4ad8fdece5d70b1fbc7cd17a804c29e3
ttp.r014.segment.507	12bb96a349bd26fab5b762ea3f1fcf33f43f35f596c292139c49f94eda2b5e45
ttp.r014.segment.508	5a64a6bf2ae696bcc1ca5a0be4d0adb39d819b4c4d61e25abe70fa49e13f1e4b
ttp.r014.segment.509	896bee3304912c9b4d341ce3b0dc85b6526ebe13ea32e980e97dd033a5974dc4
ttp.r014.segment.510	021f05c29811448c3e204161c4f7ff98b076954b47002b2d57406213bf6d18ba
ttp.r014.segment.511	8544be3feaaa61ea5c94687dde1651b3feca481725bb9cf75f8fd8b6b1536dc0
ttp.r014.segment.512	379d28c29e4d91cdef64d86e93b4ad9d3cfc839c79d784937f2ecf0d925ed68e
ttp.r014.segment.513	1c07c5e3b5f2b7e5745bb1d20b771fb18bf300b956b6a04ff15b129963f73127
ttp.r014.segment.514	6a0b73b7e09b3d298ec407665ef7380a178620e2130f3065d72d8d47409ef4b7
ttp.r014.segment.515	b426c94c9de4ddbc0ba5a431de274a28e992aba953df2697bf9b95d80456bedb
ttp.r014.segment.516	944a34168f76b52b5e51b4b7862fd541bec2a38f62e04036b4dfb7cd947f7344
ttp.r014.segment.517	423719299cf9af5c6b5abef05f1d745824612c21fc97334658648ed9d292f7a3
ttp.r014.segment.518	7a49c695d024dbf493c25bb3c5fecf6a86803efeb100df0a7f52a231080b880d
ttp.r014.segment.519	871889b26614a2c75a7aa6d4a6f1eb3b0d6ded747cd6b6bedf2bc24de6675787
ttp.r014.segment.520	54696a9481b65e1407b8764f0f359de6a41db398f0c83c1d8d7c2fbac6647a88
ttp.r014.segment.521	66a0028a950cc1b96aae3fed5164dfdca16b754fba2b1883f4bdb6acd0647595
ttp.r014.segment.522	d8b4b922c8c516b3bb71350028d88560adbafc6a9014b9e70d63d0bdfbb579ba
ttp.r014.segment.523	8fccde7b7dd2af665e1912cc2868ad78efc102bf73524e3ed47a2357fafcdde9
ttp.r014.segment.524	06d0a4420890456af1cffb66dd47f6db3c3ecc3a7a9661741d4a31945f70e499
ttp.r014.segment.525	4e2ee6e344d5ac3f00aced231afb9fdaa832f70b85bf11b8c4c9b9ecb0c810dd
ttp.r014.segment.526	0f8e187bb26c5eb96ef4bb98f5f88d2a659c2d6c5edaca091e9d625ec1ba5208
ttp.r014.segment.527	b3cef8162fd5a2fed963d50c22f1fd815925c7a8adcb8194843a605947f0bb97
ttp.r014.segment.528	53ac027532fe92b983b4d7171abda3c2caab096e099686cd6315d3f84b5006c7
ttp.r014.segment.529	832c678cde6c0f1884e8127445cffe1cfdb93eb5700a902cc0a0e3936754bafb
ttp.r014.segment.530	64e3e85f9db1b827e108a36c843298327da36af5608b75696264109db7bec9d7
ttp.r014.segment.531	64ba39261999952ce28f499b387f3d8d88ac6a62f913f08f504c5930b5fb1832
ttp.r014.segment.532	2a17e4109b4377e55b2fb81fa018cff616577baa535d624b2d65fee84ce6a1da
ttp.r014.segment.533	792b6129355612c71394025ff25430e60ce994c4f2f6cc1b70c604a9e56d2981
ttp.r014.segment.534	8d53104c42ef710551d61ba46802c0949f191fa6f3285cf9bfc51a7e01f3530e
ttp.r014.segment.535	18ec80403c4a455f62c2b58c9d2586b4889c36d88f7e7a826b522a9b76939d31
ttp.r014.segment.536	d0a1deb33badb890319f2c5758326285e92ca81d0f85fd48728649f01066b21f
ttp.r014.segment.537	bed531742cf9fc6ba323a9bfe90277d0a6fd0d2445f7ae0d13b2509b13083e67
ttp.r014.segment.538	707f84ef09e491fed587cfacbdc9348ca979a28848da706d2c9a65369d6d15e9
ttp.r014.segment.539	67d792ac226bbcacb184c7ed4208b47d5d63f6d19efb64f6cf7070796638caeb
ttp.r014.segment.540	49d22bef0fcf546502ae369a7f22f42da6a424181a0f85c76f57aae4163d367c
ttp.r014.segment.541	24d1ba3c18de50fe94d104f5508f1b52f20c46f5079e1608948228a5c83a928b
ttp.r014.segment.542	6414044284db57d8dc3ca04820bb16903cffeec4f3f32bd89fa59f1abdfaa248
ttp.r014.segment.543	370f50309ba74c54fd8cd04fe2ea8cacbac3ec673115adbcb5e3df2c35fe7acd
ttp.r014.segment.544	834abee047d3d455f176fbc57ea4e51ea0f3bb124f1e259ad36d6eda0dce3fd1
ttp.r014.term.001	0b09d874e9f99d55e65f122b667ed77d2427efa948161cbf9315872873b68336
ttp.r014.term.002	7a53e4a44be74157432b2acf524e070847249128f59c05146699839e6dc04de3
ttp.r014.term.003	4a81d02180326e2690ac31c10b07347b6206d391385906cb75da7312e806bdbd
ttp.r014.term.004	caf6196733f51e1c4a93f131901d6c3883db8c28fc131213e864f9cf02548944
ttp.r014.term.005	d3a5ae7cd5454fdb89ca9ab11d8088610dd758c7821bc3ec07a47c0c5150ec8f
ttp.r014.term.006	0916561bf6c5657df9488fccdee973365b325ea426f9a6ae306d7cf0466c1cd8
ttp.r014.term.007	65ceff994e8e8dfda6996c89a4add33607533a01b8ca8dd3911119c636871538
ttp.r014.term.008	71110f50efa46354607293a33c2a92199070aa02248c934ac1646a101acbd429
ttp.r014.term.009	aefff4efab23605808c9a0b6095ebb8fe2f7fde175459eaf75392c47b0f7f645
ttp.r014.term.010	c96ee44c78f0ece2744eab3b79a4a1c713722d3535a24ed5cb1323f074e649ef
ttp.r014.term.011	ff67188a39d7c5e0a52c96ede0689450404c3ee269087467cb173fd4ecdfc741
ttp.r014.term.012	07ed38059fe3f852ff855471fb8fd6e11f2f0515cc22c2f3406e0940ce581d51
ttp.r014.term.013	fc628ce120aa15505340f6dc55c8b608e32e68a6ba679342145ee7182ff3d711
ttp.r014.term.014	40885659a3fa28ade37dc557d3146a989027fd9001a3a492ce76db77b457050e
ttp.r014.term.015	e889b674b7acfe933718c1ab74c740c364f45a79d0ec99cebf0b5c9241b72cf2
ttp.r014.term.016	699914bc15619af8867dbd8d36931179d0207414283432c330d7164f1316469b
ttp.r014.term.017	535fb5c2582df8d395dc1d0c28a56b08d61ab6a28fbdf010c17fea9108a05ad6
ttp.r014.term.018	843eb5c30eed4c9d930395137a40342b4012302075157df3726c1ca172e09da9
ttp.r014.term.019	5156f2b5e9a66d92f03da71d6e39885bedd9b0d18fca1b159252bacb718fbd82
ttp.r014.term.020	299cd422d9d9b723780bac8ecd6ae6ffbef046726a1d91a6baaef80a2d7d6dd2
ttp.r014.term.021	e3140344c6d38f84bcf9d0e1b287ed95d1fb0831def49bf77cbb6d4edcaf089e
ttp.r014.term.022	432b54b937c3c3249c90336b5c8338ac246fdfe73ffbe2331e813e32141a9b14
ttp.r014.term.023	fb72d760dde89e76ffa8ad6aa8cd545a6d6016ee485a92cd10644bfb2f364f4f
ttp.r014.term.024	8afd805d9fb81626f329ed8130ba6ce664c8cba1d6c52efc9f8d11768f394ecd
ttp.r014.term.025	d955a73c829dc6dc22559c176eb77ad2e5e5dc19f9dc0028c6fce60d79f6e79a
ttp.r014.term.026	cac1c86dda29c50536295314481ca5541fce2651f82c7a8cbd66c9bfccb17b8f
ttp.r014.term.027	43f50606a01919c9664d0934cc84479dccba765aed6828ae6bce934fe259d86f
ttp.r014.term.028	1d419e6622793612cb20e924e194424ef26829d641fd19d2d1cf4d39ae6ee79d
ttp.r014.term.029	6c47c7cd810e0ba4313cae499a210a65e90907e85c5a79233d7bda84c35e7744
ttp.r014.term.030	a1846241f2316460b74473cc2758441e0a078b02bba1b39658092ebca178513c
ttp.r014.term.031	2ba1d64312a3c172bd41ef88ba168f94ebc6e5d5b2936a876ff0e2da24431aa5
ttp.r014.term.032	9a5cf95293bb3fa1944bd63f1cb10ca712256f232287d9d53b97f212aca7796f
ttp.r014.term.033	350c0691531146c069020ba430448cc3edbf3cb319e15ea44e42593f366b6dad
ttp.r014.term.034	a8adfc27c99662ab1e8b3a2ddd557095c5d92bd84d9b45d178689a879aa46a33
ttp.r014.term.035	9088119f6af7d77e31afc70727e8d78025d4cb2e0d8269210f83b407b947d047
ttp.r014.term.036	38befc53984da083c0c32bdf6e71e3b8a9d335e8531e403f0d47a62058979fa5
ttp.r014.term.037	e4e6bb4ce9caa676d178a10d400b61b7daad09f6fc65df1be5a1d11ac493db92
ttp.r014.term.038	7bcb5b59781f1c4eadfcac60790c868ae4accdbdb4cb9f9c80a5ca422b75cb3b
ttp.r014.term.039	6bb7db5445c1c76e589763f6b48b7bda6db4e9847381bbc7ff2efd491580e620
ttp.r014.term.040	1c2ef2c67d17c4479e292d3bed7e9e5e869c774498a210d876d2a1aedefb860b
ttp.r014.term.041	52d73bcbe3f1fabc6db17d90ea65aab9ae33316f9062daead1a9d027f63fbc05
ttp.r014.term.042	d5f7e6c3db87710f66b7d70840e1cac690019e2f69b2ea17c49c0cb8716c74f2
ttp.r014.term.043	c027880fee97b62e5454b45ab1a9385b796abeebc719b37c721c149d9fec92a1
ttp.r014.term.044	5a2a1d0834a86a09c2b5e17d868055cf4fc4bda4ca2a9ea690e88add16a51c19
ttp.r014.term.045	5342a5190f2e45dfd0f1b5e71f011a959c0f970cfdb1c0303b4fd8fe313e9357
ttp.r014.term.046	18792fdcdedf50eec9e1b3a186d03cdda3ea2c750c23508e30c4bf6b4561d323
ttp.r014.term.047	b34857ea003bc5c155ab4d75d3cfa0dba33f556dd0c3565bf8b182f2e36db7f4
ttp.r014.term.048	b4cea3e4db1e850c57cfa22b134f5003e43a0ec14ba57933723ba911ddf44d92
ttp.r014.term.049	79d3f77f226147b62a75f3be1a9bd13586899d3068ee637fef9235aa1287f4e0
ttp.r014.term.050	f38b603cdc55278afc3581d290274d3f86b8e110fdc50ac50a912576135a71c4
ttp.r014.term.051	0d3d3e6e8628aa502305bbaa6c70273ff96995f4bf893b059cb7648d3833bd47
ttp.r014.term.052	688b62e1200fdfa7ee409795266fb3d19b688cd7d48eb5ee2bd44182560db787
ttp.r014.term.053	d5601f02b823bd25309e6bc2168feca65eee9e5c9ea6ac9f7e2f80f9efb6b1a1
ttp.r014.term.054	0d723a7f1bcd89b6ba37a560be6acb22f01c0085684dd0a2dac51698bca8d0e7
ttp.r014.term.055	07e54eff72ea8097aea67406d9083d701539995dd95eb9ae2848b9ec2d34fa73
ttp.r014.term.056	355d03b7af94d2408682679698e018f3bdd43cfe1886ee1c6bed31bd6bcc3d65
ttp.r014.term.057	3d8881441839fa1fed0d6e8199c51439967e93a649866fc91592e465aff9cc1a
ttp.r014.term.058	0dc862f14d0ead6c7100be63f9107c7d55eee3501721937f421c52c526e70409
ttp.r014.term.059	fa83ef3b8b8cf32024f6093e145c700c4a7b38eed6dfdbb98630c4ba8d416a4f
ttp.r014.term.060	89d7346788154797fcc0a5b9a8129f4d29628afec7035cbfd45688c671a6e353
ttp.r014.term.061	60f26a8b65efd44e270f3841d03141fc153139d1e35b572c77171fa078adb6ed
ttp.r014.term.062	5f8607027552bb614c1f0ffc7d9de7a72e2994979c3860dc81df91695f9c2c9b
ttp.r014.term.063	b44faabc0de4b8ca0ca88828a5e472ba75ce6d85c7bdb75d1791c1cf87fba23e
ttp.r014.term.064	3dd2bc886f86e55efbf2fdc6c642f50fcffd22185de0085f2486ffce32533c83
ttp.r014.term.065	bbdc8b031305002ae0989cbb5b0de76dd78f700906951fecf21e3d354a1c9692
ttp.r014.term.066	266e476a967564d3ee1cee62d76a4a7abf6560eb34b86adb5c1a242ae3b3dc20
ttp.r014.term.067	b9797a93bcc8c6630cdb1250599a4bec316f28d0cdc9bfef05b3b9669a2e5419
ttp.r014.term.068	652c7166de3e27902cdff12ae7f3a3b60fd31533e6602057329fd654a45dfa81
ttp.r014.term.069	8040f123c7c6107638d950ff375fea3b5c16fbf6c9fd3da674f6fe75c4d0a678
ttp.r014.term.070	6696d69468d7f5eb87e0de583ca39608c0cdc1a26a35434042321a9194b10834
ttp.r014.term.071	3c74b606e321c7bd1607affd077cb64a59040ab7545e0a656cd6169b16f57f00
ttp.r014.term.072	e252ab2bef615d235c5f0cbb56aee605fc24b5a05119cc1fcecf17ff4e4aabea
ttp.r014.term.073	40fcc9c8bd4b00e3abc9fcdad8065e91f8582274543ac25414af33df0c840a7e
ttp.r014.term.074	e597fb27b25dd206ec3a3893d5b7b409f184858c122196036b79b71c94b702c2
ttp.r014.term.075	258daf355e8434f84d5ed9cc300cbb7dacd603f5e48ea53ab377c334eb71f49b
ttp.r014.term.076	c550a4c04b951ec47d4062d54a49ad70a994fd73ebf77b7205da0457745ae48b
ttp.r014.term.077	5d276319c21d7345dab5e1ace6abb414614f725b7cb1f919e34c460a94b14757
ttp.r014.term.078	dee27e28f36a297903d66b5d7a1fd934192ca75b76a1e076473991bdae7253f8
ttp.r014.term.079	1b70c66fdc9b1cc3f765d7ace4e62e435eb88a36304e53922d6b4840eb7a844b
ttp.r014.term.080	d2c655ef4895f91bd1e95f3cbc4122653bab3711551fdb3338d037ff88625f91
ttp.r014.term.081	b5ed1c1b0cad91c53b85b3194ab82cd4235d31ce1e46b99a37a38e6365cceca5
ttp.r014.term.082	e3160d01bb6ada422fb888f9ecbfc107b8ab519f8489ea3b232f4cb723cb626b
ttp.r014.term.083	6fce8a8f815ccc580ba972db5f3ef718073d6a74bf7666cecc52d5d1c5bb2a13
ttp.r014.term.084	abacb87f9adbab326284db0d8c5d8b1832d288e346d20ff8c8f400e2a67df002
ttp.r014.term.085	1d13b10a4be3cad9e06b38654e81ebf3b51e7464381f1a25b9038149bb4e9417
ttp.r014.term.086	1adb769b7b9f91a67a0ed3bde5aabee086bfeb8f8f6250d8ae0cd266374394ca
ttp.r014.term.087	3a3f46e1bb4539a69876e88557ece4c2b4c83cd60e9b1c24e8f62267fca2ab31
ttp.r014.term.088	583bad725ab64f7042f6c2c1161a7ca3d3626b23977c44e975c5879d3cf1e82b
ttp.r014.term.089	3122a5c61992820dd2d6a2a3cea923a53c546ddc142eba0467dff45642c12adb
ttp.r014.term.090	ac1afeadf83d18952f7ebb1d7d47422e41c348a2f986b38c52a7c164a521dad9
ttp.r014.term.091	f18063c53014205d5dd37a09cbe5b75dc70707e32ea423f9258062e0b5d93948
ttp.r014.term.092	6d3183dd1b0f26dc55245e66066bb1d41a7dbbfcc6b39adb72c6078b828db156
ttp.r014.term.093	f447ad4e87e0b97928d5b6e7fc3b2ce0780cc9e3482ff5337b4a79514e1ed3dc
ttp.r014.term.094	dccab16a6b56d8e5224764dbe60b763b5b8acdced0bb32dba39491adeff5cb98
ttp.r014.term.095	81df2342819709e95d01181dfe3ee6ed7568f07ffb369e3f40cfc65645162fad
ttp.r014.term.096	e39006be737e8f60b40ecf060680162ca1e8a856b875370e3ed17b039d5ea4cf
ttp.r014.term.097	bac623bc0dfc4995b08633bcf51869047c1f8e559dcb33e256a75d04d5c24ed7
ttp.r014.term.098	abf17bed207d4a77212defd767f14b69bd43ecf5127c7f8f66c7b3de4e4c9265
ttp.r014.term.099	41069d00c6f955e990673809a786c3dbcd87f248f0dd7a04e84baa912142d078
ttp.r014.term.100	5a0e2473c017a04a13c254b74a957f75a819a426e3739e21fbf374904f9759b1
ttp.r014.term.101	09cda4f4cc2e3ede0b3b830136ac3ca62327f11fa77a3680f080b41ee1fbcbfa
ttp.r014.term.102	2ffe97303e04a6afb700ddbc09636995c440c20d2ffe8ac36e21442484de61e1
ttp.r014.term.103	07f05b3f2461af45f797f14ffa7100bbcafc18b4ed37161375f835cd0b6f155e
ttp.r014.term.104	3e83ccce8a7659e0e325a310bca177b771b25c5458445751f35835796dc4b439
ttp.r014.term.105	b04e916860b44f5c747d0179135b81cf8a8387d1250dd7c76846de81fed796a9
ttp.r014.term.106	737abc5b3a849ba6c2eb307c39dfc57299929b1ce0a54d68cd467ea5669ec298
ttp.r014.term.107	cfdd4069932a0d1cb8d31af9224e355cba20c173d97d884f394638b78aaba7da
ttp.r014.term.108	325016678350ed8461272c7720c55d500667c302838e7260b810adbd282de603
ttp.r014.term.109	9dca9d48e4a6091fd8bddc42a8482e868efc7fded2028f53249c776a680fe7ff
ttp.r014.term.110	8ebbf6cac502454acc3aa49df7900e0b15f4941fc09a0f4c518a13f6b043a29d
ttp.r014.term.111	835f483c4fe048a109eb3a039f72a3b12528e14149233d92898bee59a1128c51
ttp.r014.term.112	368c3cd6bed7dd8fda4049d44b18e098e2fe56a4054294ab96426fc7829cd026
ttp.r014.term.113	c1bc9401a5b26b0cd2b6319b6fff8551a14566fe917022f3a80c60e822546752
ttp.r014.term.114	e7a818d097be6c128d11811042ba3af86ddbc6b3266c3c09df284e2e90f81586
ttp.r014.term.115	43d1a0d3c66d66f939a94fbf9f60cec41a9bec7129b779400bac6a133903e6a0
ttp.r014.term.116	c6593c758b3e7481f2584b617fe760bf80d346cbfd4e3e17edb83f2f10d0311f
ttp.r014.term.117	c347462c4c58745f40268dd8fef947f7b3440914d95db3330eaa176f1d4da30d
ttp.r014.term.118	4be2456e004c28b631c45b4cd16f76b477e376aab82d23e359ac1ba66e9b6566
ttp.r014.term.119	f525190d0c96fcd953af49285bedab7a060833e89c2b1acbda305ca23660d3e3
ttp.r014.term.120	98b0ec4c71b4d4d5ab6046cade5af96781b5ed26a530cedcb17d8cbbc1822d4c
ttp.r014.term.121	93dc20b251f6a9505ba761da9074333b895e0a7b4f066542d5ec89b7cced5326
ttp.r014.term.122	f3e458c1105ccf32a111db3317831977c5f960de5236a129e0d7f425247d5c1b
ttp.r014.term.123	89503b10ed2e9cfd0df0ae275a9681a4fd3132058c534d6a43dbd9f367286281
ttp.r014.term.124	7388f94cae93cc00540fb31910ed9a8776c6d022843b3c5475ab79ed23d7ab5c
ttp.r014.term.125	5d8ba1ff67a1db78f36577d3c0555735245e772697e515dd71f77d47e8f408be
ttp.r014.term.126	3ca2f34c1ea77976e3130c3932a30eabedd12d9559e6ec55876a09c8e18a1f09
ttp.r014.term.127	1f18db99be40bb406313250786fa485498428c2eb07f459c975ffa391b20815e
ttp.r014.term.128	3f61badb7a722240ccac6d66438b515ece0416f9a9cb14a230c42ab3af7ee97d
ttp.r014.term.129	e45c6e2dc6aa7b5cde94f82cc01ea7997a9b8148e2ed49ae65a400d531474684
ttp.r014.term.130	68cf2cbc15d6e7b7086674258d0bec4842928fc1291e5abe4acb681be0bfd857
ttp.r014.term.131	2618379db3e6c07f45e400c66bece0fc066da2320b93c3ffc5fe29e51401b6ae
ttp.r014.term.132	42bee80e2130b0532273ff2316b906f74033d1a47e88cd462935ab021fe3e128
ttp.r014.term.133	ee6c206b7a1a57b34a1f5b55254bb67e19cd2886477c29a96fc6ce4218435b2b
ttp.r014.term.134	abe04f109b72e39096e4952373c988d4fba368c526f9fc2934edbfbde8b29e87
ttp.r014.term.135	bd8bbfcb5553a1140516384176a18b16882ef16cb1d23d14ca1dc22866be8ae6
ttp.r014.term.136	57703c88c166c67e2e10ad2df41574551bf930763ec1f9e976b9be7489ff31a9
ttp.r014.term.137	64e686977b8c3b35398be3ad22fb1f3d5e531b317ded76ff0c108f1282bb7e79
ttp.r014.term.138	0a982a58b38e64536393a071c6ec8c2d7e69cbd25ee9ad42935889f420c96190
ttp.r014.term.139	c3c5eef06cf25984be8e8ec7d33739adcf24ea6d49988922bf2535905f537be9
ttp.r014.term.140	e2d60a024578c8770aa61b8408d5ddc24b30acb2d2aef8cba683cf3dc54ae0d4
ttp.r014.term.141	b8b1bdfe23256a497482d3cf04ea2ac5861d0664fc2a20079632a34d29070ee8
ttp.r014.term.142	7c9909a83581a5706e8d3e9f199d1078e23ae4b6030f4292c05287f0a60111a5
ttp.r014.term.143	61676dce74ca588eec86329f7eded3af430ede2dd6d0597dfa8b949b3ba675e9
ttp.r014.term.144	7eb7c1f3c890895bb6d640856502bf17b67d83ef1d5546a0d735be9b672a82f6
ttp.r014.term.145	ff8a02a7a91bf742911e58dd19e982319b2079c812a3d2720b2c53d6115edc61
ttp.r014.term.146	81725401b67938052c608fb6530e9b67edf001e267963c2e93c639bd178b7dbb
ttp.r014.term.147	13eb02b52df87b4e03255cf3181564a0af69f0f5681fd95df1a80f5856b43a78
ttp.r014.term.148	707c7c12b2f71ffb978c4bf0b9e8b9b9d09682df8a704c4c834fd0419afd7361
ttp.r014.term.149	af845cd98cde91278645ba9b0c45d88edd042a28fb4d2a0db05f080ec7d82758
ttp.r014.term.150	33a0c19ba9a297ccc2364415c2063ad8b719fc7cd7b58d02425cbd4d7f4577eb
ttp.r014.term.151	5273d01227b58944ea4e9ab030c272e9a3d24b7cc6d641dd05d35016b1339f17
ttp.r014.term.152	e637511b0bc088f69355290df4aefc8043c5757947e2f9f0ee67e2010135c829
ttp.r014.term.153	d153f8f755a5d7d9639d0a07811420e7867e86051257ac0d6642a40105b09237
ttp.r014.term.154	ce0b1cd699e246e90ec3de20221c61b625c0edac42b9faf8615ddac19c820633
ttp.r014.term.155	55812824df25d4c2ecfab219a90acceda6d2ec27690873826221a6a530add66f
ttp.r014.term.156	2fb71dcd3a270eca7626a425c1eee76a8fbd6c174f3cc38d59ab5afd4d1b90d6
ttp.r014.term.157	61d025706769dbddfde4db9b8353b482384ffc9fbf6bf0e56d0614905283889b
ttp.r014.term.158	1a04f79f41b6673f5923f61720c0e51041a1a41daff3baaf6f51e41c4da28960
ttp.r014.term.159	eca02589aba1c71a4542ca172cc4982f56bfefdbd5b392d6fce2ae74923e8046
ttp.r014.term.160	b8a714ce22fded84f10b909859d6b609e1d745321e04774ff8080ba87ca75971
ttp.r014.term.161	84c4c7d25b3e0f44ce067c61150632c10f68dbeae66c755cce2a694a24f1d400
ttp.r014.term.162	71c4410f3aa3efa909bb529fcd34a3c4e38a151c336f14e8a1a29ee90be95b1e
ttp.r014.term.163	23548e06cece7dc83d799ead50dde5661a70be75c4218058a162c1f2ffe7a185
ttp.r014.term.164	1e98c34268d8e7bbe307d5debb2ca79c5d641c1d2edd246cce6c873c832c670a
ttp.r014.term.165	a8ee270e8ca84dc282a7e3a498d055512bb33c9f62a4be540ab80e062f554c97
ttp.r014.term.166	d42c07cec907ed6fb5fbe344c010d3c0cbcee56fb13f50ff87b884583126a013
ttp.r014.term.167	f8422aa58afccd7fbe9a62022d133d8c009c602654c2183e8be3c8e856bbef85
ttp.r014.term.168	1a88908c8dc93ea23f07e4c9bf6a6095161a1b25918b0054813c1e0de287e5e6
ttp.r014.term.169	719f5a8a16f1bda6e48ceeffb092fab50c248a75785cafaa14e9facca2358964
ttp.r014.term.170	c158e22ad1cafc52379e449543598dfaa0638654027c01f72c7e14c1882c0f03
ttp.r014.term.171	4b34754164fe0261b6a9957c8f5da399e8177b14362bcb6485c0731dfb88f74f
ttp.r014.term.172	ff68645e422534956503a52e469333d6f55f14237054e020e681b7e0193cf9d2
ttp.r014.term.173	1a8731d1076780935a370984e2443710eece8eec7b7a279c3024a66b898869f8
ttp.r014.term.174	47d24b57b13ce16ac38de83fed9229a6a729c95808f1910286abce0f4f56ccfa
ttp.r014.term.175	33b14fc8737d3d03763e29984bcfc9787b17cc7392c2af2b00b030f2c638e237
ttp.r014.term.176	68d7b554d088950a6e49c8846d002148fcf796cec37a2cf58ddb2e3976d45121
ttp.r014.term.177	c4e4f372791f7286e682f2be8ee919dce0ba97ca75ef16a77a333f3c24648e62
ttp.r014.term.178	2c7da868d5bbd847760d2ccca543d136f66b940bf3108dfa0cfb386a32163165
ttp.r014.term.179	fd57cda577a39541802b419c11a4f4a8e86793317aa248323375eb90ae60bc61
ttp.r014.term.180	f22dd0a77c328dba98b23b20eb2f7063c6fd5ca66bd1d8bdc8f1ef23c64aad6a
ttp.r014.term.181	f4af3fab27ec6c511bde1129b004678adeb3934b440dc5689c4da67e3e65270c
ttp.r014.term.182	9b824496ac42fa47f3fff08d98603569daceb3ed03925d3877fd647c57a18651
ttp.r014.term.183	b59fbff6b1ef31dcdba1e6d8e281456a17532e0a72530374527690fde10cd5c0
ttp.r014.term.184	7d9fa414296503b724a922e909ed7d9338a33e4838586c04df28a697f802f019
ttp.r014.term.185	64c172e63c27884b174a6f8f8cf113d64b951d64342b2f9c86ec082c822e19ce
ttp.r014.term.186	23851f5704c5649d853e9b70581208e44688d58ee61fd753af92e86abf35fed5
ttp.r014.term.187	5f426b2ae7a8feb547ed20d744fa325fd183ec9bf7c6f1d4b181bf2cd105d45e
ttp.r014.term.188	aba6f5748cb4ee9433b69f451d9fb64838cec5150eed1ed77f4dc31ef3ed068d
ttp.r014.term.189	99493c951f48b0c38794b84eba8ceb2f2a33709a693ed52db2acabb88f52a61c
ttp.r014.term.190	0d1d78c58cf14969bb18eaadcf6556e09f2cfe0013739103c8ee92b5efcd9274
ttp.r014.term.191	4502d58784e855b08b08973053b6d01cd9747eae6c408c5cecef0c6e3cfc6851
ttp.r014.term.192	494502d77856b0a7d398f4f3f493b81226f0ca7df3188402f94c6bf06a7ea8e6
ttp.r014.term.193	ba56d2b0c113c7223a95b85e8efc09a2743da683060283dbe0dd4d9c8d9a0d51
ttp.r014.term.194	4021cfcd139eb2fdebadc9853cdc6fcf7a3a440375897259116e040817dc6ca4
ttp.r014.term.195	6f013654e33793319e88a319fb859cd97210cab5845c3f1c200f122b9f699021
ttp.r014.term.196	c4a37af428244889d2972269dc938c94c8564757ebfbd06bed4f29449a306ae2
ttp.r014.term.197	8f969c06d7297db2b45ea4e443b0b2a32e1e5f43c839ff6a85fbb45fe84eabe8
ttp.r014.term.198	aef62129072d7cd6b8c3d8617dc2aa3582b5397bb13b7700be0166805842d805
ttp.r014.term.199	5020b3caeac127e03642152c561ca2140e5f95e7c005fc7d1dc8c58eecd626af
ttp.r014.term.200	0165a1aa3f23ea47ede06a09854905e5a34088fc6bc423771b0eaa65e0a51917
ttp.r014.term.201	2dc51a5aa69d0114e6202f24c674be462f6948e674bdd3a5c7f2428fbe1212e4
ttp.r014.term.202	ba32192b0e779d01a10ca51e6d1f8ef1fcc13e7bbc99fd02976a2b5245391a59
ttp.r014.term.203	e633bc8fb279df8d88e0de0172690ae6e9e64df3d0f7446b8c87128ba0527906
ttp.r014.term.204	45618a00672fb9a5ec35730b287743c7e5582ad49385981199dce640033d300e
ttp.r014.term.205	9dfa5ded15398b4aabb599b34510b8e952eff97c54ef969e113ce5b0cd273134
ttp.r014.term.206	db52aa66893028f41d66199bea6f5c1b629c55997ad2c3de5a754c420eba2749
ttp.r014.term.207	d94ed144efc9c3baaee50b2fddd8134122e6912de10f51dfb4f0900844b6137d
ttp.r014.term.208	7993d0d9120f4ae1eb2d3807978c80626463d448b484b5dc5fafd93371955363
ttp.r014.term.209	e6dd7d2edaf9cf363284f85cc87c5ca5e34b8f10d77331fb6bfc58e02618ac19
ttp.r014.term.210	7c03a0b2686b38c99cc437fd75e3ebeda6bd3c7c20f5fa8e7c43be9b27092278
ttp.r014.term.211	3d5fec08689974a6a5181f02d0d24051eecc50eaecec684a8214f7cd601af169
ttp.r014.term.212	c74acbec9cae8b994c05bcfcc67daba623dd2ffbe8fbff51aec98beb465c9866
ttp.r014.term.213	1c50036051b46929516cd83ac49cc22af9ed6fba30f90d3bd99a6ae7b89d2544
ttp.r014.term.214	2a7f85e59bf45a7cd68bfb0755568af3e50db949bcc3bcfacbfd87484f575d7a
ttp.r014.term.215	43f7d367a0f0c5aa89d788e28fbf52335590ff23ec4f4ffaa8e9e12c9e62210a
ttp.r014.term.216	d4de85f5f9793e1a433dd767638684193c6de0d759cc45c068d93ee33d08f91b
ttp.r014.term.217	38c6c17f5723a35100a285d1ab9e6c932ba8cf96abf617bee8b3cd06459b663b
ttp.r014.term.218	f99532edaa43e03a433c3c6e308b90043cbc7651fedef1dd0808e4f76d1962ad
ttp.r014.term.219	e8ca82c351d175ba265c45ccc3dd8aa4c3f6a2f8ce64949476a091a36bceb2d5
ttp.r014.term.220	378cb31d2e72dd6fb0ef2f26dee05961b122cfabfce37083e94a4897220353ac
ttp.r014.term.221	76a091bbde1c2ce22b6f4db1c047b6f12847a03882d8e582bde914d644a12ced
ttp.r014.term.222	29d4a6d3b63af9e8988eac7c4884fb0bb3514f7c573fc85e534a59e37c6c9928
ttp.r014.term.223	56a740c1b9079830197fd89215e7a784a5a58c3dd8d8f9c54356d9a3d9858cfc
ttp.r014.term.224	b6bd1f5217684c36526324db809b2f49df67e62da04225a27e73381d5dcb46e8
ttp.r014.term.225	ed64fa61928f1b0ea1ae10e864c3b1e91b60046d3a8ba3179fc24d053556894d
ttp.r014.term.226	356dc23b751afec04278da3c0cb553c7d1e1e11153874b1156d972f99beb3eca
ttp.r014.term.227	306f1b8102d662338a3090db27d390f29718d30b2be7134c57db0a9acdcfaf58
ttp.r014.term.228	5bd8f8133cfffed45538dfd1556c2057082b9f730bbcac93e8d3cfcdb42be6da
ttp.r014.term.229	19ae0ced3d5b07ff50681e308b890959009f51cb66cb42dc21ffe24df7bb8184
ttp.r014.term.230	4eda23dc8831fc21c0831e2275ed435b7e304b21e557e501eae43e1c652bb42f
ttp.r014.term.231	7b2d37d2288fcf0982da4677bd28d3ec95fffd0d153c984099e53d23bcdb2ac9
ttp.r014.term.232	c1074368a00511b4c36aa82d6a285c1429c712a0bdd04a30971353905f37ca97
ttp.r014.term.233	89f946ef9df5a17ddd3c0843281aff6e90678c22e2f49e79e21db837f815c375
ttp.r014.term.234	3484b4aaa4bd69fa52bf4b1859213aa535cb3b65dd2f47e5e430c9fe6069b473
ttp.r014.term.235	dcf7882ba633e4fa172b8edb03d82925cd9ed5f002a6ca730460347eca05cf30
ttp.r014.term.236	25ee8e87ce09c812c6fb0be4f1672283b78d39ab18255d713c68d8a26f717017
ttp.r014.term.237	e5944e5dd0514132244c7065c1df1a79148f30057287bdf44aaffadb2a37dac8
ttp.r014.term.238	249ac62da0bd699fcbbefce5a00b253122a03769a19c4c0c68390ee1e1d17946
ttp.r014.term.239	43e0e0d69baf62f450a2ffffd7c13011806f18d688c30dad9d125d35f1f3d903
ttp.r014.asset.authority.by_sa_eps	135766db24beb96c6a82b245d8d5b6cff0a83beb9619b008345e55f792af74d1
ttp.r014.asset.authority.cover_art_eps	b3a7eee7b9abd6c7ffe44af8a5a36b41207b34f46cd5c629806561051ef1cb7a
ttp.r014.asset.authority.dbend_eps	c94a7392d7dc2a5ea758c9a61dadb812196cb0fd1b2e70f107d7aab1ea870a20
ttp.r014.asset.authority.eng_freq_hist_eps	dd1f1096528b5c2c3a6a974f2683d3bb7d3ef791b4db1351935e195e0edaaa32
ttp.r014.asset.authority.hamhip_freqs_eps	c949f87add7b31328703734b7d49512e3525c11968bfce65295cec08dcd37048
ttp.r014.asset.authority.index_html	888c15a355c819b9be9f413b36249439901ddd7f8ecca4ede645a5175de85f7f
ttp.r014.asset.authority.refs_bib	15f84e47507768567b1fe71af51279e8d9fae07d6e0e13573a0f71de2a0502b1
ttp.r014.asset.authority.samp_cct_hist_eps	6d213288328f79cb88b255dc5d274b5759a3559bbabc179f3e48493598a4a475
ttp.r014.asset.authority.scytale_eps	61b84a5ffc3d7cf78be67642abdd4f87dbbdaf3a5d77cbde71c13e24276a0989
ttp.r014.asset.authority.seadk_cct_eps	2bd0ed646831cfc562dbb18d19ee8423dff03552c0f01fbc7d5db0cc0a417d25
ttp.r014.asset.authority.seadk_hamhip_eps	f92acb434718b126fbdedf4f91ccdcdabb8ace6ae0363228bad218090f9b37a8
ttp.r014.asset.authority.seadk_rkkrt_eps	3c11ac52b05960f9346d3cdb9c50d8dd22ffe41607283aff886fcd3de0866d3f
ttp.r014.asset.authority.yaintt_pdf	b79eb17534522d5839bbcc66d88cb9e24b9bdc1e396db5c9e9dfb29b07570018
ttp.r014.asset.authority.yaintt_tex	ee18d685b75daaa262a0f14108bc7f55dc4171e52d9dfb4ae5906bca4dbb7b46
ttp.r014.relation.0001	baec50a3011611881832c3e88980ceb67f2224b7162ea787cbd54922a96cea43
ttp.r014.relation.0002	b0a86332b87e1f7a21fb7c2a72cc3a25accd2ba185849685504f898adb2ba420
ttp.r014.relation.0003	3c8d1a2d2efd268b755f23432f067cfab20a1accb84a588a66dc1c2cf3021e88
ttp.r014.relation.0004	ce57a3bc241cc6b2eb2c71e0464f1a1971df780a6a9d0412d157f400af844367
ttp.r014.relation.0005	b600ddb52032c5271f7e3be6095234c654c5afe312cccf2e78f7996fae61d4fa
ttp.r014.relation.0006	9ee5da2d834fe8f5f6a6c2283e58082a48a8959cb8d395c98e369dcce1987bef
ttp.r014.relation.0007	5836d6dcaaf33f028648b4b52f4298042ac619c500eef9efbecb0881a4834897
ttp.r014.relation.0008	deca3e235a365b468b1ed4f8f6dd7ff9d71461e8cf7124b1fbcb86980ddb40e6
ttp.r014.relation.0009	90bd3c06e46cd187d5b2f950d445d6ee4f2e58c2f14e5e83f8b5b5ac15d2d594
ttp.r014.relation.0010	a8e4e7d025d211d07b19019312e6f9f3a72ed00a4cb50bd1ef242c02722d37b0
ttp.r014.relation.0011	3f0247ead853e75929954c47e418ad005ede789625174ea327fe41f33c6eb34d
ttp.r014.relation.0012	b241fc15162f1bdbffd6a43c4a8a2755ce00a9ce3347fd1932f761ad46802fa2
ttp.r014.relation.0013	53fdf6443ffc5a1c0bd1ce55c8ab0299076e94fca651a30937576fb38568ad98
ttp.r014.relation.0014	5775f0e11614df53fe8aad0af9c214ed293910f8056a3b9e087303137d2e882d
ttp.r014.relation.0015	e637cdf9456ef2a8253b5ba82a99a72886cedd1fc20bda88eac3ee578bb20ffb
ttp.r014.relation.0016	eb7d5c3aac6e9b870adde30cf81b2f3ab07ec0525e2e9c17b65410d3307d78c9
ttp.r014.relation.0017	3698311edebaafc464b09145a6825408fe1b46bb7eb993a17695f4db79f867d9
ttp.r014.relation.0018	40d60b2a1101656dc3914a63c294c0f330652eaa05e66b3643065d3f7f27dcfe
ttp.r014.relation.0019	c1bdf2b4c908eb9305cc682dfc22c1029f7a077e1edae7fa756867c8655effc7
ttp.r014.relation.0020	e0e49e66db2f7959deb725d3abbc7c5b073a801013a18a1a60cc4bf5dff886ab
ttp.r014.relation.0021	784858d205281d198e9b2126bbc8d2f382edeb9bf8d2b693c25c834f70d3c101
ttp.r014.relation.0022	934c5d993b835928152d70c30e5a1b849a602449dd8895497997449814d03289
ttp.r014.relation.0023	a44783e69bc6cb008448c88e4e98e2ee5d402b5932d61e4d435cef3e8661919b
ttp.r014.relation.0024	e0db5ba664bad94f1b7fcb5d02a897de92bb8eb6e8debc374da082d6c422a352
ttp.r014.relation.0025	ad1ad7a2cc2e6ed771edddb2693caed29acb3a7e182d7aa39ef6cb82f94980ac
ttp.r014.relation.0026	6eeb35dc264be1836feb409997db0674be51f9094b6383b53919cb12c948fef7
ttp.r014.relation.0027	a593bfabecf131e456ca0efde69a5d1a823483412a05552623fd4ad7d5f26134
ttp.r014.relation.0028	1b197c9357fa5936e53f492da45e1b5198903192e4e9e30f39157dfbf4042463
ttp.r014.relation.0029	e41e38eb73b9727ca19a1e6f922156ae7bbbe1e4a97d14876e78790f7f6a2617
ttp.r014.relation.0030	fa9312a22b83cb29565c3b3d974eb1a913600424b11a30031607f9d654d6b42b
ttp.r014.relation.0031	771466b16284a9da89fa0eb27cbb18fa28b947918c0df44e7e8f56bc184dcc2c
ttp.r014.relation.0032	0fdd21d62c3c7d8205907f98fc6788251365e2f02326b72e78e4d538e555ed17
ttp.r014.relation.0033	d201dd676d65cf9e5dd5f42b6227a0eedb21aa62eb5fda88de3dbe8b5acc5bbc
ttp.r014.relation.0034	80205078c5d673d3f65af02259c51decbf8cc70b12bc6e4794c66f07e86151e4
ttp.r014.relation.0035	82e89ec081813d873554863b09aa58ff9084fb80f9c78e3f4075a9018c081d6f
ttp.r014.relation.0036	a10187d3a6bdde129e1e8efad24fda869cba8279d9dd754d7616321c5781345d
ttp.r014.relation.0037	3f48be78d38c1d7005f3c4fc4caac496d97c7e592365cc4560e190056b5eb4b0
ttp.r014.relation.0038	debef4f394e5cc2660b9cac8e44130434876b66d567744e088dbd9494cbf227d
ttp.r014.relation.0039	63af90490b8cb97a5e13faa4df6f235eaa345aadcda13a986c4a81c998b23aef
ttp.r014.relation.0040	581d9ff0fa5b115be3be464f38c03b6cf6696106b30a397c8c534e78134d57fb
ttp.r014.relation.0041	2f266485762518af816159a8b8bfd2dfdc4c0e11d99703c616aa3ccf746b3668
ttp.r014.relation.0042	c5eb811f50e0374f58647cdd974d0db9990905ae21b71fed9333432c870e79f6
ttp.r014.relation.0043	6392939ad1da195cee4a8ca863d1b50999ff0b7a5d6b86d2af958c6fc37fdbb5
ttp.r014.relation.0044	f65c8e45dc0cd822914d4a4acd8778f06387f28fe3e78a11bbe484dbb4303478
ttp.r014.relation.0045	43863145fc5d914860b614af758bed34a3540b2c9a8a65f387a67dfd4e62f786
ttp.r014.relation.0046	4caf0801238b416638a1a920dc4e5fcfa3a2bc0cca66ae6b5aee2b657341e310
ttp.r014.relation.0047	ff8712a7fd5dd69dc2eed6222c07aae5b6742a909e64c469c3e77ca6c2af4fb7
ttp.r014.relation.0048	8b163edbde920411efbe81c705e425bb60545f08ea9b86e51d98009f8fb99a8c
ttp.r014.relation.0049	0c36697d7ddaad61186705347452a21cbb0f212ad8ee7764cd7b6dad24369028
ttp.r014.relation.0050	eb2ef38db3aa893fc229193103178a0984a5d1a518ba9d9562ae874e547ff397
ttp.r014.relation.0051	3e909c5f186237f05dc3252d0b86cb90e646f462390fcea1643c922bbdee4129
ttp.r014.relation.0052	6c14256e2f733393424741043f976934a090885eb17bd6a7b5536cce9e2c38be
ttp.r014.relation.0053	25fc6f0f46ac844d6eb732cac4732cfdcba5b634585a50946a0b0af196bcd44d
ttp.r014.relation.0054	a36739a799a228a2ba7eb0f37df31fdd51e02250a7910fffffe00af053be66ad
ttp.r014.relation.0055	8098faf4c0721fc421c4f7255316d457b8ce600b925c2311805bdf59f6ca7bfa
ttp.r014.relation.0056	105f073b4e1b512a21b926b608b9b0667ec27d474d0a73444bbec57e053dfb99
ttp.r014.relation.0057	429b49058169a09bed1d1e0a728834212099953ddc97ce0843c3b86591aace86
ttp.r014.relation.0058	a463ad9f18e86faa5dadcf84611698766be26a5a827c440f9b1345bc9815df6b
ttp.r014.relation.0059	77b17fc9def8de1fed4bfdb531385976d16125881e0291a3967f7764b441c36e
ttp.r014.relation.0060	493f85d87ef4ad41708fabdfed2cce303326c00582d826a45c04d8efb96303a6
ttp.r014.relation.0061	7006bf83dbc5d3393bdbc3c9ba8fd487f139b0a201125b2b87a614e79f329ed5
ttp.r014.relation.0062	56b364b7ca1f812e245f8459351b9ad166dcde31638de74d3d2b391156be25be
ttp.r014.relation.0063	f310e53b6cd1714d25d6df3b5f377ffba117c09a3c1f88e0a96e02a8c136831a
ttp.r014.relation.0064	c0480979ebfd19a1f690e3961f6f542c08c77cf027a73367c88bd2a19dc10dd7
ttp.r014.relation.0065	7e3f5a752c11ccf05412fc2f424f26d5c151971831849b694e668bff96f26c00
ttp.r014.relation.0066	dcee4e11d032ca16d259076cc09d9ca8a49d179e333fed44e89d8e07d16c2ca8
ttp.r014.relation.0067	68ab63a6bf8bbd5856b3bfe805fdf62e6528b08cc3326580d0af9d0601b2d5a3
ttp.r014.relation.0068	13cd086b01f15d80255407bf4beae30777d580de2f90fb71298410d8f2b01935
ttp.r014.relation.0069	acf9854678bcfc70b9500f721cba08ba55330e5cd95fad6797e8b193aaabc705
ttp.r014.relation.0070	dda580c19222559b1a24715362680ced5e3faf2ccaffb6409b53c70e3d34fbe3
ttp.r014.relation.0071	e27241a6640e293faff4fec39bff82bc3aab2e3555d335f0517e2a902d72fae3
ttp.r014.relation.0072	5831880ac546d797124d27ed89b93443305b8d25e66823f47344172eb2bd49a4
ttp.r014.relation.0073	269c16cc65cbb42baa7d6eb92dd73f540d978fc462e8ca3c1d07be7699681303
ttp.r014.relation.0074	a33c4724d1571e0988c0f46c5a7d229ea587e2209e338bcb70727027ac490038
ttp.r014.relation.0075	954fbe297c7f64ab78859c17e7cc21e43fec68074d56b012396aaaf24b08e443
ttp.r014.relation.0076	f827af39da7c33e096c6bad0f8c6dd296974eb489e730905549545c8eca1fe87
ttp.r014.relation.0077	19570756c9b32bed20beaf951f51da66910b19c8f7900d0895f4c105ee78fa12
ttp.r014.relation.0078	647b99ea1e92d7b7579fcc0456212920b17977983a7765b3ce211308b2175c39
ttp.r014.relation.0079	af7c050e3772a69eaf1a4f49abfbd802910fecc86b9d3bbc1e3d5281ad59890f
ttp.r014.relation.0080	be2b8784c9abe68c02058c52b710ceb91ea5dacee02105f82b2ea739e1a2292f
ttp.r014.relation.0081	b77bea6678c345c2d6a3321db39f9cc4e083bae2e924200c7f36d01287459c8e
ttp.r014.relation.0082	e1b57dd046b8a652e47b7e5b7127f239fd95b0453d828aa4336d7738bb865d65
ttp.r014.relation.0083	29f6c81256329633f587731dde94b5681313c87972b37321a91493f42a6d00ee
ttp.r014.relation.0084	c295f71bea9b132cea86567f3f969a0d7fe4aa301b656258f43a782f91885ac4
ttp.r014.relation.0085	3697ed6f11aa4c932becaad4c2ed46c7a1b5b40699c215e55bd034e3a7120ab5
ttp.r014.relation.0086	9e85fa6f2a71f97da16e86dc33b181bd762ce4c3e95ceacec5d8d2a6c67fc4e2
ttp.r014.relation.0087	7c2475c87eb0275191058b3b902fa4d6d7b1e9f83f1a34eeaa924e338e599b47
ttp.r014.relation.0088	ab6fce09930186cbf2d56b67c5b9230d4b3437fa2d32872085a8063172c7b8f3
ttp.r014.relation.0089	b923fabb1086f609c38a9e296eb499871a1c35fa2d667c512acfc15b4b16c5ba
ttp.r014.relation.0090	5d2702077f0c8210ff2e995fb51c40f9869b8d87c718aad08e8124692b0625d4
ttp.r014.relation.0091	a47594f1f2a1cd6167c5e0b839ad9c229f8896e41c0920d178c3fcff9548ed6b
ttp.r014.relation.0092	2580115e62ad5730bba01fe3c8825a92b029f43a15703a3c806b6aa5c64a59d6
ttp.r014.relation.0093	cd55b666a4b44e7406cb8722473aabc272f6ee522eb1cdbf87e8e8d7a57ae91d
ttp.r014.relation.0094	1336589209ba80d277d23fde7bf33fd362465f51aacff2d8e95a4cf3db637f53
ttp.r014.relation.0095	77e962e5b71766a763e49d35ac44b1e4c9027f2b444a467c2894ac34d5550247
ttp.r014.relation.0096	8297b1787b29243efd42a5d3629b29029aee8f83aa64a3c50b1b55eaec8f9d07
ttp.r014.relation.0097	4d01db632c56b011595196e551bf7e8aac72542a952b0966c296e3b64b41568d
ttp.r014.relation.0098	a694d85abe61c36c4a0fceb7ae574b703dfdd887e197b5ad7013334c05ba1f14
ttp.r014.relation.0099	b93db028fc602e7c9a8e76473a68fa4a935fa127332127da31101e623d4b50f3
ttp.r014.relation.0100	5cdab7a7812ac60f5dc3cd974d79320099adf40d0d5fec6ef492f9e35b523277
ttp.r014.relation.0101	b38d41823414ef6d0c616f511b0f70abffbabb12c3962fca40500dc0edf79f46
ttp.r014.relation.0102	9ae71af5aad563a5cca8dc3c8ddda473b488fde3a4d0a43795208cf3b2e08d38
ttp.r014.relation.0103	f9166301d0389042e2dfac6aebf799af2a3e581d70e2390aa1a4b007e7dd8e97
ttp.r014.relation.0104	acba6857ddbe8ed2e88f2ddf1f3bb63353e6af6f3092e0e808c627843a361a0e
ttp.r014.relation.0105	2b8ac4c9a1192df3bb00bcc765118ae881366e8ee58a41463221509d27d14eb6
ttp.r014.relation.0106	6a3ade6381fd35d649823258877ee688e84ebbbf634306258766c4aecb7a2dc0
ttp.r014.relation.0107	d38a341685278d71002c1bea8706ce504cf53ce15c422e6971735bda5a9e4774
ttp.r014.relation.0108	6b6d5391f2cfe57d201cada1fd45a6bd49aea1f8964e294d888396c01b31c493
ttp.r014.relation.0109	6f2aa228b9be8f75a5a1b16bfc3acb6133c819ce718862c62cf3b93f8ba9b1da
ttp.r014.relation.0110	544e2c079722fdb2b8e737ceddf5bbd0d03e08f0c8ed13d8e46ea428ab08d4ac
ttp.r014.relation.0111	016ac6fa02d7f5d58a515788015314dec212314ea8a88ceaa93198c48a1baf3d
ttp.r014.relation.0112	763469292521aa20310efd363aa1dcf4f2cb066bbf3bd0eb574a905e388e497a
ttp.r014.relation.0113	bc262b406f83be03936d41bed3bdc7a59a30d682e57a22bccbd9a8f7073976b6
ttp.r014.relation.0114	07f4f1739335fa94791c53113cdf4a5fe80725f8d421e0f25296e1239bde41a7
ttp.r014.relation.0115	c4d8f990e88f16826db1a276a85d8db1c6afb9c53638185a749eb481a9393437
ttp.r014.relation.0116	203861587ee1db13cf665cbfb3981a82d8fdd919f93cb7e8fa6d888580367b22
ttp.r014.relation.0117	8b3cc746ebd770349235d6c5f156ea5125aa208f6f458ea958eaa85132a841bc
ttp.r014.relation.0118	25fa650ab08eb8103e0216a7fc3e906f26706078d8172c29b3f33f3b3d84e9e7
ttp.r014.relation.0119	5c65f2f51a7730b7fb05dccb74c0fa624bd73907b4d2f59fdda077419d182b9b
ttp.r014.relation.0120	aea6a22db361e3ecd948df1d3a4b7a4b8d180053a8d41f395a0d9429fad18dd6
ttp.r014.relation.0121	d3b566d7fe82a45e4c4d29c28775e446a9a5d8d4daaed4282572e1aebdcf2f48
ttp.r014.relation.0122	8d01c659dffdd6d7f41fef5faf51da01a3f36e8504f8a3642e97f8dd7f4f7974
ttp.r014.relation.0123	827b31eed84d13dc7721df25e7fb505768174cde5de17d3b8bd6c01c0648fb03
ttp.r014.relation.0124	48130a71e1b5696a17dae136bcbc2da5f519a3931db90ec7e19794c505b90d32
ttp.r014.relation.0125	5b4e766076177b05df889652cfeb635d86e90a8b35631ca153c1f879e2599ad6
ttp.r014.relation.0126	0b1e3889a90cbc786fdac15b7f4e5973587cb7106959bd90fe10208cb762239f
ttp.r014.relation.0127	731c0a9e8fc6a68da71977526981d6498c371bc3987a7f57a63e727481b16ec9
ttp.r014.relation.0128	c881d929b190716bec250e4d352d115ad299a4961250ecaa8e9800159edb7186
ttp.r014.relation.0129	06dc1805320291c872147a86595458dac128761adb37eb34d1010c54b2a93f5d
ttp.r014.relation.0130	7ab22f628f38f346eeb5341026daf40214f3bd3b9d50518e7569ab2e6bab9bbf
ttp.r014.relation.0131	c54e1abc219b429f7a77c9b3228671c951ae8f1acdb5410b897c55b6cc3e0875
ttp.r014.relation.0132	df1c3e632ce745f06d40a21907b1bdaa2f68910a3f740c789477aad50bff4de9
ttp.r014.relation.0133	3bb1472839b7fb3675a862cf347992768ea713a88f03d287e10c95c8b0c30e2a
ttp.r014.relation.0134	b810aa167abe6535fd79a3655a1e0ec0c2cbf58bb2844017b9d33261fb4e69a6
ttp.r014.relation.0135	ac919604c954e2645ea1e02bf4312ba3663155fd37847de0a11c401910b54441
ttp.r014.relation.0136	bb4b5acac0f3e0c3d0f5b1f35c42f91c6382a55c9aac83a571d64ace04d88e0a
ttp.r014.relation.0137	9f9fa52ff515bbc20f1ac20c52327885a45bad2fff1bfdd20a0025dd56a42a58
ttp.r014.relation.0138	9e4f482d0ff46913b17891a1218b925483d430f741a5aa8a6853991ecddc92a9
ttp.r014.relation.0139	d28afe11f148c95a72b1fa783f5962ae702300bb8b4c5ea27d0bdabd92905e1a
ttp.r014.relation.0140	61a7867b3b878cfd61977b750f49449228e4155168c8bb2e52ab3c174f152d3c
ttp.r014.relation.0141	5671c20285bc72000a82869cf0ed98a32259acf839cf941ca4492b01f7a27315
ttp.r014.relation.0142	b7ab0c22ec37bb69709e1665b454b547f97077a9b6990d58a28a8f7a933c946b
ttp.r014.relation.0143	dc4bb0e82d1eccd79b20638db90c74e7fe8ea17bc2e9750e725faf884d37a538
ttp.r014.relation.0144	e9deeb40f2376920070d34e3edc99599caeee9537d59a3afb44090b7a7aa8a10
ttp.r014.relation.0145	9423353b1915358281ceaa833d9fe0340ae298068fe13307d46d876df0b5d1bd
ttp.r014.relation.0146	02b3b3e45f1ab1f180182acbde4a20b6d0ffa0eac04e05fb87d3d9982d5e60b8
ttp.r014.relation.0147	c9cc38e0f31fa168e890315fd5a5f05e47d379e6ab5d3546e7703262d3137702
ttp.r014.relation.0148	d7a7ba5b881c12256aab6db72f0086c8274095f164bb7c6c20b9f03b6cd52d0a
ttp.r014.relation.0149	96626e72c6c14f64c63fb6d543d2b195b74b17a8a6c1a8ceab25af621ec2b852
ttp.r014.relation.0150	874d796c41909a76b98c1353cb9ae972a9bd659af6fac5ea8db477615d8fa132
ttp.r014.relation.0151	07568a2b73829d448559ac4475ad92eeeacb54660f3209c83ceca11b20c553ac
ttp.r014.relation.0152	4df6a22a921a66010131b366af9d76b86608d530ee35ab9ef5e6abefa0558a46
ttp.r014.relation.0153	0cd1618995803ad5a3ba3f7887cff3d24f585e2cc222d91b4cb54538e31eb007
ttp.r014.relation.0154	a8250927b85467df3243bcc448732d93e0fc1ee20e1bb35d5194bd273f9f0a8a
ttp.r014.relation.0155	bd4939621d83a134bfabf2448373c58751020151e64129c8140a3d806fbf94a3
ttp.r014.relation.0156	268f5a8ed5d291b1dbb0d888701e7ac404db8a9c14ea90868d52265164356568
ttp.r014.relation.0157	06a94b94f258f1c30419b752f323d421ecb0444cfe7ca0ab54266301f65f8858
ttp.r014.relation.0158	97b5d8df1c7ed43187d4e90316419b464dcb38ec09e8e3e60a937a43ca8b0784
ttp.r014.relation.0159	e33902244f6e1d5366a0d89509777be7be5ba9cd9b9b155f5807dc7bc84e25a1
ttp.r014.relation.0160	73930178b7faffc08b371885a2e97ed653bb8f87fdcfbacd122124ddb1e3ab9e
ttp.r014.relation.0161	2b9983bb7d1c2676b3de418addda78fd6ab8eba76b06189869eac3ebbe6c698a
ttp.r014.relation.0162	d4cc26e0f9ea1b88836accfc392860ad48d5b122ff902c6a97699da54605d463
ttp.r014.relation.0163	b6b785d292305948dc25657b353a9c3209e5c531b16d5fa59f5702028b21ad86
ttp.r014.relation.0164	10486ca3c1aa4d11373f030ab2e0e5f9a7f0f7fb047961021aa5a69063439ad0
ttp.r014.relation.0165	af98d459b2eb507ac83d97fa3c35ba8ad4da83f26eb9606b7806ce7d8c3e8056
ttp.r014.relation.0166	ab5afd1eaa84a85e0a496cd5d2606399533643cac33cbeedb6c6474845587468
ttp.r014.relation.0167	a346895beeaea10ebcfd65b0e1c8f1e4dd37a3243910da523dfc64cda6097717
ttp.r014.relation.0168	a005b9e80e84e22402f0122530a00dcbcfa0956fc599c0104c3d56c2fd16adb6
ttp.r014.relation.0169	56347581d8a359ce9f1154135a27b53e855cc2a64c15ea8d3ad593aabcf2711d
ttp.r014.relation.0170	a839ce6614a925e3f0aa8afabde84a042c790156ddfe1877dd8c192666eac81c
ttp.r014.relation.0171	753fe3897e0173ac6be91b6819d93bfdd87a8225372964f9fc3beabc6bce0edb
ttp.r014.relation.0172	38096e8d3099f753461ea13befc8a932735bc86525ff75078cde642b471b0c89
ttp.r014.relation.0173	db5a854805e54f9e2d731b5c0b34768f38003c793fd03c05e6b408c8fe077e59
ttp.r014.relation.0174	31e09b83b0ca6b61ed553c4c185525a66d30acf4e04ad7b86684572e48996b4c
ttp.r014.relation.0175	517daff5bbfda4c3ffbd9ffd5e33abecb2946499f8d20b500a0d8ee84233365c
ttp.r014.relation.0176	987819b00d4d30a4ebe81fbcb069724259ca09eca9a470cb0143876dda465ae7
ttp.r014.relation.0177	e978d7dc426cf8efb24d13a9631687684dae27739df86845b98585bb75c3248d
ttp.r014.relation.0178	6d0cfca3f67ebcd54e8c47bb196b71f1696302a672ea19e9f130654f2994a3ab
ttp.r014.relation.0179	9b00d9d364b80eb0a7a7c7aaf5f52ec26d11d8491966af9fbe60e3dcbffdcf2a
ttp.r014.relation.0180	21c77b6692307a72f970d823a2fcb67cda310ea57c0adbf5f53963b6b63b56e1
ttp.r014.relation.0181	0c4284c64c42cb3ea3541784605a8c5a62e5fc3998d83e7e641cf225ccfb3173
ttp.r014.relation.0182	4dc348055f6f72304808c1371a54973af164794af6f90c3d75f96a52f3a525b4
ttp.r014.relation.0183	e6fa7c0ae2388b6c2a6eec797525490ccf02049d72a89d85cd0dcecb33abf393
ttp.r014.relation.0184	52ef274853800f24eeab037ffeb8700b6f705006091be952378e20d2dcb897ed
ttp.r014.relation.0185	50c2853ebec2ac4075044c76b5e71f6764cbcadf6a5e9d0fcec888db3d0d1e6a
ttp.r014.relation.0186	6b2eed00adda47f8031da12ed8303389e6408820f08816889071d22d76126f58
ttp.r014.relation.0187	8c2a349994a05836ba6a76ef99a93b91f698cb57036f067499051df1e00f7b37
ttp.r014.relation.0188	5f5f9c909a59e43fd09b688050cbaa14a4b76c256cebc241515c1fc497e33160
ttp.r014.relation.0189	ec0cb1dc5a3e2f962b1c43c465b6a2b2a4762f22c62de94cfae82cdc1fe52090
ttp.r014.relation.0190	2607dc2f131238ae4ad89cede48711dda529813f53613c8e903944022c520bba
ttp.r014.relation.0191	c8e3efa49d2b382a251c78607493abd17b02996190eb065aad8aa085af7dfa7e
ttp.r014.relation.0192	687700a9dc301a25193d5c3f58fef3542fdcdca6d21aaebb2e0aa32bef019eb5
ttp.r014.relation.0193	f344ae6b81bd7a43f09f9568d5f231c421075e736884831de9e3591571e1f40d
ttp.r014.relation.0194	cac4612f89ff6cf9df227ae8e5ee0186ef5bdfc9d36a15233f6f5ff2e3765a1f
ttp.r014.relation.0195	dc8894717cc3c5f521b8f8b01dd5f8aad7663eabf5b5a87e1ab61540d298b068
ttp.r014.relation.0196	d47880ed7ecc13c79979240a853361fec6779fd052cc278509f926e049f6c243
ttp.r014.relation.0197	0c6f36cf79edf08cef4c65f316b0b78f5d2a6b38c54f3d0230a53bce018dccba
ttp.r014.relation.0198	8875a350b0e7f485c369485ecd127062fd1f2b95f71284ca9006304394c0dbe2
ttp.r014.relation.0199	c7298cdcd3fb6626af16f26b5332fb315692b77a36583522bc4717ba7fb538b0
ttp.r014.relation.0200	43c23428c931908a1e080051aa0adf949bb93b3c841c328434aaa9e2504c65bf
ttp.r014.relation.0201	352b78e0210a4c368d6b0647267dd0f4b7aed6fb002f7e8931a8e7fb081e7c67
ttp.r014.relation.0202	a4851e8b02e7a74daeb811c5eabab75a742e4c68220d1bddebbc8810783f3c18
ttp.r014.relation.0203	9b1f62c3994ca7886e35001ad4e5fc4918f17db3d88f9da303c8d7c33815918e
ttp.r014.relation.0204	5dc90e875ff94d92241c336e3fb993e3499408236b3663c2f0f13b640b4cfce5
ttp.r014.relation.0205	9d30aa8a1d3801ab0555a6c1b55c8407209c314ce99df7065fae0e8456e0ef17
ttp.r014.relation.0206	680669e7078520c1c9afc0262be8d7ed9d92f1073ceaf60911529c4a2283debe
ttp.r014.relation.0207	cf3bc30ff0dfef7a2f1f1823d264cd1b383f110ccc88880a6ac3adb1c2426ca7
ttp.r014.relation.0208	b3c8b1474b6f5e4232b499c1f3808a1b30c7af25eebb335ca8cf531bb3deb30a
ttp.r014.relation.0209	dc18b2f74800d2434016d5d4dc406f4edb36bd07d475dca798cd33755ca979d3
ttp.r014.relation.0210	6da886568be78a22336bb860595c2bce997d7c3b8308fed834ef55ff1473393b
ttp.r014.relation.0211	5f898420feb97a534bc2de07bfa5dfa546f8ab86915cee7524278d7b435d3f0e
ttp.r014.relation.0212	ccb17b3e226645b1dc64365474c02a32538260bc87aeade1075da9358478826e
ttp.r014.relation.0213	54d1c6a7e04485752b0c057e9138580d66819cd559aeef073048f276f5eb1050
ttp.r014.relation.0214	cf3337da30c32b81422d01a49d588167acaa4d7f8f1d257ef46127d2e43d5e4a
ttp.r014.relation.0215	8ee540793e4feca7ba13ae310b87d0c051a5f1d92e2f1bdd7825b45283f2d172
ttp.r014.relation.0216	3cb0ef2ae4fb1fea36295c11522a995bf103d29872a62cdb9f297ebeb1ec920b
ttp.r014.relation.0217	3cfc01c87ea1d319057dc2de353d552209a2e94a692c13db382ce568c55af3e1
ttp.r014.relation.0218	66130f4dc88ea044c9cbcef5d04f1b8afeb2e0815df2d9756c939388451270c3
ttp.r014.relation.0219	16eea1b04a470b6f20098a37f99517a4fbb11e80d571331d638b2114fa78aac7
ttp.r014.relation.0220	09ab06db8062efc96dbdc0f45e7bb05cde02269b5896b7c12bd596b154fc78a5
ttp.r014.relation.0221	9e56fbd84f66a16dd1549ce5fa4bdcab5f51791a07d41d8f9648bb7f3dd0fc32
ttp.r014.relation.0222	977f4b20dceaed6a28ab68d448b087fb418eb29ce50e6ce397e605e7d4ca4334
ttp.r014.relation.0223	83044a5e2992c7b87f2eb3c3f86395ca7ec00c28497af09730b5a8e84cd2f27f
ttp.r014.relation.0224	0e7c78b2eaf76f9251e32e640790bd9ca94510c8d4c8e207a4054051224df46b
ttp.r014.relation.0225	1d5763d9706644a3096592739a1f223cc1002254b61a21e1e73bc5fc70af4e30
ttp.r014.relation.0226	88973bd26dc361572566a041da56764ecb853ea9fd7afdf0b9df1376aa2435bb
ttp.r014.relation.0227	3bdf420493d99611822214424922b0a0b2d565027dc2595f40477e9ee63d2959
ttp.r014.relation.0228	2de058ce1eba4cea4078c410affba1aa269ddab89dc294fb92f014c374662973
ttp.r014.relation.0229	a26e00f74e5fd4e372977b35b68b73c26e26915061adda02d10b94f215e1774f
ttp.r014.relation.0230	c33b293b9a180a43cf73bd9e6f16d46aeb802c8383a132ece349e6e559798b35
ttp.r014.relation.0231	594c40daee24acc48f752516860aa602e1dce861ca3dc528bef28b2af04b3716
ttp.r014.relation.0232	1f5d41921e27ef9fac3604c39713387685c222de29028166312a211a0309237b
ttp.r014.relation.0233	04ef03b3293d6e5f8ace33ad8ea2f7363d64d1c44851b08ace8c268fd34884bf
ttp.r014.relation.0234	00a5d9eeb784c6c6dee43414f6208b13699a1dfb12ee620736e3a26b60fa8a25
ttp.r014.relation.0235	8ac422c80540349113fe8ee06f108857df781723f48b96b3db3f4b13070b9336
ttp.r014.relation.0236	e27c35776cee30ffce687becf61da13254e1b91d39b7919714c38f421285f4f5
ttp.r014.relation.0237	1e690bf1c6da329dd3c9074777299359081e93b662a6c4fd437eef62c8bb5653
ttp.r014.relation.0238	f5d361f4ed23311ed710e1bea1e3e7d9e5daf2f25cbbc5734a224217b321a8d6
ttp.r014.relation.0239	7060f3a0dfcc51c174cf9e8575f34e9b1fd44a19b7fd1dc13a8c57e6a5cd77e5
ttp.r014.relation.0240	26015b140a8f2baa4003b43b2c1c6262ce258918e41b3d0b9461058de4b77239
ttp.r014.relation.0241	e222f5dd32728a3bb70b63fbc04fcb2da0198d8d3544640d63abe9b16f68d2c9
ttp.r014.relation.0242	8d3bef3d7b3ac271973a55ecab1a54fab3489190039e075cf17e032e373c832f
ttp.r014.relation.0243	7240e304d017b8228494f2912f29f7fb2c8afb9d8bc9eee07d39cdd85fa55946
ttp.r014.relation.0244	2d5a2b37c1a85d2a3e9d968ac5444dd567751f314039d0e1a6db10d8be1c2f83
ttp.r014.relation.0245	3861e20fe3e3734a936f124bb2dbc28efb38c429d37374ef5b695a20208be960
ttp.r014.relation.0246	67c0ff4beb279b1c797126ccb2a2b33351f938b475746de19616b8a8b03df219
ttp.r014.relation.0247	fdedabb38df072dd9a74eb0e911ba4d74679384a536966a9f1cdcaf60b8d1a0b
ttp.r014.relation.0248	8778cece26c545c62e917f1ffea78d593a2a0844db781b882159d2506394baf6
ttp.r014.relation.0249	df8a3b5de159c182fa9a5feb2b9c08d212b7c723dc3b1be948cee1b2d3eba20e
ttp.r014.relation.0250	ddd1cbb9ba2670defca08e14a7025dc88fe85861fe1c983938d6d7df428e4564
ttp.r014.relation.0251	d2935301f59e574aa00b76a00b605c83768235486a5bac264cc31416ef68773c
ttp.r014.relation.0252	4eb24d6a1a6e43067b5202f3790f40afb4786bb2a6c331c76dd80862febcd677
ttp.r014.relation.0253	f380ec248b2a656a77544ee15ffdd8eb7f10f876fcad60a44bb43d89725571f5
ttp.r014.relation.0254	0a87a68ce9dbfbe044efe57122a2fc01f0e15ab8076e9d23d9c568fe33adb81e
ttp.r014.relation.0255	1d9bb5b8a5bc21e63f382829844ed8efcf0a74e42e056367dfc3e5afae1541a8
ttp.r014.relation.0256	b9e869ca4cc2bd321b89a9ea366f26121a30490e6666dca94d745b1f729e03db
ttp.r014.relation.0257	e25b933e316d123a48f2b29e05155d91d6dd8d158e66b99a1e32370637fd06a7
ttp.r014.relation.0258	84efe2ac0cf8032685326bf44a7f1f94e3311583b2b094f1c6e2e9bba2b58b8c
ttp.r014.relation.0259	31b6fc911f9e4a15ca1d6ceac5f02127e52c89f46d5e8dd02f16a0a2776be35b
ttp.r014.relation.0260	a141677d912a0fccf4a8a3d6db121366f02a25aa1833ce27ee3a7991a2d60714
ttp.r014.relation.0261	8483abcd3c52bbe9cf4dd66c800d8d0e9251bbc463c4d0e2562f3d1e8b790038
ttp.r014.relation.0262	767c998d52a1aac61e4b8b3a17a62dc8eac5480c917aef19cfdc900f56adc32a
ttp.r014.relation.0263	010581c800b50921a09f3a7d940bb7c4ea5e89fcc650e7b245c654143f05ddbe
ttp.r014.relation.0264	e6113bd64afa19997137e148a1fcc9abbc61097001754bb74058f0345da4cc15
ttp.r014.relation.0265	7f9a994d9e57214d8c01eac2bbe06fb878b9a15094b2bc1a5486ddbb7b9cf93e
ttp.r014.relation.0266	6fc0f1c98454b20ebcad1d62e0e6c50cf4f05472d6536c34ee9edf894ed85add
ttp.r014.relation.0267	de48725a8ee141782613324ce43e7693942a865f94a9dc73b1740c10b060dd2a
ttp.r014.relation.0268	faf41b16517a09237d89aaa717a2ab7cf80a92b0294e5fa52985a658222cb2b2
ttp.r014.relation.0269	06a6a463928c79f729ee69d3c02a2e56e8dbd336610a1c3e713a30535e01b2dc
ttp.r014.relation.0270	8b19aee74bea08b7486e05a5b3919c2d7ebf2b120802dde2d7fa87327059c359
ttp.r014.relation.0271	e21a8faf536cfa737e7bd531a3e1a3ea2865dd31bfafa73053cbbdd4931ca9e5
ttp.r014.relation.0272	27f5b86dc368d1313bda85e5792fd1065e36ca25e2da2e4c5435333e8947c6b6
ttp.r014.relation.0273	bb89f9f65fba31475c8186a880fc61207fdb36c5c454b5a988d3c1dff9da8e55
ttp.r014.relation.0274	ffdf8ab1f367e81d71d73b3e42cfe4f8db8b00154170221f571be93322a31fe6
ttp.r014.relation.0275	940555741226ea52d175a182b00bc6e509b30bfcea735019fb7e79a492873cca
ttp.r014.relation.0276	a617c153f26187df387f96cb40bb12bc5ac1e30bcf74a6e48c18f81467007c9a
ttp.r014.relation.0277	d1024fe7430ae17c4809d4ae28fafaf45405826b04997f7f770f330135ec981d
ttp.r014.relation.0278	cc020e9ac4648444bd98bc0b94ceeee0e4762cc06935d87a7dd2f3f2cabce4db
ttp.r014.relation.0279	2227fa4e7e49d4f07cd8bf43262f11b346f58ecde34fc40246b595642e03b050
ttp.r014.relation.0280	e11f9b08c213795cc6ea5f74698e3f9a9740020610db3af0013006f78c0a1238
ttp.r014.relation.0281	6f6a1ac6e399485d77bda5a61ff408246a83a5f79a69326710f0dc1335c8d7a6
ttp.r014.relation.0282	94d583d4d4f8b8a1c1a238356e65c79bbcf1e80a9040a35953fdb9b84411b552
ttp.r014.relation.0283	1cd40dc37f5d6bd0ff6be20f3d3bc2aae51f3dbe3e0c4204c92d668b59c7fbde
ttp.r014.relation.0284	ee2891c8f1ed85f32818bb896483c88df49b42e001c7f0579d3c6d96b193db50
ttp.r014.relation.0285	b4fccf507d2d10862209ac6707dc7ff3df673a9861ee8e785047dc5f759b4ed8
ttp.r014.relation.0286	b89f2814eacce7be6f387b320ae62b116473e43814b11f2bdf2bc37cace26885
ttp.r014.relation.0287	d58685fdc2a6696d63b7917bcdbc57b245baf362de44005e44d8db00c710b387
ttp.r014.relation.0288	1e7be4400efe904d18fa8561c98c80f0a6549b13a7634e8deeb8686c3e46b383
ttp.r014.relation.0289	94044b834646d87ddaf2e9860d980b466af91aaf1b88efd842acb5b0d5a3568a
ttp.r014.relation.0290	20a5bd5a251f013f27f061676a7651154cc6d6f89a88190d0d75c14c18584566
ttp.r014.relation.0291	2ac3ffd665f24abedbba30a6fbd4247eef0f81baa04d56d1be6ed0d045cf4151
ttp.r014.relation.0292	cb6c5144850bb302db001be5fb1db0670389df2308fddbe437094f067017a55b
ttp.r014.relation.0293	22e351f599bd9ee1b81d768a763fc96de6cbca764a29d35db8c439a2102c88b9
ttp.r014.relation.0294	b0985f697f9c8acc7a74709fb0b511860a1b66f9a16b0929de8c0e6c9870b6e5
ttp.r014.relation.0295	136385f30e444b84202975b82c586c2542333abfbe8648e48de8d669c789e9ac
ttp.r014.relation.0296	ce69775f1a2e490f55e291679f2cb916dfd87ac55e2f41d3b8984b1933c2f0aa
ttp.r014.relation.0297	97be6347c8da8ef403f2857e3d3212eefbeed654fa3750a41e1fc9892eac77d9
ttp.r014.relation.0298	016e08b726a6c85471b4e06228ea023ec88cd4d644c928ffd5032691116db355
ttp.r014.relation.0299	f74b851e496f39d1f8724cc6fec1e42de982d30983cb15cdc51007aa3407e499
ttp.r014.relation.0300	2a303b9491dbfadf2c3eff8f8a662c422ff9cbd30ff259ef6aa339e42449f571
ttp.r014.relation.0301	5bd049295d634e2906911d85e45adbb8118581a645828e5fc41a299361ddf72d
ttp.r014.relation.0302	92c6d4f0badf33006bcc0f2f1ce8cf0b3833105bcd6c687e6995a9904a9f27f0
ttp.r014.relation.0303	2e30f6440f1f212f3b87a449839bc4b93490cc4b28939222796dd83b85eea236
ttp.r014.relation.0304	e4b11a8a36991b1f429ff76257d17d20415c80f71def220adc037db3587ecba5
ttp.r014.relation.0305	4f5a8c43241d84034571273fe7e9c22c7535741682bc1ea4f608221f477e2503
ttp.r014.relation.0306	8d169f3df7a2c7c9e04cfc7b7d1e4a568627bee397000855989c1df51930edb6
ttp.r014.relation.0307	e91ed84b5d1ab77624c1e6cd4f1c45d828bb0dddb7f85dd47dbf80e038a3042b
ttp.r014.relation.0308	558250f2d5c3130dc0cba09ffafd27c2d8e18607b734b5a5e801b2dff2e649e9
ttp.r014.relation.0309	00e3a5fa8e5bd24e25a32c47681504cae81cf7951e92225b3898bcf53b1bdaa3
ttp.r014.relation.0310	8c77b8bd4f4135e229fd449145b2e7274cebd8190a0ca254220ea303ed9726d6
ttp.r014.relation.0311	7bb121efcc3faf9d7702628f1f0bfc8d979af583112a0b6def7da2e5ed67cc3d
ttp.r014.relation.0312	459877833e828545e7245939cabef4c20f521367d586be068fb756d06842f2ce
ttp.r014.relation.0313	f42d506759d67b531449b5815e7d45e8812ce7472ba18eae6ac897fdb9b8b0c4
ttp.r014.relation.0314	cad4183aecd403c866a7bdd793e4e6795b012138e77db2297bfb9f1b9844d580
ttp.r014.relation.0315	c0fe480a4a3ecf9a9cc4baf1df3ca71062382ccb0fdf4e2d02e9e6603fbd9955
ttp.r014.relation.0316	5172f2bddaae8e8a74a9cef3bdeff64284a4646946cca6f699400c4d652fd9fc
ttp.r014.relation.0317	f7b733140111591179e8f1c5078cae781b8585694af4845cdb84f3a9e966a38e
ttp.r014.relation.0318	f9edb5a51f11591038c435bf767ed6839dc9d96bc602ee150442e00af89eb85d
ttp.r014.relation.0319	57c45eeac4e76986c600f287592f232d81cb2d360668e1a15d8d4427a00b9e5c
ttp.r014.relation.0320	1a1ae2328aa66c3db2c32dcab582e6a2c2dfa3168e715f94fa3a2d277e6e80cb
ttp.r014.relation.0321	a1537deb579c29c8931ea6c8955fa9480d64ff8c5b766db03457af99ab010afe
ttp.r014.relation.0322	e44f24def26b9e27f3d7dce08d7c82e018ac6aad922de9c5cbea75b5a8b74611
ttp.r014.relation.0323	b91186237dfdebd8468346137cd2426c02e320a14101cc720c61e2ed35de966e
ttp.r014.relation.0324	1a352966a8807d025994aba083a26205d1db4359675c77c29c02b8e7d3b8e326
ttp.r014.relation.0325	e81ae9f5b917e10c45dde88b3bd8e520c4d4096a4a0185a09419d6aef6ab0362
ttp.r014.relation.0326	75a77cd55ea804cabbb304e3f7c2ee8f0618bf8883295ed0b1c609ed5b15f8e7
ttp.r014.relation.0327	41ebc9a4f4a0f8fe7af2a28d2dd90f0d4e937c44532f93e6a77eec05a494fc34
ttp.r014.relation.0328	3ce1366e996fe6c07c156ace9569cc07580652976a5b044443bb578a49795238
ttp.r014.relation.0329	26a44890a3987e574b98bbded692f8b2009156477c814ae04855fe3b47c3deae
ttp.r014.relation.0330	f04cfb38bd3392c6b9db541f6ddda1f9e5f933e2f27a13e9b5c64c524fe477ca
ttp.r014.relation.0331	e13f973c9dd15ec42f9d6a2da80d626b805e38ae18519e6524cb2958548844b7
ttp.r014.relation.0332	5feed8f0d8ae5559378717c114a49c4aba7d6232beeac1295a93226bb6dfecbb
ttp.r014.relation.0333	a4f2db4c2317f81c13e9beb3a80a81a3e64b0223fd09c51b32cc35e2586a6184
ttp.r014.relation.0334	f01b2b9bb153ab834a28b30d6452eef5a1a67c7e25456910f0674194568d635d
ttp.r014.relation.0335	c59eafaeceb6114a300ed4280712eeffcbd18b63d5ea154cc257c1c1371f7e96
ttp.r014.relation.0336	8d0b1c7ab903553f02b3805d8e499168d56283faed8668b0793296bc1915e1e8
ttp.r014.relation.0337	a7996ac501c79a509a0da1df4a64ff61ae1d5d4fbf16bd3fcf0b93e8ca776021
ttp.r014.relation.0338	371b88339b68f41d3dbbcfd3acd2dc138287089a84b86b8cebec4bb6b14aec92
ttp.r014.relation.0339	fc44852f346d3a4a10145dd990e0217d4a21e1eda286385b6ebd895d2229021b
ttp.r014.relation.0340	c7ce6fd0e4765f617c5eff76192cd3da55258db6c0c03ecbef9315064c44f762
ttp.r014.relation.0341	5b8592adc0189ab24d627071bd356c5bf5a66510aed35ea70c4fbd99d419fc3d
ttp.r014.relation.0342	61693e4d63e0ef01bce9db3de888974aceb3465085f74c3b18038f690058cd6c
ttp.r014.relation.0343	9761a32f0f7f0f7054d7ef5fbc43b1546b8fa704c870f1b94dc624f0f974830a
ttp.r014.relation.0344	9e0863cca808ce00b1a59344f6e453e2e55b08d3f5c3d43004651c57be8b96c0
ttp.r014.relation.0345	6fac0933a7347a1ff680e3174723ba8f56b13628adc828abc9e851e71875ed32
ttp.r014.relation.0346	d8d57d8fcdc6d0290d49c06af1fb6130371bedd1d1e8ffc47e7580dd26235599
ttp.r014.relation.0347	3a2c3b3d3dd433183a360e142ed1658d2396ed663901daca1297c80b80a24612
ttp.r014.relation.0348	df261033018296cc100db68f04aaa3e3f02b868a3d2a78da4905bceea1768d92
ttp.r014.relation.0349	928557ef93883529cce55a9df0b670d50680eaf0119b4ada266a8aae08e1c548
ttp.r014.relation.0350	e50c2ca3ee3375eed466dfc1f83d1a7374308f4f9a0b1c44a25aa29064cee07c
ttp.r014.relation.0351	8767a3922c0881f9eac31a69843173d07a1ba2a28e465de67324d2f50c2abc2d
ttp.r014.relation.0352	cf93ad05839ea3447c660be5cd0a2d145e399133b3caf16805bec749de143b30
ttp.r014.relation.0353	0e0ce7ff154207e855654fb9ab487998d3156217ab40dacb0940a0a22ec57068
ttp.r014.relation.0354	3af1583764427e2608bea400b03854a803dd61644d6d1a95d704cfb949a2fd5c
ttp.r014.relation.0355	b6029e0edf1d4e3b9faa71fabde7bb000e1b2468a44a82d3995b6b8e6ecc8f37
ttp.r014.relation.0356	9e7b2f75f2c1046f13dd90a31fb67b99ed9e64974135d8cdb0e2c800e1642538
ttp.r014.relation.0357	41f86f862518d4045262f665adf5c4481620df15e341b6733c0e59f6f9b52d94
ttp.r014.relation.0358	442c785f94b1fd507f1a55b50ed9d34a399cbb3a3e554d759c6a31dc79374727
ttp.r014.relation.0359	e2504c862641a1cf4ddb726675a811eeb8a79b4e963fbeef9cdd00739e28b205
ttp.r014.relation.0360	6e09d2e10b7f7b84390cfe4bc6da5671428b203a3310f2b6fa7b75b6efc52db1
ttp.r014.relation.0361	8a77f0acee2240b289b848604eba3d156f579b35415a09e63d086652d002d4a0
ttp.r014.relation.0362	80c8e87d06d67fdf8d6091ef8a41fe9370c1e864b534be2614ee24772b9b7acc
ttp.r014.relation.0363	dfb859e69ad79cb744c48f2bf0478c27f79e1d270b7a936722a78474a6ff22d5
ttp.r014.relation.0364	ecdba9277a7cce54aec45a9ef79fa36ebf0ec326bb4b5d689c701eef8c7ab850
ttp.r014.relation.0365	b76999f4704c251454f8dee20f2d62b47f7f8d89735e9c73cfecdc018baf9b9c
ttp.r014.relation.0366	ca0c7f3879e02a662e9496ec2701ae15609d9dad394da677831f018f40f2758d
ttp.r014.relation.0367	8c4d9bb82d85488c5f2ac007f68075751c4f71e518952a5e41e265e963362e0d
ttp.r014.relation.0368	d522f36bd0ba7c18786c17a115d6ecbdd0c94dfe34b022c05e6d15ad2a787aa3
ttp.r014.relation.0369	efe23947d227d5212b94adfead98e93d2c00f3083dbf797244744a8f75fea58c
ttp.r014.relation.0370	6bccc47b1c487a2984587749f8b1569d0894dc56f2b56388858dfc65ef04b121
ttp.r014.relation.0371	bcecf342bb315ebfa11eb69943be43956abb38b66a8e3fc81871863b2b1505cb
ttp.r014.relation.0372	96bb627930c6f8e2e4f5fc34d9c1568297bd039be37c2fd5f20dba98b31d5f31
ttp.r014.relation.0373	28d2864985ab9836e67378858cf959e909263c04206cc1abbafbb2ea0c5636a3
ttp.r014.relation.0374	7867c798bf9e658a837cf7044510ef05011dfeabd6b13cea855a93fd08892d1e
ttp.r014.relation.0375	2ef7b1125aa95bc31bf9ddb5003229587c495834f577466560e163ffba1be66b
ttp.r014.relation.0376	cee018e6d247f5d167d6d12fa4b5c2790f9bbd70c15b2a53bd4b10ae8f53904f
ttp.r014.relation.0377	6acab513d3039ae59087aa8e1aa05ee8d058941f402b0e1de16e0ce4118b24ea
ttp.r014.relation.0378	1a08f30864604785b76bff37fc7eeecc67ee410eee8bd166e7bb01cbe2c8756e
ttp.r014.relation.0379	1275871078c2709d10e095c784c22d644dff001d26491857e3bd693cb49e3e8c
ttp.r014.relation.0380	122b340d2c67f6e854cbd3fcfd1cb1c221b89fb14fe0301c9f701d06e6ebf936
ttp.r014.relation.0381	cebd5708e99b1978c410688986c468544e3e0ba762ecc3792d805b2c9639eac1
ttp.r014.relation.0382	8e99960a707a3b21ab9f8c603c6d3a0c7c07eac627d5572939624f43d206fd75
ttp.r014.relation.0383	9f1cae206a07d0a8efcc00a7962dad69b082c1ad82f275807686d6606b367ace
ttp.r014.relation.0384	6b8003d9b27f64d824f4f4d43948e2900f86cdaa9a964aa4e1a8084d5568a2a6
ttp.r014.relation.0385	a00f3c3a25ab082544f6e83fa236dda66b1b77868a9f4aa480e690747a5bd6a4
ttp.r014.relation.0386	8127d7928c2aae35ff945e666d65a6a2dd8a544d2f977dec4399c5c102d7d719
ttp.r014.relation.0387	494fd55c0fc49ca09397d386e86b4387092c42fe2a4db85fb8c2b5b3efb03784
ttp.r014.relation.0388	9e4e884a4aef314e63fb6627ce89eb3e5bd122ec123d19206fe8e22018f4b556
ttp.r014.relation.0389	13de82af27320aedb057808ba9479729e814292e202492131d8f708ba70e5019
ttp.r014.relation.0390	d857b2aa6fa651f71233769f328117e9ea15a2b5d4f699481a796e69ed9c269d
ttp.r014.relation.0391	7d3297f7e7ec5288faaf3d11d5ab186d16879dea9e6487801b8c47ae6545500d
ttp.r014.relation.0392	0aaa5603cbdafc4771092f7d0085bf3a605c81a83c7e44406f662cf4be1f4256
ttp.r014.relation.0393	df986a96f6510435310e7a312ba82e660983f45501685fedc82e643f1a19285e
ttp.r014.relation.0394	924a9f018dcf146e5c2180c44342926f2599c808b4d893334a0c525989ad8d9b
ttp.r014.relation.0395	e773be61b78a3290f732a10539bfbb34bdbb8624235b939a6f3dbcb4cede1352
ttp.r014.relation.0396	f0bf7cd562d21c87bd5abc6fa520823e7c1a0712eed4298b4e3cad803afa0acd
ttp.r014.relation.0397	50f8fac6f1da47ad961f4b674b5e40e5c74afb079f4ea08b467f411481415575
ttp.r014.relation.0398	9ae83ed24ef696cac6f76ea4bb88a45a5890b79bdcfac7a92d0cbea6a028def7
ttp.r014.relation.0399	c0830dbdde73006383ab9848113926bacade26410b164b8267330be459cb663e
ttp.r014.relation.0400	2a4150e93db8560592dcb181a1b4a5a9dbacc68c6f981696174274e59db6ba83
ttp.r014.relation.0401	e92ab0e7a3d61792d518eff6f9ab3290f53458f1d9f583546d00a70918d64c85
ttp.r014.relation.0402	340b368f44d3f62a0573359ae0e1288735c835acb81e3b1f440463a022df4aad
ttp.r014.relation.0403	130cb1726c706d7c811e8673dd92c7b38920499b3ffa8616ac2e97a5a6d61fc1
ttp.r014.relation.0404	a82185b5099d5a8d7e1a504081b273e750b24bba42356fce63735852c7074b5c
ttp.r014.relation.0405	71584e2f097f5cb991d797a2aaac52f4bb6e2d96af58a620825cf28f723952ba
ttp.r014.relation.0406	27492240e364f9295d6d11baf2d11e7884764f96e2296728146a1390fe24d290
ttp.r014.relation.0407	d127605d1dd89538496e46aa66f9d25026b377a60ada806e66bf86d276778b69
ttp.r014.relation.0408	e76e82064e97fa3b6a30ec22d5c7f495892ccbe5939dc26b85031a28f11ffef0
ttp.r014.relation.0409	12f66d107a0b7d8fa251b7a70279483dab1930739273d4299c84d1e0957d3bbf
ttp.r014.relation.0410	0526d926eb5cb5c69cc6e76ae91220be98decb4671100a6e4d6bf814d3b2ae35
ttp.r014.relation.0411	ceac850d5a92acd3b4a116b5d586f7526a919963345db8ebd5db4f3008db1be7
ttp.r014.relation.0412	4958bf80c725df217123f2c7999a0dab2adb42cca8b0ce77ce6d9e38b80adad1
ttp.r014.relation.0413	ea198c050de1b5a086a1e44cf4fd6f15dcb30f8133179f6a441753b0cfa2dc41
ttp.r014.relation.0414	f3594cbed374de4d5b733fc28e679657f7cc6c8af32645cbfdd72b6d1d4025b3
ttp.r014.relation.0415	6be6efad19909eb4437eee8866a09fa8186f61bf3023449e7f7ad76e1aa1e4d5
ttp.r014.relation.0416	e5c80ca7570532a73f3233205d339f42592b3935142bc0ee092348804c6dc9df
ttp.r014.relation.0417	b48c8f4a6d120178dbf97ef6ae34330f5eca74fb4330ccbc93b55607c4cfcd41
ttp.r014.relation.0418	eef1de89cc6ddfbaa6642e8380519d3bc525cf597faa0560e99fd066edeae2d2
ttp.r014.relation.0419	67fe7629eb8e0997ce8d8b1825eaf0bf6d52bb7450b2aa5d52c79d1c02902586
ttp.r014.relation.0420	32cc766192b8e2612fe6c8776d39d42f509e493c8ef56d53e1781150cef17fcb
ttp.r014.relation.0421	50785770b8e6f3c2a7100a65366918825337997d087a81ff1ad4b63403f63625
ttp.r014.relation.0422	11f9de79ab4227c56dc1d14c95198993ebfd874e5d70488d7c1226786e05c66a
ttp.r014.relation.0423	ae7b4b687dd95f23f8c8a3eeda0a53da84abc8ce979de533c76a1cd62830ff06
ttp.r014.relation.0424	35275a36e0f7f2ffd714b112ded99f08fd941581230e6ea3ea8c50bb8bcd922b
ttp.r014.relation.0425	ddbb7da60297cd4a4976d300a0dd8ed9fd361be26c909864c396ac4ad7d0d40d
ttp.r014.relation.0426	6047124efaa539f742d4d06d298bf743229d7c5fdfac6596a9520e6cccb1051f
ttp.r014.relation.0427	a0b730d69c66e0f23763f014daad7fcc250704e7e4d4cd0c07b3e8ed6a2c0e84
ttp.r014.relation.0428	84511550fbfbd52903a94b754e1056f4fb4a29c4001813027e8a561583eaedd7
ttp.r014.relation.0429	05203cdda9d327237fa7cb5c209ca3a7d7cbb0fb8622cd8d26b72ae7fc86a360
ttp.r014.relation.0430	86375c86e51277986f2f66b7c45a2436328f0014ae6a6d6932e5ff783839f58b
ttp.r014.relation.0431	03a12d3660812e14a5c904c289219c01d51961a14c132c4028967d6bc068b043
ttp.r014.relation.0432	ab18b8f262b6a5170c9ab9c3f19f5146736e5fb072e13c410818450f63280eb8
ttp.r014.relation.0433	98e50074733cd82869ba0744262b1fc8b994ba17cda302621211c8b5d0765652
ttp.r014.relation.0434	308ead6548c32afff07ee57936a1dbfe52c9017eaa53b9b87ccdb7daf7b36d8f
ttp.r014.relation.0435	fe1a4ec2ab32b2d1bee5ac033baf973a1c91e0502766c72161b35fd1e486bb77
ttp.r014.relation.0436	52ab85adb264e7395edf2c0f8bf46b07e498113e3227f6f25b3ab4522b7970a2
ttp.r014.relation.0437	763d2eb032182e59c26b1044b1fdb1090fb812e5e479c482df0d231b35b783cd
ttp.r014.relation.0438	bf107d5759ec5f023d65c04018fc995aff9035bf03c5a2a5367952f684549406
ttp.r014.relation.0439	c176a00c05cedf9619d275f73f5893c922ad235e5825467d387507c151e60f31
ttp.r014.relation.0440	02ec8be7acd57493254e3b69a20b075d2ac94712b906aae46a5f46e1de669f19
ttp.r014.relation.0441	740d6222ceb18fe35fac40a0318b6a78211e6685323335bcb23968c9f8ed82c9
ttp.r014.relation.0442	52420e4b721f0306269743ec04167b7ece9136cf141ed304bf93d330d7e886c9
ttp.r014.relation.0443	5a5742709a6726d1c8026719e4354d55b4ea8d3cdf61306176888a6134609af7
ttp.r014.relation.0444	6814932ab3ddbe03aa8676c43f7c6f5807541fc46d915c6712a748335b6cf3d1
ttp.r014.relation.0445	4b7a608a94486377007d65efaa52b1841f87af7b15223d0a9eb0519736e64e11
ttp.r014.relation.0446	3a9fdc9d2c024d8b6df2146602bd631f86c23d17b83ea809c4cc9facd47c0a2d
ttp.r014.relation.0447	5b2f421279edafff9b4999978442eec9e2b7cafbb1348f1a00ed31bce64d1390
ttp.r014.relation.0448	9f462fb48f9b9a39c387376e5365f65d63eec11880421cd0f10f1c36a2da9bb7
ttp.r014.relation.0449	26657f56c457f0c9efd821d360a84ea327fed0ecd1cd4a606dfed1dac6147516
ttp.r014.relation.0450	e980ccd6a65f51d040c59efc217bd8454789fda0c851bb37c307ed5dca72ba5f
ttp.r014.relation.0451	5e7d7c6bde4ced6b0a922720679b5d384d3afdc60c7fbe217b6d34fb88a23b07
ttp.r014.relation.0452	2dd70f050d256aa5ea1985f20bb81f02e8165a197dbeaf065b3e3f522251d4ce
ttp.r014.relation.0453	93a45d973783e6c03d8c51064325acb9234221c6918d8be753bdc866705686b1
ttp.r014.relation.0454	0205e96f186ee48516fce21825ea494cf22a8058127d7c128b735705bab8473b
ttp.r014.relation.0455	5cb2554d4f72e84fe36a8396c294b494d3328c36ea2879aff716d0a5a2e524a4
ttp.r014.relation.0456	15c5af8939f833ce17301e99a252c177c6985f73a3132bed02c2b9d8987e01ad
ttp.r014.relation.0457	3a9200bb5f55110876b8f3a1e69e2e3cc9437952f9995f24e9962b681e3cde6d
ttp.r014.relation.0458	d7da174256ed20beb8435ce475e73c6edc4f3c3484a6b414d52485b15637f4c8
ttp.r014.relation.0459	c7ba5238de516ddf6ec7965e6041ec59fa45488aed5c39cbb4143017a307c770
ttp.r014.relation.0460	8b90b96fa786a5b785508feae573adf92f52646fccd3bc6a6c842c75297b204a
ttp.r014.relation.0461	1e2f10b6ee1a665f28eefd5b224e17b3b9b440a80d7cd60eef31915b47b22283
ttp.r014.relation.0462	c78a1c620de2ffd980a4c5f74f29a0663f7cb0cf0830a2f6f3220ce3eb4c9ef6
ttp.r014.relation.0463	47d3c5704f3f21b90c9707871900c9e37f070c4b88cd2415e3d6b9b4b89121a3
ttp.r014.relation.0464	0fb0ff4120b2741e8051f99ef9fd9b612c020cea09e159dc6e06c1f40b800ec4
ttp.r014.relation.0465	857162b47af50b9d3e3558e4a0e45ecbf65a3a222c7ad263851575d36c827456
ttp.r014.relation.0466	70b125f5609c60510f7e3eafcc95c6e4c948cd58209ab02561003efd96f84a34
ttp.r014.relation.0467	688112d516e290127ed714240174debe9262ef48ccf0eb7f7f6e9d4d222cace0
ttp.r014.relation.0468	00e0f5e8a3fc30adbd8e751d6d698a15332bebbf5c199835819aeae1c0738c8f
ttp.r014.relation.0469	3488a86916492ba8b91501c561d4091de6a9d4b9921bc7d3bad6f48fd0bf733d
ttp.r014.relation.0470	71b8be70afc93c98b1a13a888a2f246bfae7394dc8e659d85b08144070b4076c
ttp.r014.relation.0471	f0c509c50fdecba895e0f2e57f48eb3a8b00dd1ad9a8aface69a9f0c647906c9
ttp.r014.relation.0472	8a589a46e868006d4b00f9f467a4a08a36c5de6bfb7b7e7a28d30b4e5e26966f
ttp.r014.relation.0473	29c91b06380fa9b1c458231fae64e314e6ab95aff31c01526de0c28fe8309f31
ttp.r014.relation.0474	f8a986f50977f5cd4b643825b708c8aa7d9f876b5dcb41a62d51d0b4615dce47
ttp.r014.relation.0475	647b0bafcb8a460a0263b781e0a679e3d853843e08d8130dda51edccb5ea57ea
ttp.r014.relation.0476	53b2f0bd9d683da6de9b96163947210f6c536745a167625f52c897420fc272a1
ttp.r014.relation.0477	66c1329da58e1245abc7751c60ed501319b805c9dc5028127c107b4d760776f7
ttp.r014.relation.0478	ab34601714899d947105cb08a43c2b388439e3cb570b66d5f7cad4a2e1cd01fb
ttp.r014.relation.0479	fc59553ffde1d89344e347da7b5db528dc0f9b94123e6fa83dc5bc1f37755716
ttp.r014.relation.0480	529e6f1d589448bb7d1c6f25e6718f27a8a4315339b32c614a3a13cdb53ed728
ttp.r014.relation.0481	4d337ec425f32712da825329b7af5f9fe4d107277641beda26cf0af88695f04e
ttp.r014.relation.0482	e656c07020e8136a39db75248742db38ff57d73b0679bffde80ac7d3e4bd4657
ttp.r014.relation.0483	3e1d321beb07df90aee209c59aa105abeeefe704c5422172f10c5e4bdccb8174
ttp.r014.relation.0484	ac0ad6260094302a71ea18684220797adb268b421e807b2e628b100ce1e76cb9
ttp.r014.relation.0485	2961810bd9c0b3442adffb61859d1c52fc5344a384077bd6fa9a360601c25961
ttp.r014.relation.0486	3562cc9e8e3fc2998b221a0bbe3fb24cdc197ae87ccc17891c286ee15872e0cd
ttp.r014.relation.0487	bf50267a1e6bd7701cfcb726cbfc3327047021a279604286867f4b6da1d89d38
ttp.r014.relation.0488	9d1298cf21e4031d6810b076816c264c07d204f0de92534d23ec01cf93e73f9a
ttp.r014.relation.0489	5c8a8bf253abb01c799937dc16fc9f33debea0aa6d5f24a22c8de67043f31339
ttp.r014.relation.0490	16b518dd20cde6391001068168ef0378f289006d378548641d571fa97961fe07
ttp.r014.relation.0491	ee623aca44bfc63f651edcc2bc1b503c297531ac34584adb3379e551f26823c8
ttp.r014.relation.0492	3a1e0484575a04d921718648b663947356623208f015128254f51f50a0dedb23
ttp.r014.relation.0493	749cf697ec102fbb652bad398df88dd902787df3bf923a63af548d58ff032116
ttp.r014.relation.0494	59f054a32cfa1ca64b582fab39efbc7ff53b1ce74a3cf78e288b45989db4aab9
ttp.r014.relation.0495	e44202dddc5b0c7ab1740d758dc75ab9381777dc6ec5dbd458e0936101689a43
ttp.r014.relation.0496	daa843968840ffe16de136728317e741cc5459a52e71e39f095ee0b317e8832e
ttp.r014.relation.0497	33dcba5feb50e35ced3f31a4653d23287bfe8f7da38f34416380e0d4ee7abad6
ttp.r014.relation.0498	d7902b5f4774b8b43b4c158c2ba384547a838da3f488e6ab300a7d3bcd311961
ttp.r014.relation.0499	deabb32a2f188b3980fd456bd13559a568819b4275166b44e36598cc1c6d4da3
ttp.r014.relation.0500	bd28f59bcb469558614e5889b7901b5f87f552a11f428af20bb59d0236564aef
ttp.r014.relation.0501	f8670689d5ce629d118c1e2464bcb7cfcbbfb1297fd64f139615cd7be161f64b
ttp.r014.relation.0502	267dc7d9da145dd14cb4798bfb6bd1fd342a43f7c8b7fc321670cf055cf8d4bc
ttp.r014.relation.0503	0c499f01afd91a4873f9e158a9270446bd34d20ccee1194842d954f12f68ae04
ttp.r014.relation.0504	2b45767e4be10c37c755151bba1ffea3c9c9a9656d94ff99d4109c374604c8b8
ttp.r014.relation.0505	fd2d003ef5d204ecf77843d85d93210146b7b237273b3282f9e897a98461ea3a
ttp.r014.relation.0506	492aa1d2733ba50fadfede54b98ec190a1981429bf8f334494ec3079df6b05ee
ttp.r014.relation.0507	8a410d0bff36af9411431d81ae6dda5049cad340e302db2a3fe5d42dd7133975
ttp.r014.relation.0508	1c4e5a6ea8354d02e741d4b9be5a6951a0ac53b7f25ba1c6d8a3a6247cb15f2e
ttp.r014.relation.0509	b69f126324ba2c8251943809d34a09365e4daafad2ee9eb6c8271c24473e222e
ttp.r014.relation.0510	8b30422c9df679c8cc555253745a094dafea9e8f3e429418f7664053faa89f1a
ttp.r014.relation.0511	96ffdc97ff327f590300d0abd0a322070a42d692c8c85373fa337d16af164c25
ttp.r014.relation.0512	dc70d90b545ff3edd73c29c03451d2f07a42836b60dcebcde7f4941d58c506e7
ttp.r014.relation.0513	7d09ae29ea85825abaf714dcc784666152f7c01bb9b1d23a9a8403b5ffc07343
ttp.r014.relation.0514	4d6a38f26a31fc2d50c2cd2aac991f00c89dc95b435c021e218173d00f934d21
ttp.r014.relation.0515	32853356314e5381e0266f12518a3a330527f04696e981c7fd6804af7b02f199
ttp.r014.relation.0516	aa05518b2fd0c7120977436752aca9f098067bc8aaea87bf13c33f32d0d575d2
ttp.r014.relation.0517	17ee1305232e46508956e1a0d8b35be181eb7d409acd2c1df84875bbd6825f69
ttp.r014.relation.0518	ad07ca6c8d4bf72d050999685bfd5651600fc8570331247f04d92e8f9eeded32
ttp.r014.relation.0519	943242ecb2831cc73feea5209d5c242003063a7c0ed2dc4f56ee18fcf252abdb
ttp.r014.relation.0520	a54fe3d813140a496b7a0c989393088489032ee020d4b6de4853256e1e9057e4
ttp.r014.relation.0521	d70c3d6f80b43b2f1655157d885707994920afedca43e0833a4e1c747973d3fa
ttp.r014.relation.0522	f34cc76106a26abd711dfe84b40318f70a4e49c225d088b40270487f8ff756b3
ttp.r014.relation.0523	92a7715cab5fc62546ee282f48931ce9c3b592e7708c4602bcde86d60547827a
ttp.r014.relation.0524	89cd90247be4d040204a1fcb5680f98444599a2e250955a7ebcdeebe658c6b72
ttp.r014.relation.0525	ed4649d383b16bf21b5688913249a222fb8c6fcacdceb9e560a075a553d9d5d4
ttp.r014.relation.0526	f395fcfed9a3578cdd0316994eca30050fd764e6d57be93ae7badc797f970d37
ttp.r014.relation.0527	aa38af9ae64d6ce310eb34bc3f5bd5654cfcf95269368d3d8d3a38431aae4209
ttp.r014.relation.0528	9bdef59abbb8dcb336cbd7f895a1abfd0c0a9f47ac5c348b07117d3eef821ce2
ttp.r014.relation.0529	bc8c4c223b9c5bbd50bf714e78efea14e6905e2e30261a1d1c61e33aedd36b44
ttp.r014.relation.0530	cc6a71418f5982532ffc9bf2a767ee3830cf90d68199338d7586f90714941d1d
ttp.r014.relation.0531	856ff8b2975c1bdf0754ebbb5bfb0b5fb1aed73190a4f47d19c967db1ba3c66b
ttp.r014.relation.0532	4a32ac3ab7e3fd85cdbad3b0587167cd1d8011e0ad5880e425867dc73da4ae12
ttp.r014.relation.0533	8e629c82afa6b8790cb73487db9a3faaccf5f014be3a3ce9c1eabc4d04a28fd1
ttp.r014.relation.0534	276d21b747e49d3c5297ddf661ec8e21b740510d81735f21b3aa9e597a983e9b
ttp.r014.relation.0535	fef8b841b6361006e1269cd1d610a5e17f203337740ae9bb897fb6f75017d480
ttp.r014.relation.0536	6bb557c8a7f3dca644528e146419063c1f4fa5a13b56d6908d986d3959134780
ttp.r014.relation.0537	56924e176dcae036f11b7c332b560ae041494b893d21d23863bb14d2e9e13e05
ttp.r014.relation.0538	da3f3c1df0a9f284af7a2b47b3c2938ca6e4ee6f7d3a465b9a4141786f1a2093
ttp.r014.relation.0539	b6524f534b894e0e02fc4ed0a2ce93ac533caad24013f44b903da003746a6443
ttp.r014.relation.0540	2ff5574c070115dfa98cb8e4c727c2574569c5a608198407d3108a70b1580808
ttp.r014.relation.0541	2298edb5e160828fee8bf01d8e3d3ae452ed5b6dafe0f218fc9b8bcd9397497e
ttp.r014.relation.0542	72f54926fcb4bc53862b7a1435fde91f8c48c5b60a65f84cb0e18be8223ab89f
ttp.r014.relation.0543	37c6836fb6d9e0ab5a770672e14f38e411ce4290dd78fdb07b2a4ffe511f7941
ttp.r014.relation.0544	7be94f07e76f60d76ab8a8e728b9669367087b1b1b1a2e162c373470162defe2
ttp.r014.relation.0545	63ead48f34436925078d3c3b4d06d8d694f8c6ee0d12f5815574c1afcb5fcae9
ttp.r014.relation.0546	87a7c228acfeea702cd844a8644d096795c55dcf6dc518ebfe9fa9e9a460c589
ttp.r014.relation.0547	a66bd2f874d746ee078051ec982fcac6ac174003489bd61731aa938dbc3083a2
ttp.r014.relation.0548	6f61ed93c67e5b06454af4ba59333a87eeca7311fc3956bca4ea08256377973a
ttp.r014.relation.0549	d86154df840a26d60f082eb69d51055039ed7a37c7e5b52be66ea43ef46046ae
ttp.r014.relation.0550	c37a86b5cec53e0ff71370e46d742c8360da620d8bb3e36342103a59fe80d3a9
ttp.r014.relation.0551	1a5abda978f226deca3110679c92dfbc78069aabe78ecc437a4c70720d7ee4d3
ttp.r014.relation.0552	1996825de9e76558c5e7338d721ec1e85e0d5697d295498d19157fb8433ee8dc
ttp.r014.relation.0553	cb6034fb8dedf5d058891e081a32493c0b46389f1e800424fb7e12165f8a8511
ttp.r014.relation.0554	26602616d6ec8a2cab686bb8b9cc9983ba42b549d9bc59148bed8597ab85c3d1
ttp.r014.relation.0555	255aefd38499f3c23d325666f55be8941a444c4e2ee7fb88437d2a458e56126e
ttp.r014.relation.0556	82da999f2875f704d16a594fbaa679ddb9a9be6b99cdb34d1c6aa0ccb4a56a2a
ttp.r014.relation.0557	6e4ccec4a12f686c224ccfc35b73e02847097eb701eeb7feec9cb5d83c5d0a98
ttp.r014.relation.0558	c4e4445e31a8e8b409a3b594a57284cb649f6dc2c557c7750a4b22200a9d3742
ttp.r014.relation.0559	d4287a0d19712b1746614537358f52cfabfcd7a51a136c5f9b867746d107bff6
ttp.r014.relation.0560	65e8ba732374c0e5291d8101cde6c3bef869bf10904917ab8c91661604b6b4d8
ttp.r014.relation.0561	f93c2424ebf05060241252ff3bc028ce24ad0bc643f00d4732ee365083ad4ddf
ttp.r014.relation.0562	440305d35fb9d971298f7532bbc8eeaf7299855096a7d3e8ec58eacb5bd60ebc
ttp.r014.relation.0563	1a87a235d91399e356e9048858c32c640c49f0d82267b94ea6d1a5bc039db1a8
ttp.r014.relation.0564	1d0f20b159e19f192bfdb3573202cd681728536290cb7b80971a2d2355920809
ttp.r014.relation.0565	ea99e65bf62798b13dcfa05597f2bc94e82f1b6c046c9b8fd7be6e2cb5c22a66
ttp.r014.relation.0566	fa6db8f388dcc8760e639f08fde20065a9af45db5eba4152c8c5a63cb6f810b9
ttp.r014.relation.0567	1827878f1021532ab9fb3514d52599a002d63578220b8b57800b0f3c303f2a3c
ttp.r014.relation.0568	959f54d1f3ffb11d362e80f54722205aebd88d5cd49e33930b7d72a731390d53
ttp.r014.relation.0569	f1800d01b3d1060766fe16bf9d5bf66e4b464ccc315fb3a46e45aabd2d6ba1d4
ttp.r014.relation.0570	951dbdd3b3d63238b2b43f6572fd5234520255622f095c310c03fc63fc115107
ttp.r014.relation.0571	0e3c6fe23cf368cfb5e4e6ab42c3451cc8ed8f2e432abfd1afdbd757b738a672
ttp.r014.relation.0572	7f2f5479edac0613baf31ed37aae517e2f214e89a391fb684721f0005503a64d
ttp.r014.relation.0573	24c8a0627fc2bb0b6bb8b8a515bb8881d42b0ff6dc6b3da994218eeb4a120017
ttp.r014.relation.0574	5c161e0c39796255005d9acfe383390ef014a447fb40f1a3f6f0115d1a456d82
ttp.r014.relation.0575	aceffa2cf06650d02624f058eebd322ac7286e3427ccedb60f7a0619a4a10d57
ttp.r014.relation.0576	0502f450d7d7cb36ea2c0f1b7afc6c3619cfe9cc28f534bbff22fae64b691c7a
ttp.r014.relation.0577	e6e8c9c7275530291a739858f7b2642127ccb8376037b7b9dcdd7c4151260d52
ttp.r014.relation.0578	ca0309f3a052e40492f2820fdd212052dae459fcfb0415082b34d02e2c6a194b
ttp.r014.relation.0579	3efdd12d62f66c765bc408a5aa45d207590b4d3f5a6ee7725f343e74ae33dd04
ttp.r014.relation.0580	8ad99e11767cd91e6394f69a1cdaed9710b1931b9b66877a6bd37ef495ddd4c5
ttp.r014.relation.0581	115413142eec8bb0c284e494c2ea9945bb331232a570c80405bf9bc6a62b4087
ttp.r014.relation.0582	3cf8d6afa1bacb734ee647d842850fdedb2b7011bd931f43f94c068a21fb2c67
ttp.r014.relation.0583	5d77418a1dbfbf4e94f3f53c050d2fe0de3607a2fda6de2d8cef9ff7d9ddc754
ttp.r014.relation.0584	7288b72f598dcd4a0206cd59d2b4e9e7164679f583ec53b8d0e7218befd4cdcf
ttp.r014.relation.0585	4d0921ddfc9907174a3ec3d79b9d0cf36d919a96749a19d11f577ae5f94d7b87
ttp.r014.relation.0586	4eeb15b1d854c9b3214021e24f7f576e94e082dc71e0982f96c069fd905a6948
ttp.r014.relation.0587	9d2b3c6497b0adb741ec90dac9c39f5a4c2d73a6cf64b7d729a3a59bac73df5f
ttp.r014.relation.0588	a5a22e85ae58eb07ac4c00267f5a6f4b7e5395a901e21ce278e3ed9d9a16fbc4
ttp.r014.relation.0589	89d6bbce9319f86fe63bb751a3657a946c03af72ca7f7f324376ae1c69af220e
ttp.r014.relation.0590	04a880b51d22133dda59f104a2739b599057b380508fed1523df25554cf78753
ttp.r014.relation.0591	1beb1832bba7163c58a8e5324a007eb23f04ab3129f54f74aebbed98c91fb1c8
ttp.r014.relation.0592	ee0bbbee328cfda291e87adbb1e29a4f79990f6dff3fc4c28184c1fb7eeca965
ttp.r014.relation.0593	cf56c72168776fc24357e3debb5fb990d5041ae6344d8897236224cbe816b4eb
ttp.r014.relation.0594	8c7834e254f63ea13f0987e4b04ce59f67bad29543a915e7889df37a4f959464
ttp.r014.relation.0595	bf328fad473871e153daa368f6f501f7224f8630f07a597bdd885bce2a0093af
ttp.r014.relation.0596	d77853e9d2faa1da04f4f7f762bf3486943a53b71638bf8d7222ecac9c60381d
ttp.r014.relation.0597	75e9f18dbe8630612d134a76f79c12c949ae8fe381735b11707005406e75880a
ttp.r014.relation.0598	f201f89f3847a786e5805267d346a4f83756edfac7645f21b7ee1b660a2bcd80
ttp.r014.relation.0599	d3fb0d3838bf8d4de720f396373fd1bebd642131c28f79e767207300843819df
ttp.r014.relation.0600	70dfd3405a8f9e621a6d5eadc1750a4d5d46c59477d45bad0fe17c9e8ca42f91
ttp.r014.relation.0601	1c8e6fec351de36a8d7f48cfc4c0ef515c9a0f1ad291bad2b181e0a63b8c98be
ttp.r014.relation.0602	b85a5930ce2d5a61b8b4c69254be5d29b413b56d1df665f0ec2f91156c2a4c71
ttp.r014.relation.0603	5e51de892c641ed28370ec47d34a7a402c58f45789081b3212482af4f6808b2f
ttp.r014.relation.0604	bf53926c69b79fb21410560acb92c81a2d6139fbfe73ef88f36d19dd6cbf4c80
ttp.r014.relation.0605	c3eebb6b199135548c26722cb4671b2ac82ba0137940e78f6c7b35dc72819dd0
ttp.r014.relation.0606	eb1b1fe25661badc1315c8c876d14f7fc794a6013003e0559efb693e00bbb926
ttp.r014.relation.0607	6c617f7ee12065156f2a405bcc2d1519e5e18a0ef8c70ecc1bce91a6db649e7f
ttp.r014.relation.0608	37be46093cd4eb3f0ee97e4b3e4b093afa169def495d5c31c7558ce940c65f5a
ttp.r014.relation.0609	63a1b300851a2831de6aadb8c85716e27638a00ad9d817431e9538f90871a592
ttp.r014.relation.0610	5c7a4f1dd21244f730596eb9978884d099718f031ac6197237f6784fbb3cb8f9
ttp.r014.relation.0611	51a0961e312ac07e9d457a324230d6ab40837b6ea8820aeba3942f64b1e3785b
ttp.r014.relation.0612	d198dcca2d0f08ad6c8ab0f460ceb90f1df105a1cde4b41af3c06e4762b8613b
ttp.r014.relation.0613	c6dc31b3cd288431b2ada6466edcf34278eda0b40a60eab98d1d5a15e9c565b2
ttp.r014.relation.0614	a7b1f0ed2ce8c5bfd36a2df166d82a8f70897d6d16c932a9d57983c54f0c1974
ttp.r014.relation.0615	c5ec3d2b76398649ec8a5c3f3b61653bbcb5e9f422bcb3da95ad79c157fb00f2
ttp.r014.relation.0616	a7c908d20c50198ca16fdbd4f5de03047c86bfdf62c96dfe299c77bd139d5534
ttp.r014.relation.0617	9a401f83e439bddfc1337aa43cd860a21bdbbc12ab05a9a56441eca5a2e4e9d8
ttp.r014.relation.0618	bd5ffb21ffbe4882c04e786fb7ca51e8b251658282ee2b983eee29dc4d300f8e
ttp.r014.relation.0619	417af5ebc79065719d8d7aecd412e0bbfe6f639adc566010350687929800f8f4
ttp.r014.relation.0620	51a364de1e8d0161631a9d4f383bc95945d1b57201f8791d122d34eb3de63a81
ttp.r014.relation.0621	7eb7db85d2eebae029ce9252ce82e71a8419d2d337fe459ecacf15f50dd3efc5
ttp.r014.relation.0622	355d8fdaafbbe340554540abc1e9a6c951390a722fa1a29f6f290eb6c05a840c
ttp.r014.relation.0623	e4351a41842606123bf875e0a7f1d09d7789ccdeb4b1e632ceb8c7ca920a84e1
ttp.r014.relation.0624	68ea0b28658652b8474e96da09da307e733980372cb82823e0fe3a7022a13e0b
ttp.r014.relation.0625	c03bf8cd8bb7b291fca9decd77ad53cca508658853eb26af153945dcd10911e4
ttp.r014.relation.0626	ff38e68f436a889f0827de660a63a53058062c65d257e0685393824da7f5187a
ttp.r014.relation.0627	f9e43609d383c53a23de8875673bda0cbece65af487596172a14595ec81721a9
ttp.r014.relation.0628	0fd25e4c3247a3cbff2b155efe5780dab48a347b1c6a4715348777112a94660c
ttp.r014.relation.0629	0853bea4925ffc9a15f438b369ce9e5bc8d4f5795897cc293254e691eb642b6f
ttp.r014.relation.0630	fb612e8029afa4ed45af2aa3b428eb312a5193bc266a94215b435b539ada7d3d
ttp.r014.relation.0631	a8e902d973cb8cbedd7046f2ab27a9efba4655e3f4ab48de8e2dc880b929e3b5
ttp.r014.relation.0632	268d4d411e14e5caaae7ffef40b89ce750233833999258b07b15ead2dc92fe20
ttp.r014.relation.0633	ae6843168c8279d737698a050782185cd6651e77f3c2cba9faccea99997d98d3
ttp.r014.relation.0634	ccc1a1a460cd4cb1bbaada9f4c476280410cd755f7930e1b82b70ea5298e096f
ttp.r014.relation.0635	dc98c4c52d058ed715c96a0f6da9a5d2edbd40e34adfd30fb89c63a85f44e9eb
ttp.r014.relation.0636	d3272656676c15a17d83efac10f76dfe760df00f3dbdc07eda31fc9c8acad3a3
ttp.r014.relation.0637	0f72360ae22fedb799eaa405767ca2c5977a06081e69eb6cca1146bb49994ae7
ttp.r014.relation.0638	4bfbdecb77f0f8c3a4c85c6ae19ae6b2915848b679be76d36a0f6e90c1a2673a
ttp.r014.relation.0639	49ba2adfee44b0b56679cc477681f0963a8614e23211d6e1b4b7888a4478c3d7
ttp.r014.relation.0640	ecf2ffac2b230ad4856efd64ab2039bd5b000987bba8da1b362fc556cf6a224d
ttp.r014.relation.0641	a8c6d5ada96190a71f7458517bc76029c64eb0c4b715b652664758973075ab3a
ttp.r014.relation.0642	f1c486bd649c68df54e5e5c6c60ae3bf704eaddd5321240c86ad6a679db403d3
ttp.r014.relation.0643	e48e4edc929ff40e7ee7d9e99aaa5c83277fe8b71104b1bb05785008a4dafcb1
ttp.r014.relation.0644	c981ff3f2678085b19110cd1f773b01076d9a6cc8ed4893b61f3406697d9005b
ttp.r014.relation.0645	872c52e6655e4a4ae4526a9264492ba27ecd85ed176f5875d380d78549071ffb
ttp.r014.relation.0646	90e2ba8636523f80bbcdb48bff6968f4ab4ddb6263188c365f6c99dd05c544b4
ttp.r014.relation.0647	c4bcbb526dd262cc8b1500edf8d0308c1f30647a2dc37fd4b8b7fa94afeb1fca
ttp.r014.relation.0648	7370e0c42117381f86e1f0e82a17d9d49466ed98da92453461a10b45655dc65d
ttp.r014.relation.0649	80da96777e7b66f45a0e56773efe12aabe0d72940fcaf09e065072e6f0f722dc
ttp.r014.relation.0650	562a375b72b07ec4a8cf4ffe6f42ef9e2a87feeeafc42fe8b5b5fce3b76b36aa
ttp.r014.relation.0651	8d7e2d38c14abbc6e16d5363416619e2795e36fd33aa37395904c2b52209529f
ttp.r014.relation.0652	439b8da5da1ea07ec1eb3ecb40eeee8abc41c367229c0488de5462c3c73b46b5
ttp.r014.relation.0653	e3fba179ca9c965414fd34d80858ae9bb8cf7dedccc411efe67e1549de496507
ttp.r014.relation.0654	c55d707c9d7b540e1333a28f2d77f41448501171b68b9f513bc90f40e5f9af24
ttp.r014.relation.0655	06fcb64f61e2694ebb8d7a8dad37cae1c6ba5843df3d3d3afa88aa69090119f4
ttp.r014.relation.0656	c8e3f651fe17a20fc29ff273c9e17be82910770567356de2b554f88ec09b8c2d
ttp.r014.relation.0657	0e3507a9656c7c47d9163c0d169558dac770d1619ee14da5b493d2b28b2e622a
ttp.r014.relation.0658	bef35f4818a475db1a68393fc82acc4383b75da0068ce3527f0e9e4d569f3439
ttp.r014.relation.0659	3ddebe1d8ed114b1f40b7bc17264b8d75b8d0d21939a0bbabf819aea028631d4
ttp.r014.relation.0660	a45fa49a3aceb3288348cfda30cdb0700486edcbe7cdf8372c742b9598940ccf
ttp.r014.relation.0661	80f324996c0279da89772964dd8819570dd672352f1fe2e9a2f6cd5e1d9b2753
ttp.r014.relation.0662	aac7ce03df327d94c82b073aee32aba47e5589e74de35e4d4337cc8a005e1456
ttp.r014.relation.0663	dd9e6e9b66a82fbbca4a9c70e634a29c4982e00c8eb1cad89fb95745f0b8335c
ttp.r014.relation.0664	ad2de13871e05f03418c06c9d107581d4ba084a833d1bd3719473bdc33605853
ttp.r014.relation.0665	52f775cd40045dbf7da5a3e97860e0ee69b9b648c7756253e21c284d69898663
ttp.r014.relation.0666	877c75cd6613b7084497851ea815a0037eeeb8cfea54e451abee279d3399a551
ttp.r014.relation.0667	58fff2faa1c3c582611ea2c4b2ef7734b20046fc9d99d7e39bf64375305a7c91
ttp.r014.relation.0668	1db88af5035614611a0f3ddd8c0568ac50f219f87efa8ff9370a7ae35eedf63e
ttp.r014.relation.0669	20ae884ec2b1a91d4663c31cb8bedfc7c18f3b6fa3df95276b4651bc4f156ffb
ttp.r014.relation.0670	9f7f1b9eaf48a89ca74af8f954aa9f2eb09bbb9b0f6dffd4cb12bfdb844b4019
ttp.r014.relation.0671	c3e356ddebf64496b3dba0c807e55b4dc78397b6ddf08fb07a1225893bcac5f5
ttp.r014.relation.0672	4c7b8d8ce72beae3a755122e8880c24ba0d2927cb7e696bd46bd6c93b81e0df1
ttp.r014.relation.0673	d0e36b3f4912b909716c4e1d4a107530f581a7607c23f8d271822a7b105bc0bf
ttp.r014.relation.0674	6c31076c8342944fdd687f8cff1994f9873dfd5527f882bf2fd7891545dc34eb
ttp.r014.relation.0675	03897a9a87ca9446f6e0b9f2f50c30d86f72288da1600b90fd1bef8e70876d2d
ttp.r014.relation.0676	b67518200dd7db451cfa46f0ad59037f61c2ac033c9f72ab701b42ab4e4fcfdc
ttp.r014.relation.0677	7ab666600e55bdc8c8156a614ab2f126ddf826d4246f6b401f3b002997c2c178
ttp.r014.relation.0678	9dc33297abe33ca09f6bf3e53c42da327f6fc3119ec7ef28abadef6f64112904
ttp.r014.relation.0679	13b4f7b797cbc558ad984a4fb319650bed20c7e57d0adb318dc7df24f3417d37
ttp.r014.relation.0680	767d32bc3f46350c51c83aea68f95e4d1e2c24f41856f92681d1acbfb2fb71ba
ttp.r014.relation.0681	76ed5e22afb14b687f2be854b0f189d602e4b51fc43f1fdbd67f9f2cd90007e5
ttp.r014.relation.0682	5742e5c608af4439f9a61c1aab6c3d0952041f28aba4a408e214dd85f70bd71f
ttp.r014.relation.0683	c7d17e475352c5d2a5a88b7fc48470c664156f844ce8f85cc704bf4df0bbcf93
ttp.r014.relation.0684	d6f9670c3be3e69e10e6b65b766c76874be3b74bc70e2b8a1d75f66d513d25ea
ttp.r014.relation.0685	906d271b5d31897fa67a764b596fedabd5fa8c177a511a85f9111157f95df703
ttp.r014.relation.0686	68cc4bb1d4704dd8b82cbe1cf44bae81baea3c0cbd858498530bd932d43c9ca7
ttp.r014.relation.0687	d967e61064e9e36775ee3adc9386c36681cd71325d114f21f873137630cb1953
ttp.r014.relation.0688	341ff6879cfb4c002ef094d8fdb63dca41e3c459dc6f3fec85ccd71afacb8485
ttp.r014.relation.0689	87e4b79e1edfee5157134e789bbfb0de49854ab8eb34a25ee6e2b8d4dac058b9
ttp.r014.relation.0690	bab3e2a1095011155fbbf749e6b7693ee5a4487dd9bb3521813c7bd61db87bfd
ttp.r014.relation.0691	50ba8a847a24263d1cd3eb5c3474cc33e42daaceb99efe3278b4fe41b5936f84
ttp.r014.relation.0692	181b8847944292647c2160cea6623e57e1e23099b2f70dd2765d1aaadb2eedad
ttp.r014.relation.0693	0c0bf8243dcbde4ad8d0ba91304f0e78f035fa3ed3de0a4c92969728f389ea6b
ttp.r014.relation.0694	9b18456ca5454c9e475c52282794b3bfad802ca57c2b468e1f5c519a42dfec7f
ttp.r014.relation.0695	58e7a2f1e11deb0efbd567f4fe908c94361f8cfb6ef44b8ca872b213058adbc5
ttp.r014.relation.0696	29e42248d56f47f9839637eb7f93898eb37eebdc30d83ebabd233e60c825f682
ttp.r014.relation.0697	5c94d8e4a3c1f92d1111a29007093882e09aa41c6c10c38b7d3c7e74479693c6
ttp.r014.relation.0698	f0dd7b7dd6687afedf351c9373aed58319069edc6a36d893b62660af19a1f142
ttp.r014.relation.0699	2e72814fab4eef27d942eadeb36eb2c39eff3c7d06bb5cb052825a3e36fe3d42
ttp.r014.relation.0700	39a60a9b278c020fa3026cfdb375172b189077b1b64e33e7500d7ce93d159e29
ttp.r014.relation.0701	3cacf84f355bf83a91919af532f0263c27da5ae0de6bfc556177e53b039b019b
ttp.r014.relation.0702	befb73dfcce58d3cd0a725e2af15ece470585e6e7e544fb6632a6d4c7091b0ef
ttp.r014.relation.0703	704b43d84c4071b4e1b98d32ba9586ba1a93eef94a5ba64f4b09aac9c8f1a1ba
ttp.r014.relation.0704	1a29017101fdd902c6f95739867c0b63a2f40177db18494d4eca3245e8043319
ttp.r014.relation.0705	05b20f2df5e136d30a4525cbae7fc1698560b0c3b135f556429a441b226b211f
ttp.r014.relation.0706	c3e3e959faef7a010e60687a074eac1501ee1b8a9d13e3c001f85611696add3f
ttp.r014.relation.0707	801fffc35af6388d83b7e87b0ac38ee20092bee33acd3c2af49e791f4f905473
ttp.r014.relation.0708	cef63e96d4a95c7a2613f08fc27b532ac05e3fb156204040ccf79e139e9f1aa5
ttp.r014.relation.0709	d590a4984ced10f918c388e7ccc7a8fec9d148bcf47c032de793ed909dbbbeb8
ttp.r014.relation.0710	03c04426512d64bf608a16478dcecafcde7b5ef4c25d4cbffcffccffe5439410
ttp.r014.relation.0711	0fbae9bb789ed45ad5f5c348025e32cc4ea00eb06c15b55c35bb65f2f71a878f
ttp.r014.relation.0712	0fa7263e76efdc8410867aeea84c1f27b941d952c8cd4eea5ed351bd81092da2
ttp.r014.relation.0713	40503c0cb4253e51b125b290e8cf965b09d32d1e981be71f31a93ad86493e704
ttp.r014.relation.0714	2fa7e73509404c2fc5cba92e5d5f82063cabea58e8fd75552f3b0add7ee50a1e
ttp.r014.relation.0715	74e9fdc04f025e7c14d69b9414870fc8c90ff3ebf6d7c710458cdfba59230845
ttp.r014.relation.0716	d7e270357a0d4e09dea64b92c8c980840e113ccd6410dbb217ecaba09992d5a9
ttp.r014.relation.0717	47e2f339d007516f8f4ebff69444c921388ec4888ce3023c10b8b3de5d9187f9
ttp.r014.relation.0718	0f69620560f3b49538eef66d31c33adf26fe9b9e03b3d9952ebb716d3a1e6a5c
ttp.r014.relation.0719	cc159958e7dec6b83fd9726ea7136589a81ce089eb40dcb5dc7bfa831309df3b
ttp.r014.relation.0720	fd61bdc3ad3e6c46a5bcd6f7ce9e2dc7875c6978899375f99eee611369476b81
ttp.r014.relation.0721	47333a04cf9b647affb618a836f92cfdf231674041a723a05849b075ef4b8ffc
ttp.r014.relation.0722	e91f71363683af8bcd2dd0676fbb349c7670aa5cc664524623f6bdef3146cfca
ttp.r014.relation.0723	10cb7d2b36bd8a2b072edff3253df0d10b839f17f3d03eeeeeb161d469321611
ttp.r014.relation.0724	2522ce60fbb57714e2b57beec6a66df5adca1b7dd5b304cde83a6dc1aba66b21
ttp.r014.relation.0725	dcc1b138a039c2edd318ff915678134ed87184a8ad6bb80e3bb36eaaf257b42f
ttp.r014.relation.0726	205af8559c4bcb46883ae7cfcec1c70f7cb299d497e07baf30da545df9b78266
ttp.r014.relation.0727	69e9a9f8e7410f66ffd42873021282485489983863de38dc8cfcf85c0a831c3a
ttp.r014.relation.0728	d3c709800ff8c5f0f15ebf533a029e9732a536d73d644acaece91acaef54f5cd
ttp.r014.relation.0729	497be907b3fd6c35b1f685d703c6f0026ef21db8b9cd02c0c0309a0cda237844
ttp.r014.relation.0730	f4b611c7a379ade055d27997d736a02f9525aeba0d6f0111656437160694c578
ttp.r014.relation.0731	9df60f22d5673cc39045a2e3ae647a8ef0d091635b3397cd5b0261f4e50ac8c5
ttp.r014.relation.0732	4dad632cff78d701adda34d5ef50a81d03dc62d50750b45f6e4cd6db5d3ece09
ttp.r014.relation.0733	e7feca1d689d216496842221a1fc2bc4f3a4619f24e32a4a38756fc7cf6ceda6
ttp.r014.relation.0734	9919b67353fad3f1cdab07f9367092d82e532c604d9ec7be9db4b93236b9ee75
ttp.r014.relation.0735	8408b10aef700f269a2b2e6426736ac4e55746f4bdefcf085b23ab1c20827df4
ttp.r014.relation.0736	099641c1c46da6ce3d438b7b3bb0148f5f7149226970f6b0a0fb8b14cc9f1b2e
ttp.r014.relation.0737	77a4d87f1600152b66b4f1134ad54370ab019302789616e2ebeb2ce304931acd
ttp.r014.relation.0738	b63fd40b6818641c06ec9c383f140f3a4164fc623c29dbd5f05779f2907d266b
ttp.r014.relation.0739	819a257e0c56bc0cf88320fb0c93eb1d6fd98ad62a40037bc51994695a2f21db
ttp.r014.relation.0740	4a317bbb0d82fec44474579e91921a61635c05756af6c821ee80d4ddc49fcd0c
ttp.r014.relation.0741	a97b092215a00c381c687f11c246fe752644a1c6677c9ecce2bef93494468669
ttp.r014.relation.0742	a37e5525b1a9913c650fd7dfb631bf50671d827d07825c91e0fbe1ebb2046c0c
ttp.r014.relation.0743	5a30454bece9764e8d436f6abc910658a56f37f2c80f576b12bac70d41b0154c
ttp.r014.relation.0744	9ca42335995a0fc0e41c35fa4c8c3728c96c0db1651748e13e2fc213ba6d342d
ttp.r014.relation.0745	de8f74ba69a0d4f11e494e608a3dee7149c2083c2bc1721dbd9cff71323f3aa6
ttp.r014.relation.0746	48522b693db580218ce96816813c2e9f7d87d68cd8c60b8b4178bf602837e65a
ttp.r014.relation.0747	b939a6c28ad6a0c3acf3e8afe20a7dfce512d701529ab643f9e3f1988d4076c7
ttp.r014.relation.0748	7156854aa73d4991c90cbcc50620018a8e33882df134943640fb70f84eb83849
ttp.r014.relation.0749	4cf6ac0fc5b5edc137dbd82f8f6cfeb2f71632d6500a51b52400ca9d334e4244
ttp.r014.relation.0750	f16e16abf805880519af1d781e3fae5929b36451a53630b8dddec56ec1653f90
ttp.r014.relation.0751	d6b6ddbdab3a38ed7949050a959f3332cad8e1f3d109d8cf040af99c3d854e52
ttp.r014.relation.0752	baeba1ec8672638db9585cc98bf67cb43fda00335b75f27e78a9f3b2a87a06f3
ttp.r014.relation.0753	536758f8d7aa39d79922f678d5f6e9df75a8ba70c2b50083e9a0cdc8717b3a4e
ttp.r014.relation.0754	145994621bad8912c670f1478e40c14df9a7dc4f3fd3dc1fa3af011f7223100a
ttp.r014.relation.0755	b952a69f5cd28d8af32ea146e2bb813c810565f0ce35b35d3276a2cf14a63428
ttp.r014.relation.0756	38c9401d71e0f005d008545b7f89523f26b81fc7f94e3dd74d2236219aa0af2b
ttp.r014.relation.0757	57cdd2cca9d8d088069ea49894b4f56e259d1fb57ef86294e186c8b816132f2f
ttp.r014.relation.0758	0ec78126e00cce3ec67ddce8783bebdeffcb030dcc9d9b72eb0f4d8a7e27f285
ttp.r014.relation.0759	3416fcd39b496efbf59ba66cf57db01f35ad1b57b7ff4ac4e1c26787d6ce493a
ttp.r014.relation.0760	11d03168006cad4e82f4709d51d569c038e01dd7cdf685d1a5c4c0407fd40cf5
ttp.r014.relation.0761	bac317f4218209437535562cfeceda72f5774e77d597566b915d0f6e665eef33
ttp.r014.relation.0762	64fc7a451cbfbf41ae5f8d6c460b9a2201b64ec726855e33559a5fc914b40ae9
ttp.r014.relation.0763	ce86226f84dc0b7a0a2df451e3385611fba98079ffde2c2da0625237bed6d4b7
ttp.r014.relation.0764	6bf723093d4baeb6ab951fd51d1aa034ceccf1f7ec81eba9f8ccee7547ae5ae6
ttp.r014.relation.0765	f63bbe527b7e9ebcefd754db19ad511ac765f94cada564362f0c243adb8cdd0f
ttp.r014.relation.0766	b664f0bf390894888668be7af97ca7f7ec2b5b96ad24bfabc946bfdc1c223a88
ttp.r014.relation.0767	d3389d9cee02460fd5554d1adb62114e96884fc39b1051cc984df748a2c0943d
ttp.r014.relation.0768	f9addf7087b40fe8f3f2fba0ae5dd42e96f444ae39adb35668da4fe52d8d8194
ttp.r014.relation.0769	7ee7275d13cb2f8ac924a7913157b7033247b87066c34ab93eb41521c7c7d0a8
ttp.r014.relation.0770	82ae25754eec081a1688db2d138e6bc397d2486832b72afdee6baa33a0835e35
ttp.r014.relation.0771	1362ff61957674413f1b70c50e045f9af9c0233cd2b62de29808823b34fe9ed7
ttp.r014.relation.0772	32949a9fc9d7e1d126c3fe0336afb43413943895f0d4f744e1bae7ece62610ff
ttp.r014.relation.0773	e269262f9c368bb2b7717b9c7f66a7363480f4c554a034ec3ffba4041488a3ea
ttp.r014.relation.0774	84516cc87cc84f58f2e7e6838ea1d6d86955966ee17018ad48e894c6bbe68ff1
ttp.r014.relation.0775	3d4031dff03c8326147e66344ebc81b46e62d43130bd5797b79569a5007954b6
ttp.r014.relation.0776	df78416a255ef5d089f93133e747ca9aff05437b4551af44d6959474d5750d8d
ttp.r014.relation.0777	ee6081684fbc2c3917ea2c1601a498335eafeb55397f24e8faef06621cd2b034
ttp.r014.relation.0778	ead6c019d0af43dcb4773a98227ecb3fb6e95e55fc1fb0b9ad2640a548e1b686
ttp.r014.relation.0779	f8e8dc7645ae31af7e70a8add61c247dbb6973e66b285dfb2a6708f9f2db40f4
ttp.r014.relation.0780	42b08381e2f50e7e337a9d39ab9ae6dc58c32183bd4367a31d58418fc31d51d9
ttp.r014.relation.0781	f83c6d097c4ba2c67cb91bbce3cc30621068cade5e46087e51f52e03d00efdd0
ttp.r014.relation.0782	7ff7f428b88ac6a204ede414b4882671a03f8ccdfd47d85cc93ff2ae3b75c731
ttp.r014.relation.0783	c49aa47d4a99481315fa2870702ffcb09445faa83dc504870e76b74ea9c7fc80
ttp.r014.relation.0784	7e0ef6ff94ab6de8c15d40dac9cffb0cd398de080281afc374cf5285f7ce9e23
ttp.r014.relation.0785	794ac423419608c46a2a5c14ca956a786c3387bf3d2a6ad44c8c2e4bb0a440b1
ttp.r014.relation.0786	2287f4d0fcc9b41c5e459236c40854264374914489e440f5f6724c29fdb35b95
ttp.r014.relation.0787	746d710685d24bbc7536325c36eba7f6a14bed935c8e9beeaeddee594daf9d25
ttp.r014.relation.0788	d3b120692946d76dc3884198ec95d0024460598bb919a9176635ed61f463bae5
ttp.r014.relation.0789	6ff151d91daba99adeb3a5e6c6768cfab287947032a3b4e68f33be1cf2d003e2
ttp.r014.relation.0790	bf60dad4908feba796a68cc91f4fd5e232fc4445b5dbeb0659b61b15b49da297
ttp.r014.relation.0791	5242a34b9fe137843a92e3737cccac3ba9e7eef65f2f7a194d0138646f94772b
ttp.r014.relation.0792	6eb911a2b1ecbda0270b31ac835e8a769d9b4f95b0f4d0937b8b6bcc131f8571
ttp.r014.relation.0793	5f230286a8a5df32f51e0339e7ccc5cbda7106a2b3d30b1ccbe8b9b6bdc30bfb
ttp.r014.relation.0794	bf2baeed782d7e34f20a76064c864b966099d297ae34d8e9b161ad8b3ba59aeb
ttp.r014.relation.0795	04eaa658f7c0e64d051de7eb2f57ec1b99628ff89759df505541640e8c8c98e2
ttp.r014.relation.0796	e5e6a1576ac1428aed1f8e74298df88ba256f4e62633961d55585e1b2858c856
ttp.r014.relation.0797	1b344523314bdd17ca750d44c175b3859165cae64f5a857bb05f1900644f69a9
ttp.r014.relation.0798	bea1ce9b940b3b8dd8e92218299c1860e21ba540fbc697cfe033ad950fa98246
ttp.r014.relation.0799	02a2e8c10fe2e98dd2a280cd944824f24c077050c4fcf4b9497fb50449846f82
ttp.r014.relation.0800	e09c38a29ea8c156fb4eccce8f57558e679d3843541456ef6dc2b2306b74c054
ttp.r014.relation.0801	bc82402405d43f4b7624e6fcbd468bc9ab181d91529b9d13a93cb9a5d2787f6b
ttp.r014.relation.0802	53bbaa677f1d15ef0e7ad82575a8b80c2288c2ef6651b930c6af4434902aed9f
ttp.r014.relation.0803	64259f382a3056ba6f281cef7a408d8ec0e64c01af83b97bcac25b6fbc4907ed
ttp.r014.relation.0804	612607562924e57b410d412958b1b963ddcb0d1a7cb21d21767fc988cb69a1e1
ttp.r014.relation.0805	552a1b0ed2e63a1a74cabda4e0611676f59b8cfce04a53812b8506f83fd1a730
ttp.r014.relation.0806	7aa5e5381d9d857bc57fdd123b5bc38d56a0d27ce20cb36c4dfdbcaa4eb2ed79
ttp.r014.relation.0807	88a5f456abf760cadbcbda1da305b95252d3b0bc8ff509efb680ec10c273f72c
ttp.r014.relation.0808	1649c0e527d05cf09e11b8482e6ed803449441b7400feff833c6f03b94942738
ttp.r014.relation.0809	57c4bd939f56a11d7c11b998ce7dbf453e27c580114e4bfca53b308a11c14be8
ttp.r014.relation.0810	47551941a4f10f5efd28b97b6bd3fae47134b2e01c514ebdec788a0a6bb956bb
ttp.r014.relation.0811	307edd9b3c1c342c61cc3ee144d6a83fe43867046d4e0d5d66e85d730f1a61d5
ttp.r014.relation.0812	5834931bf339221f6137bf34150de360a3552e60143e75e17f5bd4bf8fd11932
ttp.r014.relation.0813	4bf84d01dce3b1fb7a687d522aad5ef59d6781d0e6fc5a7c71c3daeb09f84c42
ttp.r014.relation.0814	5de395477a8813b062f87042cd47dee2b3cd0db88923ea15005402e65a9809ed
ttp.r014.relation.0815	02b1b9015b21c56894ce639fcbbe0565be7f65beee27bdc25ca1e13f59118409
ttp.r014.relation.0816	3274f70edfe0117c4d4c81af3334fa00b1f92ea8f25f38c7c1a50663bb9c78ab
ttp.r014.relation.0817	c0424a953f753d34b6b729506422ff401306e2af784c9708564d6f1707533067
ttp.r014.relation.0818	13f28c5f77262b812a1aafb0b3f766aa2f5852f618d286327c50354de732bc89
ttp.r014.relation.0819	680ccaf2b30e6ebed72251ed7283ebf14ac43028951f670edafcdf20e4bbcf1d
ttp.r014.relation.0820	00dce182579df493c3b215db19794915ecccacbeac303503e729fdd222a0d133
ttp.r014.relation.0821	8d8083dc564136c327f588f662770966e4555b0e60b9e17dad1e0133b41cfde4
ttp.r014.relation.0822	984b115730bf84fa40ebd7946244dc9e388c87bcc183edae8f736ce17c19f693
ttp.r014.relation.0823	cb814ed55cbfdbd052248e31bd11fadd21a236639d473c23c2c980e5cf2ab026
ttp.r014.relation.0824	527220ae84accf265e363bba813d6f5052b38eaaa0b3316596abee6d52d46abb
ttp.r014.relation.0825	4f63b51102c95e07478a9bcecae4ce8de19d105b6c81508f484dce95bb6824da
ttp.r014.relation.0826	f384121c3c8b6c00407734b79cd35228821be39f0b948b331035a9afa7787d50
ttp.r014.relation.0827	5a79089d689fa579a33eb87c6ee087276caa9188000dfdf364625ecee832f070
ttp.r014.relation.0828	faf3ece6e145db33f6cf70ec981b9062561efeaa2771e5e18c06f5f1d110fedc
ttp.r014.relation.0829	144ef7f04b2bfdaa8728b17ffb998552e18488d40c57cab97694e0b49a5c7c92
ttp.r014.relation.0830	6f06ab2dd1ff570e565ecfaca3eb3485d2465d07025b0a5cc7f5d0ff6a02544a
ttp.r014.relation.0831	79db67b6cc794abe39f046a35a8dd1ddf6ede9fcfbecd093ca94b9982c58d28e
ttp.r014.relation.0832	1a4f4bbae0cc9f67d9dd59c56f27cc33969bf4cdef6751fdae67afb42e233138
ttp.r014.relation.0833	74f2df4cad26c09402689848d6c18ef15aaa2e021f0c4bbf5e38ff8b051c1148
ttp.r014.relation.0834	6312780d2929cf0dfd9ec1dcee91084ab8dd3856c8d8525654e34e6e64d55c91
ttp.r014.relation.0835	5669ab7dfb0a47e31a6ba77b21a55c91c1ee9ceb6157384c020b8357a969bcf2
ttp.r014.relation.0836	35236961bca2ba8ccf50c6444c8355c63f0ee05f285fee06452c6fa06254f78b
ttp.r014.relation.0837	fc9f84d960c59c8a60299869cff6f2a656152bad065b0da048a786fe9707b7a6
ttp.r014.relation.0838	da24b68328e0aaca4db7ebfb750429edec54dc5bb557185f69610ee099042ae9
ttp.r014.relation.0839	5efdb9b0933cccbd5aee739af8a9aef76749bc16437c308f4ba786ac554ece97
ttp.r014.relation.0840	3996e616004b5e4e544faab791ba87c3fbf6fe6bed660e40f094bb24895452c8
ttp.r014.relation.0841	5ebea6f157bac4f476cc2a5af3fe67c9d4493f0b176e2ff16a3e9bd520871b95
ttp.r014.relation.0842	8ff3c377df2f85881fad9d88ca0f1fcb851ff255f14d63df02793290751ae45b
ttp.r014.relation.0843	b03f06b349e263b77103239c260a4265ffa4d169a59496c20e710f3645c7b065
ttp.r014.relation.0844	07c5e24a64d80da5a9a759fbf451c68212a7efe219c7cae6f64cdb76bfbb93f6
ttp.r014.relation.0845	37422f63d0096042fb45303ac76043e00d71ba8ab48fd6a30deb30b16d0e4c18
ttp.r014.relation.0846	58e9ac11bb29d87b7b350954f7e0f1df1487101316ea489b2ea0c13a3b7d84f9
ttp.r014.relation.0847	38b66815f69a61dc61cc926d9ee732a2e1505533f9043a167d697c5eb4aaa01f
ttp.r014.relation.0848	d8fa46ecc10f3af6504fbc16ae3c440b8afc1630383553237677f180b5d0b111
ttp.r014.relation.0849	205f8e4585f0dccdbd765cffc7d5da47503373eaa75dfc54fcc07f70ba25325b
ttp.r014.relation.0850	bf1b042aa152a7677abf93f7675edd8cd720f43370474d6e4cbaf4d110063f0a
ttp.r014.relation.0851	f231608f158ceca45a962b390813ce9e84d252f8b324d0dc7fcb261844881a88
ttp.r014.relation.0852	52aea9bbd87f1235bf57fee52b66c4e0ffe1168eab6edebb3eda6707ab8fa253
ttp.r014.relation.0853	097f8194ebe3953f4a53ddf14e6ff373ed50d13953721b7b2140a54442441da8
ttp.r014.relation.0854	54a252fdac4dd2964211acfa913e9732366a74d021b001a4c462da4a68f6b4e1
ttp.r014.relation.0855	317dfca7a20369e406bdca9dc24a7fd12328aa7f0a5d4e61ecb7ae59a33708d8
ttp.r014.relation.0856	e12bdc9cb2f04d4511b5e40b1f136f22b4cbb4d4425bc0609c897d22c72c31b7
ttp.r014.relation.0857	947cb569a1bba31e0d4d274373590a02f1f9727025db2c45b9d0232a628a60a2
ttp.r014.relation.0858	a74d6befdb887f1a68ebd2a3cba760d82790239f91fa06edd19b6b05f58180f8
ttp.r014.relation.0859	2bdfbae166d3102ffc16e36f89d48d148dcc7daa13894f1d7abefe70bfc13644
ttp.r014.relation.0860	d836d90c0df5ebae3fb65c6e6b5ef208665daa133ba455aa7fbdc2b664c2eb86
ttp.r014.relation.0861	6dc671f6d15251582cff88adf0bc6209c6501fa2d45116ff8fffbeb196c33f9e
ttp.r014.relation.0862	547cd4dcf96952504b9a2bd0205ddfa225ad319d4b01b60735dca568b06c7a27
ttp.r014.relation.0863	52d97ad27735e1af0838cf9a200dd1333c8fcfab8161581961e4c7bb531fdab1
ttp.r014.relation.0864	85de634ab0ea03b5dca3f2c21c55672a1d612f0a4248d6b17c4e3bd3424fade6
ttp.r014.relation.0865	145f3d2d1df2ec9844fa424168e347dccf8a2840ea904e64e9c3bd7dfce34b73
ttp.r014.relation.0866	76c677b3f60ab65bb3bdfe74190ffed1ec7f6a125907c12c50ea991adcec5366
ttp.r014.relation.0867	5c30ebf41b69b2fc9b965991db0f0bd142240a85f067f0ccd5d2d5c0a75f4a32
ttp.r014.relation.0868	07abd68e1f451d6cb9ca9b2c49e072a0eac1214435116eaa8e056de7fba2d026
ttp.r014.relation.0869	146a1d1b6c122de2a3460430646b9ba323f564ceabc9f8853a7af796af849313
ttp.r014.relation.0870	f191a6ff0d37de894b19a1340790bc97dcf145acd49d9c04e9ce968ef8d6c754
ttp.r014.relation.0871	ef69d98f4f5737407f889425d20b1069cdcaee5e4b1c8c7d40c7cc1f8c965dbc
ttp.r014.relation.0872	d146e48dc7117e460421c9d45973a522b206dd2320f75467461c0e2ddf6ebe6d
ttp.r014.relation.0873	e61447cc786e40272292b5098c490fde5e69f4f92519e5373e08e174675101d0
ttp.r014.relation.0874	5eba44adc39a51896c99df5dc2881d7ace4f6b90cd7fa7ca3de595e4007a8e25
ttp.r014.relation.0875	87c4a7ab57c3d03473b8a4a48bb1b016746cfa916785574fd357354515859d69
ttp.r014.relation.0876	31a3232b43552b5e4f98b5415f7f5ef494d17c8b2ca95d3d4eb543f425805b65
ttp.r014.relation.0877	4aa84cf0e4fe877fdf3599fca904ba85624412764ec6c79c9b0506a445139a18
ttp.r014.relation.0878	8cd01cd37bb5a9e93b1004c4dd36e57cefe794c1578df1aa5207330ca5e90cf8
ttp.r014.relation.0879	1a467d6dbfc226b0963ef19f34ddbb9898e0c8d0b27d9a4237fc5a6c3dd5c0e6
ttp.r014.relation.0880	b16790b900a0586d0d0fb5e25fec58045c7cea15348b0938fab3beebc6284363
ttp.r014.relation.0881	ea7a52c5301a40951f8a4017b95cf60904a1216e81dfc7e3b9972818b07be7e7
ttp.r014.relation.0882	4adb8aaec2fdca957b1d5ebdb49a61d41e8492228cc759420ec9d77bf68a0bfd
ttp.r014.relation.0883	f2517dfbbec883aff34cb8f3a5d1e64b964577994bead260ac29aa94092136ea
ttp.r014.relation.0884	c88f21c727f08bf47a51c65d820ac81f0b037dc3defdfae66000b1f966c943f8
ttp.r014.relation.0885	dc43f15b55026cba236549e5a350bbe49747e0fd104023d32504f88d6a14d4c1
ttp.r014.relation.0886	419cfda1cda46c19a4da9685b162c0abf060335bb9e16262310ea1d5787e20a2
ttp.r014.relation.0887	8d9c67b7f6c6ebc889af887d5728032fea13a3abdc616662e194123d1c9018c3
ttp.r014.relation.0888	d6eba528135c88dbcb0d3c88ff6572715e2c0c6a9a40fed6971536c1bdb558e1
ttp.r014.relation.0889	aaa0e3b400e5ceced993dc44ee24eb872aa3cce848aef4b7524ccb76c0dd07ec
ttp.r014.relation.0890	1990ab6949ef5a29ea98cba902aeb7f6d52e558cae00041b507005e717595499
ttp.r014.relation.0891	a6d52c356e5ad4e6cf6a544148af53062ca7772d4c9524343db48c4e5b04ce9d
ttp.r014.relation.0892	88bd445b8980448142181053dc5a31b975e9517c57de5e1f54a3be40f2f145cd
ttp.r014.relation.0893	63c27a86e3ebc09bae2da3abada00a47383d7c28843d06f6a733faf46da3e5ed
ttp.r014.relation.0894	75e8bd008dabb3be3792747d0335cadaa2a1198c310bab91ffd14ceb4cdc9d52
ttp.r014.relation.0895	b5451bede77c8fd639fe5a640e0e137cad5011941694cd208430acbb243413e7
ttp.r014.relation.0896	6ef14a10539d3269bbef749c40ba4ff38af824bfa468b02601b98f5fa8e5d599
ttp.r014.relation.0897	46f5102e330f90b50067a4129b601baaada29ad686eafeb415df3ccc2933237a
ttp.r014.relation.0898	5260a758db65b9e0f38d91837dd08dd80ec58e0d72a2d4b1b68ac3ad29e498ef
ttp.r014.relation.0899	b80e44d9f5fc8c3efa669a5320bc34ee7e93ccdc7e34bb122acf9d686f0bb3d5
ttp.r014.relation.0900	f8de9132690e0184d350f32e1cc74f2069f6fd5fd7954ac8b50995912f03ee17
ttp.r014.relation.0901	b191c03210c614cb3452030cafbfc3f366f9f58d638268165e9786e04144a233
ttp.r014.relation.0902	4c1d6542cdafaf851d090564ed8f6eff4343445ab9a92f977bb03be31e21303a
ttp.r014.relation.0903	46682f8e72e4a3a06358389ea09f2feaa6c028d1d9e69436d938bc9e1fe56cc3
ttp.r014.relation.0904	c9937f932548e431254020f27c667e20d24d751336dfd5049e5559f34957286a
ttp.r014.relation.0905	363cd5df7fa06128f0922ecf78459bb5e4b44afafddb5ce1952a5f3ad6c3ccd3
ttp.r014.relation.0906	d0eaf7313a6898e470a1f09ebfa8c944b91e8b9e4ac08bc2880f0f766b3594cd
ttp.r014.relation.0907	a0ce6138ae36d0e755b629bc978d0069ca6eb6d9277119ce76806bd8bebec8ae
ttp.r014.relation.0908	51a82ab1a548ff84c05ac061796ec7e11e2fee5e14a9993931d8dd9d48efabd5
ttp.r014.relation.0909	1c37fe22138f3e949e95fbd77cb54488e3d8294cd470b52e777aed4cf3476141
ttp.r014.relation.0910	6e3a2b103ec9d32df8be6fd6974fc3c939b03b52fa509c61bc7b372323fa1fe6
ttp.r014.relation.0911	122264485008a40ebb034490f4a4e7d24c9724cda4f68668394ed53be623bd66
ttp.r014.relation.0912	e88ba65ec7148e01058169024b51bdd0019014800a0f20f7327719f3ef683575
ttp.r014.relation.0913	477dc0adeffc1d2c9b18b0d0d4f19f20f23f172131b2db92177068a97d1675ef
ttp.r014.relation.0914	591f94f9fe1032c1a4986ff033e4ccbb9c926ecc7364277863bf29e040510b2b
ttp.r014.relation.0915	cbad1f63cd1d8087262ed4cb94ea1a7e52203daa1b8164853e053b4718fe52a8
ttp.r014.relation.0916	0dd6a4f75bc706c077357478361a08424f87d21574c98276d2368e2a656b7d8a
ttp.r014.relation.0917	848cb1351d77f29292a24d459cdfb5b068a9798208bd396564b57ffd09017b83
ttp.r014.relation.0918	1be32ac420002ebeb997b47b3eca8d26be04fdf9b5fef1b3e48c2f1fba2ea5a9
ttp.r014.relation.0919	eb341aafe3bfe660cd513dd37f6092c6b0ea2117b57cbbeb900e51b4f5e215f1
ttp.r014.relation.0920	7fc97749dd460e1b63595c3e19a4687f4b100b542d69708e195b1663f940c9d1
ttp.r014.relation.0921	31fb58b34bd3e774dd35d469e6be63f97c54713f5fad3202e312ca5a9fa2602a
ttp.r014.relation.0922	3241fc28a9f0a1cd7a7cfe2ed10b2557f40c1357f5adbbf0ce8d858ed2737515
ttp.r014.relation.0923	965e0e3c8f1740f3e1e523c9d0819b72b8493bdcb69deb9f2987ee47b62ea18b
ttp.r014.relation.0924	9cd98e38dd1f9eb2058740c153dfff81125c430febd3792ae62fd3457715088c
ttp.r014.relation.0925	0bc45d56c2c152ea45ad32caac8cbd2762b762cd1094140277f173ec7f06afff
ttp.r014.relation.0926	0e52d74e28c1a5204a097e589d91b459f54eb0bf6c6c9709806f8f7572f298d3
ttp.r014.relation.0927	3a5377a2557affa2b2cf293d4cafb3302f2108a618da44d6a6efcb5322ef3601
ttp.r014.relation.0928	2275730827e550ade98d4149778c678a921d38cee82e976afc100f72e1b468e9
ttp.r014.relation.0929	0553242bbaa2732d5c349f3bb369d8ed0f1a9369a4dea17590e4919a56c21106
ttp.r014.relation.0930	b2d56e95c0fc094bd571ba2e8e80bb363c5973ab8d5f9f053031aa85c56751cc
ttp.r014.relation.0931	6793a74c3764495312e4522f70de2b0720639a9d048f14cfecde862ef9bb4f86
ttp.r014.relation.0932	52c76e58006581e752a1b488e342df877cb23f35fe0b49e974b712b424447de7
ttp.r014.relation.0933	801d51f8810db90e706db30949c1377bd467c38eeceb4e2c66628da35cd12132
ttp.r014.relation.0934	45afdd53d00366f582baa4befa5ea6f7e9e0878b1195c7390f764a5bd03c7f62
ttp.r014.relation.0935	eba7f80fb069aa473105ddc1fd8129a30184a24a29d665ecf1f3b5804f030089
ttp.r014.relation.0936	989b5c5fd819c880557f1436aaf807296d5a3e7433ca88c40dba75c8511d0bb2
ttp.r014.relation.0937	de714083082ff803725f2ce0e20e099c4eb5e81eb9828170206cdc3134721592
ttp.r014.relation.0938	3b9177798816740f798ecdd2ec752d7a0691acf943de838a4af3d698257e077d
ttp.r014.relation.0939	28688121bf2ff3a8a1c88c2f7a29a4c2a7f8aa4d09712e44dac861e73770d6cf
ttp.r014.relation.0940	af3be9cea534dc6f73fe72701724a313ed6263c07e9b8872a4fc34eb503e71ea
ttp.r014.relation.0941	1303a3017fd7820b04501520158f2cb369dcf319d30f53501eea34aaf084bc61
ttp.r014.relation.0942	ac3f162609ed1fddbb69312c73822dc88760520f46d452f427ac7d2606f3b742
ttp.r014.relation.0943	b7a934143ea61a15aa90022d62363bf4329109faa64bce33e15449bc86ab16cc
ttp.r014.relation.0944	8d830ea5972b21fb436b9ff429cfc4fb00fdef7243e2af526f8837b3579fa1ad
ttp.r014.relation.0945	50edda1eb2604b5ab6306b36a252e0e450a181500b40129977fe8b38900b0947
ttp.r014.relation.0946	1f3efad34da2d179cf9454b34e3201f7d0cb59d100c24df01bf58257a2dc8956
ttp.r014.relation.0947	c0e4561565918b951d74751f1fb28530c412b4dd9aef7bb3fbb9054c430babb5
ttp.r014.relation.0948	220a5645b64f0fb8eb128a937313ee00a2d2ac36f469b39113b624952ecd322a
ttp.r014.relation.0949	aab47935e5f95b420bbb81f9868455b5a746e4ba08d6ac72425838ec4fdc52fc
ttp.r014.relation.0950	2d489db9d4771304dc36b567622263666919d9588ce791dc4c92b7eed07b3b4b
ttp.r014.relation.0951	7aa7e883cce704181ab056a4568008abe9e4f8875a40f5767b0013a8873380c3
ttp.r014.relation.0952	3c339e0a18168d9bc98dcdfb68d6344639161cbc9abd92b0c71d400563e2630d
ttp.r014.relation.0953	900ede2c10c31426b7a71faf62e20a3c9ec684cbe0182b1841deefb6fa3dc8db
ttp.r014.relation.0954	870e5b68e4b8e03098f15ff014ce2d5f227c842e95de239eb23672c27c8f67d7
ttp.r014.relation.0955	0595c154c252aa9cbafa3d9cf0cbf8df13be5f0dca77bf603b23e430844967ea
ttp.r014.relation.0956	886aff614faf27a96940898a3d87e41e5b80414145640ff7f4917178e6a2099b
ttp.r014.relation.0957	83190b53b3ece625ad773aec71344cd0e812e8e8a4336d69d5f87a82d9920e03
ttp.r014.relation.0958	aba39675e111d0cbdf818e42d9db72f72c1ba58c2a8b533b779958fff6dd612d
ttp.r014.relation.0959	a4af100c55304560e943f045b831172200700288da1b84c95513fe81513f69ee
ttp.r014.relation.0960	8622e2367c00f7b6718ec1dec465dd61355d9c63708a675b44fd0bb8054eb788
ttp.r014.relation.0961	5fff5279b05adc567130718bade5a0d021be9571eefeca31047614f9df30f494
ttp.r014.relation.0962	f7659d4aae934a052eb87b4b2b1bed001066dc25f639f0d6ae623e7cec6a8f75
ttp.r014.relation.0963	6884556d37a113d8de424021afcb856c6ad4676c1d09255463d4068748382926
ttp.r014.relation.0964	89b7c42b645e38bbec33cb65d88d93e0c3bb05d18006074bbecb58579a8ed5d4
ttp.r014.relation.0965	bf9287abe734da0aad8785b4fea9a0080efebd9ceb35807c34e6bcad0d572711
ttp.r014.relation.0966	182c14bfb32e75b2d958dbfa22bd66e18361d7f6a7d30cf3f0cd7db535b631cc
ttp.r014.relation.0967	846bbdc51e3f0087c9d672fcbf2fb7d87aae5ef11eaee16d7790374f3ead0730
ttp.r014.relation.0968	f3b54fb10fb41f443e986f6125f154866192cc39a2795146a3da38ba29aede7c
ttp.r014.relation.0969	86f90e2da98007b1a7afa0555b863e8a308e9548de3041f3e1b58b4d27b8aa16
ttp.r014.relation.0970	569eeecabc48ae5b0bddab8578a11920bf6bd8b98456465958e83eaec13e49f9
ttp.r014.relation.0971	7411da39d813235c320541930a38e7c67dd7b064ce333b0795daba582883f137
ttp.r014.relation.0972	b6e5492ab129850f37c32fdf011d2e5fde7f18ce694d99a246307a1048495ff4
ttp.r014.relation.0973	315556193c3bd6658d5e3f40bc4670294546fdd4c7a46bc23fc2ad1583f852cf
ttp.r014.relation.0974	d18e425bd8c863ccc5e023e5b10f0223ed4dddc30d7b89e409e199506ca14de4
ttp.r014.relation.0975	d194aad949e5980b02612eb557dce6992bb5ee82985e6e2322a37d583e4a550c
ttp.r014.relation.0976	a2af826fdefbcc40ad2e323a5262df9441c943b015718f90aafb559bcebb2f7d
ttp.r014.relation.0977	8113d9825b2f0a5fc23007db1bdb103880d4f018f48de8a5093f4bd42edeeb1b
ttp.r014.relation.0978	83939606b7dc40de384ebbec86a6405d932fe986ff66f87ae31b8a0c8da7dbd5
ttp.r014.relation.0979	5421a9e2c2a6ee4e9c5149ff45b7d630e5cab0121e053f824c8f63002c38739e
ttp.r014.relation.0980	1716a4ae08d814f24fab609288f39a617289888f706fd7df6604d5ed0794bd31
ttp.r014.relation.0981	4bc499d7d2b34aec8ebba42ea974b26ab726d3e4edf18df6745a6b0d1552642b
ttp.r014.relation.0982	aefe407196b6da4688f135a39d050f8a0431769aeeccff1fa4f2d81de5bf1fbc
ttp.r014.relation.0983	0f7b37493747a8df22103bc2e7d8056dd53966213ce598d956704cd621e1d50e
ttp.r014.relation.0984	c874c6203962544f98812e0b161e4317669aa051f3d772cd119cbf43d01fa068
ttp.r014.relation.0985	a69e6648d80b1f0c59a37d1a389e2c55350dcbfc782ea686f5758dda939225fe
ttp.r014.relation.0986	7598b7a8020cba129aecccfd9ec73688f8e7ac370f7a7e254d221e15708515c8
ttp.r014.relation.0987	4f91a101fa62356e536d81590e6b253b14361c2a398b16b6534b4cbc7a2a2959
ttp.r014.relation.0988	d52caac50a17c87ec3c87f6e1a48a8613424cf68e3676250ff8a2e2a807c1088
ttp.r014.relation.0989	e4ed1b0dd444e6fd20c30b2e5ca154d161c8ebb7dd333441fbce4bf5defd0b5f
ttp.r014.relation.0990	94b556f3c544d405907362e7314a33e9c75608c724770e45802ee8c37d1ed06b
ttp.r014.relation.0991	9e192aff74d659193b0a6a5d8371d259a5090e0f632c0e5059f422dad2635d6a
ttp.r014.relation.0992	4c16bd310b2bd518c9368d62e6c1ae3660cbef3dca0adc46caf51e4714278ae2
ttp.r014.relation.0993	7d856af2cbf4aa81ae817e253355eb3b1d4a74662d000252383afecfbc4eab54
ttp.r014.relation.0994	ad63182e2d0454f3642e3f9e77c2bee3df3dd77f0cbda7899d37bfe85182476b
ttp.r014.relation.0995	458c8a97fd25831ef1157ad11774e6b2e7d1b99b4d7cad84911348e5003d1f8b
ttp.r014.relation.0996	a4ad2a346660c3c434ddef5fc804fdacf8e34ede2fc7c2ad040bdfefbac19ddb
ttp.r014.relation.0997	b5229d0135571ef1da587b913a9fb1ff106a8d8196b554f764c00ae060b2e4bb
ttp.r014.relation.0998	bc7624f5d7e4e2f7cd52922a05ec2e6d456556d392b008acf4b89e905b54a625
ttp.r014.relation.0999	8db043713f40768dcc5c10df1f9a720b1cc2f73a7df9cb5509b846eac1e9886a
ttp.r014.relation.1000	6be766404331b82eab62c3820fc2fc324ad45e08024269b0454409aee671c3a5
ttp.r014.relation.1001	4bb7d6cd0942bb7b9e97720a5eff3e66abc5b2e8cd1933847b4317570a426f81
ttp.r014.relation.1002	5d83c50644f4ebe4555258841f49c9442d771de65cd4db8d232f77edfec60d58
ttp.r014.relation.1003	f23d35671e2c471148657c6cecf0266228a36e9a25407a6b51429a717a7d678e
ttp.r014.relation.1004	bdc5873cd1a578091d906469df9e58425b40a24ba806c36f8d2c795e6999a1ce
ttp.r014.relation.1005	5fe1390d12110b912f354a2691fecf25a7043eb901f959fa4ed908949c0e3816
ttp.r014.relation.1006	bcec0f76506ecc692100d869c459768377891197346ee080f0eecd41c79a7c03
ttp.r014.relation.1007	8ed7918916981b13a8240bd34cf09cb6882a4b270e9c2ecb26c8b72bb3f165bc
ttp.r014.relation.1008	1ece8d98f6572200857a959c7e8855f7f15a85777ebecc1214e89bafe5cadead
ttp.r014.relation.1009	9c6c397165a479b284a2d42573036d7f61d912b3e2a2fb182305dd91bb6f2427
ttp.r014.relation.1010	8dde3b40e7744c3bebaf427a30c9436b48525cceef101a8bdcf74338e25e3b0f
ttp.r014.relation.1011	95a48a6651a38ab01549f7d82a5c71e419fe76a7c833f1a30824bf79d3a4baa6
ttp.r014.relation.1012	7bce9fe1e8e8b22834a3b32827a7a204486549ba3db5988f5bbd691c7828798e
ttp.r014.relation.1013	1a99224bab854424f8443895c67300a9c5e56e3657240a6aa5f870c4905cb34b
ttp.r014.relation.1014	02fa9861d462068837fed346ccf908cc927662afc77dec14340f2f1962941a89
ttp.r014.relation.1015	18d70fee9612e7a31ad5df1b42c51db94a3de7c0b8e4684efd60c03101ad1c1a
ttp.r014.relation.1016	bbb40acfaf911a2d16b8a9f3d6bad88f95e2079e80b9f4d667ebc03d62b45301
ttp.r014.relation.1017	369c437c18fdaf9ceb57515fdada5f1029fcc51d7ce8dae7aac5ba5636ecb57d
ttp.r014.relation.1018	6f078940218fa9c9a8837ea5b2dee50505221a690357378672272cd0c8360aff
ttp.r014.relation.1019	cee24046fc90e89d5db33566e4092a2ada3c0e72890bd9a757575668a9990e19
ttp.r014.relation.1020	2ab6eea9038e2f75c0bb02a7a4dc127ad5ae39e9dad2985f67f94244b0431b3f
ttp.r014.relation.1021	846bf1a6894b6d49af8c65b58348217a105626bab02921debc38ade958e6719b
ttp.r014.relation.1022	b1c8b6139c3bad07094397e50bc4b083ee31a27f44eaa6e22670a8d40ea9c705
ttp.r014.relation.1023	6ca25ec84a8256d2a181d1ace5634c911f0893ce05614f565564fa37f9f3cef8
ttp.r014.relation.1024	6796eaf1e8e9697491c357d3e01c007dc6404a106d76fc04437329c248b93220
ttp.r014.relation.1025	84687e2d3607ebd1c77271f7b7e3ccf8a64fc60ad0f3e9814adafdde16caf17b
ttp.r014.relation.1026	70286026f0d4fc0f1816219b92feaa3c46d414c2e36976d9bd6746d4dfb97d92
ttp.r014.relation.1027	1afc53a8fff16c6f72666a1cae5b70cbae44401122fb6e2904cc429762660f3e
ttp.r014.relation.1028	38371fe7fc5cf5341acba9fce34d4ceb498e4881b0321653bb3dfe8c4176452c
ttp.r014.relation.1029	7a9daad20ce7030376068b4d9b53c0710c60eae9cbddeb9e000a4c9c26693fb4
ttp.r014.relation.1030	79dee38ce3afd2dd08441c155cdea75da1b59cf7987c8e318f6b11977e2b6c54
ttp.r014.relation.1031	a9b9430252a42ff6da2a9dc80ab393b1b83f38b6d4afb31428a4b9ada878700d
ttp.r014.relation.1032	de4aaf4b9d7e6a850b998c32362902967f6dc04f6c8c58396e37f1c2b1adb085
ttp.r014.relation.1033	36a81e2a6a0c28e4913dad86126c1be44842bcbf23faf9b26a6356877f6867be
ttp.r014.relation.1034	cdeffe07658d9f44f9e0b56c737f68086f78c00222fbc450a0d7e9b32c97a1d3
ttp.r014.relation.1035	545817d5b64bc47225446b8ae2abff1a253950159adb73a8d127cb7efced085b
ttp.r014.relation.1036	5d81b29a9c010f03f690a46528f1898a484d619b9356d123098fd418604fbb42
ttp.r014.relation.1037	f81ea7c43a4d32bf0be246441a541ea608e011ae34b0629c23ba2c6906eebe72
ttp.r014.relation.1038	3252e5ff96b07d376187dbb00e992beec56c2c37d8c7a1b189557525e93dbdfe
ttp.r014.relation.1039	6438b64448e8213a336c842e2aceed304369fd8e4eea5e7de3e4c3e7f56c48b5
ttp.r014.relation.1040	1be5860ee6151c6e3f1c9ff2077769174482b1227afff2212c1ecdf432c1ce53
ttp.r014.relation.1041	13bed4840f32ffd650cdf2bc6c5dde81d01ae8b4d8e00a836b4bb2c900c057f1
ttp.r014.relation.1042	f7d6a611639d1b1782dc907cc892d41e1baf7bb6ddfe4c8ff729323892729e7a
ttp.r014.relation.1043	a9246bdab16fe1ee8d0960ca08a210f2a9acb8e89f30f7c08acdcda775aa3b6a
ttp.r014.relation.1044	4a1b71e26069357182e12296eb8fedb61ba14530faca414c1f5bccb18745076a
ttp.r014.relation.1045	cb33b855cabe4a86abb371e44766b299d5315455ab4c84f8da31a36a70ba9870
ttp.r014.relation.1046	d273a159946519a72ae4917d8d4e3a71a9743df843627417e59aadabd0a2eebb
ttp.r014.relation.1047	9ea75773622e3e6bfbc1d72d6b279524bd42eae03920b17ecaa452be5afe027d
ttp.r014.relation.1048	799682e03da7d97dda302dbee2007665c51e5609eacf7b8665f27e2c90193f9b
ttp.r014.relation.1049	679db36a9b0cb3fd0fda94508fa8ec304c660f4c397defaccf9f749f37ea9517
ttp.r014.relation.1050	3a93aff1837313cfc2b2056fb4234a0838dfad2fbfc1533e76ea400299345bc1
ttp.r014.relation.1051	4d8b32f98e3b0efca027a01d31410dedc6f698c6a5c50d0fab085c8c84745304
ttp.r014.relation.1052	95b6cc1f176e587f2e6bbd483cf355a4b0fc9f160de7ee3af6bfbc83f5ee7f09
ttp.r014.relation.1053	8481080ab5c59b8f053835175548dd438aab8e929c9d5b6bc3bc2231c62c2d5b
ttp.r014.relation.1054	0d4214a36ea6943425401bef4f0243f8dd94fdacebd9dcfe9895a81b3806e6c3
ttp.r014.relation.1055	24f23aeada51ec7e0915ed93c2a0e2846fd8258d36fdae36908e93d44a6d9639
ttp.r014.relation.1056	95b74a8bad6e9dca8d7bcc9620d403d6fdb20f73ba0f86620981f28286e27e0f
ttp.r014.relation.1057	3010ae66d58c162335161976265b90f1c904dd90751fc7e62a1ac5dd8816806a
ttp.r014.relation.1058	064dbb4b34678d31b3ed6ebf328345234510799cd2a2a39bd406a8925dafa620
ttp.r014.relation.1059	04c5b3c471f8a0e22efa19f4104555114e48073b83899aa7e9e39e9cc90a1aa4
ttp.r014.relation.1060	edb9934d473f5e7e91e001a27afc65fc194101083e5b3ea19abdc449d4f44646
ttp.r014.relation.1061	fcecae59cd634aa7305608f551a1c3cfece8e4be3d83ec67866f35a3f6c6547e
ttp.r014.relation.1062	767ec3f0f00c1868b767c1b6ecadc0110c38c4ff455ea5bdac23d3f5a357575c
ttp.r014.relation.1063	7efc6e4c893d744263cabc2eaf47ac856567d3859a467dc87ec69deb9bc7b89c
ttp.r014.relation.1064	58a3deb2d9432fc4edd388b85ae912a815896b5d8adc21de21737f17a8c7984e
ttp.r014.relation.1065	bf442cccee14f5fe02859c9826727a3b5bfcdf3d016f1cd2934cbb9463853467
ttp.r014.relation.1066	b90b033e1b631e7a0199fe2f9dc28ae68250dc2fe2b11bd774410b4606202510
ttp.r014.relation.1067	62b52807f9fdb19f50f200d0e04ac6aac0f4ac6ad76f3d873ae0ef18b09c6be8
ttp.r014.relation.1068	0b72165714dfe8a2ec2da4cd64ae87d25c5433851c9868b9686689603bcad7ed
ttp.r014.relation.1069	d9dc8bb0d141132a5ecc9e5f4e7464cb06fd476bf42e197fd2945a86bdf84b42
ttp.r014.relation.1070	ea8ff1b6d85961f958865827b91e3177dc229c1c7d731a436becc1004fec0059
ttp.r014.relation.1071	444088d9f671e5f72f72e794d40426f4950283dfb85cb13d4062fdd0f83ba85d
ttp.r014.relation.1072	1cc01a012d8d5302039eb57463671bb7a376d26bc47ceb3615eabf0707489caa
ttp.r014.relation.1073	1e7823db46087ef13cc7ba9838aeac78fb61e4cc0d33873614fa9925df879225
ttp.r014.relation.1074	9cf25a4f4541bddf1cdbe6277ef669383cfff60e586ca28d7908b1380bc4fc3a
ttp.r014.relation.1075	27f194d079f4434bb25a343ab5ef6e81a1f20a33869dec9307b5bb61e1f1cb89
ttp.r014.relation.1076	477f8cb5cfb9c4e94b5dbd7c6742ce227dbcfc0c2e76999f87dd707621523505
ttp.r014.relation.1077	75e5bc0b25cf8df1fb1b53ad85fa77c8abf262e766790249f641966010c0534e
ttp.r014.relation.1078	4d6a1d66f753f9d1be0ad898ebfda4c87af1e8caf349e3e1550a1c9d74e6fd06
ttp.r014.relation.1079	c2a68c62e5101ebd1555cbee7476b74edb5746f0851e48f8941620f899a38f8b
ttp.r014.relation.1080	a48ebcab11468381b38e2cb5dfca229728187e485127a3549e321178bbb2a59b
ttp.r014.relation.1081	5ee00aba91a709c9608709300b4f041cd4978e718991c0f9383d10edf34b0476
ttp.r014.relation.1082	4de06b5e7ed756d4ca00b5fdb8b71907c3c5c6484283f86ee68abccb8b0d5c12
ttp.r014.relation.1083	0f77202b68b408cd4bda02040dad05008794a4a5f44f6c54420b7e98e6bc13a4
ttp.r014.relation.1084	71322fff5aae10680af7d6dda69875c01719e80acefb3e6545aab9299187ec9f
ttp.r014.relation.1085	35014102555076d72f38da7822988f32d7b313b16ad29a9de6e75f36c4192b2b
ttp.r014.relation.1086	bb13b1055037b3f9f88bcb7babbd7e6f543cb04f84656fb4d8ac00a062cfe88b
ttp.r014.relation.1087	d0a7543abcbd462d54379f1aeb0553247b1ab68933ac41c956cd50479b2bc867
ttp.r014.relation.1088	b7711bb132dd6da8bd161fa8c17cf6ae9f6a6e865ef5f05d34c79d25bc08316c
ttp.r014.relation.1089	94fd00456db437727f02be076d07d94b774a1488c8651dfa212ace84abe0404c
ttp.r014.relation.1090	72051bfb4a7387c6d435b48d3135171174b67b3606188c77280b8ca48934b728
ttp.r014.relation.1091	3a362ebafdf01dd2fcdd26549af962a4f006422b2f6a8225191ea770b0da75c7
ttp.r014.relation.1092	51d023ab9a6a7c0fca5f3b3d346d9df91da157d8aaf45dbf21558b0648ebaf7d
ttp.r014.relation.1093	55f1afd2f53f94ed331fbad99fa77b66f95ad368e238b6e6fbf84087fbd25b38
ttp.r014.relation.1094	73326854ce1171ea89285f37c84dd8b8b3bbc1223887058a5cfb785a3b130cf8
ttp.r014.relation.1095	520d12d0e48986a1eb70e6904472b48330789a75a94faaa94ed0e98ae6b64c41
ttp.r014.relation.1096	67db872930cb12e64cecf31356ab4af8dd3fb88d477d493efb77766653940e34
ttp.r014.relation.1097	a8f88bfb4fe3d3d9faf1e4f762aac2389e8a1b76c181a24e6392c9e81b6b039b
ttp.r014.relation.1098	1785b095791409b91ed845e4355270ec84448bb89562e9e38d5fd89342a47f92
ttp.r014.relation.1099	294ba1e70ea4c0c06c2e3954a462be2b0f00a9000fde90f097f4a6e6dbb4bfdd
ttp.r014.relation.1100	013f024cf76f0079dcdf005f9bb0a510755db9a552d1180eec55299325d70f74
ttp.r014.relation.1101	9a2d0304dae5246f42213399ba604a3077bcf9e1688cd4fa99a8ece70da43327
ttp.r014.relation.1102	937b5fad273857d838aae7a79e4541ce75ae3f9821a61d70d99ffd0072621930
ttp.r014.relation.1103	4cd0d95c03ef53e8836af989fb25dea739d0cb5cc4182744af7f392d210fd659
ttp.r014.relation.1104	bc2c8c05b642d988aebe343134d6e8e15b3da1c3ce7ac92203a316fa98903cf9
ttp.r014.relation.1105	38c67d8745fa79cac2e6c6315715c9e0f94954e8e72a7b67ca453752f5656354
ttp.r014.relation.1106	b6f8e2438c0449f043f92c149fdbbaa9f632b198c6f7509b8101b3525282865f
ttp.r014.relation.1107	c645ce6d7a18fda001bdc9e7774cb9177960aca956ec4b8c401875665dfabf59
ttp.r014.relation.1108	a5fb2f3e9b433a4ab83bed729f71c3f207939b7a6ee165f4393c308c2fe3a940
ttp.r014.relation.1109	49fd749f70d2e3d46dc4e39c124f1720e1e394b21477f0e4ff10b92f95a0c36f
ttp.r014.relation.1110	24dfa9a621e33663b6cdd6766b3cab914cf0164150f7bd34b8673d8d887238e2
ttp.r014.relation.1111	618ab59dbee10201be92cd0d07adba8bb474cc97a793c128cf3a30f0edda239e
ttp.r014.relation.1112	2888a3d2b21cdf5fe4cd522da8bab56359e4eaf065987e7d8a461ce5d8b69826
ttp.r014.relation.1113	f67a888a709810dade51d11f90a4ca01fe9968261c07f3d80d69a024d1084712
ttp.r014.relation.1114	725de062909fcd87a2d8b303328956681f2dddae688ad934a1a453c4517acd59
ttp.r014.relation.1115	778ae5a4d1565eadc553f41af0ff092f75dd12f864154836fe273c97a3c60c20
ttp.r014.relation.1116	b531272a74f8eea926dead7cae2f559a3bdb90c73750c1c4e73506d3e9639096
ttp.r014.relation.1117	01142931cb4dd08ad973a50b8b4f60541ef418e4f4bfc3214f7d0702137bbaee
ttp.r014.relation.1118	0c5363b6c446be6c3f00375f3a9d47f6064d66e79846874c8b5d717ddf12e157
ttp.r014.relation.1119	8877d13f789e8481955991b2f5cd988b15f1e0c8b74827dcba295570dc8541d4
ttp.r014.relation.1120	42fb8e48a9112da232bc4384cf6891fd72425819c19be46bc9b5aaaa14c88d7f
ttp.r014.relation.1121	aa6f16ba3056437724cf9e87920321bf14321f0d29738634f5b7f05b451ecba2
ttp.r014.relation.1122	c8327bc1519d71d4f56f2192a9325d77911624675225ddf57a291da5484104e0
ttp.r014.relation.1123	354795a61642e1ad5c4c6b017999d9f05a1eea04fb542de1a3559d4d2638d8a4
ttp.r014.relation.1124	811f0ba38f8d3edba8ac7c2e8f46da981d1aebe4dfef9dd5237fed2f648e8dd0
ttp.r014.relation.1125	516cd6e2d566db8b532279c6e4ce9c894d7ad3c410d18f938b56d78b9cdf4f66
ttp.r014.relation.1126	d2657902a20cf7175b60a673eee57c87437cae9f96941428c4d5ba66a5fe67fd
ttp.r014.relation.1127	afcdf3f2808c4965c5a08f932136852d475eabc85e8d5b0f685622701b7a9625
ttp.r014.relation.1128	7de831724d581ec78ab3d6fd6a26fdc12275faf53cfccf18936ce74719e12f75
ttp.r014.relation.1129	7081990688ab75c08329e531841c3e3ab2158e0fb72911f0892d6a7950c5af24
ttp.r014.relation.1130	cb12ec8c9d2f28221044edffcc383330259d35187f3c259f26a9ee015fda64da
ttp.r014.relation.1131	f7fb4d5afd695bbe8a7532eefcab0b451ddb226011801463d728ce0a24c18264
ttp.r014.relation.1132	1eb16b715f3acd913a5abcc934af5c874845d02d5a4cc85a4eb7fce07ec97e4a
ttp.r014.relation.1133	fc830ca4d1dc0b052e79b56323b8db41431b3cac9fb8a9bd35760873ed6d79b3
ttp.r014.relation.1134	ffcf62a0bfda7aa302a86eb1b6bd8f27e442e3a0750d30f7eddfa1ab06a83d69
ttp.r014.relation.1135	95706f21299309c644ede004a918cd501e8fa687773eb96e50f99e698f15238c
ttp.r014.relation.1136	d619a5c575bc2920dbdca0452eb12f2990f33f618b3650b92bd4cc50fbf80bb3
ttp.r014.relation.1137	d1ff3643c256b6174c03239e0f2e687724481b7636f2790f70f8aa1c767bc3c6
ttp.r014.relation.1138	4909d145a9a403a6aae7ba0ce6ce54d04a0f60e2bdafbb2c98555af8628af972
ttp.r014.relation.1139	e5e54afce0cd3f47dc35e4e7a9227c46e7157f3bc4299871ea92e173e2eb0125
ttp.r014.relation.1140	ef5299d632a063a17c01394f5b388ae2025fc2945e49ed4fa6a907ab748329a5
ttp.r014.relation.1141	054368ec8e4af0d19add532928a97076775553fba3c54bfc571773aea2cc049d
ttp.r014.relation.1142	db58174268ae34b6207ed5e543bd8c76b6848b4871d035fadba282a519c19fcf
ttp.r014.relation.1143	c229229ab52bd77e52508cd317db1217d814f44437ceb3fc617831a940e503c8
ttp.r014.relation.1144	10d73008bed69218b38f852f4ee97d4b1e8cab952a3f1200871492d58a2dbee4
ttp.r014.relation.1145	ad6934b7dbea158f1ad6fd978033448fb2fa10a48ea3d803b520c433c6e77f95
ttp.r014.relation.1146	090309a2fb3e38c0e0602e91be87747122486fb18b048d992c95456f854101c1
ttp.r014.relation.1147	8846fa5b385ff4194d204097fbc8c0e6d76b18d86990ad6fe532de76695b7e2c
ttp.r014.relation.1148	118e839522780a7429d681302f19852e9d3f0252a37f33f2c397298365922024
ttp.r014.relation.1149	2f598226afb4740ee70e29024c6df2f4baa0886a95b4b0496c319418cdfafdd2
ttp.r014.relation.1150	84c5aab6d041b4cc81766804cb3302327539e8c371ca8977f56a17bb9c8d510f
ttp.r014.relation.1151	e6aab61405df7fbec7676a4212f1cf4abfe6edc9b7c01ef5998b3b5735fc631a
ttp.r014.relation.1152	92667ff6a736f9d8f5396eb2eca4fae12af48ec6db05cc7637e7351968b24b44
ttp.r014.relation.1153	02aad4d62af446676cf21275d989bd9f7b3bfcb5ead9bdada277beb37cb87a95
ttp.r014.relation.1154	3070521b7e7c73104b95630445b4e5b8860a3678b850cf54386fd7ad1f9faeb2
ttp.r014.relation.1155	05809a9140981cda1fbb48ef7b2305ee61f20cb677cc3c3d344f8eab434fb515
ttp.r014.relation.1156	f4df7936bd3b2ec98e37514e5a94cfd3e2a82320de329acb2388378d0145fb0e
ttp.r014.relation.1157	dcfc88ede936dd0085f6e0935dabcae966eba9aa7341a57f24619d896145d054
ttp.r014.relation.1158	49d47f526570cb8e2ada39c4069b74f8c0587845b0e00781ce51445d03562979
ttp.r014.relation.1159	85c47f14ad20f238c1f41c068f05da4319789d0abab9af555da660ffe58a8d40
ttp.r014.relation.1160	48c60fd7e3009232a3051d0f881216df2f1775ec3276343f9ebc36ff38374d86
ttp.r014.relation.1161	dbe7837f7b1c92fa924b00f23d8726bf683b5802afea0300e58a7ee03b4929c7
ttp.r014.relation.1162	31176962ac8d97ff276bb4a685e351710589a4b27567803d4ca2b82933b70dcd
ttp.r014.relation.1163	aefdcd316fdf7a29546832a511eb06303ebac713e20326dfe501dab279d32aee
ttp.r014.relation.1164	253fd4c54f9c34e38a82dbd9252c03b598f95f09cde924f8b7749cda2bca3fec
ttp.r014.relation.1165	6945a0cbfe7145abb8f10a8df25b789aad09cba3e8e901e5abb75577cc01c95e
ttp.r014.relation.1166	809ba06f7aa06e5b69fe399eb1a406a33aa9dc67c34e69ed783e02c265e4c88d
ttp.r014.relation.1167	46d7cbd6774ed73db45c976af8aec6e9c93f3a90b2ca09438dc5bafb7b942025
ttp.r014.relation.1168	971ef4cfdca08ca70e1c87c2c3e6cfcb995949e8a7f5d18dc0103487943f12be
ttp.r014.relation.1169	5eb9387a0654b5c02ea6e9c5290d9323cbf20fc742e1dbd369e8dd3795656312
ttp.r014.relation.1170	d79255dbe1179d9a87e23e0d22477acbc0bcfd2dab2728ee086571ff38d2f317
ttp.r014.relation.1171	b98b5182cb5efd31c407fc0883356796ad7ad1abc9e629a283f0bdd6bf623bc7
ttp.r014.relation.1172	7714f2343eca720b12e440e0c6546fa70c0340ebaa2fba2d522178556a11179a
ttp.r014.relation.1173	bde74e5f42f5c958654604045b9b6b186ff7692b00889a069c7be7ce02b2d842
ttp.r014.relation.1174	ad4c9764c794e48ed823f0698f1b8c67bf9f45f4764e68a7f4e3fdfcac9283bc
ttp.r014.relation.1175	72d2044bdfd47dcea5344e1638b22427c26c2182f0eb46f9b35425cc204cc6bf
ttp.r014.relation.1176	b2a30a9f253abdc59fc45c85712187a4c85a9a0ed1041f62d88528e1f357d1b1
ttp.r014.relation.1177	ed94ec173a2f94bdd57c29adf4d364d9ae3f643bf8ed737f6b06b17670c303c4
ttp.r014.relation.1178	507dacdb11d821f2100892682e2533892e30af8a5bb664a8b1372ab1255cfca2
ttp.r014.relation.1179	809ad90103994aac0d882929d3b311e9e303e995e3fa3410dcd710171979f938
ttp.r014.relation.1180	829db44ee75479ca8b431012095200d72cde58dc604a3492e6463a90994f70eb
ttp.r014.relation.1181	e8c87327f715d751a737d3b9ab1f1c01a5a72229bc4969874ca2b37d03dcaec2
ttp.r014.relation.1182	559d7c979db6b69baa6f70c48ed383862b9b42ae2112609395bac13dd8ec5a81
ttp.r014.relation.1183	6aec849fe23b7785529f08bcd4292077b0197b2765d6ba4ef273154713ed4137
ttp.r014.relation.1184	d10d181da5deaf90d6938656e8dd87444f6dee220c06c3e83e3444f6e5806ba9
ttp.r014.relation.1185	d72218bb72c9e0699ac495d2b3af7bc43482d9a356ba952559b1570576067147
ttp.r014.relation.1186	f2032f4575e824e86861f24c4b777344db16240c7240ccfd01fe2b36ec78df81
ttp.r014.relation.1187	cfa4fae537096212cd8dc663012555453aa85f7d2bb4b0adcc8e4f2e7877cafb
ttp.r014.relation.1188	5745b6f1a7575c00578a933c134654e4497d09d9a09eee0e3597306baecc3ac5
ttp.r014.relation.1189	2dc8e5c80f5a8601932df1a1de5b34c873bd42f39a0bf95c3723532959ac7715
ttp.r014.relation.1190	2aa20a7245d060c7be9e593c63375dd477d51099e99b8d68884663a49213b7b5
ttp.r014.relation.1191	811e5d467baaaa53e0d3fb3e7d8fe839eedad862718c819124ae7d9afe62428b
ttp.r014.relation.1192	4f587c16fd8949ee6e3ce7c8e466f24dda01072f4cbf7dfd568cc467cfcff105
ttp.r014.relation.1193	f88927e65696ce9b5e4b6096977f4d5049756b5efa17933121f7e5c068c4d35a
ttp.r014.relation.1194	3285439588618636eddaac960237215ea9a8a96d2da9225cfd5c4e686839988e
ttp.r014.relation.1195	f37faca138f167f96b8e6ab38c3b05543f8ee16458326b114d4b86a2c80ed529
ttp.r014.relation.1196	e20d466a503cac0c4875d3a83fde3a89aabcee6c1d4f18d8d58172512c1555c8
ttp.r014.relation.1197	70a9ad9cf8def0dfe4f0ad9ae16e439204a307de9b8bd08ef457ba28b31d94cf
ttp.r014.relation.1198	d04eaa0b10c6c6f464d00326000a28e900edb92bd345fa308152313fb2a5ae69
ttp.r014.relation.1199	8485dd960b8f67328acc23cff1fad84c3c89f01b929dd1d6e29318a5fa5db5c1
ttp.r014.relation.1200	dc3eec08ba8277fb8c478ec5a6bdf86ff5bf6a9bc69acfbcc611cf7a782f4e53
ttp.r014.relation.1201	76dea53a16ef2fc93446cac930c1d3fa92384d1187a5e342b5768f309ad0eae5
ttp.r014.relation.1202	c5f465e2e8b82b84f1f4c2b1386c21e58f2e70a7139aeaa51224a3a731f3aa4d
ttp.r014.relation.1203	186b9c5291e87b93e6f7a64f03bae6dafd8c605ba525cfcf83960a0c739c87b1
ttp.r014.relation.1204	cd741e697d0132e648433ec261ec25b353bd8567044cf892e858bae821d2fa30
ttp.r014.relation.1205	6e99fe18ff11a5c3ecffd301e14adce9db24e87b75672465dc3fa92dd9eabcd6
ttp.r014.relation.1206	063e2d0e5e867990b51506c19a5d252dfaa445e64426a83a7ce3a28985487e2b
ttp.r014.relation.1207	8658cc66f1da4444f0ec33493cc79b58ed885c34eb15969af95a69dd25df864b
ttp.r014.relation.1208	f5572acba877c001df01c719d5987bc98f07598624ad09e441c5cbf1c7740056
ttp.r014.relation.1209	934604d8dbcc0ba802db1e30b0b469108fdd3bb8546e9c8d73bf7bf04938b702
ttp.r014.relation.1210	14d6b3643975d1bb8bab907cea0cd15d59b565a6f5bc11ba42252e04ebcb3e01
ttp.r014.relation.1211	ef5ad30455421cffe8835a810eb3dc296955aa889c1a88dd7c16a254e47011be
ttp.r014.relation.1212	7634804d5c47a025707ec237acb2c79adca1217489d5183a770fb56a3b09c766
ttp.r014.relation.1213	faf44d10f85d0dd322d802c993e1962385907a5ee9681d0fbb57269de1ea1ccd
ttp.r014.relation.1214	c30fb4505e043972cd00b3fabba22e1d3dc92025f54983803e77645e5138ed62
ttp.r014.relation.1215	0e5786d91ba896ad1405c9cf714fc726846c85f0c399b51ac1c522142bcbc932
ttp.r014.relation.1216	98431989a945d6b6763c2f5538f477ebd473b6134cc9b00f7bbbdc2a12d68822
ttp.r014.relation.1217	15a55b71ac9ec2bf92af9bc1233483a0f2b28d056776b72db9f00065f7346561
ttp.r014.relation.1218	a6c3d7f880b95142df401215f56ecf227f2eaca7257e623ec1457bf9ef62e42e
ttp.r014.relation.1219	96f4b611a361edae6631df3d68970383ff8da752710d11238a0bf59ccd64ec7c
ttp.r014.relation.1220	d17d1c3925900000e1f0b27f00046be12164e4eb10cebf5302fec11bf1aa8503
ttp.r014.relation.1221	52ec5b6b85132f5261b27ae35caa36de80f529dd77416e3446742f0d572a39d3
ttp.r014.relation.1222	10516b68d394e0340720d3116a4bbac0f74a8ccd49ec3279dfe31f7f5eb2d0ec
ttp.r014.relation.1223	a11a2620ea5a52c9d2e98d53d9b8e952245d17886a60f812d7fba9ff2f739f54
ttp.r014.relation.1224	761bf40b04fad266aec724024367395ffee3800ef1f94041b5076d753abc8765
ttp.r014.relation.1225	2a652b7738bfc760dd7d0cdb46cae93a70731cbabff50660504dfc54dac28e4a
ttp.r014.relation.1226	7e7771f1361dc0fe6ccb2fdfc30498b915dad6dafdf605b42f10131b86c5a39c
ttp.r014.relation.1227	cc21c066d999142d417f48ffee3740e29c5c3e40b5afd346c38aaf487991c333
ttp.r014.relation.1228	5c51be5efaa096a9170a17b128e66abfc987776303a56901a002116e41cc7b7b
ttp.r014.relation.1229	13cf682bbeaaf7c9ed20de3b8b3ff6bceedba8a4e5839bc83f668aa8b2285b62
ttp.r014.relation.1230	c5a51e3a2f33b18194a3b692509d0d33ec30ddfffc55a9ff4885311243229071
ttp.r014.relation.1231	77eac1408cc029ba54ff9f0812e1ea03db6643d52a5a4f3839e0c808fb6166b7
ttp.r014.relation.1232	eeffef30d79431289b04ea16d27bc4ec031fbff47a7c4810b25fb537ee3784b9
ttp.r014.relation.1233	b63d54fbbf300c1bd336613383bc8ae56e19958dd2313f6dc2afe179087b8e3a
ttp.r014.relation.1234	7e7c58d4ec37db148faed63add77be1b50335005fe936e4372ec23799d82da80
ttp.r014.relation.1235	4b3e9fc8557af36e46e5942e89e603bfd24fe9a5ed19a7cb5bef1047b629a607
ttp.r014.relation.1236	d4d591e34984e496c47a56de11161b8507cfaef26f507cde2b8cdc883e50d597
ttp.r014.relation.1237	85afbdf22b78c53c6e844e8c8cc450cb9ca695791ec48da602d221cab2198162
ttp.r014.relation.1238	6466d4fda0d9bf04f5c54bb1a438ec20c04a3debdd4ed3ab39afd2b1a1685e1a
ttp.r014.relation.1239	d8d9fc0f4a30f5ba35121701f70776bb3114ea4d0c50464a58312a98bb6b4fff
ttp.r014.relation.1240	8dfc65174dc6b15cd03801fc9654b20861c3e378c3bf0e3ca70525f3b25d5be8
ttp.r014.relation.1241	92d123258ed5338e127ead02f84f04f9d47b56e5231fd4bfbe92dda98629b6f1
ttp.r014.relation.1242	58ad1a7c8c50ed16867fd9ac4d4574e511f2a3b44454292f4ec0c0948573445e
ttp.r014.relation.1243	1f40d1f83b94ec736eec3e7689ab21f4a4367cf40ca8dde7c397611928a8bd3c
ttp.r014.relation.1244	e2e64a4e497352fba586dfa2cbdd000634592f73b32db7f5fdfe02775dc18bee
ttp.r014.relation.1245	021c6684bcf29bf48fefb7cc2c693b78e6369020495288f7b7cd267214820922
ttp.r014.relation.1246	c7a980156ed3e818c1c9e6315ef6553f15913bf5d07e26c2f851e835baa12a3d
ttp.r014.relation.1247	fabdeb5416731ec76003083f6a3e706ce603194bfad9d3ddb2a13aab5f620124
ttp.r014.relation.1248	2f8f6af53ceda5c21e2fa0ecc997c1532f0e7c49b05bdef2fbfab30e5705048e
ttp.r014.relation.1249	090751d4c3138f3b74f6639ab82a8d12b6da59a52336f953dc26f2aa2f8c932e
ttp.r014.relation.1250	91d0c2c7950c998417d4e8a77aa19d9dd36167a0c5af685263a9a9c920388a52
ttp.r014.relation.1251	751d3d42cdc0694734e43c6a64a8225f50a2be012406d7bec99a1da06d729a07
ttp.r014.relation.1252	ba7b092d10b2e10da29fbcd0db4ad49a4d290beb3523d729316dc4845a735bfc
ttp.r014.relation.1253	081c09f15ba6d7f3fea7f7bf032a10c260478be5206b32b94c640ede86b9f99c
ttp.r014.relation.1254	dc58e62cba57ac8d700016a1c700880f375c156f8ed3b683147c5b361d7eaf33
ttp.r014.relation.1255	b4e93f52aad15253c6e47a0cad21d3d76dd65589b7147fa51efcc827e081006c
ttp.r014.relation.1256	c652cd8786725abd124cbff7d57d24423e37a7882be0c51fcaf2f0f49b2d5d91
ttp.r014.relation.1257	e64df847b7a52e5970bc5c48cc50b0bd9ddefa9e32397a9095ca14dd22d6d3df
ttp.r014.relation.1258	0fb1f176c8682b065bf58486d6c79a14bf8968f50af32fe1dc0b20904ee26a12
ttp.r014.relation.1259	8c996f472a4ee7720c9133b3ee8d7b1b9ef1626664edd2c95fc432708c8be83b
ttp.r014.relation.1260	a9adda61173244aa8bf600319247bd489a5203d0a982dc5fe00f74537da6d6ff
ttp.r014.relation.1261	598218106760ec76cfe9ae181f460bdf1b9275415497c8ddb171b1bf1bc4d1b6
ttp.r014.relation.1262	2c3efe390076125ac0b365d21241e234fd00b65d5425aea4f0291740cc9e63d8
ttp.r014.relation.1263	e8057ce3f23905354542ef67bf9d99e314fe0d715ec7874db4a498c3e6f39067
ttp.r014.relation.1264	cb7f1e8e746466ccd9d33c4fe5aba686a5f27d0e0df9fd88df5fbc8a796f9b6b
ttp.r014.relation.1265	42348f192327f0d5be9c10e988e63ea349df2d9842820f15108e885d8acb970c
ttp.r014.relation.1266	45638be07ddf4ac4d7fa58a29b40d0a4a6c0cc4d03f1583262f8e0b250ef0f0f
ttp.r014.relation.1267	44ef695969e3f8a3f191737e6717661c77763459934e7bc3718990674bec67c7
ttp.r014.relation.1268	e8e5eb5d1feeb415aa6bd484135b4465ea558de321efef2e27a73d42e5ab3d1f
ttp.r014.relation.1269	5add08aeeea670c249ba1722581bb076c9839a3881eedc468c476cfdad2872af
ttp.r014.relation.1270	13719a48988019b6a0c623aa958f38022c41127bed343a0da0280f852ca5bcab
ttp.r014.relation.1271	2aafdd418e8213c811c01cb0f7bbdbb4113fc2e0d46b8fc66af8b739f2940283
ttp.r014.relation.1272	ddfb6eeba7a7f6945cc94d035d5624e584c65d4623a3cf18b8e8d026228ce118
ttp.r014.relation.1273	79dcea5d1a382353f1cedb30670af3320b9030bc6279399986112d9807c5bec4
ttp.r014.relation.1274	81b52bd16233a6610ca13fae4dcfe25fad42b9fe8425204d0c1b1d4aea936ee6
ttp.r014.relation.1275	4ae83ab545804baaccbeb18552733850cc0aae8fa9ef94fea4767b3d560c9d34
ttp.r014.relation.1276	39cb13f93db2044a143991e25ce2f47976e4777ce2d9d50be5e6e7040f47ad11
ttp.r014.relation.1277	160fb9dcccc966784e86af88cfaba8d322e10027424c61adb0afd8e3f00b10a1
ttp.r014.relation.1278	7fe30ec946a5e2b9dc46630b945e303d2e7ce5b3657bbb30054fbcd6e7e5a955
ttp.r014.relation.1279	bec59e0ba904e7970674b55a94cccc397112da45444c589049174f27877fd976
ttp.r014.relation.1280	17b41dc471615173e72dd40f226faff2b92512b02545e731e429c85b3703094b
ttp.r014.relation.1281	7243c1d27577be153a97ff1f551180174da06a93a9a9ad5b3ac467c05190ca54
ttp.r014.relation.1282	deef2c86c5a6b4d552c5453363f1a2cab04f5316a10aa0314cc8b469928c3e6f
ttp.r014.relation.1283	41732d4dbc092ae4334196750816c3df4f486f036677ed8d7fe61e7bd78e69a6
ttp.r014.relation.1284	d6b85b35d24187427bb4906e9c8c7982c1c697ef6f4183797c3f9b8fa1ba0702
ttp.r014.relation.1285	54ca138e1755f588d6882cc1429dd562f4edff90e8f0be5d87db1ebd31725e55
ttp.r014.relation.1286	5743be98036d14d771695beef73017ad2c8677aedf10fc525b3949fae592313b
ttp.r014.relation.1287	245436d03ab71fc4aa5fb8cf0866abe5dcb725452327d0fb6c11814c1ef629e2
ttp.r014.relation.1288	f55c446d2eb1c82f62963c3f4a070425f5653df96759c87b56fd8c363b862f74
ttp.r014.relation.1289	99843ea1cb76d61f0b11c1ae20ac5816be2a6acccbcfc8fd3016665c6b55d7a7
ttp.r014.relation.1290	e670a3fe8193befea7a6bca19d62bbe7be161568564d341044e5f78d9025aaa1
ttp.r014.relation.1291	592a009e57723cfd5a9d2f0346431410f534272fe519cd0213fe723e2b3dec90
ttp.r014.relation.1292	44541eac0fcfc00d0dbc8257be57c57fc9afd33e4892cb1748bd3fdd8cfe54dc
ttp.r014.relation.1293	849bf40c36090475c61b5937bc0166d6b1203c4dabc75f5213e5fc1fdee3695c
ttp.r014.relation.1294	78f77451587d027b776eef3cc6b931af03ed6fcc77e5d2c85402d5c0850da764
ttp.r014.relation.1295	12a8ba2765aeb03ad2891c2fc5361333393b7678716be72498382e2a8a26aa4c
ttp.r014.relation.1296	4d7545fb46f61ba9031986e991258531a57c51f7fb572c49d889c7b270b269a5
ttp.r014.relation.1297	15ae0b10f00847d02c94b7e2976d4a8cc8a2a98a7d94b1592895fcf0210a50da
ttp.r014.relation.1298	fffea7db29c77e96e6e391c50c5611c0543167f13aaee043d456ac06460c2732
ttp.r014.relation.1299	378f0678d6107d19ed62784be22df8bab98a9e7b62e54528f41ff91ced505487
ttp.r014.relation.1300	e631fb6c7e16d47e7cd13d17e990c763f1d1176bd8a16513c0adf9cd595c6182
ttp.r014.relation.1301	45e3bfd5d59d9b666f64813ff12b80b786846a4a649c152221fa4a9c0f4f49f1
ttp.r014.relation.1302	2540edcd78252f3c5695d6a0a3f1b691157c63bf598a86d98ea97e5a1f25a13b
ttp.r014.relation.1303	4896fc57ce3f90ec891a90c2a1fc269cdb449d3c64a6c79791514677dac0bfde
ttp.r014.relation.1304	8ac1238eaee54039df276cb1d7855085101f00ae5676d811933f135acdd71778
ttp.r014.relation.1305	b0e2e7f98ac8a40ae0953a2ef965831ff8fdb895fb60ebd39a4fe0e169f524c3
ttp.r014.relation.1306	8784491073f05954d1c106541a20bab9b80e71dc21927d9b9b62c55d08c2e045
ttp.r014.relation.1307	11e8a6d90cd7cc3c28b457ec838ba8dc7ca105ee85500580755c1451d4c52fe0
ttp.r014.relation.1308	609cedf0901508ca2aa8266b3a7c395bc9722a042095273f171402327f4e6c9b
ttp.r014.relation.1309	02755c0815afa829a69b54b3bfcaf70b486abb9971aae3132a7c25d9014d86c1
ttp.r014.relation.1310	64b54df8f66fe09f4dccb1047a39ec35c261cfe9b06444ba4f21a6b14d708ecf
ttp.r014.relation.1311	bb8cc3d474443bad70f7d028639a44b9213792828ff1e7b89fbc7f27c0e84797
ttp.r014.relation.1312	95f56f37812733cd7f1c526fcaf21cadb514f749731a6255ee3c75753fb20f1b
ttp.r014.relation.1313	720dde7208374e71a32830c05ab60d0f51f7fbc6feadb669f85d42fb17d0ba2d
ttp.r014.relation.1314	75225dccb0be65d90e03ff5643ff9d756c9da6c12ecba3ea6116a326a030456a
ttp.r014.relation.1315	87d807d0afec83fc7aa912103de2cbdf293c939ed49ca389d02fb60d97628183
ttp.r014.relation.1316	336603cee5a26af5469d897ebbd79ef5196b5b35758a610197d431731b9d1fe3
ttp.r014.relation.1317	8aebfed566ef163b4b8ea91b5042893b5b0be92b59c7fb72650428c72d3bc395
ttp.r014.relation.1318	06d69c7003e3c4def0243dc6ea2f8855b526368c9321605f4c153efe5032447f
ttp.r014.relation.1319	f34e19a8e4a8f186a8df8c096d879b512d66041650abbab25f96c7145d251b72
ttp.r014.relation.1320	b22901638b215b778dca8e9f62de9efb635856fd5caa9e26852edc2c7df8b7ba
ttp.r014.relation.1321	8990845d750d55fd8fa0984a4f9c8de75a1ba2c0f8ebd81fb61cdbfa2e23d206
ttp.r014.relation.1322	b9477ee417789ad54a77ce16a90e40c76abbac773de703598b81da032d5ae5ab
ttp.r014.relation.1323	efa4e91eea63387b9cc35a1b340125b7d36a29c2616535d39c0f37e171a98982
ttp.r014.relation.1324	a9c57bbc0f449e02b50425329fb8389d4d7d8cf663d2c7531d17eeb76fe3231d
ttp.r014.relation.1325	2a4ee2f470cd60b2e9b23f0e2cef31a6b3d486db6778cd733376d45a62fd2c6f
ttp.r014.relation.1326	57f12c1003905853d24785a95ed286873a529edd2dcab2e9339a1749efe29917
ttp.r014.relation.1327	7b85138b59dfc2232d25ed2d9a14134153fb2ed3d7ff126a47ba53f532294a0f
ttp.r014.relation.1328	09a2705f132c0ebb114534eff5a373d646b342a8d04cb4dd461a414c6763574b
ttp.r014.relation.1329	bbaa32a44d255783bfd6ed71482f4767d7392a1ca36c442417f0d48013afba09
ttp.r014.relation.1330	306bf78e676973982fe881eeeeaf818bd40767437f545ebf2553bb82385a631c
ttp.r014.relation.1331	a3ab09db9b0af785046299f8d9654fe8b252d00006115773098dbf602e8cef97
ttp.r014.relation.1332	809b2121948783c84952bd6250a98367fbaabc5a44192f476affea1ef801c389
ttp.r014.relation.1333	4861ab49c81b1ee4404b94aa82f5bf2b0ffacea2ad67a082580441bb24764724
ttp.r014.relation.1334	1442c2a22da4c037b9bd813f221e31ba77199ff8d58121963edc6975aa97f038
ttp.r014.relation.1335	545aa25650f6effb5ec8c5ce8f968b41209cff8bb7aa0076c76855410acc825f
ttp.r014.relation.1336	ffc452f205529264d339318a3955b3272c8099aad4ab8b73cc624b73335c6054
ttp.r014.relation.1337	f555770f33f9b7d9aaa3efdd0fad33a865dc3f1740b9ee2c050edeca79cace75
ttp.r014.relation.1338	df61b667daad80dcf0122f1862a23f1fd0a4fbf7728368ddf79a1e982ca5695c
ttp.r014.relation.1339	d548ed6350a99da913c5e585fccdd39e330ebec9e6dea66935509411aabd425f
ttp.r014.relation.1340	8d11ccc5c4693104c6b039a2a23527f30ac6136c8393db4e830729057ce53be0
ttp.r014.relation.1341	649444d08d0890e0b3cd9e03337ce53ffd1d539a2cfac9eb51848ebbef2450e8
ttp.r014.relation.1342	dd43636ed05d55e9e6ff1f8077e8f3df5d4f4224314354fd2a7f5c7f9bc4cda3
ttp.r014.relation.1343	a73d0a2f667acbbf0349852194be22e254ec2e80d7a7fa207d39afe50be76165
ttp.r014.relation.1344	a0df602332a5777a263dd93538cdae254746a017bf71f2a93c9701d43de2accc
ttp.r014.relation.1345	023da60c20030245425a926db621830fd368eeb634923ab3ab1c2c54cb12d812
ttp.r014.relation.1346	66c62c0d3725aab0a50dcd4d1b2e40536d0c14f862fcf58c7111ca97525282ba
ttp.r014.relation.1347	4f12d2b160b64a917f83afda69bcf191f74503b2b5a4b9a38e3e55715629dada
ttp.r014.relation.1348	0e0e4997e3f6c0e6ec786297cdb46c4231c3e9643a6f9af593206844d671540c
ttp.r014.relation.1349	d9f4f620e29fedceeee8d5b25d01fb46aa75c23d1643ce824004e1edcb0cc2e7
ttp.r014.relation.1350	9046ff3afa625bc0cf9feec6b928f15d889d4c0fca5d447247ca28a42184bca8
ttp.r014.relation.1351	dcb168b7c000500f0addd848d8710705918e8b46ca8bdf1782383046aca4c0cb
ttp.r014.relation.1352	b0ca923848f56d04654c2da2b35bc6bc630de09ed7cec32a56f76726ad5b1ae3
ttp.r014.relation.1353	5c26803b37885c677194b35fdaa6740bd35410d3a0d2f04b883ac651b9e68a04
ttp.r014.relation.1354	7c56ec2b54f631a93c55eeff7bdc9151125ab6dd4339699ca9161b313a9291c8
ttp.r014.relation.1355	5cc27236cc097931ac5c674c284b65aac4db7665efa0ad0707a100c402ab1306
ttp.r014.relation.1356	7700b66a9ccdec099668b59a111742083a301374a2b79581d09040c4364630ca
ttp.r014.relation.1357	40ff548957eb595049384a36e7cc03631dab5b6b7cf9f0ed6e6f310ae9b54adf
ttp.r014.relation.1358	90af9cd5fa7b7b1bbb33e82477e35bb2dde651ef368d30c27d43d5cb99fb830b
ttp.r014.relation.1359	75340d70511b23f83eb8e6bb2eb5cd80d3277753160dde4455f1d2461ab37345
ttp.r014.relation.1360	46948a4f07727a18059741cd13b9fa4153afa49637b5ab02118347fe7b3fb9f2
ttp.r014.relation.1361	0720fca7c6ba7a31d5516a8fe62afe7c3b833eae3400455b666d392232458a49
ttp.r014.relation.1362	6f893d6d9d45c9ef16388eb9c98b849f94b81a43496c56dde9427f0d8414478f
ttp.r014.relation.1363	b50348afd98ab363812b957c27b7a071b3cb52c1ae9901b13d0b2da4ed659c7b
ttp.r014.relation.1364	b73e8c6aca540bbecb807b28b84850f65d03d74d521d0fba3b2c92c30401722f
ttp.r014.relation.1365	fa9340e7a2d179d00b8093ba51e49d6fa610f673c5ecdb9a85317b575363f8e8
ttp.r014.relation.1366	e151a869f4383cc5e06f2e78b9ecac76ce9ec0d615006949d8af7a6f55107854
ttp.r014.relation.1367	bc71c5ccd2a85512a17bbdda68e17d8827f44600b4caa802fe36fbd1e1ed829b
ttp.r014.relation.1368	b55baba8532691b77711c557bac5400d66344bb8571a4037e8af21085236a3df
ttp.r014.relation.1369	753c6504132b0b11ae1f7eb7bffc91d200e6fbf86f6f8122524853a3d23d3a72
ttp.r014.relation.1370	7f730a61289f767204c975aa90f7f32c2ff916cf2a65a961f283e7bcd2aa37c0
ttp.r014.relation.1371	f51ba9fac98e8fc82e737fd496f7e7b0b84b5e1a063f275296a2e68f7a80636e
ttp.r014.relation.1372	750dc903429743962aa4eff093afee913ac64d0cc5f729e8b495b8fa82d72d9b
ttp.r014.relation.1373	480f67e79363c6ca957c98a757a3c982b124630b9224d8e8a3459220ce11d193
ttp.r014.relation.1374	582f06386ac44a28db7be6e9fc36bb6f36719d2485834671f69015202987c254
ttp.r014.relation.1375	7efd77636606be54270c09f3e1525218137797026c8dfad55088424815a80ca3
ttp.r014.relation.1376	697a63f32dcffd61356dab79194388ab621103874a5a9ea3d6ec303a2da4de0a
ttp.r014.relation.1377	6555f7cd736f576d657136db58c95021c87d9cfae8c5395418c2e96c71989fc9
ttp.r014.relation.1378	a4f14e6213f57027459d9cbe216b8b11ceecfacfaca8d41329acb577fbecf44c
ttp.r014.relation.1379	05f43717a07e77db77c95cb748ee188ddd696527a919a7e052a3467bdcaf71bd
ttp.r014.relation.1380	df100b3566e8090a9e5724ab4572d9ad64161a97ae9353a3e399e7110be920b5
ttp.r014.relation.1381	4b4aab7b11569c76b6cb9c3f33e642ba73dfc4b59105e78862ac3c31e153e65c
ttp.r014.relation.1382	cd85de4aeee6ef5558b3657c9d1fcecbe8a3e362ca59339afd860dec8779e6ef
ttp.r014.relation.1383	90f76187d0739096a8669a227bcbfc7b87e5de97cd75702db413d193cb94157c
ttp.r014.relation.1384	8ac6be66769d6c091fa93a916f6bf7ec4b9d58c42919eb66306fed4123e08252
ttp.r014.relation.1385	c3588d9ca240631c3ba0a5b95875181b424576318e938e25fd128626a5b99b2c
ttp.r014.relation.1386	a24dca452fcc7ee5a208faca3d150337a77fd3dfd35c9a94d8efb86988892b46
ttp.r014.relation.1387	150fbef54d83d1e77b6f88d5b973280eddb4c9add28c936f43fc8e3edff572dc
ttp.r014.relation.1388	b3f5de392e40bd4b91af411f17523d4ec9d346a0ebdb2f8e5a9c570681e8905c
ttp.r014.relation.1389	95fe3ca5d082316231129be33ac205849fbefb710c396333b53857de6889b324
ttp.r014.relation.1390	190505efbd5afffd196b867109a15a3b99ec27c893adaf1b60515299ff1d18db
ttp.r014.relation.1391	aa3b2cd1aa2647f0f479ac1887ee378b58834dfd3344ce3bc93529df8ff2f671
ttp.r014.relation.1392	f272432120f2fb28cdecf8191994b2d026d089ff7b856a9283d77b21ebbb4e51
ttp.r014.relation.1393	b52b4123b998eb4409cb129bbbdc951f09d713676c5458b639eddeb50069b4ab
ttp.r014.relation.1394	ec2dc5b48d7937b79f60e504fa2d561754754885e2dcdb74dbec753d11ea8e4d
ttp.r014.relation.1395	7cfe5bd68b8bbd0016d1ff8b144a23e640ecaf94f8aca7c5adb08c98fd1cdc68
ttp.r014.relation.1396	4bf0504f1c1d74fe880cbc06327599319faa66bfc50dace74e51d6bdaa51c643
ttp.r014.relation.1397	c13a2960d8570bddd09bf1ecdebc7788b63f97466ab7e5db97b5b621d273d4fd
ttp.r014.relation.1398	242ec75535cf3535ef9ce109932440af9f3e72029e938ab050726d93eac5bfad
ttp.r014.relation.1399	8906c67f161194d86ff63725fff3d6f04039f6f3b7479029315c13965de1fe6d
ttp.r014.relation.1400	ee16c1b7f53e8da1478d9abd23264a569cafef7b20b12cca396b57dd3d7f9008
ttp.r014.relation.1401	cf3f37ce5db89104dc39204df15254a860be92b40361b263e2ddec5417b85df9
ttp.r014.relation.1402	73e56a3c7e0309d9e4e4d52fe7a6bb71578fc0324e7ed7410fc723356c192f3b
ttp.r014.relation.1403	93a8cb47e37ac4c21cf186d017ea33ab1f2b7c42b1962229132da7af58fc4e91
ttp.r014.relation.1404	a2baddc27795fafb80aedf62e7f65d662ee7a31e75e3ccb7cab90738362967dd
ttp.r014.relation.1405	0ce7e9d8ad2426c56c8bc3fb3efe6805c2de99bf269e5a530581861ef1798c4f
ttp.r014.relation.1406	78ac3515dbdec2588579673b2da87601b737600c56a19a1d4b38edf9897dfe96
ttp.r014.relation.1407	9f6a6a44f6ed17a5f0207aca23e741f21ffd012c60bc0ff55b93ae5ac4068c05
ttp.r014.relation.1408	a688674f3048d4e2af28571d50b4d53b836cd5e804fcc7a80567b4d29393a5c1
ttp.r014.relation.1409	3113a57182a3c28e18799f92eec4801e5dcdc61ce402edec634834fd79052642
ttp.r014.relation.1410	8289844824103c0318b95423080ce91784fa44b0ea49a70d356114b87c34b6f5
ttp.r014.relation.1411	be215ffef0b67a643b71a69b2b558e0986b8776350556af62f895878088deb0f
ttp.r014.relation.1412	3c67e71e4620e6cdeddc420efd19e7acd503b3c95849b06c969d4d2a3ac085fc
ttp.r014.relation.1413	36d82a557a58cdf3eb8406b807b67c2e9fd6e53782bf33525c8de1bf6a2186f6
ttp.r014.relation.1414	267449a1c87b5e0a6222e9134462ce224222953681e63cb6ae0e69878d98ebd1
ttp.r014.relation.1415	3c0ddf7e75f9398464a9c748656248f7adf19ff376e120936b773e14c780afc3
ttp.r014.relation.1416	a2372d44d20b52e066479a10c0d519483f4b96278746c316d65a08420ffbc347
ttp.r014.relation.1417	71ded21bd48aaaa9e83edf72f71e4e6276fab249159ec4e4b97db5837678c219
ttp.r014.relation.1418	348ed80ea9c5a7ebaeb09923021997e4d03f0361dabede5fdf194b3a53333213
ttp.r014.relation.1419	2757c60daa833db0dc421f841dd412c786594fc25930b04b7bb1f32f18520a3e
ttp.r014.relation.1420	64bc67a3803b72f7eaad308404f9a1501ac7017cf32bcbfc9e8c5072118b9f23
ttp.r014.relation.1421	5cff065f79b6c9a3b90a7cfcf4ef706235dc4c4e4be4451e02b8d1d4205c176e
ttp.r014.relation.1422	06de8e4d3653b3a177e46dedf9c7e8a2b89c05562b720f5bc25abcef949eee20
ttp.r014.relation.1423	e3dbd40e1fa3bdb07df182f94a9da96b7436af347cd3c0be75f14b7b770fb2d8
ttp.r014.relation.1424	23ff3f9928e858302608e95eeb4e9383f611bcaf8659dd26e70dfe1d6af09190
ttp.r014.relation.1425	b56122e01d1ae1d046a538f125cfa2e98809c07c1df9489c00c41ac57b356b84
ttp.r014.relation.1426	63725748d0c3a8b5a4b1365eede551a50029a3bcb1fdd4aa3e446b479f7ec8f0
ttp.r014.relation.1427	5b9e29444b0f4072d7f668965c5d80788954aefe2a07b78190c88a8d9ee30602
ttp.r014.relation.1428	a880dd93ad9e4a8a356a39ff525745c6eae65d70144afa67a1f85042641552f0
ttp.r014.relation.1429	674ba881396df16150f1bffc58c06db9f1944518c37571edfab71d6478bb43cf
ttp.r014.relation.1430	b3814655a82025fd6a322160563b8d69eb0105c2c5b731eebca57e977d09fdc4
ttp.r014.relation.1431	958faae5817ba6127b14b370f49d1009311b95c8107ba9843aa9c66bb2b5646c
ttp.r014.relation.1432	5586e1a3b2813ebf65c310d67fd337cec1b0ecbfe4774a931bd5f13d8ac32701
ttp.r014.relation.1433	8e807af2e1e2ae8e599e1bdf1ce6293f9d338e856029a106aa19daa628ff8a23
ttp.r014.relation.1434	7e130b845c0f0870ed3155f8e4f002b1b6ef8fd0acadab603b492693ea386a11
ttp.r014.relation.1435	08bc08d7d9183ac2ba3b236db17500b7cd0f9642a9255a7c4c13ba6d4d6609d0
ttp.r014.relation.1436	08daab84434b256c038ad0921c10d814da265f1838ff85b53d13cf017c05432b
ttp.r014.relation.1437	8e9664fab8dceba17e489bc69794cdf978b3f98fc396cfa80693b63249d66fea
ttp.r014.relation.1438	f985c2ded5d4eb6f25dc0087073f26cafbeac422ee7db539a43f28baea27ab92
ttp.r014.relation.1439	ba75feddbfcd33f425cb08572e45f1a2ab8716b39a28b5da14c95cab9b9a5287
ttp.r014.relation.1440	96b078efa4094c47f093ced8c1315c5bb4cb352c98c4f8424afb1294264440c5
ttp.r014.relation.1441	93de6196670eb1c994a48c814cb6eb7ad50adba8716d1d84026c86bf41b1fdf4
ttp.r014.relation.1442	fc4803553727dcf402d7c73fd70ea66a12107ee4194308d89a27d556e3bb49e7
ttp.r014.relation.1443	c73dd30b90825d301d586a8e6c71b6f148179e5f69f3cfbf18e024a0124f3102
ttp.r014.relation.1444	a49f19b5971a06feeab13f69a618ee8c3229e310b63806c923364173af2da5ab
ttp.r014.relation.1445	d358a16a30d946234ea8bf95b5e2bfea66031315c95b45e869a0306a9508add3
ttp.r014.relation.1446	c4304965e774605152cc7f6beaea494e26f8e7c6ececc30818289ab250f1da14
ttp.r014.relation.1447	10ca33429fbf9bf4a28fb8bce66b087cdb2f10ce1c6fdeee064e046498fc1581
ttp.r014.relation.1448	87c66cf354dd00bd45594acaa8c60831299c52213951439cb46c5b9498ea0cd0
ttp.r014.relation.1449	a553606b5a3f2a82e8a94961584b88800acd1fb8796d2c71771c29e0e1de1380
ttp.r014.relation.1450	affaf95878b6f44c4b63eb6ebf2a61f71584c2e934c94b6e0d492191fde9f92b
ttp.r014.relation.1451	964f23a4a14a2c0d76572b5a36af43cf4ec478c9aa2f73c744123317e30491ab
ttp.r014.relation.1452	0bc0946d3d771ede838b29cc2574ad3436b893ba62c885456bc760d315c07cdd
ttp.r014.relation.1453	c7f7e15e910392fc12c345ae8754a603d0dbe50484a6cfb020d212db02d8a0c1
ttp.r014.relation.1454	8c3d3a21ca179b5b447444656656f91bafb9dd1f03357ea2c575fd0b47cd0637
ttp.r014.relation.1455	72a413963d7f78377b802dc7cf7d8b544b7ed86334f586ac7dd1c081e9a9ffd5
ttp.r014.relation.1456	67c17c17d8ca92dce0bc68acaa5d3ec7288154234fe255393ebe1b3fffe7298a
ttp.r014.relation.1457	4394fe3ef7a837654cb04a20d55f885f7a007c6d06c3f5d273ac58bcbe26d851
ttp.r014.relation.1458	dd8b9bc300b6b5df3ea1865ae6161cdbb4ebc044867693f6d26bdcf6047314b4
ttp.r014.relation.1459	e1cffe71d785529a8cd9b3f8a6ffbfb4443930cfe8f82753390d01a055c6b82d
ttp.r014.relation.1460	c8825787e727463f33ab53bce8f44882998dc2d27e76c94ed689268408a9e5f2
ttp.r014.relation.1461	267b44b01b9d0396477fb19859889c36885c98c22013d7d5e09dbf127e92fdea
ttp.r014.relation.1462	14846d742ed30238dbaa9929fbbe9431899b195e6c0272016bea4f25227115ea
ttp.r014.relation.1463	c9e32228d4a069a690e12c89da55a1b947265c4a46308ca196b37528d0fa99cc
ttp.r014.relation.1464	2dc2cbfa77b53f3a3b0e35b49f6e77a11678ca85f068dd435c1df37667ef6fb3
ttp.r014.relation.1465	bd6757719d7439632240d0a57529afde7e97cceb2932bf144054062a89f2c99d
ttp.r014.relation.1466	89ab5ea3badd71cc25829489c94a714530d2b731a67443e6ba79525bd137b0fe
ttp.r014.relation.1467	a4c2ba14dc2cb7790e127e9e7298de8e99cb44075250dcfb5a604e2dfdd9a46a
ttp.r014.relation.1468	857a7cd480cf5e5b9a6e53a2576d91ee09e7ed5e325959a97a255618b319e7fb
ttp.r014.relation.1469	22e827c8f6b586827ec0ef89d59d29365df76ed0f94f2d0805ed24bb9966b9f7
ttp.r014.relation.1470	541cd56e243ba35022b1631e0a27ad168a926d249b488a0c01bfd1b765e4afd2
ttp.r014.relation.1471	4003ae816de7bb6ae4fe726513302f25585f875dedcadad108de4d79a3c31107
ttp.r014.relation.1472	46686cb2a76f61a3f82a0763c6fa712f36089c0f14840a39bd351ac3b85d69c7
ttp.r014.relation.1473	605990957cb46f87c1ac7417d0f9600b3b61fe9b4b7fd6a9959be9c44bf1557a
ttp.r014.relation.1474	c694180376350356cd9d1c1e2f0763009870fe16215f3c906a819e64665f6826
ttp.r014.relation.1475	eb5d3218296c746b867d2013859145e6919fc61374dadebfbfac17db6130c85b
ttp.r014.relation.1476	2da92c1abe6b4233ef15c37c7b435817ec37c7d6bd7cdcaf0994325aea6fba9d
ttp.r014.relation.1477	1502a4a86e02203c80795a5ceb3faab1c456d9383ab3b17bb663a6adb46d790e
ttp.r014.relation.1478	db73aa99e5e348bd3b145d4a53c1e8fe939c8dcba0830b0294499a0ca7b42837
ttp.r014.relation.1479	23bf1d7398e8259561d60b0fc23de7519ed2c1916a3e17cbfdf76c34c358f416
ttp.r014.relation.1480	e3d12f838c86b12c011fc644dfe3307c7ab25595e98973adc53e041d1f1a2aba
ttp.r014.relation.1481	9057a882d061a37130bc4b93318f2e141dbba77a7180ad17ceb783daab88b965
ttp.r014.relation.1482	55f0c260291e3647692349568c1e6d1a772798b63997c324cfcc076626545e84
ttp.r014.relation.1483	6b443c42efc5a315d47552bc195d85541f06c9e3dd4d3854f42cf7eeffcc1a1f
ttp.r014.relation.1484	f6fb69e13cbb28922be538acaf497f6b7d366c310ce82d6fe2e0ff9702c46f45
ttp.r014.relation.1485	730f034208aeadacca7d3f354a8ca82645a78da2a13a580a1bac47c31471257d
ttp.r014.relation.1486	8dcc84e56aa5188888914dd50be85f876e30c00ef637745ba93351baee1e0e0e
ttp.r014.relation.1487	a64cba32fa61043f812bfa96c1718e6e663f6d0ef196bd9b6b3eeda08a6c612f
ttp.r014.relation.1488	9490465cad90786e0726446f47458e3fc8345ff805ae41c798787875d0085143
ttp.r014.relation.1489	7956158220e9c3854227c53965a8a924c4b7d79802f818f0fdf9f492e0bf50b8
ttp.r014.relation.1490	4366059486b1ca8a3aca200c4bc5cad25f3d55be59a8b2741d1c646d8b0710be
ttp.r014.relation.1491	2c9fd0f7707970fd4f2925d6578198cc88bed460b2cffdf87c32e138e510803d
ttp.r014.relation.1492	75334cff4008311ee14486950ceb5f2a3175a2d04ee094fb93088c7ada9cae9a
ttp.r014.relation.1493	284075a99408cf711783ad3d93154ae5a3a44efb1a0a73ec08e8f0bca6789dda
ttp.r014.relation.1494	238c5e5d6dee037744c0bb09b093d5c93f8090cf1f74fb2d6b1ce6e14352206b
ttp.r014.relation.1495	78037277e982150947eada583d9bf45aa55ea99ad3c1c78b09c46f7bfddec32a
ttp.r014.relation.1496	46635735c48422d47f8198949964fe961a10012535b06873fd3ce78414cb4e65
ttp.r014.relation.1497	da458391cca3bca2de9f4df40d09ee396d21b2b643baccdb9c3884834a04e6bb
ttp.r014.relation.1498	ef1a8e5437b76e2278a241fe9d7873665780547737c9eccd3d498c6c0b8842a2
ttp.r014.relation.1499	9ea682ef8256538eb40880cfb3789238a215ef9f8b6b42f75b57f865127b827c
ttp.r014.relation.1500	cef4e7e174f48f1bc8ff0b7f037008e6482c3d1d23c95ff5850028c02c6b0801
ttp.r014.relation.1501	b686161f7ee800319f61383229551ce11489b2d8188f24c602f8fa9dbf345d0a
ttp.r014.relation.1502	50a14e88d91ba21ac597266d83aff0c13488f717f19bee1ceb97c60c425ae453
ttp.r014.relation.1503	112a4e8a950f1d71dbf56b2b68e180768a9444521fc5915c61f3d6f2a7aee109
ttp.r014.relation.1504	9e57a340bf49914623269a51264e8133284fa00727df4519a84d42bd0b81862a
ttp.r014.relation.1505	c3da89c2af85e89575cc86db89a84b3d3705b35a6f54f910f5fe9454dd5b60b2
ttp.r014.relation.1506	b290115d1331fd4779bf81c1758c17d9582830f8f7b72a892a55150e56c2bd84
ttp.r014.relation.1507	15d8d18f45b65938c0988904e45f8f5f4222d8939dc01b8ac522fc8132d8f3b0
ttp.r014.relation.1508	40f7b2a383cf7cc020dbd33e1709e130586947af45cbcbd24c55f9133781befb
ttp.r014.relation.1509	9f36f595edc3ab71ae3b537d07ee40208f564a409883a3802dd894a108e0f71f
ttp.r014.relation.1510	a06ccabaeaff70d2ae9fa48678e551bd1c8edc5c8c5b90c99d460e5ac90c7743
ttp.r014.relation.1511	3d6aa4df662ad717c0264854389c3adb9afa55570d6e1137d87b1345db4d5cdc
ttp.r014.relation.1512	a086404faca53237b1fe7f506d04494f615fa5dde708f8c6de35f4173131284b
ttp.r014.relation.1513	d8aa5910dce028fd7856107aedd7224b70a31822679888835ddfc48a6658ab89
ttp.r014.relation.1514	bb6fd5c4e0235ea048ec6fac7705cf41d5708362d30b14adec6646cfed5eb98a
ttp.r014.relation.1515	494dc87cbc352897be8dea1d43748e71a6ea5d0bf9231d85a5684a646b09fd00
ttp.r014.relation.1516	7a7cb866e59f15afbfe014cf0627ecf93c06d24cbcf189945e04151f2239d57f
ttp.r014.relation.1517	daf600ebb5b97ba8b401a4d97c292488ad354f4581b33daa6b453dc3426f3b2a
ttp.r014.relation.1518	668b98dbf63483271e10fa1e9f56f21a9450f4212c9866abc29842f94f9e85a4
ttp.r014.relation.1519	c7e5dcc0c235eaa318811cfd41f7dba52514f8a575d816080feba9b1975865ac
ttp.r014.relation.1520	6ca37aceed196a646e5782b8bd5893acc3900aafb02fec24b49fa77633c3e207
ttp.r014.relation.1521	a49ebd9227c3f58b3f5384d5367b35246ff074a2d86cf7dd714dd2168b7eb187
ttp.r014.relation.1522	f41eacbc175ec98ae999dff5297b34fe0e0ccd8a5d0556d4a513a8f2df5c4bf0
ttp.r014.relation.1523	c21966ecda6acf221783a13f2d24ddcb151642362e68e1b3a9367f6e363a43b5
ttp.r014.relation.1524	03aa280dd6c95e706e777e41a3c53f88fd6ebee7fc2e4033ce464408fd20e75e
ttp.r014.relation.1525	d442d8567124efc36ad53512de5f661f19bb172e3a563db165286840b16cc9bd
ttp.r014.relation.1526	0b11ed29eca5c15fe6edf99939fae8d21010686b499c2bd5259b4f9150eb1e32
ttp.r014.relation.1527	2e646f586812e422a8725e13bbef58afa54770a411adf77388863250de683602
ttp.r014.relation.1528	51ed8701b69010a96fa57c44068df03a72068a678b5a04ba13711a960562be50
ttp.r014.relation.1529	e898343ed69b01fc7ce0fa60804c18b8080c4150160083e84893551c5c6d3830
ttp.r014.relation.1530	94a84e7f029224071a8d3fc9f1290d09eccc180d746c211716e116630f338be8
ttp.r014.relation.1531	ab402ca2fe0d7c18b40a11ff1f51f9051e97262692c4688d39bd447c3b92a887
ttp.r014.relation.1532	2ab3e387a3ae29b86f1fae8081fd72831c386ed9958080becb7d4b9fff34b68f
ttp.r014.relation.1533	9aa6a9112cf86e9a111e0bb5567c7f1842441a69022f46d76bbdd61734a05009
ttp.r014.relation.1534	7125b88a268e61581739c68deca624bd43da37f9bc900c16fc5cc9542cc706d9
ttp.r014.relation.1535	e922621dbb1c50832ceb443f214dac8d1dbcca5ce33fc09846b7fbf3a6beb58f
ttp.r014.relation.1536	c8f89502127c1239301afa64c534d5f4feaddf7b5c73ddf2d5b0a9a2ec351774
ttp.r014.relation.1537	665ae1472dfdda5bf9f9a297378a8e6abe6690ee88a506c98ca69a5fbb6b7bf1
ttp.r014.relation.1538	cbb910ebab0749e600f75c43c02c7191662f26bdaaf7179c4821aac3b3800d7c
ttp.r014.relation.1539	5b0cbe5cb737074b5cd536e278161d1b305350d9ceff568bc87406a08e3cac9d
ttp.r014.relation.1540	11e92ff2237d9ece13fc2b9562e0624334e9bf7d17ace6f25b5c56cd854a3abb
ttp.r014.relation.1541	a518967f5c5a75671e480a22826515c2478fe1833af475619503c28fcd08a1c1
ttp.r014.relation.1542	2216ac1b1ddf04faafa4edc16ab58fd47f9332a0f387e3c83590106db027c91d
ttp.r014.relation.1543	0057c4cd9f8b9a25d63ed6f2aed9ede0e348e5123bf90c49ef0b0ab52e868aef
ttp.r014.relation.1544	e0f9aa82cb4b1b7949d24b5c8a587b1098e7bf8f2888cf013fbc9889e20607fd
ttp.r014.relation.1545	e2d43846740a8fb7bdb32db1348db67037e1b95d24c1408d11b23e344adc8812
ttp.r014.relation.1546	faf4485cdc79e2e5569c2bbb6062d1530d0ef427730fe1a9e03f2cb5b9be619f
ttp.r014.relation.1547	7625a4303c74a42b2b6057ab6c1374b6beda489b047b2db992a1c50f2b4be789
ttp.r014.relation.1548	d12adc63a009ed0906e4457ce976c9ae11bae7be6916f23f4691bd800986a342
ttp.r014.relation.1549	37250dea1314f40abe62ac8777d844d2e9b9aebd8ae4d957a6f8306dd9c67405
ttp.r014.relation.1550	15550830a9fbbf2f19350a9b9c970f3d2b6943f0e3396cd28ef7c7da8adc920c
ttp.r014.relation.1551	79227a80158804b6385ef9b8bd869651f6f83bdedcf8c00482bec2df4516e1be
ttp.r014.relation.1552	9ba1609ed2d08e4a78ae321ccf0e2609a2c8bd63c240b038ec395ac2ca65c3be
ttp.r014.relation.1553	f5b80d0a47f7ba406ceb12e49613088c009a6880756b26f4ae1b12aea7a2c4d9
ttp.r014.relation.1554	2f4d729984b9dd64e89d64555d5dd1d08f5843334a4213aebabb8f2a231f4828
ttp.r014.relation.1555	c52b7edd93895d66b4c9af826b9051fc2d779d485a7863423b7b4ea752037e66
ttp.r014.relation.1556	80de06d3de7340e9fbe917d1444e7b7fba1aa1176bcbb5152ebf8c77695ea8c8
ttp.r014.relation.1557	c4ff4671ea87cbc60ecb91dc5dce2ff8a60be2d009da24168ea3f5c0ae6b8ae5
ttp.r014.relation.1558	4d0dd4f97310dc11ea51ec986db7fdc82dc09556eef8b6a53a9a6792fce980aa
ttp.r014.relation.1559	8b22853446f9f63720241a6d5f3eaebaa6ce6e2868cf73fb5aa205f2e431ea3d
ttp.r014.relation.1560	988d3e01e2579c30acb02828c2f2f1b9c344bc57d71286ddcb730ebeb475597b
ttp.r014.relation.1561	de8fd60595ab4fc78e254ac984ffb702c9d4f3e4b8ed3706b6b3476d0cfdc8ac
ttp.r014.relation.1562	a321a056c569316abed13b7a2f8c004ed4bc8cb5553d73153d8fce37c6a66064
ttp.r014.relation.1563	6df9931e53e2989d4f2aa2dcbd6be156ad282ab9a8e9b662869dd27bb1e7baec
ttp.r014.relation.1564	df5ff1865a79dda051ca79b5444f8c119f8e676a431d088b99dc59695bc9ddff
ttp.r014.relation.1565	b19215a8cf8ed17d381fbfd388aee9273c48164b0c55004260bd7c5bb7205d8c
ttp.r014.relation.1566	1111eba66a3293566dd1ddac0fcb42bc0367a0c5db9612584d8d7a181b628a7f
ttp.r014.relation.1567	b1a3f86c44a5b2035c954f9e90f245175b6ca5161a335348ae9865922e903766
ttp.r014.relation.1568	74bd28240400c35436512a9c1454f5135ace33e3897c166ad911b9ddf9a13512
ttp.r014.relation.1569	ef81cc2409b322a0bc277a190bfd323f53ebaa13e6f1a50a91ed1604fe972d5c
ttp.r014.relation.1570	aaf40b70b92fe4ce81d4a37eedcf116d33017206b9cf3115852faf4193bf6397
ttp.r014.relation.1571	0f33169f7fdef17ff9105572a15942df15bedb2b821d5450003e3a02688a34d2
ttp.r014.relation.1572	8dc7049fc37b504169e97d0a848da519bea0796548c6d9ef24d7ad94338a312c
ttp.r014.relation.1573	7f34a82e73ff349075e8bef2a170d5929fe4397c6b2fd98dcf09fdb18b889175
ttp.r014.relation.1574	de91cf9483f47ff6b1cb0477d4087f162324c3d625fe71e01c9ddc7dd4711bce
ttp.r014.relation.1575	a995d1d9bc3c78f38bf973b8796eec9bb655f35942f79be7b86fe0bc4d7e208e
ttp.r014.relation.1576	3b73331328060e4e80beb452bd645762b4740ed7a1c554d8777ee9f521bd12df
ttp.r014.relation.1577	98bdd55c4275e5644ebc56fcc65f8552ed0bde9f7b476be5a4f0709c5f53669c
ttp.r014.relation.1578	d519a99fe8b078df1c990d20bc97d65a6d18b8d099b4f7969703aa0f35f866a2
ttp.r014.relation.1579	d5f228fd5d310bfd4d71ce5c58d31907c39921edf270414856a7e5582414fd9e
ttp.r014.relation.1580	61e8ccfaa03b0e3a0e23ce8e708b58c386526adecd6fdee29d2b33f80caed8d2
ttp.r014.relation.1581	4f833b77f802dd26518980e47b34fff4df2850947cb73c25cd01a6dc7ca2a917
ttp.r014.relation.1582	95817b68d4f71544bf5a44976900c5ec1e0be3b9fe09c086cefdfa23fcd17a5e
ttp.r014.relation.1583	d2f4691f54aa58be5a84d5b049a155135d627d4a49711d441bb6cbdf2509d740
ttp.r014.relation.1584	86b99e9a0ee795a967c3b8ba234b164e49767e177470445a6b44da6f21795008
ttp.r014.relation.1585	30e6744dfe75e925b2585a0908d9b9b7eb9b47fd94b8a79a91acca617e812a00
ttp.r014.relation.1586	b7815c7f489fae08cf6df6e9490cabd5af1ac2b39255a76da8c6a0ff86681bdd
ttp.r014.relation.1587	608055d888b3382f7500c9c841c54ccb2748c521789716c6e1dbf6f62d879c28
ttp.r014.relation.1588	4214179a23fc49b3e5ec1a5991c62cb12a6cb07e8eda83c34bd72dc6e19d3360
ttp.r014.relation.1589	263a27b4324bc6bc0dcad4b51fd7bdcb807f2cc97f944fe313f66ddb51355c6d
ttp.r014.relation.1590	8dc9896089aaec7fc4816c34101bb8c7a56ebe923607fa0c93c2fe764584fb63
ttp.r014.relation.1591	6af1bae97a5f8c55c3e937142065671a61fcfeeed100062d25e316816afb3a72
ttp.r014.relation.1592	08ce1c350109ffeb8727c5f52fe95b4a06bc96b719a2ee4f9b97366dd17e2543
ttp.r014.relation.1593	8eb8db19aacf80f7a83aaa7e546e28291c98d6f2d17cfd10132aebc47bd71e08
ttp.r014.relation.1594	c1b7ac5022f94ddac805d72d97e12800ab39395fb943b80d90ead94ea8aca873
ttp.r014.relation.1595	5e96893ea53037ad7bba540b8ee30e876bf6da298dd6ef2e3d2c7e573e4b69e5
ttp.r014.relation.1596	b5b5b105783f0f12735ba2104d77274a47ea6c4410673e4f04875f02bcc515b2
ttp.r014.relation.1597	f01cddc1673a66dc7b7ce4319c0a532bd552c286b5f2cdcb8d2b39d28b39dbdf
ttp.r014.relation.1598	6efee6198e747324fe9bfaa2d26c29874a1a68739a4bd79dbde844d22c8d2e70
ttp.r014.relation.1599	2119393a0af67d0fb0f1ffd19630606302fede0d117831dacf8ea08ba1dfc4a7
ttp.r014.relation.1600	130df3352f6ebc55f702fce66387d78f1052fc443ef43ef965c841b67a65b17e
ttp.r014.relation.1601	157ff7030604641ae337ccd4666f0e245f255c7d83fbe564b7a86b4900a57802
ttp.r014.relation.1602	3db7187a56899bddc88404a1fb3e0797741085aebcbe4ea698505f99f95bd551
ttp.r014.relation.1603	b09016eaa2862f0d23c44829aad3cb72fa021e88149f3ea3b652f58de98ef938
ttp.r014.relation.1604	49da0f19e065eac52fa3d5d69b43146dc3a7fd272ebe37540fde8afb8089fd71
ttp.r014.relation.1605	ac13e00c279ae575284603caa1959074c137bf34bc1480d15893b0f67d1b8698
ttp.r014.relation.1606	000c808a1f41c71b68fac47498a20bf1042d7151dfb24ef1f8e740f9abc4f156
ttp.r014.relation.1607	35d5524b3bdab157da4e03b4b8256c25313a5e95b9fdd33f00933857d3b1cadf
ttp.r014.relation.1608	f22a17284c02cb35bf105d0859123d2884399673aa24e6b6363f7f944c4ca0cd
ttp.r014.relation.1609	0e6431fb7885e5d28f92892fb653cc05ef6315c4c9027cc2bc9d002ca518356f
ttp.r014.relation.1610	afda70743bc1e8145084330ecfeb4608e56c9662df97ff66165383f1e88bdebd
ttp.r014.relation.1611	30970aed5dd098e39af1144ae4bdc9766eec9c0552117bc84613e904a41d1ff3
ttp.r014.relation.1612	dac4b030f6cd8d9751db772894ffe09ada2e9523b12e41555b6ce4637bd54145
ttp.r014.relation.1613	33a902a1b0ba16ef879e53d0c5876f2870848a51496189422ff71af40d4383fb
ttp.r014.relation.1614	33ed15c9ebbaa69d4e4449ed82a0862c9ac9aab44a7c78f35fe899d1b88ace7d
ttp.r014.relation.1615	90e196c6a98e51b45fc7fc0cb0547ec9a51e4d06ab794d649d5f092ad2541e79
ttp.r014.relation.1616	61c3876d695144ee31fd19efe3f429ebba922f1a556a76f0202eb588d39ef094
ttp.r014.relation.1617	aeba52b7de2e4835cfc96ac7328b748c4909f55e5f34af00a24949ab28e1a0cb
ttp.r014.relation.1618	483b7c62135cbecb991ceb0e500e4ec273a44a38e468b7c6e26f66eda4a44fbb
ttp.r014.relation.1619	227be555ffabb1465755818333dfc084a66d8048ffb19c8ef43b14d243e8bb14
ttp.r014.relation.1620	79fadf9ae1a767182b6916e559da7fe47926b927ba88a91ee2761176bfccd27a
ttp.r014.relation.1621	40b7e784d59ab34485669166746cbe941f1231e071806feb0f81e13b04fb863c
ttp.r014.relation.1622	71c93995980bd2f848b95038604c5aee72f145fa2362cbf9fd84191d6bc1c37c
ttp.r014.relation.1623	4d7a94ba63adc0f2dcba34e7151a68bd20583b2ef2f687d699ea49a7a801fb3a
ttp.r014.relation.1624	69d925339616fa823636941f9cf805c756cfafa49b7dd835f7259f4ffa90d6cd
ttp.r014.relation.1625	c51d0449e854bbd439cdbf11cc344ec78b21850767d8cbe950a6aaf67a01b975
ttp.r014.relation.1626	efd65ea32ba700ccd4e756431557d34c7d2cecc008f49a962a5e7948c16f9d89
ttp.r014.relation.1627	a42e49dafa3f740357c5640db201abdae52ad17a77893aa039a82d5dcff28016
ttp.r014.relation.1628	9fedd947b1707cd6a32b570b7729764f56bb7e49ecb6c8e9030c31f143eea0f3
ttp.r014.relation.1629	eec342c56467c16f211a1f86a9004682b9d2b8b2d4fbd4ecaaf0c9cc4efefeae
ttp.r014.relation.1630	1600af98a97b8a85bf45911a81eec4c64f572edbba2731feaa1c0ce2a1270490
ttp.r014.relation.1631	f811ece460a5926eb849c7af8c90640ad58f456b5945055b49e0b79bd06c608b
ttp.r014.relation.1632	0ec876923be7a2111c66933aa6d6d4195ed5c99e8b638ea2dc152ba12e1a4ce4
ttp.r014.relation.1633	fe6d53edf4aa262ea306c7fca66093d92c33a42dfce527b63dfd4f1a6fe357d0
ttp.r014.relation.1634	f95cff5ea171ad528e689381427d54d1869f030f703ee89aeefa0c0919326e3f
ttp.r014.relation.1635	be6023a7cf0294ce41a6a0c8a6a18dced5024bd164636a23df8ea4e8d9dfa676
ttp.r014.relation.1636	ccffebf723a9bbd4c766243cd0b4e9557c9ea52e7dac6d71c4f77070cbb0bbe0
ttp.r014.relation.1637	0e73621b0dd2dcc7e616eb47c6d017610cd39691bf8f51124e22d6403d2b01a5
ttp.r014.relation.1638	276647533375366f4fc2d45d3e81f687a16096f18ce344da4c2efee952210cfb
ttp.r014.relation.1639	0d2d7a8c2846e2f1df194bebf7307955aa22295181cb27df7537401c64d300d5
ttp.r014.relation.1640	a2bce417f68db394e2c22a3fe5d01044ad3bdc27a3fb73176c762920297ff2cf
ttp.r014.relation.1641	9ea07c5ffaaa91996a7eb28737da395aae8be228246b5b71290cd8456d78f34d
ttp.r014.relation.1642	e4edd7282f32cedd151af5fb34726c0b3f9f39df8bafcdd36a051fbc6bcb8689
ttp.r014.relation.1643	07f473afc4eb7342eb0e767bce7ddc25b36b00a31eb1058588014d53b2b567dd
ttp.r014.relation.1644	c29c16fdb70dbc37e07ed0b135b9294e915600b7435feb80b7f85f8771e4e575
ttp.r014.relation.1645	2d3e61f14b86a8063aa78988bc344ae726c062298b85d8785df0ee5c9209de6a
ttp.r014.relation.1646	45b1c32775b9b85ffff2615b44b4cc0a736c3426fc2d742cdad7d1d90b7f647a
ttp.r014.relation.1647	1f9d0a660ca7cfd18305617f66e7c7e17d8a8ab098321aa5406a6b32306c3464
ttp.r014.relation.1648	41fb166dafd420249543daec7d93cd4538821f7fb12b032c980e09add2dd4f2a
ttp.r014.relation.1649	ac6c451c1b33f0ec0264f8efd7fbb352f189fe08417719d6a97ffd4bbb6b47de
ttp.r014.relation.1650	f42b2190be734d232baa06aadfe9055f5bb3aafa8b700b85e4ef5abbaea8d3ce
ttp.r014.relation.1651	04eb7b4c02924367473e6295f52607eccea968e1a74e5393355b395ad814405c
ttp.r014.relation.1652	727a7cd6f574b09b6a62431668d4d0dfa52d0a718d6b9bea51e719eb99b3cca7
ttp.r014.relation.1653	71bd64d378e4ab0b7fbbbabeb4675d5fb5ad1a12422b9fd2108a3dbc8cd911fa
ttp.r014.relation.1654	070061c8529473c4e58ba4c3e0f8f2ff6e970b2290273d90ceb04e900a941890
ttp.r014.relation.1655	61ecd8e473afed5c92cb90761c9863517651b0258fa8607c770270214c6b5eca
ttp.r014.relation.1656	e891ac33bfefe3ab3418e48f1f351caa8fc95772ba44901560eda8fdc691463e
ttp.r014.relation.1657	ad0a22490b3576d98b3bc769bc761b897b7b6600f834d78309ad2af321f2a078
ttp.r014.relation.1658	e33783871eb456d7b3fc7c47a17614b852601d28c0bad41d38b9c14818ac0047
ttp.r014.relation.1659	c046b0db957d4e0dfcadb775b39f3335e4b189833284eb731b57542e84efe29e
ttp.r014.relation.1660	59cf2522ee1213146a3b8743aa6ee8e9e70c2771f72bc00ab873de984568964b
ttp.r014.relation.1661	46400b0c6f44a868ec9e55334f7261770396685ead936f56e771c44c93f0ace5
ttp.r014.relation.1662	56760422cd3057e9f3ece506daaf7e4f88ed6c236c8d1899051c2b15475e0ada
ttp.r014.relation.1663	31aef1eb5a16b17521df4ec56c4af1ba762f9cfdb1bad518581fe4cd6d67f995
ttp.r014.relation.1664	01d9fd7852b7da64030875b591b64c3cd479b0baa36457146d76b44d9d180ffa
ttp.r014.relation.1665	a520c9f3ffb2dbf8421f3a849321158c6974ca3b1c37104de93891b345e8b949
ttp.r014.relation.1666	e9d736d77f27a78dafe208098122963d51e11951c91beb8ab4ff1825fb24dfbd
ttp.r014.relation.1667	1802b69538ffaa8fc0164634fd53db4df521d58600744e463aee811a39a7eae1
ttp.r014.relation.1668	99210f19f7b4a37ddadf130443042da49c3bf1277edd8bda0d19906f262d924e
ttp.r014.relation.1669	ad8c142545dd2e9a12f03638c35df225ac372c6567dfc3e680cbc0cdae475f51
ttp.r014.relation.1670	1209b1960e5f7569c7a47b57cd2d93a16411018876e4e7fd81fd9bed2371567c
ttp.r014.relation.1671	06743c2842b75b06d09778a9901184455fd82343967934e5dca6998392525cf2
ttp.r014.relation.1672	bd4a08535edefd599b17b4ec53cde39816320834375e069be87241b3dc7021c4
ttp.r014.relation.1673	eaafd01a5e6e10e7513c17bb2dd4720e3cc36b075e76c6c8d227af55e3a4eca9
ttp.r014.relation.1674	de7dff7ec02f1e63b78fd4ac11230c9a4bd06d4cb686f6f30735538762f18718
ttp.r014.relation.1675	5b8793f0fcf7c4270f0df99ce4470789d882c8047924229d69d4f517562f6d96
ttp.r014.relation.1676	b8012846426ba12c7bab8ffd060d89d0eb9e8cdf18f9235ebca2000d49593933
ttp.r014.relation.1677	e8e8e1a64f63cb23b1283b32ea2dfe38b268f33b3ce103274cbac4aaaa210091
ttp.r014.relation.1678	1390a8d89b38211784060923e3ce119e92f50a305a64dec429554a24e2a47b10
ttp.r014.relation.1679	f3ed9380b15cbbb6c42b4a2023ed9e081db8007029ef397c0017122f606af4b6
ttp.r014.relation.1680	b2bd04a98cf3f58adbaca94d61abd1e9fd5802941bea8234b4da912a90094cea
ttp.r014.relation.1681	7f4d4461d6f736d8592dd88b931c6e04116bda25476d9f743cc5df89acb39f25
ttp.r014.relation.1682	7865edb485e660e59a220f067fd50414fba97ac389818cb141a2b9bf3751a0fc
ttp.r014.relation.1683	764390c5c313677e8126a5115b1c21c9527d4b88d0d3b7c6f37826303db2c7e2
ttp.r014.relation.1684	47642ca72a12caef38626f305a1adfced7e0f62476faaac1ff0a6634e44bee73
ttp.r014.relation.1685	cd7fd91902c1e80cf81d8d76d404f955218144f285c107109c4f7b499a238bd4
ttp.r014.relation.1686	b42648c1d51f5ded2e31bb3f569d3ffbd255dc27869b78b53cc8e6111c71c1a6
ttp.r014.relation.1687	0565ef40165f43b46696993ad18d2c612da82449443cb22169bc269c02ed1394
ttp.r014.relation.1688	1d2be67c95d23814651f2e0f8afe812470aa29af7b1ad23293eb4cdb24e5ea13
ttp.r014.relation.1689	ab64c9812128fc627782bfd6fe07a7df73ed96ae33dcdd48930ad81e27564667
ttp.r014.relation.1690	cb0e74645cb8614818b34399b4d486e2e22eb118395c8fc8f0b2e348f923d35d
ttp.r014.relation.1691	df2345c5c3e0d51424af4aca2e21dfcc91e00b0f4b44d4e204429c090f3d11ff
ttp.r014.relation.1692	9769b016718f38db8f4eaf1193ce25fdc05bd47a0a40a1584bf99b72bfae97dc
ttp.r014.relation.1693	06be04447787ca1a66ab51f2d634dbe395da4bede7682817e4ca40269f8b33bb
ttp.r014.relation.1694	3144f5548d01d06fd352a7a11876ca7b9309a7e72a5f1a3a907a466f04084c6a
ttp.r014.relation.1695	a716e8f79fcb509d3ed938e89d078b4fb148f7af3dba6eef4fb8871e575aef99
ttp.r014.relation.1696	90279fabe9d2ad9ddf2e0282af66979478b0e40b21fc7ef7a0eec2738efd5bc6
ttp.r014.relation.1697	a88d098505358fd2b38aca45f588bd36fefc16c0c4ebf8e99fc00e61e07db4d8
ttp.r014.relation.1698	27ec4401ffb4f6fe95ba9eab197deb8cb07ff85f0c4eb9728dd1033f60d6f5f0
ttp.r014.relation.1699	fa46ab5346ea7dc0ac04e4a87d4856c19f372c7574651445674029dd59538ab3
ttp.r014.relation.1700	2e7a2437589013c04ad70aecc5a5c4806399e7ead8c53c5e599c09e261a7df80
ttp.r014.relation.1701	307c52cb849345e6a72685b12d574382d64b0aa7e39e991befdfe5bdd133817f
ttp.r014.relation.1702	4e7eb341a21544f4f931c296cc95440b9ce8e9a1aa6c822d782186caa0d9c57b
ttp.r014.relation.1703	26cbc2e9cc5e5709fedcfd802caff3fb3c69a34a4bd145bfefa31d119ca5f2d8
ttp.r014.relation.1704	0cf685b4f50fdf5dae1916f2bf68f5293687041c970f844b677eb48659d60247
ttp.r014.relation.1705	6859955c145b4e103f8212f181f303cc70991a461fab6564a674da0460e9470f
ttp.r014.relation.1706	04f1c26352584fb524b6cc784c424606863ba195d88acc17d8333619d3dc2f9f
ttp.r014.relation.1707	0793509035ad79fb01e08e0bd3555e2954b93bf25701532b7e5c7993d8b422f4
ttp.r014.relation.1708	00fbd7feaa41ca758130c723aef6812b1dcff79cc1f4413c08c2dd3f69e7a271
ttp.r014.relation.1709	d47b8b1a34bfd3d2a7ed4ed878260d82541efb14b424bf1ad2ba2084c437f7fd
ttp.r014.relation.1710	6831a406fcb1fc71562114a68f904ddcdafc44eadbd6134328494ed27ecd07e5
ttp.r014.relation.1711	21e8682161bc4c1ec28c4f83576b0d5aa97d6fa6bdc1849dc828182999985ba0
ttp.r014.relation.1712	79c5ad9f3a16f929a1cd34b67034afb7175fe35c6a5516b51113592aacb9bf7d
ttp.r014.relation.1713	6eddb5b36def860172c5074498a8149b8d62a42ed9d307382f28de16ef8e9c95
ttp.r014.relation.1714	ba13783a39f14e96543d59ace6a6548a7ac5b9f4b2a0becc5a648d71d1b9f2c0
ttp.r014.relation.1715	c959e35599d01086356825d376eaa700357ddecdbbff2617ef1e8c40a56714ca
ttp.r014.relation.1716	39fea3e4129b31b4b88a6719938d0f8252c5f91d17e57da04fc4a30efd9d31ae
ttp.r014.relation.1717	c1c54f509084e8cfe1b4c7b617dca8cd159c687777773387f039d406b265fc86
ttp.r014.relation.1718	b74fdb89069766087cb08b99bbc58c23fb2b2fde28de5345376c3892748458ac
ttp.r014.relation.1719	077091cd78e32b0db9ae8f544a57a098a156fe00eb98a8f46496163989319403
ttp.r014.relation.1720	2ba48a9b828140089d9b595b705be31072c1c7a807fc2a44b275a5aedd25b405
ttp.r014.relation.1721	3777a205d813aeb5cc5e1908e302b30c45c7f04a4534c69fc6ddccda31391de1
ttp.r014.relation.1722	409adb98554ed6874816b49369f043ced2ab34c2d9f6469d63f821df48666776
ttp.r014.relation.1723	d6ad5372689e58fea898f536e67eca9ef83abd741f2fab1bf09d4bb713c7affe
ttp.r014.relation.1724	6d806c47ad68ab7ebe190c1529513ec76f9123f075240f331e1aab0d89b9af85
ttp.r014.relation.1725	5014bb74a6ff9a4b2547ca059220650706bd888b463619ffba17c1ab5cfad4c3
ttp.r014.relation.1726	10e7cc45d9cdebb7655c9a10faac7bb359d9679d992a4bef7a3072411f021ce0
ttp.r014.relation.1727	a187442a16e9ede98d56bbbdb5129ced063948f31b10f39736834277d097e35b
ttp.r014.relation.1728	8ad407647fcce58cc2e99dc1eec545d671155f420594f71ca815c27c6694f97e
ttp.r014.relation.1729	0718ad46ea7976a8aefe1efff8913bbe30154105ed6bf70d1c84b691d41bc709
ttp.r014.relation.1730	270d164d321a91211955345ae827e26a3a096799d2c034e2dc178a768da16150
ttp.r014.relation.1731	253e69a3ec5f1ed08ffd6b5a06f72e22515ba09ae97d48050ec37668cd670dbc
ttp.r014.relation.1732	6e43c4ba81932743f971fe5f094d495a845d6fe5b0df3c28aef2269de4b416a9
ttp.r014.relation.1733	5276421ada5684650f39d6f6658207d06fb4ffbdf14448cb0efbc6284abc2b6a
ttp.r014.relation.1734	f4a145c7038ee20550d530ed72e22a3b1652ca8b7e47f74333e7b931c7f06ae0
ttp.r014.relation.1735	aafb1b57ecaee7bc700cfcb1076422a58a8522a03d09d2ac4a1d4732f46383d2
ttp.r014.relation.1736	1bd7d58593386d7bbafb4e88ef31a681d926c2dedf64e15476b7254adf96b33e
ttp.r014.relation.1737	71fef92396a2e36580b92ad642f3983a835293c1f77e29e4a085de2562924d40
ttp.r014.relation.1738	c9b7e7584818fed00eed6c90fe79c001570edcaddcdd1e266c94126daab619d2
ttp.r014.relation.1739	0ac1e925791a325f84d222252e72ec709919292d643a1b6044bdaf9d81335e85
ttp.r014.relation.1740	3faa9dc6d05d0e050c115090983d92e9b88bf5ccf2068b1fc1b7dcf7e7946e68
ttp.r014.relation.1741	53bb991d43c587cb5d25d0e76983b016c7bda22ac9f1f0d42535a8547ad474bf
ttp.r014.relation.1742	9b11f15dd823dd7abfc34bfd2349034fce4c6d3846a55c230ea2159409d81d06
ttp.r014.relation.1743	0bd3a2e24007fc53c8b50603ff31ce9b15d4b93e13c38b383f39b4c9556d3950
ttp.r014.relation.1744	ee79dbab5fc60c669b15fa022869286a0478c776e7d6edab63d9c91c4fd55816
ttp.r014.relation.1745	0feef4cb1df1c687de6acd58c788b2154fd3216931d4c19d04594e25037e205e
ttp.r014.relation.1746	ed33917fa3708a4b1899af7227d96bc5d74eb91005004512ce9b6ff17b384738
ttp.r014.relation.1747	75d96e564b198ea1316e97ced0c14a1ce332c8ef29e1419927a3e24bca32def2
ttp.r014.relation.1748	0c9fae884ae5905beb68b9eb625efa9de85b8579c4d122e0ccfacf08b976619a
ttp.r014.relation.1749	e213f910f4aeaf6e8f0bd1124f8bcefc24daa952a1327693629cf7dbc3af3777
ttp.r014.relation.1750	eb091d39a1694684d0d45f85592022a90e513f661d9b012a6263d5113b712b97
ttp.r014.relation.1751	ffa1c1a305c5253be77f742fde67c75a8c96cb0e83f88cc440c0da481cc5670e
ttp.r014.relation.1752	d88924bced184a4005c628db2b21d407592ecb723b2f1f95d979e7e887cf6b10
ttp.r014.relation.1753	609a1a43ee6d1ef5a936c50aa1a951845b74e1dbad51de28120cdeacebd1f950
ttp.r014.relation.1754	4d56aa9853013dc6008ceff88c5b74c54774f342fc57ba8c64f6c9cf339efba8
ttp.r014.relation.1755	68a3c09929cd080596e3e6aa82e39ed08859068c9b77bf493c9be18003bfb575
ttp.r014.relation.1756	5dadc2b8e5d4ba9755a72b1938a34e3540299ba08e42f2b4e90e606cd124fe1c
ttp.r014.relation.1757	ec92fbec252519381ecd7c591c7771ebf19180931ed610e18979a869967ea578
ttp.r014.relation.1758	8c40498a557dbac88c9cc0722d80200ad17ca586458f79de56bba6f0a5b0dd18
ttp.r014.relation.1759	5a806e4b6c490dec13d5584a0d4758196d01face2cfe26d4d4b34a9a5fc93f94
ttp.r014.relation.1760	fa9d64ed9a0b9cac33dcd57c1f115e95cdbbcf908b98d75dd37f312abbe92c0f
ttp.r014.relation.1761	5c59f44522043d80d93d826a967d1336db261a4452210de72f4842269d29c40d
ttp.r014.relation.1762	7c06d2831dba35eea79a5fdd6ad787ed75eff30832c754625524ca37e09e3f08
ttp.r014.relation.1763	3a1db0cbe456301f4d9e70f62cea3878090ddf634d37ad8a57073f543e8bf2bf
ttp.r014.relation.1764	a3f4018158dfc044ac65c7f4e99cf9e65ba2aae9afeadaf88001d42891c5982c
ttp.r014.relation.1765	4c845ce122b27ff630cd92a6f88eb06e3b449d1f4fdb40a1839875745667df0e
ttp.r014.relation.1766	a441c066a7720881cb400c86a1ca34b7e05eef1e6d4af6976c7f68a75cb9cd3e
ttp.r014.relation.1767	b53070bebfe01993022e1dec618ca6e7ab9548574586c3e518ee543734f65a1b
ttp.r014.relation.1768	9dcfda78ffd82a959f4e39908018c659ad11c176424a37c2b89d4cceba1ab407
ttp.r014.relation.1769	fb45db94a11b217e97a16eb4ccf01ed610ece30ffd9c8471e0289dc0618abae7
ttp.r014.relation.1770	1b0e2b9d08bf47c57961c5c9e07b8af970be07ba41727d676789720564b5dfe4
ttp.r014.relation.1771	4e4f30feaf2afa55e120c0b99852fc41502dc4a8886b83015c52778d482deb9e
ttp.r014.relation.1772	dc2c8dc0fe803c307417132679b489a9363e8cf6dbb51db69df7e8514122766d
ttp.r014.relation.1773	dbdaf7a98a180816fc22acede1e0a89919d595997d31e3aa4c23a6be175b162b
ttp.r014.relation.1774	e21d210e088e34e9a4a409dc663cd3a4d185430b7eff00204455f8dd21283f60
ttp.r014.relation.1775	7dabaace65daec57cc439940302c83a679b4cf882032792854feaeb2b3f3f0d4
ttp.r014.relation.1776	c86005f134fac10a7159a430d0818a1de2f91c9f804500b57a23e8cea2d54962
ttp.r014.relation.1777	006079324026e22816c736808da9add26959a5a9321e436928fc588cb94471eb
ttp.r014.relation.1778	0a7998ab069a0fe9dc83767226c5672baa3f279100d275c7111f197e342d4f75
ttp.r014.relation.1779	5373bf4a2885144774015546a03648042fd570c600f0eaabe2951685ec133d13
ttp.r014.relation.1780	2270279b4b3a371faf0daaf3577cf7afaf9d8b38e5dd0f69cca6e15dca436952
ttp.r014.relation.1781	ebd8e54d000c6f74d727af756858f1b66ccacf6f95e4a0739771f14c042badb3
ttp.r014.relation.1782	15f73e5e2d2a3a845744dca0dd2c8d60c294af938c4a215af3255f7bb46e1173
ttp.r014.relation.1783	a7f77d8959f6089516a2b21fec95818391b5287fad6a7f94eeef4c6c94654c75
ttp.r014.relation.1784	3a9d83ad3c9739e82bc886b357acb6faed67c74da5cdea4b81e2bb1214b89b16
ttp.r014.relation.1785	c026e6cc76fbc09db13d409aff29ff11c143a9491101f66b0d5b75658eebbc58
ttp.r014.relation.1786	4f123c215e534fad6ee995b9dee8b84f6f287c7a233f7d02e9e8b9cdd37f0749
ttp.r014.relation.1787	1a5ac251fc237317ab41a4dc11f2f0d369d2a3943e193f94a34fc4428db6047e
ttp.r014.relation.1788	b09dfa4ad7b2250bde1aee0198c2e7f9993768aacffe09cdf33694c45e0cc722
ttp.r014.relation.1789	9d369f7f83a289c6fece371f3ebf4d08f080363f955c3404f11208bfca1eefe1
ttp.r014.relation.1790	64c9dfdb59d10bea1aa174e05c7bc7b3a4a32df1056be41b1912c3ff26276dee
ttp.r014.relation.1791	7ac4c560baa0c9bc3c1675a9b9519ab230dea7947777697b0ee9f51f2163622f
ttp.r014.relation.1792	caae8d784ee9bb0b4abcb0e3b24f839b6a0494f4a0fbcab244451aff598cac21
ttp.r014.relation.1793	85da580923b423377aea7476dd2c3f2b7eca4f9923e72ffa8f0f19bef9a4a2d9
ttp.r014.relation.1794	a7a8c67d4d955f8ba1bb3fc0d9765eb27be74b34a25afa277880d43b55dd4913
ttp.r014.relation.1795	ba70c75e818c96c18af3cbcd71621a1146222ed2f2cc19ef95257ef655155a10
ttp.r014.relation.1796	fb9af98b05656fbf6282d3032ccacb31ce15aec7ada1862c62b8d8c6a0ebaef9
ttp.r014.relation.1797	40ee858f4635bfca6be56758800fb26890265009bd8306de6d8522731a3aa3e3
ttp.r014.relation.1798	4c9478401064176de81619605d3ba3a37ac0f36de01e591a55a4ca39d3dba55f
ttp.r014.relation.1799	dd0f7d285a2f46cd1b7a646cb3c3d9986fdf77fa0aac04033ff80e153779fae4
ttp.r014.relation.1800	18000faeea785460333bce69b4cb5633a008af804f98b200dbc8da53f5b2b232
ttp.r014.relation.1801	eedbc905d1fbb48946abd299878077969d4e68ca0f61d14e0166115be1917e11
ttp.r014.relation.1802	8a96c6ab35d9ea7718653799bfde4fde096e8acd8c22c0ce111cd672033f877b
ttp.r014.relation.1803	a5cc51d2fba038b64447b55173f3a6e380f93d3e69265c5594e0423c7dcd767e
ttp.r014.relation.1804	73b818a7ea501b56facc0d43301b807ff5679da8acc0aa03f7e686981be5e048
ttp.r014.relation.1805	cd66b329f113d319ec9e7366cf61b755e1ddf3b504e4bd1349e568344a01abfa
ttp.r014.relation.1806	9a392cbf24f8786f7f58296b2710229f75288ebd8a83e6b368b485608dc695c5
ttp.r014.relation.1807	c23c02e988210f21ff2a4956a1e9a6d2f7c8bbb3e019f0ede50420eadec2984a
ttp.r014.relation.1808	beaae07af1d1dfa56e94a597d69eec738b34302e21db7ee0298249a71d49c65e
ttp.r014.relation.1809	7077b8563fbae70a4c6ba1bf9a6d3aa1ce38e72a4143f7c71d3e9877dc77b8b3
ttp.r014.relation.1810	068e39b95a758df7ddf87c2e0016421506934f1953ffeb28e16e4d106361bf55
ttp.r014.relation.1811	1a70345cace8c35896d1a4a3fab867a61cf085757732b04182c6e59fc23084a1
ttp.r014.relation.1812	593a8705ae4f5acd1fcfb11f618a0848c6919040b2b4d731537e9d87628c8fa5
ttp.r014.relation.1813	966dfee9935132184eba1b68328542db34f997eac0f2fbdcc2e40bbc54bff27f
ttp.r014.relation.1814	e53a11906bdb4deaf17b8bc6a56146e1e4cd30df69d0f2d579eef53816093d08
ttp.r014.relation.1815	5e5fdd676fb8c29f4c5c6719d8d275ed40f72cbb8a893970aa95525864a083b9
ttp.r014.relation.1816	21357a8f6735a11b21126af255e0259d1aae6dcb748014ec3913f297c9d6d035
ttp.r014.relation.1817	53bf8d900264982e5abb21e97d88ba25e7b05dcb6bc49ba15aa1a1ff3920d687
ttp.r014.relation.1818	20c96aaa9e102b6e67d2972d51ec72b282901728c8e890a9d91c684ece7edb8a
ttp.r014.relation.1819	a4ccc30c532fb7afd3c555f457f96f5115e1a6008247c53afa9a5d809b8fb0f7
ttp.r014.relation.1820	c203f979420df8890be266c2c1841fa5b9531fbe480e4aacc8b74b3f3d6e744e
ttp.r014.relation.1821	2f9f6d87f95bae9a21b028096cd8f1d5d5467d57d35844204bb58b353701a088
ttp.r014.relation.1822	476a80b206ed523f88d6168a8588948cde4b6779f1bb2ed1d0a6b4f5042ec658
ttp.r014.relation.1823	16de6339fb04c783adefb7142612d051b87d486cf8a2dc6649de09bca1c3fb23
ttp.r014.relation.1824	2790fce2e7a5b7b6b6c8fbb84ede86ffe8f1bebdc96959e8f3fbc50a74ebc667
ttp.r014.relation.1825	6124a0b383ec4d667cb08cbb7b3df675a62f3cb8b5f5e1e65e6adc8b3f18ad67
ttp.r014.relation.1826	7a7113704090209fbe65f4f27afae8f714c02e50e0cbdeedb50c42eb95011066
ttp.r014.relation.1827	35d50c7bbba2b650682440af3997528c0b84578bd72872052590b57b5820df33
ttp.r014.relation.1828	c958b18277151cdb7fe1d54982e2cd3931468a638cbef41b0ccb5817e3b8c823
ttp.r014.relation.1829	ae3c8a8c18eb249174888db9a6f423cfe88862eacc59a174f6f533a47c7f4e0e
ttp.r014.relation.1830	9a7cf03a183299fd9a05593747a225ab954699db32cacc523a44230a7a764806
ttp.r014.relation.1831	ed994d5987fbd93438154178f53b7b5a31b7d3e976cfb05c10a97bbefa043b39
ttp.r014.relation.1832	3c57c5ae6fbbf3b3db854098d54f786ab768df6346d9ebf470b49dee443b33ed
ttp.r014.relation.1833	7092049bd0f20bbfd22837f8d76541ce039b494a1a1a6cd5d244a2d707677329
ttp.r014.relation.1834	c2ac763ed0bcdca60d65742869c6cf9014bc88e2a2f20eec922313722e11bf7a
ttp.r014.relation.1835	9e9929070f88b9a1834405c1ebb42e61d3008a388408487b35fbe35a3b738f7b
ttp.r014.relation.1836	c6fccb507b70a488553aaea2d7cfea86333f92f5504f16a8acde0585f645659c
ttp.r014.relation.1837	f907286c2ae20e73b33a8e68702b62f2c5b6526b6f868d5dea154baf00bea2d0
ttp.r014.relation.1838	c865acf4cae87a24df2e9d977de2110baed30bb14cc45df6df393daf4442dd6c
ttp.r014.relation.1839	498627126722e366fe138d8427039f6488fd0cca61a529fe99eb6e679af8c808
ttp.r014.relation.1840	11215f80370d9ad77a332052062b7ea4419d0a02b3c37813d409e735af2aa1d8
ttp.r014.relation.1841	2d67e7a07a252dfb26013a37138ecde0b0c4e6e07feb001ac9092bae99877009
ttp.r014.relation.1842	d12044eb0f30b128f67fe22ded77600e597f1b57111a9e973298703be4b2686c
ttp.r014.relation.1843	1b22d29ea69140372b88125b1ebeac139b32c9d58357b37ba805581b8641bd5a
ttp.r014.relation.1844	288b0612c80ead1573cfc131b4eb32d4551edf965e0eea1684750912f2ccb787
ttp.r014.relation.1845	e222a847af0e84469be42f85be35c77a5c03778cde7c20abbb3b214f0b2e706d
ttp.r014.relation.1846	4f573294f4a6fd8ad4e56b49d904e43f8b8b35744d509e75e66713f98c63226a
ttp.r014.relation.1847	392d3ec085165fe288dfcf42bed8cdd200f1529546c5b6b286e0abaa3a823ed2
ttp.r014.relation.1848	55950ad943a08b0ce7e48f8b31a4f34929a5ff6ded7276fe0a22b544f0f72f44
ttp.r014.relation.1849	9f3a5396e67b8cc3f272d97b46e95bc5e95b95dd0b4a8bfe754e6cedd9313dce
ttp.r014.relation.1850	ab033a518540a5b10cb8568424d411cbc29a7fc229da742274871ecd4ffcf095
ttp.r014.relation.1851	9c0e3815f4833bc431c3e03edd6bc504ee488dacba776b315bbe3c03dd6b1c4b
ttp.r014.relation.1852	d1341abd6fe8ba595b28d2d3abd21709bc07427c6726610bc4260eba3fb78185
ttp.r014.relation.1853	07807f8905bcb087cd6182ce7142a1675dc446cc9f495435d8b5369555aab9d5
ttp.r014.relation.1854	7539c441ffc7ccb93c1be6de6a3b589f396b6f831640ca79e48c7f1637ea52fd
ttp.r014.relation.1855	66d63a9e529b226de5fd09ca3f1f423276593f6f97cfc3c0a15f573dc7c6b0a4
ttp.r014.relation.1856	f0f36bf7933357a19692b91340d3b1a947453f7bb895de2811688f3713866daa
ttp.r014.relation.1857	165a86919c414edc891897c74a596e8713d6396f67a87fc92bdb269a9ee932d9
ttp.r014.relation.1858	c5640051192e97d8b35795e84a0edf14297a35d07617797770dc2d5d263c7665
ttp.r014.relation.1859	3dd2f661b5be91b2cf4f3f26d52ab20fa983f103b10679bed166530c79ebe7c3
ttp.r014.relation.1860	e9e7fb46ab27a377e6ca34a6b297d31e628729ee658432ed647f32ba3a716ff4
ttp.r014.relation.1861	9876937e894c6109feb1073ad106fb90770aa5f34abc0c9c225ce6d1c779b7c4
ttp.r014.relation.1862	02d6927d3cadfe5aa1d951122aab6eeb9eea72f86d596e41b4d38f0ca36bdbd9
ttp.r014.relation.1863	393ec13159fc5c130bdbbeeca08fa3b856b3b629e8bc6e9f24310558efcf2245
ttp.r014.relation.1864	948b5292549f82137a16017537f6c49992b1a45949ae7925cbb6c456dd65bfaf
ttp.r014.relation.1865	26539ba3419c15e37546f01fb3467fca432d64bb08d46f9dd0ae723c987042dd
ttp.r014.relation.1866	44e0a124093eb3861358a1294854b342c2ec578a4aebb8f5328b45005ab1c282
ttp.r014.relation.1867	d3f834f34e541a4529374b6e426a054396b6547a64be02fa6ddc435871a2c545
ttp.r014.relation.1868	c0a48097f3c4d161a60e7e715628c9874cc5039e51eb1b406af1e9f6a0296b0c
ttp.r014.relation.1869	c5ad0da003e4840eefdddf0f84517023e0795ada69e9ecb10113ca436f2c54e9
ttp.r014.relation.1870	51e5602bdb040214578336f7f78484ec8920519bc646aab445a745e091290db1
ttp.r014.relation.1871	78f9840da90f48a944ca6a3f8074d05a8f2e8abfa9fc5cad9222c25ccd016446
ttp.r014.relation.1872	fe69edf7bb36058c22ddd865b946ddc8f680cbab09b8945a6a554ff70b1ce9d6
ttp.r014.relation.1873	2f27f7be6f4d83b27e49aa8f9eee0ed43751f2a21587c98597b2797eede3b5d5
ttp.r014.relation.1874	dd2a4d6a20961ab7a5cef512182603ca12e9b0734b197609147d7078f2f184d1
ttp.r014.relation.1875	17dbb1df0ed27ab3b8e45a302e376f668fc3aebb19dc835fb39774ba998ccd5a
ttp.r014.relation.1876	098f564eac7f43619ad8eddaec1e928b15aeb816a9116cadbeadeb63c46984b7
ttp.r014.relation.1877	82d140ba4e3d3a072429b57293de9439d76a86415d62aa571833b740ece9c78e
ttp.r014.relation.1878	899bf488ec58a72820dccef62f2baff15b407e87941ac91e00badaf069a26a4a
ttp.r014.relation.1879	e4e67973704a9bcb22c10a2cdb460c5500e1ac3d2d3a85e487a5fcb26d2e5059
ttp.r014.relation.1880	d6548eb9d8c5dae6dfacbec7505697abb0c941b78b1c3a6c8c730b27c99ba238
ttp.r014.relation.1881	87cf77f9c873894e66d6bfe792a15bdb58da6059afe9130a3001300c1bae1915
ttp.r014.relation.1882	514d972f952f522131726600dbb7377e641acc6ce628739b4c9115dfce31890e
ttp.r014.relation.1883	3396890927c337cb9d38a64345a1ad92d9b14be09ad2c5595a008eb8ec50fc6b
ttp.r014.relation.1884	7adc7512b84d286d5511059a97c1d364644715cde0903e2f4de39571ffa9517a
ttp.r014.relation.1885	e78f1c1099a4048ece18fdd16d223bd1a191c6c692c5515fc5d6a2511698b07f
ttp.r014.relation.1886	3a7f107fe859f598661e44a63b3713f8a1d57550cf663aa14dfbe80382905532
ttp.r014.relation.1887	30b5e540d5f860003805f88e287eea7e8492905390e87f8444fc580366dfe73d
ttp.r014.relation.1888	1a9654c2817e49e99471a5da958ce99bbde2282dadeaca639315fbb1f63d809a
ttp.r014.relation.1889	9c5eb3abe68952205618d52fecb97d802b216672f6102fe52a2337c4e8a90aa7
ttp.r014.relation.1890	68044937ec47e55fef0ceb073dc888e28127d67699d1008661253ed55927eb76
ttp.r014.relation.1891	ca28f168f86f2e5119b67858015c83741c73378893d21bf9e9b4ac3908aded80
ttp.r014.relation.1892	eeb6a61a84f8abef51029c32a411b24a1be789675d353fb78020236411e95bcf
ttp.r014.relation.1893	050bb8bad2d53964887f02b48939167fff463a205b3903842f5b6b4b67b8ed5d
ttp.r014.relation.1894	856e72b08f423d321d0a51d8161e8f5ec2d70272748d7906c743cc0947f6c81b
ttp.r014.relation.1895	d95b15cf260a48448e6221e5138d0eeed09dc5aea4ba7954ff54057638cbdf8b
ttp.r014.relation.1896	b80a10c07decd5c708246b7dcca1ccb4647c95d150b6a4c61010855890ca9581
ttp.r014.relation.1897	0e27d9a62fed3569848e8f12a103896e34cdd519f06a22e0b36cc542180cce8d
ttp.r014.relation.1898	36d6d5a1298dc9c6060a7e4db34ef3999fb39fa09f9d628a8964a17ec85b6277
ttp.r014.relation.1899	672c73735025dfd20566c0bff256d5b48fe85dda624b7d3eff6ea6115e03db80
ttp.r014.relation.1900	5d5a181a3be249a882fa5480635d0b3a0870947cb684b4017146f3b9965326d0
ttp.r014.relation.1901	7ae91bc311673d8cc6bd988f6fb334e5716175e690accf618da6f9d4fea42ca7
ttp.r014.relation.1902	f89adfe7f74bea23c5735bcb23aa9cfdd6b598ce68f5c82c4cc33677ce5dac72
ttp.r014.relation.1903	a175d87ea2c35286b423955cefe26e4e7f92807582b3212b4480d45aef1fde3a
ttp.r014.relation.1904	204ed2f1a9e4cb2e4c7aa5576bb85904f52183fa8b4dfd837367f345b8d0b26e
ttp.r014.relation.1905	8b66a965e1eaff8edd624a80d89890fda1cb9b67afcbf3692d47b448600d4ffb
ttp.r014.relation.1906	4060521b4058db4b58a7ff1e1f8d90ef0190a626685fc5e4070800107a8a94e0
ttp.r014.relation.1907	975647ecc0bbc2d8f9b6fd81706191505a5e44aa59b767f164b08e7965f17e42
ttp.r014.relation.1908	a1f92a00ad82f91a2023ad5cc4c7a57a746e16a0015d8420c7c924ce327c3864
ttp.r014.relation.1909	508c797287b235b556cd91b1abcd3a90497a2e8c11a74b3880eb2f1512bf0cb5
ttp.r014.relation.1910	99f8d6f2ba2ea5d0d786d50dcacd43c89d9761360e64b67e51c40bf4c62b2acf
ttp.r014.relation.1911	65837288bda13bfb24c25256c79c84c0500ad558f238de91cfddcab273daed0c
ttp.r014.relation.1912	426814511f9adc59262ed33caab23a99924506be8f11122202131a79c54c71bf
ttp.r014.relation.1913	dc8b12dbb6c5ceadc0b6294dfe9c1a8a64f3539f673435365d21815ea5c71463
ttp.r014.relation.1914	671c149f40ea34b8e8b17959a0918cb2e1c5b15b998cbf2e6b3f650f32b78ea1
ttp.r014.relation.1915	3064736dfa54a38a1f9b2cb1632b9efd7e9c085420e01b16ae61d3cdc3b4e470
ttp.r014.relation.1916	fb19e76a171d5be335a30b393be85cbd90dde86b4872d4acdc60cf9c618fec81
ttp.r014.relation.1917	608e0961c0e4ca744118bb96e4dc725f0e71ed3d91eb2fcabf3764457a5c0cfe
ttp.r014.relation.1918	b353c82e407ad4011aaa3fc200969a742024dd2f3aa032b3af5f3de519a60a2a
ttp.r014.relation.1919	120d3533f1a305a3b177403b505c8f95347e5b63beb1044a3da1c69b994ebd59
ttp.r014.relation.1920	64e6d369aad884e317119f620440da28f159d91a6a6d4785f35f8c3f7fe964c9
ttp.r014.relation.1921	1c77d2d9d61b18d580ef79fda257ef737a1a03c587b85844fd88bdb891f3c7a3
ttp.r014.relation.1922	1ca0b156f1db32a7d695cc741f4935fa4b8917f9aacd4397d0d5fdb18ef73ed0
ttp.r014.relation.1923	cd51406ba1530697d9a4489dbc83fb91847462fede2e22c3a080bb11d4b2f73e
ttp.r014.relation.1924	a033c3bd5d2b71fe980d22caa308071273262e02a3f54e3be9f9a241b4f832b2
ttp.r014.relation.1925	7004ad97b6e8d50bf6861903920dbbc850471459f7acd5325f08af939b1667b0
ttp.r014.relation.1926	c40043dd273fb69055977f1c2be7f7e7f8453b2c73ec33ee6d698cee02d3c709
ttp.r014.relation.1927	2eacdb9efb894a7e05af9fd81b05eb1dd89460919fb73ea2d5446d3a889ab055
ttp.r014.relation.1928	fd4e961ff2fb096d35d7d5c83f451c405de3ac76fa9b8ee261911283361f3e97
ttp.r014.relation.1929	152bbf9bffaff613ad7bbe331cb2fb2e69b12763e292078fd825da9a4f152bb9
ttp.r014.relation.1930	6e7bd16549dcffb2ce4e00d1078917ba23101046abf046534f31d4a2d76d99db
ttp.r014.relation.1931	88192d6f987656bf5114f22d807b551c3d3bcaf47d79ae53c628ef8564faa240
ttp.r014.relation.1932	1a2c835ea7083a86f053688a1c5110788997664315e3bb754b4202f52a2a7725
ttp.r014.relation.1933	f09395fd2f53ebfc72a46b4a06ddbf9d4670e501e27f4b1968943c1696abcc0d
ttp.r014.relation.1934	140df6ebbe564134f8d308ac71f59ffeadca09f559472a326d414f920a88e059
ttp.r014.relation.1935	2cc07979e5a658e382b1b348ed17dd13c816343f8432720134db0dd717f7b2c6
ttp.r014.relation.1936	b413e2d5cc28a0cdff55e3631e79c7c3797837120651fd55aa3505213773b7e6
ttp.r014.relation.1937	e2ba0f2e0304fa93dce453a8cd1d56b3fb947c2f8da3f8363e2db6dbc694caed
ttp.r014.relation.1938	b37e64b21c350bc54d480b2c2d94097c5e862a2f579930e14997f13d15923d1f
ttp.r014.relation.1939	669869b119750769fb6a8b6cabcec14895378824b2df8d8f1197edee87d45196
ttp.r014.relation.1940	8985584d64390d374914e8b244214ee04d50a9a3983f50ebda700511137dddd3
ttp.r014.relation.1941	90689095a2572eb458aa0d213d141e7d83e9ef1bfc1b881d6a514e89a0bd05ff
ttp.r014.relation.1942	8d59c11bf5f25753432df7a614a14e99a4e95bf9626f9f3dd56b493840fa9172
ttp.r014.relation.1943	cd2d3378baa2b172503f47f51c27c079b4165699f9b9f995f5cc211be2cbc235
ttp.r014.relation.1944	0fe4c0094d63daf0386f9cadaf666d73cb27e64c9316101fd9d81f34e6062e68
ttp.r014.relation.1945	8cbdc94ba3ada0fbefe2f0edc1bc3b91982568878407481e907b2f289b14f4a4
ttp.r014.relation.1946	0abdc4d4ea00954d1a00c52759bd7c32337223d1f9733b26dd208dca82def7f8
ttp.r014.relation.1947	bb0927edf6ff9afa2ca447f93e2f2b5592c460524c2af573ddcc773fea0d1c24
ttp.r014.relation.1948	c586ba416e4225cba0dd060f898cb70c84c5fa22dd52f2411fe14528d147e52e
ttp.r014.relation.1949	d2169eb0e0cd3e0c2cfd27316a1a2e5994fa0d54dc630d781e7ef82c4c09e0bb
ttp.r014.relation.1950	dfc387a7e2e7baa506ea113321d329f186587d396759689c9f32ba2f9d41d91b
ttp.r014.relation.1951	d45e95729bab50f54f438285f6ea7a22c77bb2bd7525b9965e9a3771866fafbe
ttp.r014.relation.1952	5b8852975143bce1d78699dde164d852e59273b01dcfcfd6d381cc4ddfe47dcb
ttp.r014.relation.1953	ee41807c674ee1e25b54d4c2d316ea8b8684997401dfe01352f8e6c28b5115b0
ttp.r014.relation.1954	a63d8d3ecd37f5ea43e533dae3cbbfb6baa76234722957fb8974109faa4da61c
ttp.r014.relation.1955	4e79d35a0285e959f96b96f36c5c898176d35695c44fbd377f3ffa44d8a34bf7
ttp.r014.relation.1956	e054dea9053cfd704b70a946a5df7212cd878c69882f3075c8806e30739561dc
ttp.r014.relation.1957	e6f1aac3aa4e7eb0cf64c50e0000ec8380c55fc04281391c1e91e7a9f0998b69
ttp.r014.relation.1958	5408098bc47c48bf40df844a0bdd01d5d1a22c340b0afb086df0574d4509f043
ttp.r014.relation.1959	7fe95a0084daa55d797899d8d55c7374de09608831fe205a136937e7e78c539d
ttp.r014.relation.1960	b6594cf00f90d748ca1e4f18c026b4c1f2a7ba9992203dc691e88e2695e13728
ttp.r014.relation.1961	1bbea23d5af89f5d3edf85437e88b08adfea1033849c52557fdd7caf347b139c
ttp.r014.relation.1962	29e07490dd75c75a69bf84ae0718a97e2292f196e36addb3ad30b3b390e8b9ae
ttp.r014.relation.1963	a792df8919e76e65520aac2afe91fd16dcc8182b906a4bab6b82ca0ce4e97285
ttp.r014.relation.1964	464804d78f2497281dfa0734cfcbb4e25a9d107bb504e991954a1f8b9bf0fe51
ttp.r014.relation.1965	a1daf3f47a453c00650b8685482b8c63f883c2caad8f03b079d7edd5761647d6
ttp.r014.relation.1966	a5997783671687cc417c4f3db874d04d7b8e9151406636ebb53f1f40bb05280a
ttp.r014.relation.1967	5705c55fb83883789ce92dee4a0388f83e2ec5cfffdab794d4c893a5b8a6ff41
ttp.r014.relation.1968	fd261c315ea2a6b0ca659b20f763d625a832c94add76fef311f27c3b69d2f172
ttp.r014.relation.1969	acf6ac1a4c2a8b7a03a835528a3eb20d3218bd2858759f7b314da96633bf0978
ttp.r014.relation.1970	a3edc599c7aff67ad27de8f31add747583892f8213167d38b4db411a5462b86e
ttp.r014.relation.1971	0947b1ed85b2e0a3f077414705f4d2dc4ef8875eb9576839cc1832d1a6f26240
ttp.r014.relation.1972	c5f9eadade8920a0147580643345f27dad2f9cf51b6da4b13e981abb267dca1c
ttp.r014.relation.1973	6773ebb322854e624e7ba14254a42f0ec0b32fdb79d4a5c1f26ab51a52c8909f
ttp.r014.relation.1974	cc60d205b9d9a5e69f23673fd08c26a9efd3fb6eda36017aa64bb4ec74c9430e
ttp.r014.relation.1975	40744d42e5c83da9e36de6c0a78d63e91dfee5eec194825cc1368dd503b4bb57
ttp.r014.relation.1976	adfc25cb976a37986f972a44b89291c3d9108dfbe5fce99c22f6f4c854ef6980
ttp.r014.relation.1977	b6fa787ca05cc5dab75a802e5dd04921d557d61b92eaea7804a2fb4dd08ebc52
ttp.r014.relation.1978	27917affa52502aebbb021eec2da73af41b2df2a3977619af205f4ef3d1056d9
ttp.r014.relation.1979	9c09680426715bfc89be88e842831ec980850c374e0e1bbfa95658956d7e23aa
ttp.r014.relation.1980	c1bf13c6f020cc7f55aed68d237991e8cdf3cf01863d1b6411e7626239e5456e
ttp.r014.relation.1981	57a2ec098de5999d3e1d98f1e3cef4d107baeabdd9dfc00ef49316579169e01a
ttp.r014.relation.1982	5b85f201de83772e9a35fe7ca2839217ee25de5ca7c71792162984286c91acb3
ttp.r014.relation.1983	9fb9d6579eb58559272ba1de5d7c74ee2faa91477b7188dfdaf89b52269c4007
ttp.r014.relation.1984	45a4e93e2ea137f1d7063cc3b8aff414757f44cfcc6e72444d0ec9924f24ae4d
ttp.r014.relation.1985	78ab99f2614475a82fa46ee638a8b9a94fe93a527337cab485250ab8bec75506
ttp.r014.relation.1986	241602e169cbea358db9726bdb7bd25f29b253b425c4d26dbbc8c3144bff89b3
ttp.r014.relation.1987	18eda5dc492425c09f864187abc1e511d62acdeacf0b5b29ffb7d9233a0f424c
ttp.r014.relation.1988	332dded0b6396f5ca99f728aa2abd37adbbf53e90d65434ba519da99aa79412d
ttp.r014.relation.1989	52ff78dc041cf03f29b0e13a3e9c961d7f184d50291db9f31a6e7f7bbe74fea7
ttp.r014.relation.1990	9a49365374077d5a5b5236c2b92f83d0ebdccbf698697c51af65fe488d713525
ttp.r014.relation.1991	25203d98782a9f2b445eae4cc11a59377d2d8192d50ec49f242d2f9475410709
ttp.r014.relation.1992	637f7b29585d44b4ff746fb7433545dcc8a6cb57733da0c902f2d80c67707b4c
ttp.r014.relation.1993	e0feaf140553364811be2cc04655771c6a4106858ea31de1367e61be8696df8c
ttp.r014.relation.1994	324638f3cbdf092a0deb933fd00bd7cf5aa09530cc8e12bdc5b5d5c301ab11d7
ttp.r014.relation.1995	a144608cdf0d9e0f352c8655036732563aa67283f891d266e6c29d12ea678e81
ttp.r014.relation.1996	c17c489270d3492d7e3443d7e08d3a9d39e0e4f9f921d0056c163eff13506040
ttp.r014.relation.1997	d1ce218f24cdc2ff743415f5cb7aa92d3e620fb4bb3e71e36d9f0fbda330e316
ttp.r014.relation.1998	9a87d13505de64d18845e49a4ab55712d1298441d22cabbab647f63c259f5dd9
ttp.r014.relation.1999	51dad4ca6acf8c0f8fce5a26abb78f2ccc719980e153d0160a13269b55a46e73
ttp.r014.relation.2000	d7b4bf87cff32d7934d8d1c13f9322f5da1b0dd515f21841ca655d2b137798ea
ttp.r014.relation.2001	a5cfb7a8baa22f5f53284bb1abd3748d22a68a8d08fe38c950fa4bc8a79eb80a
ttp.r014.relation.2002	e613560b67e11e445338ddb5c645e1f24f879abf309f0eb57bc2795a10ed552e
ttp.r014.relation.2003	ffe888988f714c2fe0165c0a797c5c50af3159f8987ce86709d4d9e96c74f4f0
ttp.r014.relation.2004	08a4da384e4d185f4c520df0ab896320371d4f818fb0415f8a4f08f153b88c36
ttp.r014.relation.2005	4385774c89580d190660d4210c5dc5d27d7c758e4e1caf58fd869de1e1123420
ttp.r014.relation.2006	7b81f8bc6176591d02df35ff287e845612c4cbaf39497ad453b0f62f06807c31
ttp.r014.relation.2007	8faaf706cc0892653d8a46643b39d94c9094d4fd703c073b49b9630ab7cf76f7
ttp.r014.relation.2008	46da295ee4bd04a1329166de887698ad38cb164fc52de9c954c85350262fe34b
ttp.r014.relation.2009	039288d4501f15c9e1e96eb22fdf6c3a8cb5b60f3385b207165f0536948ccdac
ttp.r014.relation.2010	eef4f453ddaa16ba898d6de5e6b783eab5ee4b176478bf99e298b9f6401fe337
ttp.r014.relation.2011	f54be6590636abd781b51b43e574075e0c8395a7bb847b6f16007279a4b3ad8d
ttp.r014.relation.2012	629797a54372092a8df93aaad9fbaeb0e16e572b29d4fc68b27d2026ba9c329e
ttp.r014.relation.2013	927c3bd3edb7cc35847ded00e793adb094fdbc05a30ee44523176e4a94ccb01d
ttp.r014.relation.2014	e119329c885b84c80734dbb14db01a1bb6a76987b2d9524b32bd75f086f3e43b
ttp.r014.relation.2015	27aa072cde980601272f4fef6f86399688c89fc38b748ed669b3c62feefbf475
ttp.r014.relation.2016	35ea9f505aa35886b0cfa18c80c92e6d10cc6fe2e06085bc2893426dd9da848b
ttp.r014.relation.2017	c7ba07143042d43c7c87f5b34cd9c56aada5d91731af44b1af31ccf7ca073f84
ttp.r014.relation.2018	90dce221ea7433154b55fabb87fba9c8255be67c4791f4d85e1cee318c24ab23
ttp.r014.relation.2019	cac6b11eae3bd8e88c55d6dc70888a3e7a57cc7df881bed0bf311eea84ed593a
ttp.r014.relation.2020	5abcfa1ec33e212d25c74dc2cec17fb30cc72fc07cd3f90d31f3efbff14688ae
ttp.r014.relation.2021	0310fc777e3e48c07d5f470b93225a612ec9eb0ce680fc23ac21fffd7496e735
ttp.r014.relation.2022	bd57550b5964edaa86e93e3e667eab6b0ce730dac628e3f88b48f7798bc42db0
ttp.r014.relation.2023	1ad5a53fdcc408fa1a7df8d38ac7db89faf9e416f05c2f70d667d273efb5d8df
ttp.r014.relation.2024	521e69dbfa2063918d50ab19eaf69f430ae2503a011d08daf46d29a4b2c8db41
ttp.r014.relation.2025	b8589de3e9b125a7439d2a7613f7f06039c00f2e5ac4de452d0c61ce051dc3d3
ttp.r014.relation.2026	6103727ba0ca64706e629d13a50e507793d4c3aca77aeaac700024df6605e249
ttp.r014.relation.2027	d864366028c62fa4cb355a4b8f20061dcf43c30d30f7d32cb7115b342cf1d667
ttp.r014.relation.2028	10bdcc5b6eb8ed3526f02cf4ddbefb8862933d7aeeae56c3d75a721c5b50cf2e
ttp.r014.relation.2029	a171e8bab4478f8c588e30551d1c07e32d88ff7ce684d3bb5b80a1b3dfc669f5
ttp.r014.relation.2030	886d13d4de44c51b3f4b345f5d22b9fdd3ae19f277e1c4a491316203f4b73695
ttp.r014.relation.2031	ff274a5c1590aac483e0ec7adcc5eb0254e035a548ebefd470ebea559659ffd2
ttp.r014.relation.2032	9660cc73ca069de1b7446a7018cbdee8715b944fe0e4554bbd57bdd8524f7f5b
ttp.r014.relation.2033	d929c6b33d3afb182e16f56e47ab1e74807a6c0efd4a17a71013f908a06cb90b
ttp.r014.relation.2034	cb506d6d7ebe2449b731cb22c9ce5007cdfebe2aaad11dc835a0e7dd6cbf094d
ttp.r014.relation.2035	a6312bca09aa6105994902cd1d5a857b9705e5adf090728a0ae87550f3db8ce9
ttp.r014.relation.2036	91da498fd65cd200285a1f57d84feb6524635133e30e274e0c5cfed80160846e
ttp.r014.relation.2037	8bbfd20c20c423a406f72783045562a094fe9e37977346d67728cc2d90a6defe
ttp.r014.relation.2038	ce9f74caaa026eceee8ea48bd039c6ffc1846b0690e7810a60c03bc61d4d6dc4
ttp.r014.relation.2039	39eff8e3078306b66f390cd1b1ca4b65feebc5759027f3cd9698e112bf4b8020
ttp.r014.relation.2040	5adec1aa563f8a7932d67e071a3b4e8ee60d46b38aa149a79628b965db26cf53
ttp.r014.relation.2041	c910b5dede31b67f607b2a8a36d8a010719d5433ee5e89858eaaf711e8b9e4b1
ttp.r014.relation.2042	f96802a33d523697a638899713d1582500cc9285370ba0ec45e458b941ae218b
ttp.r014.relation.2043	b6a80eeb991bffe78d51b187f65883578dab838b0a715cb015ee021cbccc37a4
ttp.r014.relation.2044	150ad42f1757513f7817228d60657005f47efce294917ad0a1eccfe263f3e8ea
ttp.r014.relation.2045	1e0e4a62137f77e4d656738581fe5afca449e494129d99d507684e71528a19d3
ttp.r014.relation.2046	a93fa2fa06d2a1be96855b6b5c78e5fc3ecbe122bc936cc91505cf5623c37543
ttp.r014.relation.2047	47305701325e98720819808e7de93dbd5aacc7a34e0979c4c3d6c106062ed416
ttp.r014.relation.2048	25420aa1228d55a78944cde5ef588f197d269da31c4fe056e9acbae80ccdc750
ttp.r014.relation.2049	034a0ac6f248bdacc43aca82e6e1fbaab5f88e5a3ee01d35c4d34b81d4bd81a7
ttp.r014.relation.2050	d91e47a7c61222a4b25d5fae563695b5cee09986b07b21cfaefb2951b907867b
ttp.r014.relation.2051	f2b37e31e455b0d1203d7174de12ffce47a59a34b48e6e5b7d80be02618b0707
ttp.r014.relation.2052	9daf53bfbb20932839b9cbbadf662237acce658768c33b71d5380d531c58e751
ttp.r014.relation.2053	49bba07597db74fe5627e2400a43bd3c6c18bcc90345b4ef82101c7e26f737bf
ttp.r014.relation.2054	c47b5301db76e445c6fbb4cab7ba11f97a442a9d8eb2be65820df1d350d4a869
ttp.r014.relation.2055	7d379e3b00c8ec3a042a8652cfffdd3a0b32c607ebfd55528e23d2cb250702e0
ttp.r014.relation.2056	ac894d2f305f4af8b5d1c1c56e7518dfcb31553e6c418f8c028e7b763fe6c83b
ttp.r014.relation.2057	83757b3baac5b49535a9323d80b01aae6362fe2e7c7fa581a5758594a8b6dbf2
ttp.r014.relation.2058	395f43ae8cc42faaadcd91ff88c87411f18e7612494756cb78221573e958465c
ttp.r014.relation.2059	00b9931713e7be0589a7226211cbef4a7a74fb346e2b5fb84b3f840a370f87ba
ttp.r014.relation.2060	c710ded303639702a03692607f668b67efb293c8cd9b5f57ab9dc26b969d64d8
ttp.r014.relation.2061	e18e1c960e2a8bce82237344f0fc7fb0a8f2586b38d4bfba7b76a0fa64912629
ttp.r014.relation.2062	f3172f8695a6ee78904f7f4f7f3002a77e882077f8a82e9e966c4d0df7b486bb
ttp.r014.relation.2063	7c426253f79442c9fa4ec0366c4f2d530650d4e794dd08d2259a3c7727e52d4f
ttp.r014.relation.2064	fe29321db96edd2f1fc2e201e60b275c075be0cc425a416bb52a2988f179d6ee
ttp.r014.relation.2065	517bd0ea9ee54bb0a847d813951136abeb7de0deb73cdf424e0f3fa19b4b384b
ttp.r014.relation.2066	e4742091d8a4f06098ecaec4e6563906c27311cbd959018f23acee75d5bf9698
ttp.r014.relation.2067	b92ff6264ca70950ad1a55c81ef51e24264e934e8b3db0b22c7d0a55bd2879fd
ttp.r014.relation.2068	2f96d57998afb9a1f9dbe4467df4e364d744fa3a2b504e976a78db3f5b0a0af9
ttp.r014.relation.2069	7ad4978bf1551280a33e8db8beb541c74907f254461e81a30fd151da4ba6f2c3
ttp.r014.relation.2070	56e157b516e30b38c6856cc47bd3dc58abb24076823a234a43c0950290f89758
ttp.r014.relation.2071	041a2ca8ffedb3e00fd03ef41bfaeb7e41075880176acd44fd9fc5ed7e6590c3
ttp.r014.relation.2072	052636ecb6a8d959894606a9652127d9fef26810634a14e3251dab2297a41987
ttp.r014.relation.2073	c7dde74448abacf80942d02a728df9c2b0080d5c54b8d32c2c0c2b720c5d17cf
ttp.r014.relation.2074	d3f01192862cd477e2f1127bbf050226f848ce2a48b54cfd05f9a3f283ede424
ttp.r014.relation.2075	426ca36db1ea7936bafe8f1e2662ca30326a401cdd27db2302d214d4231c01e8
ttp.r014.relation.2076	dcd2c066ee9f690f9bcffb3edde6a11ef6c050f064b930c29a745fd308e15273
ttp.r014.relation.2077	98b50444599dfd8ab410120436bd83851b41a75461a58db41d0d632e787d8fbf
ttp.r014.relation.2078	8de4ed27e294a7c5be720a0ee3a4f8ed2923dc69740169d82f398c5892aac64d
ttp.r014.relation.2079	53011ae3e373b9601f2173af21ca889a62ab5e6c62db7f107e64270f6d2a2d3a
ttp.r014.relation.2080	b4781a41b615912561178c1418ad22951e7f27c846335e6921c5421304c2d66f
ttp.r014.relation.2081	6ac6a633f4e3fccc3f0ca31f391b032b00c98beb003024bdf9145ec8f8ede86d
ttp.r014.relation.2082	64089b487a99be039ebaaba01d10d9cd80543f0db42c2b908953d6db1895ab15
ttp.r014.relation.2083	b5ac3a61c6b945cff5cb1ffc075650b7a9d9fed9ce019944b5bb79106aa31423
ttp.r014.relation.2084	dde44a60bc141a92ed40568b62c5912d52ac6db2e56d7a5406115b475481445b
ttp.r014.relation.2085	2d441e80accd3cb913a4a0e7eabd4775966d52ae1818e01f73c250f2b0babf79
ttp.r014.relation.2086	648cc9fe43022d2ac7ccec08ea91c25e5ecfdf315bab0883c3c1e8305c67cd5f
ttp.r014.relation.2087	8afe01e421be1cf8c87d73b75b83c096e681a08788f33972fe6d0a8a3cc2491e
ttp.r014.relation.2088	f279f661cc9f66c3c7af532520bf24a0387030a884653d0382c0f105eadde28e
ttp.r014.relation.2089	8d6aace569514b64d0210c4cb7b20999d46d459039189b07754659cc4dbe4db5
ttp.r014.relation.2090	a0ac7cfd690e6e6cd06373c5f8a092e5cd9854bb45ec984e381a2a43f0601fb3
ttp.r014.relation.2091	be783f7f116345d96c35c28f5f19dc57bf8523fe3845f5a557cb69fd84add6f3
ttp.r014.relation.2092	32fc0297a3a872acd5a36bb78b7a647e822eb12a45bc02aa303a5c76d39e7982
ttp.r014.relation.2093	0dab61b40555d7aac4e09da0224348d193b4d0b42112dbeec544ffb4c3ac2ec7
ttp.r014.relation.2094	77825212806290d58bfcf05d5920bf165331aafd0617ec04c695b3ddb9c7cdda
ttp.r014.relation.2095	2a3a3dc8b6b8f3fe47ca9c042c7f868c54ab1d98bcfaeff8aa1d1fb39f639233
ttp.r014.relation.2096	7103dae91d2d7977eadef853d6fb841152e38641538a2c9347f77aef95e3cb1b
ttp.r014.relation.2097	7c516e73af1846764e1ba28ad3c9b4200a81cbaed8bf3c21e3aa0b0f87465831
ttp.r014.relation.2098	d1a8630db7d68f918993bea4cdceccda0e751c01f6783f76c554f369bcef2fa5
ttp.r014.relation.2099	dfcc2e9afa0b9849d114c6a9c9a6396cbcfba229728eb2fd1ce2e8d04070ec83
ttp.r014.relation.2100	8ac27223aee49b2e0d9781015a93003e0c7adcd42a106cff6266359cb32ee5c2
ttp.r014.relation.2101	c1608a4f770a9449f221cd9f89e2b73f5c089ae2ec76e0fdb5fc8a359c09d593
ttp.r014.relation.2102	1543452b749653d23c7ba5e66a0c91571d2856acc5bfb05a95ff08629e7d3506
ttp.r014.relation.2103	55088b265c18f2e3eecc3b77ebf3aecdabcdbb55aee1d37e0fc0e010d84d349e
ttp.r014.relation.2104	f196f8063234052207879bbc5eaec6f8ddc9359adde421780529e58eaafd62b6
ttp.r014.relation.2105	c8509d81d2e29cbc143845329bbe7d5aad556500777668c7e0c877142ee7a280
ttp.r014.relation.2106	80f7c1b9faa5a20e8f86223302cb85f76507d465e1d8bace908d19f3c9649295
ttp.r014.relation.2107	8c6c4c65be6e3b5335f4eb6f74d1916821f8b1e26e06243cbf4ebbf27aa82df1
ttp.r014.relation.2108	eec5b56875a04866aa93209c9997ef64cf2066eee375bb8b90244140c7237d47
ttp.r014.relation.2109	66e5aee3a3a2d267e0e012ff6abb1b69808eb48f9e38dba6ad1d92292a518364
ttp.r014.relation.2110	07548517674e1999224e1fbeb692b771de418637ea5687d91abe681789733b2c
ttp.r014.relation.2111	fdf1944319e66a72e097e302be26655b387fa35864a07cc989ca00d095897867
ttp.r014.relation.2112	1c7768d6b9940d3beef88097a81ea3675895269441ebabd4c7d28f4fd2d58bd6
ttp.r014.relation.2113	291699385750d996d368dcfd64e3f80a3c1ed7ab599ff5a96c266376342a4711
ttp.r014.relation.2114	b316fa52c2a2695ca636d5f23e3f018c139a35985c738fca66a6f2d82718a946
ttp.r014.relation.2115	c4e6bc7968dd9e07b2aad97f001d998a0b0f678bf5c30e69bf728f15e68e96fc
ttp.r014.relation.2116	44d9368915cea52b968d460eb3dd2c74c25f3dfcddc263428d80268f70366a3d
ttp.r014.relation.2117	4648a57b3ecd75611c50ec402030435860f6405df3403c30f3b3a729318e3d70
ttp.r014.relation.2118	8d341f21f8e44968f280198bdab6c91e9b9b1926b6f7cf43934ea2a44cc8f8b8
ttp.r014.relation.2119	62b421e65e3737af38e05ff5d876a0e0261ec5e7302e98108be63c49f5108d19
ttp.r014.relation.2120	951d497948d61ea638b9aa253488db47f841a2f7fcc566a3873716596c615153
ttp.r014.relation.2121	57df692ad5a813724e1437f075351f3f2a806fedd54e5bedf8dbc87f85d99abe
ttp.r014.relation.2122	897903166cff82fae4466d65b195184ab95a464a644132002878608b1e1a011f
ttp.r014.relation.2123	6fd514f761bf042af32c6748f3baddf1db004dcbc16e0e658fe1f9db968161d6
ttp.r014.relation.2124	4cc28f3c6c32038ab08b14d3bb872a72f85713babaf9bbc1dfd00fd59ac6640d
ttp.r014.relation.2125	3e83be268b8ddc96f9590268e838783acb1ede347b8220b520def501bb67827c
ttp.r014.relation.2126	a508656633542f20a4a433a0f4662d692e24eeb3da55861d64a3a042f16e244e
ttp.r014.relation.2127	74bd47cd8763b5636a8737126ef59c3de2ded6a15f064c18add6ceeef5fa0f9f
ttp.r014.relation.2128	c8b8af4d7c60ac723456711a10f1b97d061d7d50ab47ccbe1093f7172b1a0510
ttp.r014.relation.2129	39d1730921ae431146d3672a48f99da65413687ab54f79e5b8f90ecd29df1f31
ttp.r014.relation.2130	7bc18f9d64d5f927d51c99e4f9ebeddec437e1841f91e5f4f750aee3cf0b91de
ttp.r014.relation.2131	37cc51e364f22db8a61624d3ec8efaa1bdadc496d82f2b8bce36302d2a84ec1f
ttp.r014.relation.2132	acdcd19a9a03046a4d25021c9638182386759143a8b3f411bbf5dd16fd8a29a1
ttp.r014.relation.2133	cc461db01e3697c081bc8ac7ab9d0dd4d94efb9df1d795cb15c633449808e3c6
ttp.r014.relation.2134	01c92ac7ff7bed073809707eabab427329d062f8b072ca56c8b55e8332b0d382
ttp.r014.relation.2135	04433f8957adeb9f1f1c8a7e9a8925bd40e1189c82559b160d5bda610a6a74b8
ttp.r014.relation.2136	7fe65cbb15dce1e9f1891d59a8c23cb388cdbd79af015aae05b75dca60697c5c
ttp.r014.relation.2137	54b190a635d6f3fec53b8f91a2c6d261091a534f71b5d12c85d76ba89c3a5f4c
ttp.r014.relation.2138	26775a3b89d1ec047fb3cb645c6e5815fd8abe41026c6a8199dae56a34696ac1
ttp.r014.relation.2139	4a3f7851d38d28cef006d3b7146c6588949ce5f3c41995856ced5f8826156bd3
ttp.r014.relation.2140	10d76fdf4ba7b220f70a51bdd262459357466a3abb68c900a467a9415b1e69a2
ttp.r014.relation.2141	44b59c2711e97fe2d8c4f96cfc6d0eaa195d2091a8507f6d91cc9ca601a6e55f
ttp.r014.relation.2142	9f90fb5a724f2afdaef523a88400cf298e23043cb4557fd0dec7ae19352ce3f1
ttp.r014.relation.2143	851fa8ca5b0f67797ab806349c4caf66d55cae5ef44bcf52de960a770f0b46d2
ttp.r014.relation.2144	e98f326723ec858bb0a7e41e9368bf23680e810c29a3708d434421e93cec0d97
ttp.r014.relation.2145	e65614ec1eb877ba622252f06629c092c6e9e5438749a172a7eb3c39625a91a1
ttp.r014.relation.2146	dafae7c361a8c7f9192eeefd760dd76980ce517879ace496a33cf84d2e9f3d1b
ttp.r014.relation.2147	3208c8da1b79696c2643d6d6f85f75e9018d7a20d87f8cfc72d0d530de3cc451
ttp.r014.relation.2148	85fc0d4bd2364ff48812ed695fea60270d4a9f5b026838bb749d958a1ed35241
ttp.r014.relation.2149	cb510ac32d59ce07f09ab58ec7d55185e502e621350c7884a3126afbe94b5787
ttp.r014.relation.2150	67758a63f57a6ad277c9fd9915a6f492626bde3a49716c0a4e52d6336331cac4
ttp.r014.relation.2151	bcb003f62fc8cfd8aa10f7e99f427fad43d766bafffa3cbf43635e990855d295
ttp.r014.relation.2152	ccd64cbdde8043c4c22b90fe244cab8b18a30057b43aecde988362baa087f309
ttp.r014.relation.2153	6da9348fbb5a17c44c6c95a2e3b56966e95b37dd80b08165e8d32576d89ac90e
ttp.r014.relation.2154	04b6129270d9aa9a960824456d9aeabb17d5c171883875d9b1635726944955e1
ttp.r014.relation.2155	175c66356ad4a310df7ebe384a8b15ff4f643581ffc10879922c62edb2ca111c
ttp.r014.relation.2156	2b1d94533405c1795abe62dd86cdfc34c4ce82de882b7b1b735b094d81066723
ttp.r014.relation.2157	f18606dd839498c0a562e0ad292d0c1e97a9d526de2fd19df486e95151de2a8a
ttp.r014.relation.2158	eba9c097767d9a007a60e1454e2c240be11dc058a057102305cfc9d1b344ffc3
ttp.r014.relation.2159	5d51202818a2d82f7e605167d6a1c6a82536f3df782e9341b29e03d9b30d108f
ttp.r014.relation.2160	d14e28223c20ed01857cf209d92d8e72883980ecd76af570f6d707bc3cece917
ttp.r014.relation.2161	1da6382700f58c9701160bc47ed0199a7d56cc561aa6abdb6c931f1d2e512544
ttp.r014.relation.2162	bd21f4e15bc965a3e67ebad943925094e80fa63e10f7aaf43f160812f5c20f50
ttp.r014.relation.2163	e80944ad6f363a4054e3ead7910a5836b907a7a5382a94b870e5465a4d532e62
ttp.r014.relation.2164	f17db275ecf95b81687531068e01cf0626c9273b523d1b99ed3b573f9c0661de
ttp.r014.relation.2165	f60ee6e955b22a2dbba4b96ce9b6ad7eea283d7e85285fe7c62deb49ee385aed
ttp.r014.relation.2166	b36a2219d26d1f80f6a328ea52f3c06be014649ce20ab5465c2a473c1d80296d
ttp.r014.relation.2167	0a96852229593f531469ef40165a7211996f06936cc3dc5c467cd5538fd39c87
ttp.r014.relation.2168	7bd8f8fb3a9d7aee6064408da79e84f352871fa04afa31539f7abffa6d406ebb
ttp.r014.relation.2169	18b90100253f5939754e21480276ead5a105cdbcea5556c2766d64ff6a2dbb2d
ttp.r014.relation.2170	51d7bfebaf0d6e99b8dd14f2a559e50ecd458e6146b38b5fb4b1d57cbd931c18
ttp.r014.relation.2171	6f4216131f7a8e62ab0c32d358d1b340e608982b9a258a0f5275cbe57d146616
ttp.r014.relation.2172	033b705088ee0228af021482cdaa01a11170c74f6d5824325aefb3cc2aa82822
ttp.r014.relation.2173	ee160fd19fbc967d2c134c5fa93dfb99459d9097785ee7e005f3d43bcaf42492
ttp.r014.relation.2174	988c92fc3032080a620b521f16314791d272aea3a95fcef4968b350e9b75f8e3
ttp.r014.relation.2175	736feb2ac74caad42bd37a3afa76d350e6dfabc8cd0768dfdffa17bb9426bdd1
ttp.r014.relation.2176	929a1a07e08241e78c33c67eeacf7fb699bb889797b803716cc9db4fbee86836
ttp.r014.relation.2177	5ed50a880e07f5062a78327225c215a8b39f7505843ca34cbc953784d0c580c7
ttp.r014.relation.2178	3501750b31088b50b7bae7ae3cec9d60a413c64e88567609b73c67db65e0b5ba
ttp.r014.relation.2179	4b68c651de4724430473b7c31367a6617bfa444e609f86b0652054cd9337fb90
ttp.r014.relation.2180	c97709aad9a2146d549902b2cf585e844ad0609b45354a60a20a372a8784184a
ttp.r014.relation.2181	bc90f6701d367510731c8cbb2503bdd1b98fcb0a520e0aea12e1fbfd7d604ccf
ttp.r014.relation.2182	55567a8aadc87d798e731133fd829d813226786bd9c35b661c47ecc177c7af6e
ttp.r014.relation.2183	4efeeb4a360abaa03c74bedb15ed2b0b8847e0f897c628edd04c85372ec29e58
ttp.r014.relation.2184	1c2d126d4033588dc72985ede2d30755d5b635aff831ef9a1473f47cd02db30c
ttp.r014.relation.2185	fc4338ee1de27179f9e754b419d41f1d484d6ea110b9bd8122b21324948a194c
ttp.r014.relation.2186	36f14fb3494fa7c7b06eef265dd3e1230886a4319729ac00b711b30bdbac9bbf
ttp.r014.relation.2187	559a71c7b64f9cad0298c16d157f42848aadbfb2248dbc02e1d60228028cf460
ttp.r014.relation.2188	c576c67cbaff3a857110c9c3e63a3029be62c538d222868edac05c052f417cdf
ttp.r014.relation.2189	a2ffc9b8985e2f78481cb7965f39b5a587497b7ddc6f4564a4a3d10bc671c8a5
ttp.r014.relation.2190	db81a2082ded324ce4aab45faa53efea3a0edd19d3433a8d1921daa9944ea7fa
ttp.r014.relation.2191	fbc7175693c96f8e6432c6230a7ed0ea09650f26fbd7af96b81f9ace1622ff3d
ttp.r014.relation.2192	b71354bb0889ad0c1aa2a6ae4f7720ce03927a6d07dd5260daa76cd9f176cef8
ttp.r014.relation.2193	4608bd925ab7033a86818d6dcebf5cc483fda7edfeb3100474a095cba3b2826f
ttp.r014.relation.2194	e9ddab9244c27b8497f917b15dab450c3d96270829fa83ea77dcac7792d0ff8a
ttp.r014.relation.2195	7bea3d88ccc901a30889d0f3c7f5745734a24c0aace35ef415c89cc97edb6a4c
ttp.r014.relation.2196	1959f0abeb0e59b908b023582fd208bfc90f24eff6ef28bfce0c390bf9a335ec
ttp.r014.relation.2197	304cc3015fc2d94f9aef3ffafcb98512c2dac8217301cff7ccaf91a548813f6d
ttp.r014.relation.2198	18c0007986009d9c45799537cd5cf05a6e77c28a5119d940698d6cf5404f91dd
ttp.r014.relation.2199	22b81dfb9a0ac6b842532753094b30f9bd06f1182203a5d6d58cf7611bfb5666
ttp.r014.relation.2200	e5cc9ac0a043180dc2c610f66f673bf99d2fb6ec8b6abbc08046ee0a1867656f
ttp.r014.relation.2201	1b63ae3cd3f8353cc00f9ec4f15f2f5573f52e3855fb4329122687470290f0a0
ttp.r014.relation.2202	f5de565fb17fca9a1def05642a91edf36f691ad5a51518db6a5bc153077fc041
ttp.r014.relation.2203	0198b6ff09d6f6d31d2c5e6750e2faaecd9062835db7d216fcbe7c1b2034ec83
ttp.r014.relation.2204	d0a31b15a6b0964667cd555b2648e4375179ccd81f93b253fcc5a3f82620e53e
ttp.r014.relation.2205	8bd6ddedba4cc29c6d49ea3cb52570ed194381ef9a4a4c7b71abba19b176ddc9
ttp.r014.relation.2206	5f914018c3d81caaa9ed84d4c6eb115f7be679ec7e3efd866aa593cc6e9dcb3f
ttp.r014.relation.2207	0d92f44dbfabcb7112f48cc98f851210b489e45d5a5ce9ce2f609ddc37b9e8bd
ttp.r014.relation.2208	c30561a2396c2a44e0e8f9eb26e2d4ec825258e264996d2d61556f275682841e
ttp.r014.relation.2209	c766c70b110d9d6d76755102a69983de7f9e57a931d8278281967973fcf39316
ttp.r014.relation.2210	8f338c60cd810a73842fd672bdda5ecd8acf92ce44f5df6a7249df90865f842c
ttp.r014.relation.2211	65f559e1a540f4f10f59013bf8a4a41b19d6b2fd57f10421d11aff41ec05c5fb
ttp.r014.relation.2212	a5eb40041ba00622215b399f8bbfdc5557b1d9be7444399dad095e44f0782b9e
ttp.r014.relation.2213	adc7714cbf99d780e65bd6c80b132345ff6d9345ac0e43a55e909ea1383457b2
ttp.r014.relation.2214	d529b573889813a39af61204eec89d7c0f667bc769c52af5a7599e136b41a0a6
ttp.r014.relation.2215	23785d952e1e57153f3aba13a49a132c29455311d5c2da732055165ca02cae7f
ttp.r014.relation.2216	17ae8c16c0f09ce4c708366ef38f445bbddad77baa77ee5397914026b30cb470
ttp.r014.relation.2217	77c5c79dfdfcdcab33c8d8cf57e8aed23fcaf97bfc34246d0926a0697d62bae3
ttp.r014.relation.2218	d82438b50cb775ba4b62afce8c289f4ee8e10157d020add8db6c49d4524d62d5
ttp.r014.relation.2219	21f0d49804d220acc3604b03004d5d6f9313d7ebdc76e7f93a4d99c70ddace2f
ttp.r014.relation.2220	81abfc8f2a7f2b0252472b2dec066c6d58f0bbf650292d2c2e8fd8082894e8a5
ttp.r014.relation.2221	451162ca6d91d819c68f93ba16657fa10eb98fa6a4d354f9ebef62a00846b93f
ttp.r014.relation.2222	865f0529bfd678a9630f3f9de15efa9783028a9aa192c18c6e8babccb3623bd6
ttp.r014.relation.2223	dd3670c5435510d690442c227391106cfbe4e27c490b8c7c35091afee6b78688
ttp.r014.relation.2224	87a7a76cb5b717ecb8e4aaf2d599f7edc65cedd369bce87f3c6fa2d7d3ba4a10
ttp.r014.relation.2225	e166fa30669386b5f26b88f379ddc6d0dfc32121c8d414ffa46def82e3d77cf4
ttp.r014.relation.2226	92f9bab391f1191310c702e725c3295354e46b406d4f5d56d9f07a170a2ac3df
ttp.r014.relation.2227	02f6dab8f5f96faeec3cbf59a48dbdbe1942adff4b8ff1cbce36ad3ddfe0d34e
ttp.r014.relation.2228	e154426c5a3748c10a3f6fc10deb9ed978611f802c3d407476de008eeca8073c
ttp.r014.relation.2229	d177cec17c18e028c9cebf3a5070bcc0a0d111395d48ff100be2accdf3bc5fe5
ttp.r014.relation.2230	a5b9af86aef0d5659b2ce125c6c5b4d8a646726c8cab1804c5409318db948846
ttp.r014.relation.2231	5fb12dc7ff2ed99af07587bdc3a568018bf6bd0ba29a1389aabd0de75cafe6e7
ttp.r014.relation.2232	3a03e053f3bdf281e9dd067cf05dfc0c115476da4e6ac7fc447992fa12de1d15
ttp.r014.relation.2233	b9abe9d285e869838e9dc31b1882e9424a116927b86cb7606059e75ce95e8c2e
ttp.r014.relation.2234	0ffb539999dec90add7b09d211c3d0d7e6a4f4231bd5b48a618eb0b9f895d876
ttp.r014.relation.2235	2f54addd73e23eded28fbedc780f5a8bb97ce39b7361ad9452e422cd6146de2c
ttp.r014.relation.2236	88dcfe2a20b800dfd2f8e314de36ccdac62ab441a03eb6314a1f5634668af1db
ttp.r014.relation.2237	701a8994d74c6e102888b0071815453ce54e128991a4301b8d80444861949870
ttp.r014.relation.2238	8ec006325976f55720a422be5d9d4d8e231de03c3e8c45ae0e8047f79bad19af
ttp.r014.relation.2239	b3adc5def9377dabee429c58aa93133e8c23cfca67df6725d7a3033e2279d0bc
ttp.r014.relation.2240	409669fb85391221dfbd9f8f90f221b5195df2de5604c5222f50b4076aa0cc13
ttp.r014.relation.2241	595288b06b19c44814662340b5cd1d537018c8562502de8086a3da081fde6436
ttp.r014.relation.2242	784c61428e22e4c1aacc40aa2034c608ddbb57757f49f9db8f43bc1c695785ab
ttp.r014.relation.2243	a76cde16a379c8e40b059fdc25e08d20be5e0e7a42def89dc840cce6916cbcb2
ttp.r014.relation.2244	2587788114895597083942b61375bcdff6083ee41dcc66ce3fa2f775daa62be6
ttp.r014.relation.2245	fe3e0d2da897363d3f0f2c327ce1a632ba86837c3d331c9953fccef097d693fa
ttp.r014.relation.2246	f0559d741cfa357ad22c9c9425f0507bb8951be79f45993e40105af5752e92cf
ttp.r014.relation.2247	30e16adec62c457115973f569a1009abce0741934929b39c4a180eb58427ef08
ttp.r014.relation.2248	3a437b609c1a7c4961e149b2371049bc4b0ccbed7a74c3cdb137d6bca28015c3
ttp.r014.relation.2249	84a67b85a3af87e9dce4871261348acee6d7916279620c989884cf7b92430b80
ttp.r014.relation.2250	f126809d22f8bfe7bbaa3285b2f8d4882fc940437e81020cf371b943075779b4
ttp.r014.relation.2251	641710e42eeef0d9eafc1a1df92c20d84cc0dc38ef438cf4036aa261276b7bc4
ttp.r014.relation.2252	edde9c65936529a6f0b15172ff56831540e9a134d71d499119757707a7841341
ttp.r014.relation.2253	8fd9ee77cbe9032034221559186056f660edfe15b7bd42bc19101377d2de49a5
ttp.r014.relation.2254	436d6534ae133060bbb989819234a671fa8b1d39763cb1b052c3c408fd3f86ee
ttp.r014.relation.2255	3edfca00e8ff17fc2765372d1e9313af697fe1a165f7d57a2ec839f415ab58a6
ttp.r014.relation.2256	7f5d1bc03b4f9bc4dfe049304294585667de2b5906732b7f21b28c5e9f2b77f5
ttp.r014.relation.2257	69ab84bcaa2ab5afa9c77c5b7f871c05fda474f0e1bee1dc1a8f3aa88c1d785d
ttp.r014.relation.2258	0952c344d8ccc469e9e2d5f4f989bd0e8f6e50ef73328c1b998f8c875d959827
ttp.r014.relation.2259	79c01761d7e0aa82072ee5175955be10909d16ad30a836d2e84b7c64ad0bdad3
ttp.r014.relation.2260	9673024c74890b90903e80307418ebd0527b996ec5ff48ff37348b083545bf0d
ttp.r014.relation.2261	5e4720a714ca191738fa333674db5668a993d0716f8e2033e7e72c633fc9cd4c
ttp.r014.relation.2262	760e58ea32d216bd1619c5e32a49c201e78d1dc8ec56a20b757448319c1148c3
ttp.r014.relation.2263	a9a1797c39b9d53f96d79daab3e14a141c43057cd86a666ffdd6f452cd11d8ff
ttp.r014.relation.2264	c0d0fc4a1e8c7c87a4c49c838db7af187cd64fe9e55b9fc3997114ae8851c1ad
ttp.r014.relation.2265	37359aad4d410f0fa1b2b24ce75d94901f10e42c3d85dcf848e453043e938e4c
ttp.r014.relation.2266	96ab76ed75ad7f00bb51381c0c57f67338dca4b196af4ee58d540a55c0cccf88
ttp.r014.relation.2267	97c167cbecd0b614862221e1ca4761117500d431c1c50d18bae722702ee462d8
ttp.r014.relation.2268	1cc3961e4d1501f15d57b34c6754147525082305f37b0d24899ea08360854092
ttp.r014.relation.2269	287d779049c8dcbcaecb0c552c71a28bcb0cd0e32015027b8b53ff2ac2719f69
ttp.r014.relation.2270	566a089327ed3924d1a8fe39ad09108a17ae9f385e10bc60251e7e5d6216addb
ttp.r014.relation.2271	748408791bbf7eca8dd07d4d2818d768b353a8603c301a7e5c49fe97b05dd694
ttp.r014.relation.2272	b44d8168f0f6b429cf68e425ab2b6841c07bc653b64aeb074916e248371f4990
ttp.r014.relation.2273	ff291fc5ec45c4b15fd805cd0e833d267e7eda1dc9c2a967cf4ce522f21d8887
ttp.r014.relation.2274	e289bfbeb0fd27b22135b9698c7ea228a735a1af15ae9c70a5fe7fe317cef4dc
ttp.r014.relation.2275	9fe15f38e6d24b731404075cebd9bac297a9a2f4cb43c1d5dfc5fcc3fe97af22
ttp.r014.relation.2276	3400d56d2db5cf2c9278b86786672e620e0b919f913f1f284cd09514afcb0935
ttp.r014.relation.2277	bda61e79bb7f9839866cf11e31988c4ed608b6d4713696cc46fc7910f7458af7
ttp.r014.relation.2278	bbd3e712f87770c2330d3a05a19c657a98b8f51ff551db8aa0008727c4c4fd79
ttp.r014.relation.2279	dca745908fc4c0cea2fb055e1a3fb135f0d4d4756723505b672242b81e3bb96a
ttp.r014.relation.2280	9d18b1a6046d5934526d84f249946ba2aa689ce42ae7cd81bda4da9ce2537adc
ttp.r014.relation.2281	5e6fbc4faa8c8757fa58cefa713c8aed481db38b0180d1000c155422c89b499e
ttp.r014.relation.2282	2193dd1f6ae35a3c3b0f42c43b4453b65c77a1cc263afbcceb1df2a89f9fe0dd
ttp.r014.relation.2283	ac265f420d117cb848ccca8fc6d863782c9edb0e959de12c7e53d665dd4685fa
ttp.r014.relation.2284	9e4bc3ad855bec45c70897acdf2010d46419018ec324710fd3abb8a8c0ecb176
ttp.r014.relation.2285	a3bdd7473121c53316390e598fe9815ba78d61ee5ca554fa8abbfb2a25226b1c
ttp.r014.relation.2286	3c78f4ce7a43458d241799563e38bf4d52e63476fd56205f146e0f2f892942dd
ttp.r014.relation.2287	37121a5e304617bad66c99c07e6ab60479f87668ce84233aaaba6e20fa3131e5
ttp.r014.relation.2288	795cf30f1b43ec314e5fa96df3f6645532df6ee43257b8b98167facfa811756e
ttp.r014.relation.2289	b185bb270302c6d649daf88d6f1a0e1ae69f6ad50a88963e54a91f7be078655c
ttp.r014.relation.2290	441abdf73fd6c4d669f02ed03fccf9a77a16f28feaecd30829e46b3c4fcc3825
ttp.r014.relation.2291	5622bd78f339dc5147cf096ded7efeb49d8848e7bfd00c5f17525cfdb94b7b07
ttp.r014.relation.2292	e8702b6c6893f8bdaf7fbca4a94f118b03ef4a52f387319b0ed4ea4f12c85fc7
ttp.r014.relation.2293	202cc22c684c0e372f6ab8b66c45cd31f338fda5880b44ff16e87f5aa1322f9a
ttp.r014.relation.2294	6e002de3404ca9807e788e302b4527a3eefe6b973d47b25490766d73ee424339
ttp.r014.relation.2295	679f0b9dc45c3dd48e4e12551e236f8ed2ad4f97d1f0bb85baea6ebe1dfff7d9
ttp.r014.relation.2296	b11bac5d15b61b2ec15b98775e29c9b65c8b529382f1ea34d25d5f84c7273c26
ttp.r014.relation.2297	6e67a896b948bc9f16e2e52894458c6450289471cd43e8e7ea24f84e6e325eb6
ttp.r014.relation.2298	c6187bf86f90d297705fe93d1d1f2f899bc83d768b4fe3b2f781d8c10c226a93
ttp.r014.relation.2299	b23c8dbbab383d5d9724c81f9e0ed962ce2770cd93804c435b467146cf0f4524
ttp.r014.relation.2300	00312907af4f4336b82276d5405e4b48b09bde3033bda863f65d0acc37099df1
ttp.r014.relation.2301	9dc6f56f6ce8b31822b2ed7d9efc0abb6d81975d1ef3ca7bc10cd5e3f456ee1d
ttp.r014.relation.2302	5e9576c2a2cb18911c1af0322925b849f464535a8ae1f818b1b24374ce0d6cae
ttp.r014.relation.2303	45b831130cc250335d5cb12c4ea25e7eecb836aa4e029f3423cb6a6c003391df
ttp.r014.relation.2304	cbec50cdd110cea55420bcd4c64a112cdf27a9a64e96be1d8f555abb501c0e42
ttp.r014.relation.2305	ed111b179e1ce11cbc1bbbac289017d749a176ad6d762a6780c4a1c9eb4ae6e1
ttp.r014.relation.2306	ab3b27ae6192339533637c87b7451d09c8b1bf93eefb3bd424d147e568616aed
ttp.r014.relation.2307	cd5d47e218930d2b11e7dad1d34dd03204f52436e25fc1c9f0786f4281241404
ttp.r014.relation.2308	308f2a6bd5d4efb907e762d062e49af1b2aae537aa00c584eb64f7989f283ba2
ttp.r014.relation.2309	016161093857bcacec5bfbb01f3c05d66bf176bdddf8e656f3992230cacdd217
ttp.r014.relation.2310	878e53a12eb1d6ed56eb1b563f0d859361e2a724bd33043da7933fc39b18fa79
ttp.r014.relation.2311	e95975525b675c53386a57c00b359ff987e14b6e531d5f5a2885c78da5667ec7
ttp.r014.relation.2312	a2c4052e8d997a1e0bbfbaaa3e7e1aa5766ed0e0d8545602136d72c56f1b14a0
ttp.r014.relation.2313	aacb10210d7a0e96112e0869b6b7af8729ec00b8ca0d8c8b83e189cde90bf68a
ttp.r014.relation.2314	7486783f3bb68fac5adc8479ce3d535f3ee6f5bcab2233f212835f7adffd1f2d
ttp.r014.relation.2315	eef9091236ef353daf052f9efe4abf4cac50a296028bf2c0ee7938740b6a5f04
ttp.r014.relation.2316	a1ec32e6a301fc9f40b67fca96289e7512e491b1c86cf9a53752e311d013afe9
ttp.r014.relation.2317	96f795c98365790abbfbf76a23adb80f1bf00c528693b3cb598170a5f37048d8
ttp.r014.relation.2318	d50075c60dbdc38e1e08c4abc66965584c3ea70ba52eb654ce7db559fb2e952e
ttp.r014.relation.2319	cf5f185dfe94aa71a8b44a381a67838198db3609af8e67b5812c768a84ea61a7
ttp.r014.relation.2320	d438b268657d28167573e7b6825f4753b95cf625d3003fbf4041c09f7e039275
ttp.r014.relation.2321	ebbc59435dd5199937e0cfd5ff2a554f713f12436d1e391d4311e8ad7f3843f4
ttp.r014.relation.2322	9e0906927af76f71f63ce4ee90a560997ee03a13a5c74ad0c0ff3100eb462155
ttp.r014.relation.2323	58c97d76fccf419b985d62c5bc95e6198149106cbd76a095f4d4b3bcbc71a4ea
ttp.r014.relation.2324	1f3191d20ba26dd1e4f27af815d498d04777943045a40b679df4857800036827
ttp.r014.relation.2325	7fdeb4caf676ffe00c54350039f677ea4f644099f9eabdfa745af24d5b9fca66
ttp.r014.relation.2326	2f07125503428d2074aaec4cc088e7af79fb50653a4ba9793296d42daa9c0323
ttp.r014.relation.2327	e80aa98f2764f3de796cd5ffe7085f3117137785fc7af8f8d4109469a076b7cf
ttp.r014.relation.2328	25464a7ffa7e028938c8d6845ad866abc364eccd90909e9a0f30f304a7edf781
ttp.r014.relation.2329	9b8276dcd708dd1c152c26e13ecba89dd0c6376f7085aff300ecbf73e2a929a9
ttp.r014.relation.2330	b32f08bd59fb66c96b909cb0bfb7fbf25d98ebb60f750d1af593ce8b5f4b3f43
ttp.r014.relation.2331	67fb190a420b8f77868221ae4db676eeddb7582cd5a4e896b7cf5155676ffee0
ttp.r014.relation.2332	29517f7d4287663af85557575988be424a8b7fc01064617014aa6f987ef251c9
ttp.r014.relation.2333	ec5734d7b2ecc7a0710c8806a6b43e796f40efda4af17ce7916978fbea57a532
ttp.r014.relation.2334	eff126fa7829065cfa52a053f8c022f36271e29f085e9063f20569b151d372c9
ttp.r014.relation.2335	917a3b8555a1a1382a2a65bd88c4b6d294966ff12b7990f718fe6621396cf808
ttp.r014.relation.2336	6d7d9b9377231a36bb88c0ddf5b0586d89b85a33bf7feccaff4dd78157e0a31e
ttp.r014.relation.2337	38df795a7368cbbbd37fa31fe02ce1ecb1c04974d2530de8b2e5be7b308d7d16
ttp.r014.relation.2338	fbda88f5babd07fa801f2133d2e39bd1ed55e758b10f2b92a9986178093c9834
ttp.r014.relation.2339	dbe31d15fd2c9b6a3fa4f2df63f4f30f7d660c6c0aa4163a1d0fb87673ed133b
ttp.r014.relation.2340	fb9a4e41b037b76abd860bd8d653f61c692d5cd20676660ad0de0e8732beb411
ttp.r014.relation.2341	1ea62f1ce749afb5c98e35c50520d37cf732e5af133968ca9a093a1c5a032c21
ttp.r014.relation.2342	20d982c9a3996257c82c017fd0483eb46dac3056625b3a0f97d0d33c71b18b8b
ttp.r014.relation.2343	31b3b06753dcc083df004c40f3d0b48c0b3f60a7b93f58c8de6d91926a3e5f4d
ttp.r014.relation.2344	b33a62bd5b7742dede5baa4a9d45dc857887496e418f0f7e46a6c829840a9600
ttp.r014.relation.2345	0d790cfea7845455e2ab6f52c4dae0340ebad82cc26dddbf7959d8f3c125e40c
ttp.r014.relation.2346	921a69ed32c54ae1db11ced4debcacc560c22611ad6765a2501112a7fe3f3bc0
ttp.r014.relation.2347	ec244c50a99555f75b1c54d2b8954f17f7df26551d909d87f0d547506241e8ff
ttp.r014.relation.2348	7cbcab9bd960e05e2a8294af4010222c1a248beb7eb57bcbe5857560342064c3
ttp.r014.relation.2349	6e69e4a23ffec9dfb31fb6562b2afb49b3df6d3de22da9c21e94c8ca6f622ef5
ttp.r014.relation.2350	dffa0b45504df5ab61637a9ecf5bd71311cb1309ff45037b6d9ef8510d55a9b1
ttp.r014.relation.2351	ca30155e236a5bd08a1ffc2f60231f3e6e51f73d1395696ddc05985b74b10f07
ttp.r014.relation.2352	af8c5210dc55c9734039d846adf914dd7c7dcba7d54435b70ec4ce836ee550b5
ttp.r014.relation.2353	06ca54eb81dcb520e89d5fce78ecac10d5b831b1d89f5e8aa16329e8cdb5910b
ttp.r014.relation.2354	f14611cc7835bf5e8bd893f31f6628a3f15397b0369c358436e71af83bb86a53
ttp.r014.relation.2355	6a0991d57c12026e95259950c917b785574356834271a00d5342b80541cccc70
ttp.r014.relation.2356	91777b7b4efc4b8e4b3073406e4c38066a4a912dffb63988654f16658d4f73c5
ttp.r014.relation.2357	0446bf1ccadde4e3890d43bdb3cdcc56dad3b4379616329c941f564dd5527e14
ttp.r014.relation.2358	17728e83c578a3a570a56b4e5afe46b5fe67f5223632c9b21dd4748a799a04c4
ttp.r014.relation.2359	b8964c766c11fef8664c1b3681c2b791a19c2d90b59c9f80fe59edc77a634075
ttp.r014.relation.2360	45789647d3c51dd35f11335dc55cd4fc538a65d9edefa837dbfe96936aae4cc6
ttp.r014.relation.2361	2bd7d92111318b2c814621ef6c801bb7765f12f34c5fda7ee37070717c1300fd
ttp.r014.relation.2362	3e44b5581aa6715d9f0d1adc9789f83c680af454ef5b78e02fa5386a29eacf86
ttp.r014.relation.2363	60013cfd88aa0244cf5e916eef1e3c94897d04b82669a689ae4abdb163b8afbc
ttp.r014.relation.2364	f7d23cd72dbd1362e8633f40f7fe75531975b7c0c9d7b1674d521919cd2ece3e
ttp.r014.relation.2365	6bc84629c06bca1e02067f161c473b5da1c3356c03c84391fae4aea4d338f839
ttp.r014.relation.2366	f64053256c7ce1a0db3b937d3837ceedfe17c98d695bfff8454612366f2630a4
ttp.r014.relation.2367	c3e8c7aeb51e4810eef4647c186530a5ecde65285a3ba1b24e7b27ae53a02f00
ttp.r014.relation.2368	0fb1d6f32195a499317ae155763d8a360c03a43b951f1cd6ad2aff2328c353d7
ttp.r014.relation.2369	49e0e551b0c58062a66960efc60172be0d1efb2bf1fd50cb2e93c0791dcfb68f
ttp.r014.relation.2370	c6932aec0736ba9ed523876a233aee2ab1b7d7c0e4a9d81d0f3a420afdbde75e
ttp.r014.relation.2371	010ff608c36149d950c717447872c01dda1df43a9aa0ce04d7e67628c0d0443c
ttp.r014.relation.2372	34451e10441503622510e4beb5fa7795a82c0130d435bf81f0cd2cb6a6dd0df9
ttp.r014.relation.2373	1a63c205a5dad45afc53d5c77664537ad92e1d3270d9ab0a8943f5d6150b1d29
ttp.r014.relation.2374	f0183a7f8beb338552e4f214a8ee22cef31b0c979de65e83cb09d56a3c828802
ttp.r014.relation.2375	28b325474734e8e518e7ee7176e4b4ebcc293fc42740f82756f737241b11ff52
ttp.r014.relation.2376	35eb41d3d5e773e3dadea3eeb38907caa3e17653adc01e6a14714e2b72e425eb
ttp.r014.relation.2377	44c024013a4a290445ce687ee1f67204b4d9a6dd163235f1365977c78806feb5
ttp.r014.relation.2378	0e448c17150463b3ee8e0b738b7dfb1810f67c30f5b70dcc6b2c65653c904db9
ttp.r014.relation.2379	d51d9c7a38d35dfaf7dc0283c8b76c2e373ea70a3e7bbd09f0f70f12dcec3055
ttp.r014.relation.2380	7b274c4cc9b422e94ed372c6e2b4bd7e70ea5d41908a19db5bc8f829e147a672
ttp.r014.relation.2381	cb94501ba267a7dfb32394849ee8c837c1f51a8dfd9f32e721c026df36b4cd68
ttp.r014.relation.2382	9466dd3bb3fcf13dab52954dfc36ccd43a37e11ec27e4d019c46989cf00b4b48
ttp.r014.relation.2383	ebc169e3c2c63fd91f20a279b8a175da029c6302805edacd68f8812f89e9c2a7
ttp.r014.relation.2384	2aea5547bc90671a6db5f3e4f4638aa3cc63eb7bf29386bacc91ec764572e812
ttp.r014.relation.2385	f53ff8da27feb4b243e5020751b6b57c9595143ff082438e8ec10fd3f4178755
ttp.r014.relation.2386	63b0e3a6d5e541216430fa883faac2274feeb4b402b8e1320be26723d48bdb29
ttp.r014.relation.2387	f152c5638fb09e553efd1602c1fdd94a1489c5bd78e67596635b30d090724206
ttp.r014.relation.2388	4c4f6378d60c9bf446007c971530b1bfd0ae14579d7ecace77e2c52286b88ebf
ttp.r014.relation.2389	12f640a122010504a4f5cd8560058f3c4d7a74e8fab140a3c19a9d9c1d1e69fb
ttp.r014.relation.2390	04f3aa805fee457d4ac571e22f1598f942be53f1d37587247c78de493bba89f7
ttp.r014.relation.2391	86ad5f201762ba252979b782e8eb74df7f29d3e5cd62ce067fbca5e97739ecad
ttp.r014.relation.2392	6dac64e67b68cedfc57bffe7e8b4abd3d784dc26ccb112c164acba9899c037b0
ttp.r014.relation.2393	a43854f3672a0283f3432f2407d8aeefd43530e5e6743685b8610f6c64b6fbb7
ttp.r014.relation.2394	f918a0cd5362c40b9b809adc8cb45c7a7196d7e11e5acc43dba37592c3b7c9d3
ttp.r014.relation.2395	5e2145b466c9f43801da74294e53e05396d4bc2f67e586520490b54e40e656b0
ttp.r014.relation.2396	a1714091d7b7469f184aff5ed83396b64b87e9d8975ff8a5522231c9269339f4
ttp.r014.relation.2397	78a25b6a1c8c77ee831f39e13c538eca9c26c20044d4f999c2e5a4b0d79ea52d
ttp.r014.relation.2398	0301f807f81b5221b0241cb5b8ca359ae7597f8319b56c856e405ba0d2df695c
ttp.r014.relation.2399	003e9734b4e3b853b1fddff6a19b7998bca4de20f9f716b16d30eef393359f03
ttp.r014.relation.2400	c78d06f92669c824e291831401ec744d425e12de8ef6b7f69d332cf97672f288
ttp.r014.relation.2401	d98b95b5de7fd1c88e6e4f744ba7b833b0db2d1b5c467cdbdb6fa8dfd131dff5
ttp.r014.relation.2402	e6f2ab7df750c4167126dcce43bf308c7940e768ace059f75ccf816603a25e70
ttp.r014.relation.2403	f828343d54b388b9d9feacca4a466c358fba6621d86aac15c916c3b573424922
ttp.r014.relation.2404	77350addb64fe754f692cd658b2fffa532213723211e5dd001695ddbd8f2c009
ttp.r014.relation.2405	e2bcf7632416e58e30f896fcea35eec20feffee19cc25fb7c1c8d177ffadd6df
ttp.r014.relation.2406	8296e390afef8ce7a80f1d2c499163b3e19fa956757988856eda42a6725a40b4
ttp.r014.relation.2407	04f9ca863dd823f4956c2cde8192ae74c90599918d3518cd8953e4aebca19150
ttp.r014.relation.2408	cd545eef43cc7e292b9a5b0e731e91ebbd9e806b214357cefb2325af248de753
ttp.r014.relation.2409	7e659b641ec54f53b021303f30eb11c4132469c3a7e4694fe5c16a4d177f3469
ttp.r014.relation.2410	7f682a8157d57c96040e28d8273b9888b8d0a8a39dbd0f762ecfb18e20d124c5
ttp.r014.relation.2411	9b24fb2dbe59df27562fdb2559cf7b95ce79913376d6429e864521830e05eab6
ttp.r014.relation.2412	a0b3c5e0b4e6f1a27bf900cde85f788b9b396169933b46c6979ee5ccc035e4c7
ttp.r014.relation.2413	9667d70ccf2df50954b053be5549405432a550e6a089fa7ff683c67651ee773e
ttp.r014.relation.2414	9a0051120455e64e1bc073472dd5d469eb13a06ce043e2064444880e0f474d97
ttp.r014.relation.2415	139b4a5e37c1725f95d13a39cba3035bdd9e9411ce09416b220ae6816eaf5963
ttp.r014.relation.2416	3cb57c5e74f7bb13e689f9fecf1b05b3f3bb69401c4a7882fc074ba307e060c7
ttp.r014.relation.2417	d96d68e8cc7f0d38cf753811ae6ec8883268a66892d90de3325d862edd4fc3c5
ttp.r014.relation.2418	ec37bb3462bd7a24555a291e42783962b0aec12131f280c6ba8bdc660a431b23
ttp.r014.relation.2419	2d7a18748219a63479067ef5ee18035b54eab4a8f238666d358d1cc18deed925
ttp.r014.relation.2420	0fe32282286853ba8bb4dbd6ac0b72a24373b3a85650df33921ab13737a1e973
ttp.r014.relation.2421	cf48e503372b438b64d0179681c4375dbd2a0d9b6f07adf2b2a5c8904a406e53
ttp.r014.relation.2422	c91bc0c5d9c4e72b53a9624ad2388274bf11b5b76adde2b9aad407f84c737cd1
ttp.r014.relation.2423	0e232c820972e77996f7dc9fb6c0991712a782e82ce3f2a8750d0e3a23b5cb8a
ttp.r014.relation.2424	5ba8916248489b84299619770f3ca25dc8456bddc11db5010052b3a50563969a
ttp.r014.relation.2425	2b496b062400a047f82b16e7d888bb618f7ecdc555a224b2f8f921705f7f1b73
ttp.r014.relation.2426	9a16049f2158f79d9601566229d8f38a9b9f75caed31351e7fbc4b646959baf7
ttp.r014.relation.2427	b0db44cb1a4da3ac0ea4e527529694f6ade357b93ddfc0110ef83e031a7e2fff
ttp.r014.relation.2428	623713b198887119c49e19ed095aaa5acc3aea8691552d9b91f1407e0fde023e
ttp.r014.relation.2429	c6da8628a8929470a2202f27d050d19c30b612149dfdcde1a6a47d8588c08d14
ttp.r014.relation.2430	7e8f0b764bdae3669dd394947ff9e9942c1ff10527e7f6baca94ca729da446ce
ttp.r014.relation.2431	242f45bb65567828b0211ecad23f642076027310523b4db9cd077782b2d3632f
ttp.r014.relation.2432	2eb50d960e9bde9de90a938163f8206bef7bdcf41a339b67bc7ad60cb85528c6
ttp.r014.relation.2433	3c5e801bf90ea60ca83ab679772fed65758c5bdf5633b64f200eba8a671a8417
ttp.r014.relation.2434	923b9d56c8493406a4dde3489628bf4730f25b35fb8cb98b3e57c7e0430e5a09
ttp.r014.relation.2435	61ad49bfc690656f50053136e08dacc345eb84dd8ba14c18a826b90d57b18a4c
ttp.r014.relation.2436	96da88b42655ffa12520edfb06de9dc16fb41783ff00ed3221c89cd895de1b69
ttp.r014.relation.2437	912ab9ac85bb795aa6561b840bc435f03bbfa20ebc5fc0d01a2b63bd686a6035
ttp.r014.relation.2438	d64712e8eb8814add58b34d6ccf14eea675cb2a2ef88f05d134581e25771d6c3
ttp.r014.relation.2439	8bffc5b38fc022ed0293d9f71cf66679e4f509878875136d84a97f449e411cb6
ttp.r014.relation.2440	0401750db4317f513320c44c2bfe2e459e10d6edc6cd4f68b9f01eaf28ab1be7
ttp.r014.relation.2441	05f483889e015adac87974f6e218d658d728957843842d3386ff680a6d2397c2
ttp.r014.relation.2442	08e60632839e1dfcfafc42a39df28757a18b44a5f49aab3fb40f5722ebcb0df2
ttp.r014.relation.2443	bd50bdfa274f9fb0df1feb5c476a5551e122245e42b4955d424c0c4b290e7cad
ttp.r014.relation.2444	03f06f87f14d44f73ef79855286c07b67d69a47b167d294ceb69f3eac1f24098
ttp.r014.relation.2445	9e46165fd0de31b634d1e6c011932205ae0408fb67ebaf07dc8d41aa2f352ea6
ttp.r014.relation.2446	63fa1239c388e19a9625aab72336ddf26b7ab9c8f4ff3800667952aebb5ae71f
ttp.r014.relation.2447	d614fe1647aba094fa797188d68daf4e794689934349e55dc69a26f46c6b8f13
ttp.r014.relation.2448	ab7aeaa248c95066f0d7d3a7f3ab95c111069b9743bf449b21668fe307234842
ttp.r014.relation.2449	67bf32147ff3e9625a1a0ab847d7f84301b26d80810d4dd4e3b1b27f2ac72361
ttp.r014.relation.2450	2520baff11e106a9b48ef60d3a1cc92c9ac24db085300ad4c636ef5452265212
ttp.r014.relation.2451	e9826c32b5a5d9fe716e219ff178d6513ae43be953791e096553d00edd1c66f1
ttp.r014.relation.2452	47e6e77622ad818c65752563e23436a572f36bdf3895eed5586dc34721f2287c
ttp.r014.relation.2453	c9fe46183619a5cc9454291b43004d88e6744c1ae017788c930d4fbaec12e2e0
ttp.r014.relation.2454	4244a2c01b9fe19c8a9e5e4f5d839ba227455683ff11f79d1a22523deb06c398
ttp.r014.relation.2455	a602038c732d6250e4a8af0e882acf9fef0db90dd2e0e244a9dd1c7a143e645c
ttp.r014.relation.2456	6df0cf9a7545bd898d84df0f98be0702c09ad8c119d8f6a3eeb08caa803813ff
ttp.r014.relation.2457	6814535b237dc2d80d1445d8e451f3a6da90b74248f5fc6cbcb58ab8f705939f
ttp.r014.relation.2458	99c82d20d367b5fbe639895d97b93705a24b8e89e98d582e7d849e00eeb76dc2
ttp.r014.relation.2459	56830d1679cde71633e3280cde031159e7a01ff0c4cca7258ba0efc34f387e93
ttp.r014.relation.2460	4ac1b8744eecfdb8d6ade82843e0e2184f03b390f71d1d7f038a079228284fd8
ttp.r014.relation.2461	848311124a0601dbe4674eac5e7260cd02713d6959b4b8999b08c610830e4033
ttp.r014.relation.2462	3552126dbeb3df57aefc227a92abbd9276da83e8d62554f8b5a4dec4929b3592
ttp.r014.relation.2463	53ea71edaa2ec19686bd1c7774cd022f58f9d9327c537e12c32201f4f69474c6
ttp.r014.relation.2464	3fa0bc6f12a2eb4320c4cec26c37c9c14ea1b8877f3f05ab4e0f70d2f75fb1ac
ttp.r014.relation.2465	769b7f9c5324229c2866d210a2977b84562646a25f399e991a0a08e0298f7e09
ttp.r014.relation.2466	1afd05dd280d2e26e6f64e9973a48fdee1e71889cd301c69a6f7cc98166c6e98
ttp.r014.relation.2467	a440b6078e05ed262f5bcf879795fdfb90894138f5086035c5a3e9a24aa4a687
ttp.r014.relation.2468	dd5a0e37efd9c77b55b562b0ea8e944f2d735a3f8ff19182e2fc8a13a6e4c15d
ttp.r014.relation.2469	ff1ee7fe67c224d034986bce614e0a912dc3c51146d94bb49c69a637c30ba515
ttp.r014.relation.2470	5f4d701a53f7e10eb62fca79f5aa3b7cc0b02bb631ffbadb49da7c5e0996760c
ttp.r014.relation.2471	e7c048b2c9c61c66abc2c00c2b0e326ecb9f6cef3124071650beefb54694930a
ttp.r014.relation.2472	f6381a75051f67de40fd385ca8badefb361bc1ca0033f1f6b8b78919c0ddcbd3
ttp.r014.relation.2473	9696f1a33b8ca7ec742308acd6924440df6586eb9640b6ae2fa4f24e1d655e9d
ttp.r014.relation.2474	7ee831423a1f430afc3a5b8cebaf07aef5a7ebb1da7e58d30110dc06571cbb29
ttp.r014.relation.2475	e99c7a915bc13bd3e9b4113ee3a2ea59787b7fbe71cb2860cbfb1d4d1215d7fb
ttp.r014.relation.2476	a187999fa04e631bbe9b959f7dca7c57d779a27961245db6f5a2224b18e1dc8d
ttp.r014.relation.2477	8be9d1135e9c0ecacebf06de952d0c66274d6b01a902185bc084656a157845ac
ttp.r014.relation.2478	b691321bb5fb8a929f074dedb0890c808133bfaffb8b985ecddb810601fa6237
ttp.r014.relation.2479	4c6f73febd5638efff7152151f5fe1cb2ee680118fc6d575a9273d0cd39b5e94
ttp.r014.relation.2480	43f9bfc60abf9feda8cadf24abdee688a3e6f2c0f1e9a7ff0c3acdd0451bd980
ttp.r014.relation.2481	12fd144a09eea90a83427b7e7d8a5527e5fc30a0377f09ee0a4dfb6e9e7c91a1
ttp.r014.relation.2482	d5d454917fb9aae09fb6d33396509e1b708728d42910833f3c100deab1fa3456
ttp.r014.relation.2483	7542d1f33ae1b4ecf00ace4c2314ded9a350bae439bfdda67e648ba32881a5b8
ttp.r014.relation.2484	c8bb44111168195fcc261fb2e0f0748c4e02e81016b509f2c4ed9a8fe990572f
ttp.r014.relation.2485	1c2523dc07701a275d0cae76a29fcb649c9181fda8c9927905e727e40126d63e
ttp.r014.relation.2486	5eb26c1ff732b9de184c56d46b3840f22599752092544478140393863133e1e2
ttp.r014.relation.2487	caecbbd9c555d9b3306e50d0436abaaba1db436e213d97c80717fa2e74bf3a3d
ttp.r014.relation.2488	a8c2018a5ac722707581658c73ce91b3e2fa7e1ad023aadc9097e4be96cf8010
ttp.r014.relation.2489	934191c17c04559c821fda6bbe3ba02d65987b097eaf971f88ebb6bf5c4bcb1b
ttp.r014.relation.2490	4d1274f9f617dc8a9d7fcb5525da1661663bae98556818d94309f38d2e5c769c
ttp.r014.relation.2491	b495fb27c8a3736ec617607afc37556f1ee34ab757ad4a49858af92cb98453d8
ttp.r014.relation.2492	d8c1f6effe52fba74a339cdcb1d2641498e9036536841fb393877931f69473a6
ttp.r014.relation.2493	4c1ac96c1d6e773bd11f4d4b5322f255e47e4986501b4be6174f16d26c554e3b
ttp.r014.relation.2494	b0794c864ad8df578454d200c174943b93b2c575986a438c50a7c2f257080860
ttp.r014.relation.2495	2360497ca8c71b1393c940c2de3f522ced5554e136e696b175119cce72adee9a
ttp.r014.relation.2496	e8208d566bb27dc55a4a74cdb29e55183ab6840ec3ea8508acdc3d5a1f6b0406
ttp.r014.relation.2497	858bc519270a4bc03c1f99cefaf922c613327fef98c3aeca3138210c1766e52a
ttp.r014.relation.2498	20a43b3ff1167f1e0e88caa6b112f57d2e856bcb151183404e7e0f2f5b375a0e
ttp.r014.relation.2499	0afd7f6cfae14130a37e4acdf832ac3ed57dbe2d7e2df82ccf6320b260c1c044
ttp.r014.relation.2500	29b95ffceae170441ef190b1526aa581759a422987c7f85a8ad243463471df6b
ttp.r014.relation.2501	802c4407a2ede2905233c8d2d6142c665b406b3a0483ee237702586b31fd0f2e
ttp.r014.relation.2502	ed9196a1b4bdf67803059582d1f162e49d51b15f6c77d2b52d00732dd9c93b1b
ttp.r014.relation.2503	b7c856d8ec895ebef82212e253ef9fb26f08d8c7c10461b31580b95372029b48
ttp.r014.relation.2504	dcc20a6ee0c2155660637453035a084816dae045f6d02aca4b7c0ff5f69e1b03
ttp.r014.relation.2505	11f22bb32000bcace1f1f69f038e60948239744877dc7ef8dc7ed28020399c87
ttp.r014.relation.2506	22f7d40c868b6b7dc1879e25034545c4567901032117f2b094e6151b467c5442
ttp.r014.relation.2507	ae96e731904c35547eb55a5c386652cedf4dc72be130d1fc19a0101ea0029589
ttp.r014.relation.2508	db6ab9571570bf19b76041db06464bcc0b79334f86fcd2955ea1855b5202198a
ttp.r014.relation.2509	6cb2ccb61289d7ea74b0390579e89623d011c86264cfbb11fb684ad143df98e8
ttp.r014.relation.2510	b88e47b281975bc386fcc4c4e6c96aaa539904f4c8f66132ffb42f4d186f9d79
ttp.r014.relation.2511	a73336de24f66315b30a0e67ae589e353a8a490834f2f7d2646c495e44b21295
ttp.r014.relation.2512	a8044dcbbf865c5d5c648706cbed88c5af372477f62bd52dd1e87907f2d436dc
ttp.r014.relation.2513	e6aefd7ba120a9c279f1aaa62165d1489cfd6d4defda9d976043fc6908efd4f4
ttp.r014.relation.2514	fec1e01f7e8085d8d840c499cc721a9eebdf731a06ae45bbee82fb648bf745e0
ttp.r014.relation.2515	e8d94fbe4381e94bfcc946ca0da5edfbfa75fb5749e4fc0452d629c0f59d09aa
ttp.r014.relation.2516	42238675d3613861bbfa2794703aa69cde50e625e11d4f28acd0786935c8784d
ttp.r014.relation.2517	9359593bc452d696052fbf7f60d079793439256cd0b1cb691f06334ccfabcb2d
ttp.r014.relation.2518	180bd96dd5317628ca7a736ced073d00186049ac98f572b6ebde7b6b934f522f
ttp.r014.relation.2519	fb93b4bff66f02a99e5ca785f555ca9fe96d1f12a131e8acf46678970f3769dd
ttp.r014.relation.2520	2a0667b92d496f9551308b3e8b3ca8214eee9e317200efc7f3e687d0cef7b360
ttp.r014.relation.2521	daf1c201b8cda08559f612e0d1d59bbcfc2c1b1a8684994896a71e6f3b0c646c
ttp.r014.relation.2522	a506bce6134b0f504e19eaa0e991c1e77bd8dbd6eab53db2fb8de96b7207a16d
ttp.r014.relation.2523	13edb695ee129a0e302f86c56cdef88bc6e5b547049a00d592338fd3e9f8d35b
ttp.r014.relation.2524	510a228761a49ac27b5a49bd5820599b3cb0499e9c71b2caa73a28f14e5296fb
ttp.r014.relation.2525	d99dcbd0d1be8e7a96be050b027fe2e65d30a995b5e9f5631b307e147fd778e1
ttp.r014.relation.2526	65814e106a0d28476938d2dc45ae42b497fbd7952e4463fa01644471ce8758e2
ttp.r014.relation.2527	23de197d39c190f961b4b197bdcbdf70a00e4c4a46743c733641258098f03aa0
ttp.r014.relation.2528	7fabe2766589f1986f032230907fb9c77461ed61372ee46a30f1ed77d3918b8e
ttp.r014.relation.2529	9a1852dddb5809189b5562577b04c66362bc4c3181932a07fb561e01a9fb6231
ttp.r014.relation.2530	5d0a418ab1e6a83a5cb2de57973eeebcc758c18cc63b9389962c813819a453e5
ttp.r014.relation.2531	203b92e340a96b9d0c008544c406c4e6191fbfa92079387bd67f46568c0ef469
ttp.r014.relation.2532	86cce5c76e882d5cf3c33ab467e1f01146e916589f611fc500e295b95e0918bc
ttp.r014.relation.2533	79aeb6a9be2edccb04ef093651c6bbd5b79578f1ef4313c4e1e7066c8d91dc93
ttp.r014.relation.2534	64e40db8c1ffee9200b2944b737682ee039dc02083c2c3ea4162d4e5a5f1b605
ttp.r014.relation.2535	80e2d7b3c6af6cd7cf770cafc6bde99aa3d6391d1c0e0e82300d52ed1f2d8b89
ttp.r014.relation.2536	3152b0f2b1f05296757a7b0fe4a98074a9dd85dc4e039915b39c87cf6ab70812
ttp.r014.relation.2537	38be603ba462931b63aeb25bd261e9b4633513e4119a5f0f6b5bd0fb4f1c24ec
ttp.r014.relation.2538	a19da6b73c84b5087e378fa659877d4a3736debde48e73a2ad127fa389ed7439
ttp.r014.relation.2539	09dc2d89d32b182e2aa432ad7320868223366e5ace364877e1f2c50f84efe705
ttp.r014.relation.2540	845f4a3ee078f3580f625a40efcfec79ac17e0f33d72a2751c765f64388aef89
ttp.r014.relation.2541	b741612bfc6816420a2c08b5fd85eb92f804f1f2112555c8d6a574de60c43b25
ttp.r014.relation.2542	aabbda595384d9b97a20765df98eae555343d9c6a5ae78ca6b2e685fe3b52fb2
ttp.r014.relation.2543	c344a1a55a4b02844375ac48df8a1317ac53a36ea14559cf289e6a95ce550817
ttp.r014.relation.2544	2dc3117b7053d5b980af3d2be58939848d8b41106bdd0fd5496f3e6ba4af697c
ttp.r014.relation.2545	026b3132b1764021b60d3688deaebb99f705ce005ff0934c1062819e1859c418
ttp.r014.relation.2546	7fded65953a808710ddb20b448ff39c9970aa5e09af0e07b7f2599be9e409601
ttp.r014.relation.2547	ec04fafa16017fceec299d2e3f23c832f4ebc081944e1401062500674c70716d
ttp.r014.relation.2548	0f4a640dfc41b6849ec399a829484302d6f50374c8a6de5e984d43962e803b18
ttp.r014.relation.2549	e859804e91b14c8b6c0101d569aea727f072665312394c1890efbb365c9cf1ec
ttp.r014.relation.2550	4db22d6647badf60d5885297d843f4ebad7e11aafeb488603c13933929c55a0b
ttp.r014.relation.2551	7f0ae5b0a28ea2cbfa97c6e93751cf3dcac12c8e1553008786b6b239e1b7eaf2
ttp.r014.relation.2552	1f93a0e010b696024152942ac448073f5eb1ea5db801ea9c749b45d8769d92cb
ttp.r014.relation.2553	8d8afdbc16b115e6d5b1b07a822ef9bc1f454086ea367880f0100b5877de456e
ttp.r014.relation.2554	34f0893a1e653f51794861ad3f890cc2a3ad4573be71bb68e702d2c27a8cfa49
ttp.r014.relation.2555	c4e7614e23f138a15b6d22695f0adb1a63674a9a0ddd0e4b2b828999ae4e9dd7
ttp.r014.relation.2556	4dd8a4dcd73d9729ae8347fb3ff368a9ff02c525afc9f439b2135e5cccb4f3f7
ttp.r014.relation.2557	ea9669d1ffa66e2c9bfe8dc59d3b1bbd00a9d0d2373ac34c94021cdabd7f5cee
ttp.r014.relation.2558	df17096e5254ceb5643e93ffba5ae7cbcdbbd9706f934bace73c7673fff42c38
ttp.r014.relation.2559	bc4b8d59fa65c3faaedd607cf036daa741b5b2222749d6cd4b15aa7a970cc066
ttp.r014.relation.2560	7937913346ecbb3c1c4b16dbe3e0d6ecf44eccb639cae7f8d04a81491fa4418c
ttp.r014.relation.2561	a6faeea6a3368863f26f548e6314d8a81bd80ab592dd2a65220b6ee4d8fc2c07
ttp.r014.relation.2562	5a7db32c4fed225dd4f94ce928db090b3968992ee8322e461ced9cae3526486e
ttp.r014.relation.2563	378e5129e66d1c57394c87e7ebc1224f8bc7291f12e482d173813d7c053e6fa4
ttp.r014.relation.2564	13f85f5ad33a9f46ec584f49327d042f0227216cbaf53a218f60a096c7c8ef1c
ttp.r014.relation.2565	97505219331e9a5903cf348bed62fc93458733b301be9486d039aba6e6873558
ttp.r014.relation.2566	80360ece868ef1bba8a864e486793848b19b21b61dbdf76d815bdbf2467bcd3b
ttp.r014.relation.2567	9f2fdd700cdf4b2b69a1149994bb2f72947d1e707dcb4edcb516561d1e56cc34
ttp.r014.relation.2568	eca4f15e9a8224040ce4fbd70cf126cbe350b41b9ac05fc56111df96b4d73f61
ttp.r014.relation.2569	1d7b07a443d02c620eb4cd437b58b4b766b152dba3fe52e77a0d780d14a66ebd
ttp.r014.relation.2570	007312b98e7c33a45ec8e108dd1a53538ed5b17dcc13d1773bf136e5d1883723
ttp.r014.relation.2571	c4140f3c87486b5fb30ea385757793025c094365281a3b4502cce037b2179827
ttp.r014.relation.2572	ed49f6d0b35fe255bd49e8f1f3f222c2ac2ef2c83bb780244672a5c75c24f364
ttp.r014.relation.2573	ae8b528671aa92daad771e82a4a792fc17724a1da8070e7f85eef12993aed418
ttp.r014.relation.2574	e9775a7bd49da06db37d1ee226294220ca2037b60f52611fe4132da169fe415f
ttp.r014.relation.2575	b05b5f871849a391c1d3735e036334f653abdc9550e13548362b903492451486
ttp.r014.relation.2576	eb1a1bcbdb40f2701d0afc8bcbe5cd9c06b2554668c958a6d8371694038a30b3
ttp.r014.relation.2577	55074f975406436dba8929651801ec88a7d0a05d5f8b80c39b35a77b0f894870
ttp.r014.relation.2578	cf2fde78cef6608d2c978c0f1edbc26833adf4ed0102246bb50a0f248910d0e3
ttp.r014.relation.2579	d669c9d39972b42b54a32a6d3a39954d215b68aa6844b9115b5492061af39ab2
ttp.r014.relation.2580	abb82ccf7817be44eb160a22c51e83f0cdc1fa5b8938b06a439f7e69e16bbc83
ttp.r014.relation.2581	74a06f178ca98930eddf89aae8b7970d1b87f88b2684f4bbecd64ba3dbe565c8
ttp.r014.relation.2582	9d4c4b0045d9cdfce26bd62a609cea8fa4430f403ebccf73354ff2239d0a6b2c
ttp.r014.relation.2583	c08648d54b4c3fc4b552e91a10b0050c0613144d5c66b858ace3176e3cf93d9a
ttp.r014.relation.2584	3be423065eba9a3075c962e604265df8f4ed1561df41e4f4094249a99507a179
ttp.r014.relation.2585	fa49e3295a5df926edee347985a34f72098472701b7ec88d064513ee7c9d97dd
ttp.r014.relation.2586	447d4405b690d7900e440db524f0c772305772ed833754de6555df7f13001ed9
ttp.r014.relation.2587	ddc65e90a85fa1d25b68e730005aaa2fffd3b01bb5674044ff90474b214ae82e
ttp.r014.relation.2588	98550ff184e0335d5a19195bb573416afd089ade70ae7f79f96cf3fb33707bfa
ttp.r014.relation.2589	9fcfd5c27cd6dbd553a29afa1cf88ddecc8ffa281f468e0cd696f664d29f2f08
ttp.r014.relation.2590	6fa946e9af52e6d87cca972f56980a9656125f2b3324be62007dbac592f5ef7b
ttp.r014.relation.2591	cf3ecdab49a8ddb74b7b4a30fb9dc7133f4c8ca1bbf4b9c4f57cbd08d21d3f4a
ttp.r014.relation.2592	5690cd157981e079498f0902fef4ad52a2a50b7e8ea5b54f23df031f0ac56f3e
ttp.r014.relation.2593	463d829579b4d5c85d7630a1e22bf209ccede99599f8a664000f08324691dacf
ttp.r014.relation.2594	73be99f73cc2df954a8eb5bb8915826b5ec224d260618c66dacc3f2c3c67fbb1
ttp.r014.relation.2595	d18d5f499f3bb80da229ac476be324dd88f2bfa5afe68f80ea9a32cd0810c89e
ttp.r014.relation.2596	d291d0cd68c7b65132eea365e97946c785447c4adfa515f618383798d16ee2cb
ttp.r014.relation.2597	a205a94721bb576a6be7c05bd800b48cff225da24445d6098f9da1b35e80a2d0
ttp.r014.relation.2598	cab7773fb0b81c5f06b2f5f41231b87ec4421f3e1d94191337bae12be1d75093
ttp.r014.relation.2599	50fa4de34b2f6fdd47bf9b74b134fa8e5e32f369732acbe6448070bf3f67d2a5
ttp.r014.relation.2600	bbeae29e7385d04255ddb07a8ad2f7b422716237cd2f41620ad828bb612be334
ttp.r014.relation.2601	3ab1f54dbef55915ef23389355534ceb493f26a76aeaf6b88996729c14389f01
ttp.r014.relation.2602	d51842a3252177c7e06fdbe592fb8ee14867129199922f79d4918cc8fd1621a0
ttp.r014.relation.2603	93cefe2884a3587036d2f162d09c444eb0f5e3b6198bf14bd41e067fc3fd9905
ttp.r014.relation.2604	f162bd825b6fc913ae67f0c6582286e8b025b2e3845abf55fbdd5f9d5a178e59
ttp.r014.relation.2605	c8c2cc45ec217a0ebeddf6a57bc829c962276a94c5a2e2df2f0c1e43876ba300
ttp.r014.relation.2606	59adf2e3e14d33dbfd3800842fb4a7c8925aa5969a13681ed32083e1e8f92256
ttp.r014.relation.2607	71ea635ae82591970467abebf812341f4ae8aed7660a0a4f861117da3c4c0774
ttp.r014.relation.2608	917310de9bf1a8acd9934e61790ecd5af0837cbf3084fd28cabdb9a5fb36b777
ttp.r014.relation.2609	2a34cf6d1f52e904edb66c900f8e9bf981e8229044fa665f1e1f5b711758059d
ttp.r014.relation.2610	2524299dfc954e891ec1df50103a3afe05f967212b73b91ea9ee0eb1e8d372ab
ttp.r014.relation.2611	83c3769a16e30fdceb558d7e8c74f85bf28bc2a5aefda0f9119645034291d031
ttp.r014.relation.2612	896f905cbdab82bb2e491668ea0d7abbf8a086c8d736706cee4fa957201d7ad6
ttp.r014.relation.2613	c06197b74a47b3003d59d853bc1ee92478c9079a64434f02db9a364a459464b9
ttp.r014.relation.2614	691116fd7953eaa07c4ea62c924ab429c9455582f5194e8eb5d76b472c17cfab
ttp.r014.relation.2615	b39c71382806accb61e1e14196cecc62c9ad5a86f31b361ca4e1b70d60f250cd
ttp.r014.relation.2616	3eae2f0fd2a0062692e543023d161a1739866d8f07b4b4839580790f6dae2668
ttp.r014.relation.2617	68cf2c453f9e3e99fcf00638ee2ae1f7fd9c1bd585a75d7c03975e4262f95d37
ttp.r014.relation.2618	9535e85092c872fbecd04a38d790e26eccadb55b76036d9e1715b518f2ff44d5
ttp.r014.relation.2619	0d2034ada9709aa2a36c83e6fe11796db02c397f60fb0d3e540a252017f9bc93
ttp.r014.relation.2620	a44d3b4da690b22166d8b3c9a1cfb5b38cace29773eefe784b8eaa7ad4b36f99
ttp.r014.relation.2621	e33ab49b5c77506343df234c9a0a2b7785002a8bedc519e7196807d54a02e68a
ttp.r014.relation.2622	e783a8dd1bf4e7d6e2a5c8fa517860039c424136e419fc033b86a7dafb3b7efc
ttp.r014.relation.2623	8cddad562c087f5a8fd66b2e0c050a4eb1bd317a2e08e13e2e8868f102b76152
ttp.r014.relation.2624	5c570069a4f387ad8cebe682ebd6ed015e7c83132aeba7023e0da70b56a57f55
ttp.r014.relation.2625	1b9f377a95ad45c2396e8aaab4b5fb56671a49e7135abc16e1314d22e2a2dded
ttp.r014.relation.2626	62e864eb2686683083845f821666e4df98797e16c47ab0033b26cabeead79d0c
ttp.r014.relation.2627	5765d8312afeb20a4a5b499b2fdd1e31f01932eb01e4c5670092a77034744c64
ttp.r014.relation.2628	637b3e64d3d176a99c750ca78d5cfe32653ef6b724b20798acf486b07b1e454d
ttp.r014.relation.2629	fcff498e05e2334df3e56d1e5d6f8da9b077801c1685525da1e30b0c6f26b014
ttp.r014.relation.2630	c550caf3476abc128c60bd35cb1774c5a966f3dbc4a239362025bed30912e1cc
ttp.r014.relation.2631	3d164ecd698f611f3d776d957775d14d28eb0b8d1f7c2f21808b7a481d018437
ttp.r014.relation.2632	03d114ba39247ad40171997bdb14e9679fc3b9cace27560be1c6d70fc08bac9f
ttp.r014.relation.2633	278117431fd5a3e804bebdf109463fcf504c0f92690b43277ead96bfc7b6ab37
ttp.r014.relation.2634	354fff59d91fde6e8cb3ca489c5960a7ce5441cbd0c43fb8ac387052751baa01
ttp.r014.relation.2635	f6784fa99823fcc60f5f5fbb985226e83bfddce15a519449e0770f4ec0946fe8
ttp.r014.relation.2636	6908541c4207c96d035861b8816c0a5ba0ab908dc3ad810a10fde225c7b2221b
ttp.r014.relation.2637	f48061aa30b1f6e14f6519e8cfa00b9a17234da59f48105364015ab2d073d075
ttp.r014.relation.2638	2ddcfc50ac9ee432606ffc00c7bc62d3ed128593bfa85fc2bcb67e855c498ce6
ttp.r014.relation.2639	b5ed3f5498aadbf72090db40ea53c079439e7acf3a818858f18d2550cd764cb9
ttp.r014.relation.2640	72a961f328aed8ed3bf51a94b980edb1a34c5a0b618bb4eb9515fcef765626fc
ttp.r014.relation.2641	899b81d2efe921eab1ab27c20e46725b7f51ad12eae1204e5a0dd41e62a13e20
ttp.r014.relation.2642	d01bc1c71f7177dee35c52760407fc6c34e8092650dbe3af2bcc72d3894db138
ttp.r014.relation.2643	4ee8644bdc8de8d6d728309716219ac4ce323fcd01173af144197c20fa266c54
ttp.r014.relation.2644	82dad8f0a7a07a7e16a59a1b12fd79f42fe92323b9becf84e23e1bb443274761
ttp.r014.relation.2645	da25e4a92f45d08dee2f40336b86b411230ba4abf4cfbd14e0b67141e366eddf
ttp.r014.relation.2646	ec909f44c75e13eed77290790b184bbc907021c5cff9ab7fb1296cb2adddfab0
ttp.r014.relation.2647	0af63f28c5679c2639d0642cd32f67f3d57ba09e8daecfd2a046afcbce71a4ea
ttp.r014.relation.2648	12080a779338c2bcfbf00bf2411aaa765c6880a61fc7b1b1eb12b0b3e9f9357b
ttp.r014.relation.2649	e0cf16efd098717d9edceac0a4a1490a7625514025002de3b2f515041b8a5913
ttp.r014.relation.2650	917434b11149f7a2e7cb93720b399885565050dc5f7821554e10dc73639fa96b
ttp.r014.relation.2651	9b120364f2fa799d3da0cf8215de37c60d77e74f45abda09df78c184bff74a29
ttp.r014.relation.2652	6dae1f4aa6ddfbf6bac515154ecf261e63c4f3def31ca932bf6ef15e3429af20
ttp.r014.relation.2653	9cb7b51e0b11a88e93b0dfb93519317489bfafdf6ad143fea2cbf64fe6dbe051
ttp.r014.relation.2654	ec97baf76f4ef8788bb1c2a6e16a99e13aebb225e9ce62fde177a921530c1292
ttp.r014.relation.2655	d57ef27b000872fcfe89f8eb763a1bf8c22a8eee4851511fc794d4c48838678d
ttp.r014.relation.2656	2013ccdf502cb6363b91b9b392b2e6bd54ee5738ab0d64cc799e373bbb24d2e9
ttp.r014.relation.2657	f5308102b00028020405ab0fb5e54848585439ce103dec5f267be57312669aa4
ttp.r014.relation.2658	5e3db3bd2320d5de95f63cd9c7c4c0df761540d8eb78a2dcc47684d2802de775
ttp.r014.relation.2659	691706a1e56e7d93006e8134ab259080638579f3113479f54fce3af947a8d777
ttp.r014.relation.2660	521032192bad7b91704ec96fba2dc8b32f0b5da9ab0db47bc90c4aca76b0d8ec
ttp.r014.relation.2661	2f6f8232c262b27d6ac24f3652ffb1673c1dbca68b8349e7b3076b1b44860e88
ttp.r014.relation.2662	404085dd9599f588f070d63965ba50cc2005f1e3dbded12f141121194df7fb63
ttp.r014.relation.2663	2c112416e2b83e66c1eb3aed35ba4eae61f0e500c801355dbea358a2e1e2e1ba
ttp.r014.relation.2664	46a60c3c7bfbc8a701102841b7f92b6c14c77097c5badbb70b6513c3667ee127
ttp.r014.relation.2665	4797ee32dabdb04a3374ccf03b081ac93322a732c2592d5fbe91093fcf8b257b
ttp.r014.relation.2666	efc7735ca09de8d246fab2eab3823497815450ab7587ac340d9b94a11fb3bceb
ttp.r014.relation.2667	59dd700305b4ac84aa0363b0519983c64578b862589970ebea315676c86153a6
ttp.r014.relation.2668	692c5ce9e9bc25c0b3dd373fa4abe8ca7dc7cf0b54d7eaadb4ec4d151b6f480d
ttp.r014.relation.2669	df4ae25c66d5a3dbb5aa73e49233f06ada709e95c0ed2bac58b2bd8ef44c18ce
ttp.r014.relation.2670	1fd0de4250bc550af2d9b8cd01856fc15c3cb4bf5d36fb7285b49dec812b8981
ttp.r014.relation.2671	359780502d032b7c4e175f065f310fae14c9a051b73bea834d7a44d692563f5c
ttp.r014.relation.2672	0a6e6e91e6cdf9343383e5bec59d80f69e73084cabc625828c3edcbcc6e8dd77
ttp.r014.relation.2673	cb47531a6f57b37ab1437d744e5f87d62a33c642ac8c6658c14422d141b6fc47
ttp.r014.relation.2674	b6f17f4a6a21a9588e24bdc18aa27102de5b5cf2d37bc7306bf84b541a730d3a
ttp.r014.relation.2675	d2d9dcf581f4efc6c0b065cb20d84ebf27a2a8ffb1b6fb40e53caa10878c64f2
ttp.r014.relation.2676	6990435b047226361b16b1dee3403c8d722a9b7737696a9a7b4b9b69a04dac45
ttp.r014.relation.2677	7a841c065ea1bbc33a6dc4feeb2debae222125f3da0ff32375153390e33ae2b7
ttp.r014.relation.2678	ad8e29ef0b5beb36eb725c8a8907ea6b36b44cd4b12ab29ca4bde29e601ec95b
ttp.r014.relation.2679	043938bd22b6c25a9a6fcc94262fecc7aa77fb59f659eaa7d445a0c27d7dcc22
ttp.r014.relation.2680	1efc09b40f3da28e1dd4241edda8eb0b3b276894785f7361c988c0860531b111
ttp.r014.relation.2681	511fb2843e5333c40dc32bb7d195bb753de8cb892dd06fc9bd79db273b6ccb9f
ttp.r014.relation.2682	65a078d27ba97cac4fecdf10b5c5f006801c06dcf38a45d290fa89166124f003
ttp.r014.relation.2683	751e316548c7e6cf49e7b54fb64200ce264fcc6f0e58af5ae594d7771ccc9470
ttp.r014.relation.2684	739877c6dcfd993638708837225e642410d7df60482660466fd04d432375ae5b
ttp.r014.relation.2685	36fc161ed88e167f97b9607ce69f71e58ccd614ce3b467beb8d7859b6ee936ca
ttp.r014.relation.2686	e989233f2432b14afb9a5c0f24d4e9f0b13f69ab6aeb751c054f6560b2da3a77
ttp.r014.relation.2687	1b0208d7cb629a901c03553ee12991b9daafa7fb2ca4470fa0d5755dcbebb2a9
ttp.r014.relation.2688	9ead7441dd5315ac7dbcd1760824e6f80489a4e808aa3b29972af6e610e6588e
ttp.r014.relation.2689	720cabefbf2b8bb6229c4be28452e2de3630ffed2dc802fd5c2b853fea187883
ttp.r014.relation.2690	8dfa49debeb962c77e5eb9e37f26caeb7b68d1772e168b64d9ac14dfde4d1f2f
ttp.r014.relation.2691	f9ff83d373defad275017b61e62540ab822f00e580fba147db913b2f81079af1
ttp.r014.relation.2692	d98d5944920188a1ec736bac4e56c1728e2eb043148a6b9c0a543474006f0a94
ttp.r014.relation.2693	fb4ce1ffbe8d4e9656cf20e84274c35eed7e1cc3bfb2fbdcb9f5c842649037f7
ttp.r014.relation.2694	d141a7afc8ae199fc60749e3c53000c40258e0262c55cb7d90d678f9eb80cec9
ttp.r014.relation.2695	31a3a2db03067fca236477414554b8ee5791b466ac4276f5b9aa49b755f2b1c1
ttp.r014.relation.2696	b07500c138b4f3da65e1272da84c086e43cd678fc5222ee34974f0f0f174da13
ttp.r014.relation.2697	9103ab84957cafcb7bda3775a4cee94dd879da34b34d48041536d3beb6dc29f5
ttp.r014.relation.2698	f3e7446e1186c052d8d94d90af11c440662d38b10c64cb0e8c1dbdd441459069
ttp.r014.relation.2699	93cd5c990d3b88b9945fea46645bb7eb8a80f546722e845ac44f2a6dc19dba6c
ttp.r014.relation.2700	e89e5ea392506d7268129c073e956abe62b8f5b6fea6b0c01aadfbe8b2455bf6
ttp.r014.relation.2701	2dd85eaaa2733da2ee84933550c7f9e29595872a95bcf700ebd30524d0c6c152
ttp.r014.relation.2702	bc7e04ce07049d8491ec6035d2e916fc487c57538cc98c2c4b791e366a537daa
ttp.r014.relation.2703	cbe8b8fb1dbf9585589e984cdbadf03de64aadb7cc73b037ee9391217da0041b
ttp.r014.relation.2704	87ef81955f5e59e44c9611491d607cd1a11fcc071df3edd3d7244cdff86737cc
ttp.r014.relation.2705	b42a56f452c7458c69e693d7fb7bf20ffdd6010d51c016b40dd66d46ecf82342
ttp.r014.relation.2706	a5314eea66a7126e9d0591d2398c4f074c78b6ac683d879eb317e77163bd00e4
ttp.r014.relation.2707	f54547e3fea6924270035746b3f552af42c474456e1283fef55d952301b7f8b5
ttp.r014.relation.2708	b74adb9d37fafc77bcc1296489f7e7f666267d1589854961ca18d7c0f82c7dd3
ttp.r014.relation.2709	a62df52e076b95711d8a230a742e5df49489cc7c84788e978978226c22e20f0a
ttp.r014.relation.2710	fc2d38d62500b72ba887730d5f23bedf899eb0da324af1c135298c632073d56d
ttp.r014.relation.2711	ccfeaae14f916c5c1194a9a877a5527922b277e79dbc561b0fc78c261f66e971
ttp.r014.relation.2712	48b7f749d9b066b92fe0a43e39bfba2f758e2eab90cd659b437fd97372874ed1
ttp.r014.relation.2713	7c80b7d1ea4b67a07c16ebf6cc1ea0bc5deed893c8c421ab12a6bf90a0228f53
ttp.r014.relation.2714	23bb77e9eb8f7f78fe016a63a27b0956413515eba064023def83dcecacccb254
ttp.r014.relation.2715	418627ba7f58da4bb2aecd8c3f4acdc348b4ffac3f43eb8f035f6db1eeee201e
ttp.r014.relation.2716	de0e0f43d2c3a9cc7094ecb61142644af6de219eea7da59e617b8e17f9e9e96b
ttp.r014.relation.2717	e6084108009f3d8f784dbb3b363b95a77df7c572b1b16566be7abbf6b78479eb
ttp.r014.relation.2718	787745a58fbdcd977d0c2c607cb27aa967906bd73c15b8602bafb097a6978656
ttp.r014.relation.2719	6e527fb8d359e36efb62763ce931b8d06afcebf2684ee00a64f7b94ce3b3afcd
ttp.r014.relation.2720	0dace7d0856491caa908e7d60aec7a948ca4d1111af2f619c41ebb59f5e80263
ttp.r014.relation.2721	b1dd6c29b157bd21c8ebebda57360b1e800a8ee55266ad500fc69bb36b408066
ttp.r014.relation.2722	0fac952e202b4d4e766f57e83a29e5731357e120d716f2890a5433b556e7f25a
ttp.r014.relation.2723	b750a0a6febad62a6477a6a9da3c00e75d588342cfb5a3011b414166bdd751e0
ttp.r014.relation.2724	5efb4ca08dbe0eb1b9c1cb1b9211e4aec8d83f774a39984b53208f7eaf209db8
ttp.r014.relation.2725	3c518318578a26fb0922be7b9c47a1be717d86d906b4ff84ac7e67d7dea44b06
ttp.r014.relation.2726	c96ad8408a875b3e12ca7e90c36559a09e5ab56cda3a7b2b68cabae78edb331d
ttp.r014.relation.2727	ad9bb00b5c463e3e39c0dd7f9d123a9522af4176f2bee40ff2d69d5f1ccc3f69
ttp.r014.relation.2728	468afcda691f3830259aaf9afe906ce9f94b103addec02992335810feb5ed950
ttp.r014.relation.2729	13fff63a2504ac03ff42d82644cbffc57162ba93549b3c33eda85d62144d990f
ttp.r014.relation.2730	c848802c3ca2117cd0d7340c1a9ab4f1b2cdbcc281f9542ccdafd4f8b8d55751
ttp.r014.relation.2731	89b164e46ddd1a7a1a47eca097950f71966055ad6188df344f604cb28db4c684
ttp.r014.relation.2732	b9a3e42259253bc5a88d934fa32e531e2a6eb9f66ec58768ddb3c6170d9c5181
ttp.r014.relation.2733	ecd7610fdb2768839b196d7a3ed291e2511fb99113dabe715d01095186c6897b
ttp.r014.relation.2734	9edf890d5eb57acb6b8ab8ec53423ff98b6da8cb82028791bd15a62d7382859a
ttp.r014.relation.2735	b962e7fb69ae4d2ee40c7f802213d2bccd388b5279cb13216e219dfab261f0af
ttp.r014.relation.2736	8b30a471bc978184e2f11b77be46eaf1a4f87db8b821692356af91e00f93bd5f
ttp.r014.relation.2737	ea59f2d7a435498b9b6633fd65fdf75202cc442f2b7616152b955d7e7b4fb2c9
ttp.r014.relation.2738	ea39ab42a95a6cde3f7b6f9f8d5b680dfaa7c48c7781c14a7c7fb19cea663710
ttp.r014.relation.2739	957a946e00a77926647e79b7546d8282d8e4422f7901fa8ac166ca9b7230dc9e
ttp.r014.relation.2740	4014f04def0719b295150f02d57b84f046d4ddd73932730cbe08672bc7340dbd
ttp.r014.relation.2741	1ca5960cf6b376321cc8c7c966bed486cce62946ab0212ff89ae7c96ee02452b
ttp.r014.relation.2742	869c32fa0c361eaa52465514e24268dea2aef8580dc78e2b54bd0517fc99ac40
ttp.r014.relation.2743	d6b89398aebd6587501e5807cd5e019f5cc9f1017c4e92cad223660c02ff033d
ttp.r014.relation.2744	b29dc61488d55d9f14560d570d19ca2eae2e5bc3e1bcb185b76a047ed763fb34
ttp.r014.relation.2745	2fe87a6ba311747560f32a653ccdecded79b81eff6f9408898459b118d264bff
ttp.r014.relation.2746	309fcf575177be223b2e461494df53e79fc6591ab9f48ce2ba0557ff8e9640fe
ttp.r014.relation.2747	2691420aabb2460f2514ff5b9375a7a52b59cc6200cbe399603930a041c261ae
ttp.r014.relation.2748	f3369701f77ef8273c3baff637f67ee629fc6e915b4aab3606dbd7c078b76668
ttp.r014.relation.2749	6d0c51afc1409376e8fd6319df57f9d947d4f47c3dc88e77d4a3a7d0cbb87f16
ttp.r014.relation.2750	99d4c37944d94bb8b4f8923e352469210868d00c9c02d037c98fb167d500ce9c
ttp.r014.relation.2751	2acab27b911d62c97d5b01c39e96d4f4794d3c8a69005ae09435a5f9a896a4d5
ttp.r014.relation.2752	3b9fc18728eec1f00e5590513a3186d77edb440d856a04211c6046bf83bb7ce9
ttp.r014.relation.2753	82a41eb139aa02a0d4721549dac41abd452552040fdcd2c3d8a77e17dc361e3a
ttp.r014.relation.2754	f303fa0650d04243d3d39b8fc314c9a36992218b0afce52418bf50067c9eea5b
ttp.r014.relation.2755	318c0d4dcc774b4885f5982a399020c6c7fe1cdc11715fdfd35d581626c0f5b2
ttp.r014.relation.2756	cec329535d0710a3b0083bdc03d931ccb527d0093c00aa799b65cde398fe43d8
ttp.r014.relation.2757	a89f46d51c49523adbd2dbdc8ae01ff73fb4625d6ce64a853b4a8d5ce80c20a5
ttp.r014.relation.2758	49a3bd8a8b1f1fcc887488db84e526666082e79436a1bbe64c9db526f8f45c98
ttp.r014.relation.2759	74578889fe96d0791acd33817df81eb53ffe79cb35e11b695d5a711c1cad96fb
ttp.r014.relation.2760	0a2c86116fe2fe0bd688584a02e25814dc3173c1c89d79a292ae8f4a0e354a1d
ttp.r014.relation.2761	79c95061d354391609e40f40c39ce44a2e382e780019b31f64e0787fe45fdc58
ttp.r014.relation.2762	f295ae4e97f48e019fc7a092a07b34cca50ce9b692fd8a572b1736a8cceccfb3
ttp.r014.relation.2763	95b3049b3bf53fca6791edf642e08ec075996239233575324e6d685810ed34fa
ttp.r014.relation.2764	57c94af0b5ffc27779285ced2d15d83ad7f8a10c1b03ed492ac2c247cacb65f7
ttp.r014.relation.2765	a0cb0bcc775ce8b50700fd8a4baecf9e8a4ea617d032c1acd9af593c150b4215
ttp.r014.relation.2766	b6116f747968cd545e0426cb38af5293689ebccce32d4ac234971cb0f160c72b
ttp.r014.relation.2767	7b9ba8e4d422986437150fa8916e2024f17cd78a1bed0ede3ead4bbf3a0415aa
ttp.r014.relation.2768	efd6693adaca811a94d5b16b199d2ef7433e3acfb27f1758ad80d8e937630a52
ttp.r014.relation.2769	000c2e234bba8804aba71cc7d195528a40544550a3b7415525375ecb070debe8
ttp.r014.relation.2770	e88c78a4ec5dd6f2fd5a2ad175d1e74fae522d7ee2565c2053fd44062280ea9a
ttp.r014.relation.2771	b42b47b4e7031fb220535d8d9dfcfbfa9e1af7e344a3301c87334fca985be321
ttp.r014.relation.2772	07eeccc802c3bef7400538bbac3efb5b36ae9d6da21561818c5effea69879ea2
ttp.r014.relation.2773	c80781ac17cb0d7b1789d59a323c3c7173cdd6bd83c56d47d4d56b26b6d590a8
ttp.r014.relation.2774	72ec49f21d6d2d24c5fedb4916d7f8a4390621e6c5e81d1c3e90364faaae21b7
ttp.r014.relation.2775	337f9080d6860a478bfbda909927f850193cdef636d14d57ce1803144a343993
ttp.r014.relation.2776	7df4574b2fd2d5ded26f1a3c3320dd19c9ac2d467e834ed63b7d29ede23f28d2
ttp.r014.relation.2777	5ecc5b57ec2bdec50d557623c1660f591f4375be63cbebaaa17fc7d2f96f3055
ttp.r014.relation.2778	f0f4e44577fb161e2636343317aba03733667808603e0f5f93bfb17219de4fff
ttp.r014.relation.2779	4956626ab07012c535aa327aa68c75b19d3dcb3bad873679e27a927da0bf3158
ttp.r014.relation.2780	e10f61c1decfae0b4e44cad2823338a0bb7372922e4b00578885c447d27a1e12
ttp.r014.relation.2781	6ee4988bee7c222f701642044349b8aa583e00d6c2d0855ec081c292d9d83ec6
ttp.r014.relation.2782	9e9cad56f3f2db0a621e1f84409cd69eb8351994457e5b72406105043f05f861
ttp.r014.relation.2783	4548374252891ca0ed292bdeed50986f4bfb44f56d8c34207b6f508653e0468f
ttp.r014.relation.2784	855ab83337e69ecbb8dffe089f06074fd18e80933b93b6e091d893ed5fad30dd
ttp.r014.relation.2785	3f3c5b3324f499020687be8d5a927fb1c5c3b9cd89bccb7de722fc00301682e5
ttp.r014.relation.2786	ba14dba0ca1952508d4814cdc43b9edb767b12d036bfce6c71c39f93c9cc2222
ttp.r014.relation.2787	d5db480c1b95ebde112e505c46cf3278b9e8ded21b7f4133bee229136114143a
ttp.r014.relation.2788	a982e62a75c2c30bd1d66c8b6f32df75dc78f53dafd0fe5e355c5fcad4c24a1f
ttp.r014.relation.2789	36e9c3359e8206521b41f9842687794bdbe6933ef9ed1d73bd0ac7d33c2cf93b
ttp.r014.relation.2790	e9931fcb5e274337dbf5eeac2a10b7c5d423eec029330f937ed6a34de07af3c4
ttp.r014.relation.2791	f7c6dd138e1349b95754277e042ef72d65eb6ccffd397c0170e42c8f997aa27c
ttp.r014.relation.2792	921fe06c6412394b8d537ac4e2547e8d70c428c100ce6afb20ea0e55b89535a3
ttp.r014.relation.2793	606ce0bcecb8417184d2d4037a5cae38d824433d3f9939c6ce1b6dd632b5eb83
ttp.r014.relation.2794	de922082c3fce6c2cb47dc431ee05c6339202add704c34ab767b55f31f5f0177
ttp.r014.relation.2795	ebbbc5aee31244893b43d5a8fd77517a0d699118555046817aff27737ccc779d
ttp.r014.relation.2796	17b7034c14f9608f9bd7547afa942fa5b9f851ccdd54779a86c44389ff67d629
ttp.r014.relation.2797	1c74436b19c7d1968caf07d10f3d02e5025f8828c2f4bad376916da0be7cb0e0
ttp.r014.relation.2798	69503eb269a4d3c126b2455602a60f2ebf7c11610a97b0c72626b81dfb0ef870
ttp.r014.relation.2799	335bf9c4daaee8e3447c3e6339e6a8a2da5df442ec60b55d76499af3e4310cde
ttp.r014.relation.2800	1039b2b6ecc3b5747cb7da864c9191dbd0606daa4362e368fbb55ee9eff0f39e
ttp.r014.relation.2801	26944137231504c549b7df359ddef8120a5f85ddec40308a46c2bc10d9e29431
ttp.r014.relation.2802	46b4bccfe491a5f48bfff88cb9781e4cafa75ac165a416990d326fa73036c35f
ttp.r014.relation.2803	4b7e5d2ca5c57892cf88457f1242ca2d6f3971e5854c6d2c4bb3158e2b6486d4
ttp.r014.relation.2804	d5b8e463940d6b7d8077ac3a66c189039f4303ed6ec472f5723bb677e0e3f127
ttp.r014.relation.2805	07b81ecd28ccd7edcb5255bf9ea6eb4056f44ada0bb31b77a700899b1fb9fa34
ttp.r014.relation.2806	505f73a27fa1c9f5de0d6411cf9dd33462d51fa07269f6657fc8eff9463249d7
ttp.r014.relation.2807	8c3d29171d27ab29cf970ab88932f15b06f664413a411f342cb2bf1778660b15
ttp.r014.relation.2808	fd1b437fdcab313cf6e12089b010c76c3efda22e40995da9af7e9c712d1a80e5
ttp.r014.relation.2809	d33c3470951e31dd66b7010fb4397a7e736d1cfc99936b13285dfa1e4d786003
ttp.r014.relation.2810	0b5b6b78ea147a30fc9b85fe60404594b02c121295ae6cc03aaaa9582b872103
ttp.r014.relation.2811	71ea82af20df0cb6e59141e3649a4cc5e821fa12f2872580e1cffd5d52afef8f
ttp.r014.relation.2812	365c3fae8843e3fe28dd8d9c6e09d9a10d08916af35525f09c0579d29f2c9549
ttp.r014.relation.2813	1cc400fad01c46740cadf2d0acab24ce672f89033f4bcfe419aeac20a5702ebf
ttp.r014.relation.2814	7eeec630a7b18d9f1b062700ffb5715d11b2acb0af1aaa657f26f93ddb626a4a
ttp.r014.relation.2815	283ed5923fc16ffd29658870b8d72ac86144217ae90e00ea724248736aa70cc9
ttp.r014.relation.2816	4247d4261c9dfd690cbd8a8ac5fb7af151a22cfdbe3c2e2127d8def5bcf71841
ttp.r014.relation.2817	bf09d6d93ef3ed20ca1abea11c55616735bf6c45014b33ebe8dd3f5dc721ad34
ttp.r014.relation.2818	6384be9491b0ff7b5bebe5e0e3303f04af045bb0bf85f53aae006e3671c17651
ttp.r014.relation.2819	037a58a1498a934e8f4fa67d69b30c49607309ac389cefc20f3d2fbaceaa3355
ttp.r014.relation.2820	503b726051137e305337fc7f44fc8f83ef05e0b1572fcd0450a651bec3364afc
ttp.r014.relation.2821	656a5c834061fbab01563f5258a241cd4e5088655ca7c867a900e8bb7eccaa15
ttp.r014.relation.2822	eb63ea2215a780b47417ed469cea9b5dd75d642ab2acab870ab702e455806e3e
ttp.r014.relation.2823	3be61a70f71699ca2fc8450fbd232673d0395c6dfae8a03639b6eb299db462f3
ttp.r014.relation.2824	233267a3e0bffed8402100804b020c36930c3f0cec11e3fc00df8fcec41c1434
ttp.r014.relation.2825	2d5df5f0a9f0b24c08aed5ee9e06cbeeeea8063524f6a077441c29d638d067c0
ttp.r014.relation.2826	df513e15877d6f4c312e33b0981d26d743a221ec178b48ff17f04f189802f260
ttp.r014.relation.2827	aafb4bb16bf1a35141153f6ca5b0067f7ca0976b57e192b541a96fa4a7f5107f
ttp.r014.relation.2828	a3bb78f5116b8a007a4e41f90e62fb2b63a9e554f840cf05b8d3f11b99d2666f
ttp.r014.relation.2829	4ad6f438e32270c795dd00acc059cfc67f37771b6d68bf66ed582d8957f6c3ac
ttp.r014.relation.2830	6f0d3e70d110cfaddeab44c11cd41f22d0418916c84de4a5de4f034b91c8c64e
ttp.r014.relation.2831	2e07ba89a8614240bb30f370932da530388a356ec7b79e54ec68f94b1bd3795d
ttp.r014.relation.2832	76867b19ea4a1801f20840e33cdfa6b08b984617405d0af9bb34c8bf981d5626
ttp.r014.relation.2833	52d21a474d0e9ada00693ecf28f7cc25da58b6831712e60f64c1d8a526ef804b
ttp.r014.relation.2834	9344977a6fc163c008abf7426d2285b9ba323a79cdda6da97320d70a7c4b33d1
ttp.r014.relation.2835	caab53cd7eb2130ff3328d53187567f99cb0ef636458a99f5d7108f2127d23d1
ttp.r014.relation.2836	f3e01bbcda051ad196e9957824e2202772bb1114cfb4cb1852c35f02315e1222
ttp.r014.relation.2837	aa24b8505df6c7d4d655ef870f311cdd3f3ca46349eb654d6400ed1730bdfc07
ttp.r014.relation.2838	c57d05b889dbc8e8005d41ecd2ff63d580c29951d15766ac5b991e67fa5f7176
ttp.r014.relation.2839	32010b8139b5f813b07417b389fa549bc717e07bc861de8a743f5f400d14ac28
ttp.r014.relation.2840	93660f6a141b56cf90f9cd27417ac53cd9ed837827e877bfe330858b67f5a9de
ttp.r014.relation.2841	af86768ef1c852c408f0cba8e1dc40fffb4863c1aba04576dbb912caa9a2096e
ttp.r014.relation.2842	a1c815f8981a41688b8486f0d4029bd9be9a29a192c359f18c35e203b91a08d9
ttp.r014.relation.2843	5919b13eb8df9c922c1066b430fda4e915deb3b9987c60be59cb930e7f42043a
ttp.r014.relation.2844	38618f33a43aecd4350e0837159afb890f6d684d3c043156c0d40ae4f14eeabb
ttp.r014.relation.2845	b26183fbd7cce7c730803e2b65449d5be3d7c5868990c37d5b0f82cf9ecdf260
ttp.r014.relation.2846	04ad68a96b368060095f5bafbcbb7de51a8df14f286b681b42b7721ade397059
ttp.r014.relation.2847	4445e26b432a91cf734ea04c74f68bc4cd6894ed9d7fadfb63778c86b6b10c0a
ttp.r014.relation.2848	5040ffa20e9334411c21a45109b5d07cd68ff0cbb262f8e462d2873ae31c3cf5
ttp.r014.relation.2849	5786f75050fb57e8a1d491222c51f578967e7aa0600ecb8b0f8bb593fb637763
ttp.r014.relation.2850	1a3833581e194a259b82ab8e480d542275d65d5c741271febd5f0e63b4ef8be6
ttp.r014.relation.2851	b0dc772aa8683f354d92277bb2818f08cd833ca24ef2d22b7ef72e94de077256
ttp.r014.relation.2852	e8e26e74dc089c73300db4163bca990dee705f5933c775c19324d25dd8d60138
ttp.r014.relation.2853	c49f8ce52c04dad8a862aca2685bcaac3c50486111c326bb494096f033494ae0
ttp.r014.relation.2854	d60f824c4bef580481b1d71a6b3084ba44afc9848f21eb89d689fa344b09e638
ttp.r014.relation.2855	b8e0143a33fa0f1cd73162743531719a65892dd32d07cb26ff97395d6129718d
ttp.r014.relation.2856	e789eea390bdc49f9b5d7916267ece577005c3381e36a55d518c218841b8690b
ttp.r014.relation.2857	44e710f73d609f5e7b9b87439b512d712b9894ec80ff146272d5143ae7171da0
ttp.r014.relation.2858	118f546a080abbd3712cb49ee9d6e0e8ba8f8394271e59713980ab9a5e00a0c1
ttp.r014.relation.2859	bde9991c0c0a7d23a238e89b7d7cbd5155833bade383a39e2cae96ec33eb84ad
ttp.r014.relation.2860	7b33e2ad695e16c418de74ac845871d2036b6ae559c6c496d51b6bc51148eef3
ttp.r014.relation.2861	489afea9356f7d70b4f4730e473d5cdc92588fadb9b26ca62c7e91180e8fa3ef
ttp.r014.relation.2862	964f8ebcf7aea23c07623a5a2f71398749c09a9070a844b17b794c3521f4dc71
ttp.r014.relation.2863	5c2c3a8ec3370a99e3ed6fdaededc908516d2111478b279711d7601e5ac8e55a
ttp.r014.relation.2864	32cbd581d8f2e0bd7f4fbaaa3c9c6e0dbf5e11a86470c6e78f174e68f078e9ed
ttp.r014.relation.2865	d5be0cf20e1c9a20a399932a271a6db9fe368c897e7580ba109ce0909a54ca1c
ttp.r014.relation.2866	c6b8f5ad309078e3ed33f3f7f1aed7ea4feb9c4e1eefb11a6e0f016268585611
ttp.r014.relation.2867	dbf1cc20bd854a8692a167ae8a42fd193c3e27df8c6f12353ffe64dfe03574c2
ttp.r014.relation.2868	78875dbe8b9fbfd1ac3091a48187ecaf704ef03549c8d0b8a54615435524640e
ttp.r014.relation.2869	d0ac04d23bc9ab37beb09e6789a0cf14018fbbb19c600962007d7d3f9eae03ef
ttp.r014.relation.2870	961710b3b3b4c6beb061c872ec137a7e372004bc0b4e8573aef9796be1befd67
ttp.r014.relation.2871	73e4150f288f58f4245191454d340f6102dbfd948c6911075d5512f7ec1a15c5
ttp.r014.relation.2872	ba6664436c19edbeb90afa4c503e36ce605f303cf9495ee374f9e2bd3a6fe113
ttp.r014.relation.2873	956fccd371ae248279b57f85ed58e415739b7b0a12625f6f4a0b16bc86cd9016
ttp.r014.relation.2874	2fbd6109336653f47804bb2459ed3a64ed49ad0eca7686fe23a0ea76785e45ed
ttp.r014.relation.2875	ee426e6021af6af516724888a3aa13d0aa3ca4d755a51ea0ea63515e0d51e5d8
ttp.r014.relation.2876	855d65af7713f562db2c95b04dd4a2afeceea6c5b04a5b9ddee8dffa5cfacc00
ttp.r014.relation.2877	b591d914fd4d73d8fc6332a4e076eba52e9442ba6e59f9b80b7a03def0f3d087
ttp.r014.relation.2878	c1459515b6f36bb6ba96d95f16d8eb75ea0c81939b2c9278668d65111c148d39
ttp.r014.relation.2879	81fdc4ce0ba39a4fc9913ff24ad5883432caa50ad4109280082b5e0703831d27
ttp.r014.relation.2880	0c2854733fdb806e90b801025399510cfecc0c27e0060a82505470979483f1b0
ttp.r014.relation.2881	82e290a34c11b551aaa8eab35bcc68ac4adb0091542e7dcf1352ad4a90a61580
ttp.r014.relation.2882	0c1be56595237eb259f64d70b1544c8da48a1de8d7929aed57c5d4ea960a5e5c
ttp.r014.relation.2883	a9cf8dff6a24739c4a4e72f10dcd8d76eb08b46380fa7e7d1bf66f2fa5b236ee
ttp.r014.relation.2884	59520f8e3829b588ab93e53205d69b7f23278fd443226358987e849fa85e033b
ttp.r014.relation.2885	34e60bf0504502bac9cf928c06396fd4440bcde8e3ec2377089d1677aea7e456
ttp.r014.relation.2886	c84f4e9ba47804a478d217e50a041509cb21ab05b90e7cfdd3df7f29c4cd1e9e
ttp.r014.relation.2887	4afe6107db2448e2dbb027896f8e618125e6c96954b480204a99140522b64cc4
ttp.r014.relation.2888	6b42e50b939f3015a969f6afb330d235392965ac8d82da290b59ae415fd0dee2
ttp.r014.relation.2889	c690741cd5609ce68dfa9f343a1197919159145bfb726fd6bb9cf251d306db02
ttp.r014.relation.2890	78d0021583105bbecc93dcd0a4eb5b095f7283916aa06e94eb30211575ec8539
ttp.r014.relation.2891	667f09f158ce318deea009ac6d447bb8d6c67de16170e0200283549debcdb159
ttp.r014.relation.2892	2a78cc4da9476c8d720a93b03e341d0a6f20f8eb107fb80117a16013484c8e20
ttp.r014.relation.2893	18dfb67e2de3f46d10f464af835456daed235a758661ec6ef0d1d88cfcd95424
ttp.r014.relation.2894	dc9da9795d33896ff3cbac2293fb12bd24fe50ebed1aa1e4ce1340eea69c0d03
ttp.r014.relation.2895	ad47fe79ccfc86fddd4691b60a707c68b30bc9e93819e9a9b3bc7c2ad55214b3
ttp.r014.relation.2896	3972eb30a41cbcf56aa40455509076875bbc2e74018f47e17560af6f0f74c7b9
ttp.r014.relation.2897	74ff1c26e616395ec12e80d1c782cb14be150910cdd1c6257e21b5abc07f9efe
ttp.r014.relation.2898	0f79e44193e173410ba9d7fd59bda4725bbc885afac9a5ba88509e4a36382ca6
ttp.r014.relation.2899	8027f6fc5abf1b0f55c5de1d742c3b04f335304aeacdb6b3a12bd741cbd0df5a
ttp.r014.relation.2900	26a655383029ccde20cb714eeb68ade95d299a5cd4db07e2f45b82a57bff1ec8
ttp.r014.relation.2901	692035a9afafd9d48edd3ff6dd51176b084916e124f070a4a42fe244eb05688a
ttp.r014.relation.2902	f213508d7b1d94fb98a79ce8593e94bc6191d09143729d12765143ac4d42d8b6
ttp.r014.relation.2903	887776dab88d0432b8ce87e34cc2a558856afa30d8f84ef37c194ca54ec209f7
ttp.r014.relation.2904	e96b17077ef577068fa5a7c46c5c450057c4ae78578df8375be1df7f9d221793
ttp.r014.relation.2905	4158f0155f783633cdd2aa31dd79639f478f764f31560b0f5b2b2574618ee2fa
ttp.r014.relation.2906	713e640d2720620638a9a2b25d27c50d0bc5a156960aa874ef426fded8deedd2
ttp.r014.relation.2907	7d8b043d7f522d103f8af5bf6bb0638250442eac7cb161efe99e658e5fbaabb0
ttp.r014.relation.2908	a359034d9e2bef5165629d353b3bbb4942c44e0ed436ed48559c5870c2c50abb
ttp.r014.relation.2909	a43d8e4635d417f39fe7a44ab5290694d1e9adebfe5aab373ae77f2c9ce92df9
ttp.r014.relation.2910	ad3f1d27a9eb2272ff4a2f15e621ea576aa4db54e25a39ecb6ebc278bee9b8b0
ttp.r014.relation.2911	d4313bc0183660595abb0e10611b2809f3a62eefe8a01ebbc561d14573909eb2
ttp.r014.relation.2912	404fa45998b9276f1f28cc7d5c3920783151a0f635c07b879242c5516ddc3af5
ttp.r014.relation.2913	579ac326ca2ac0b78f48b8cfc064362dd57faf98debcef1d6f34af0e417920f0
ttp.r014.relation.2914	fde6c9cde8010920c44da0a4603ccd4b7a2b2c91de4298224b096bb34b26f3fa
ttp.r014.relation.2915	0e6e3fa83eca496b52b83dba6b7562bf0b738d58cbb2fab95034628941b6b77b
ttp.r014.relation.2916	7d28a978609c3a81840059e4a19d0df1775e92fb54370ef207648154be69797f
ttp.r014.relation.2917	44b373929dfdcc407ef78b2901ab20a14a2f7bbe9f28d0284f5233e24e0216f6
ttp.r014.relation.2918	48b6e8c5aefd3a799a31ebdac07e964999873345ff60c4acca45f92e54ecb9a6
ttp.r014.relation.2919	1e59f62a3fbe21e3b8d08f88d2fb5457505157bd06bf3ae7ed97179096027bfd
ttp.r014.relation.2920	c1a079c7bb31ccfec57d0da2e70b54e46ccc121442c59f4008a0148103cbebcc
ttp.r014.relation.2921	cf262c0e0bd6902022f4740ac3cccd3fa1684a72127db00dd1a85358f8a39e6e
ttp.r014.relation.2922	0883a26c3b1f0d0def21c3d100c157e2b543cca409e0854347221a9ecdf7bed0
ttp.r014.relation.2923	51678d800cb025dfde728148befcdf91ea735a146d02c82ec39426096e1f3970
ttp.r014.relation.2924	1a21e60581966ea1c97a846f31557e37ea08b999927d81c6f9f2f25788b0ce8c
ttp.r014.relation.2925	26f1b98271a9777d1c1b2da1d5d83cd44ada00c77e9803a3fe620c3cc5ae4891
ttp.r014.relation.2926	6a6dde71774b6f7c2df1ebeb63e6b0ceacd4a1d4cf614c0a506789e6e3633082
ttp.r014.relation.2927	8bd4599f7256220ab0ce951d97b5f3a4cd3d8b82ab68015910354d6ccd751e5a
ttp.r014.relation.2928	eff3ecb5b4a775a1d993cda3bf608374ae5c96f6ecdbe8d9cb1779f5ad7e52a0
ttp.r014.relation.2929	60cb671d74cd0a488effdd9bc8e6feac1db1a659bdcf7a1b4f35bebadfa93b13
ttp.r014.relation.2930	65aa2c4ee496403eb3f5a4c0c1ca7b5d6109ab9ec8f15d18a9cdfa62b22c09f7
ttp.r014.relation.2931	41cfd1930d6a804c6a9b54690117a4e2e92181e58ab9c22815f3f3af40ab0541
ttp.r014.relation.2932	90934e8223acd3f39425a7e024a138b524ad54c38af3a61de8ef06ff46bce37b
ttp.r014.relation.2933	aeb1642916940f515f51e5a80bf3dbc62ab536878a389373c48e942d77674d82
ttp.r014.relation.2934	91a26d6b355a19a782a9c53fd034d0f49c3818eb3f70b70c332e8fc1d3887c66
ttp.r014.relation.2935	0378150137a130451eb12ea50e95a29d4b947b66a0d1545b3c49cbacf7635ce8
ttp.r014.relation.2936	1b1d63837baf075fc294ecf0cf52058c82b999be16a8e10dd98414d28ad13039
ttp.r014.relation.2937	323ede309087490add24074c1ecc9638efdd1d8168839a35308f1ad22b73f93c
ttp.r014.relation.2938	a315513dea0cc0eeee2ed4be7aa0dd2407ea50ae150bfdcdfd7c7cca19d233aa
ttp.r014.relation.2939	a16f5812d9c396464c395b1dca03cfead6ca5018a51aa90e201609bdd9891181
ttp.r014.relation.2940	0808bb8f75fd25a434816df848039ad59394bacb739fb72fc1933cc3999091df
ttp.r014.relation.2941	148b07cfb8ef907a88bc8d7f69036ee46d3d2eaa6d646ed21441a0834e83865b
ttp.r014.relation.2942	fa2762deddf01280f9db4e8efee8d004e16864cc3cde32362a6e1a6947dbd1ba
ttp.r014.relation.2943	93163f5af029ed70b0369f4cc0875632edaaf95ecbb37ff660de24b35973b348
ttp.r014.relation.2944	440dc08787a128d094a9222efccefc7a58501a6fe75c7dd84d58afef023638c8
ttp.r014.relation.2945	fad05567f72e6dbbb4d4acd04147bfd854ee3c53a88f024d8763991264aabf13
ttp.r014.relation.2946	950294e6d67060d823048215e49d3bed5970cd85abc238b69dcb7938caefe5d5
ttp.r014.relation.2947	810a59f805bd3cc45eccd837da614114f9d41cb3b73512555d753bd93ba64693
ttp.r014.relation.2948	81a3f8f514e5dfd47de8e58f1dfb48eeb54472a9065071a32e58904ad72d602b
ttp.r014.relation.2949	e7032ae6d5a6ab1bea131baf40b1f0f509f407f4944e4709c9995b8a02bdc0f5
ttp.r014.relation.2950	48b9942cbb4b4cb144e2ab0ba6903a37fc0e3d8bdb710d9b7a7e1f34e0020952
ttp.r014.relation.2951	bbc43f6dab97f62e5f5096554e857ffd8b4709bf6bdac369432d51661fff25c2
ttp.r014.relation.2952	120c59bc8ab94cd87be48c72a11334fdb1c6105a9dfe3e45a18f3fe1566641ea
ttp.r014.relation.2953	fb137c4608ef29f3b7babceb18c9bffd6557eca61ffce81fbdff572f138b4a33
ttp.r014.relation.2954	d3819dd69e3f3092a1a951dc165a8ac02c760f019dbf57bddb589f767cd0b63d
ttp.r014.relation.2955	cad8a21fcad4816bd9a1e0bd3055233b91b9ef6d896ac24a17d5ca60a7708281
ttp.r014.relation.2956	5317c127730934abbf915d51690c2e0a416fac0a70c2b7def620567855c762fb
ttp.r014.relation.2957	8d16c7ff34fd41e2f41d419cb44fd388de7766e351dca1bf385a669b0128610a
ttp.r014.relation.2958	31030264db31a6c8c6e64f6193c555975c47f199d6425414884bafee96554fce
ttp.r014.relation.2959	8325bee4041fff10a146da08a48696764aa6939c8d3cfc1024113b99e45d7006
ttp.r014.relation.2960	6c371fa395ad4926fe56f6190408eede27a20dd8b9a4b2f889db3e8c5f60d300
ttp.r014.relation.2961	b428ad2c0c900f984d7e79c8ccf1ebd5a755a8b2af306c38cd29f17ea69fe135
ttp.r014.relation.2962	4a31bf3f120338d4f8e5cbf8afe5ec61376b91a1d4e268d112d66960676ce566
ttp.r014.relation.2963	25275e904de7c305ece05244a1417873d4c92c1eb1c64cc68f32f697b1c7e930
ttp.r014.relation.2964	0a39c6856e15df4e79d590906f6929273406a619eef11de388b5ff12693d2c53
ttp.r014.relation.2965	f7b91d6f6fdfa79cb64e1e566a88998dc2a713ae51e310a766ce19ff10829ec6
ttp.r014.relation.2966	fa3f27a87f0b3270ac96fca4f976af23d51588979ec28968d585a8d01fd89263
ttp.r014.relation.2967	9f044edeacbdf8a16daa9c06f52a512ecde4ebeddab98cbb762f416d83c2e12d
ttp.r014.relation.2968	f2cf84f98d5a3433ca1c17b250582c9fe8f3423ee2f40995d3961b5f4e73f5c4
ttp.r014.relation.2969	ac529060d220efd3d4b61f2267333e856817464a34a6eeb9f3249dded192aef4
ttp.r014.relation.2970	90f6f8b640ac15192116974ce10bf6ec3af2aedb5b3eff57e53b4588044f872a
ttp.r014.relation.2971	f2ddca98e14ac106c9f39157fde2768d5581018da0006da4002ab2d4b8da9ed3
ttp.r014.relation.2972	1d1a3cf5ae3ba93ceff9474f9e3f7c77e1f44529abe2034fbd3cbb4a1ff1bd74
ttp.r014.relation.2973	c28340d1c3013c7004d023168fbea35c830345510ba13c5c875d8c7fd1e3d2cf
ttp.r014.relation.2974	7ceac6825c341aff1b6ca4024193905aaeba421db883be388bf1600ef0587602
ttp.r014.relation.2975	021ba09d1b92bee8979edb5ca07399b0040a2ac8d862cbdefd155cbd6adebc34
ttp.r014.relation.2976	df51ea3121a307f032ec03739e088e7aaf7df141cb5886ba75b4513ec3e5d004
ttp.r014.relation.2977	552abd928da895f7f3bb67d32db7c2897960d5bf0e5cd165ef86c7180f27468b
ttp.r014.relation.2978	f529fc97da0325e6fb3aa6f447650f16c7a95d3bc764da1e76ce9c25fa682a6f
ttp.r014.relation.2979	1f248b5eb8b7fe58ce5822f47f6eb45c74bec2ef3cf0d1c1655f751b5236e54e
ttp.r014.relation.2980	0de968c8204859ea18a22c8b99a11e33ab427bed929d8109f6b7e320ae4d11f3
ttp.r014.relation.2981	07e8d81efb3bc1623e028ea8ff32d472d2ed21154ec70ecc52efc70632297ff5
ttp.r014.relation.2982	964b9258a29bdcafd117166c63bb9496aecc0977899ff5e3a199124d37f13cb9
ttp.r014.relation.2983	bde381e18a5fec8ad122e47fdf4da1d4408ae1af82e0de8129f9de7a6d237131
ttp.r014.relation.2984	723fe4eb5bfa77771de07f57135b1f90ff559e1ce137642791d1f6d04c67e9af
ttp.r014.relation.2985	e05d020925fd1e37be98609f86c30bca27843bd293e5fc364a3816528de754ee
ttp.r014.relation.2986	02bd71955061b21b1dcf4009c93e715589550ba22ef7089b134ffd5f79bcac51
ttp.r014.relation.2987	029ef912d64a2b33ddeecc6ee2ce3b75934109860f8a1998311d626c8cadc5ea
ttp.r014.relation.2988	167a8debaac89ce1ad92adb4625a02eb528625b4d991b4087b639ddfce0868bd
ttp.r014.relation.2989	5eb4f4069a3fd77934ea7e7dea02d28b5d0aed2a6cee14f43dc0a7c81c8b1680
ttp.r014.relation.2990	c691cf3756be068d846c7ea334ce6570c0e7e89ca434cd9cd60bb896bb9ecc13
ttp.r014.relation.2991	3508dc78e6c21ce9bead26e3e6b7c3af5a337e5ddc52f931db42a9b28d7e4d9c
ttp.r014.relation.2992	8fb4cd661366b605c91a1b3b343b7c7829b7a20a416907ea91cf690285e9bb87
ttp.r014.relation.2993	6f07bdfbd3ecdb47224cfcb0e171abfbbc5b3ea5004f3db468a949d6c251b12b
ttp.r014.relation.2994	5ee731f1301c35b3529d919dbdcf00b592782964c73989f91180bbaac466739d
ttp.r014.relation.2995	d14a7b64838c705598e1ec8f851fb1f86ccf6b16e45d40c1953a3ab0691de03c
ttp.r014.relation.2996	db8fe6cf107776b148bb9810b93e2717448a6b6a006730b6948ab5ab0e1f8890
ttp.r014.relation.2997	fb90ff97c5a9bf65acef4e43ef0a2ccda25f6eba983d0adf8d960c8ede53d728
ttp.r014.relation.2998	21ea87e2169ae530cf1f9c6c720f6f01e2196a98da1a1b13117ad40d93214017
ttp.r014.relation.2999	adb57fb5ebae21495f428a361fb90dd9f2a7d8514abe3a085ed9a2ac1a356859
ttp.r014.relation.3000	d44706f8465bfacf2980571526cf4efdf09e6acfbb43b60bb334bbfbbece3f0b
ttp.r014.relation.3001	bc2f370bac7ff07e0aff43a766c6a2607416ceefd1cb99f372a9136c635b806d
ttp.r014.relation.3002	73bfd5246f3b9df60d13ddd0e9bdc9be20b8dfa0bf0ff658fd9ad9858cdfadf1
ttp.r014.relation.3003	dcbca487e7cb621c8b017b10d42db4ca062ef9e1f6e041ead49e0ebd96217b49
ttp.r014.relation.3004	4846c1205750ddb383091140a6ef39620b02fa4b2bccf98fdfafbb44c87e88a2
ttp.r014.relation.3005	c58b898cdb32f1d16affeef75a7d99c68bc70b71e73f4fd51dc9c853490165f2
ttp.r014.relation.3006	2b1a8b051c020aa211a4527e0e708b0588f52250c6258213079ce828daf7c27d
ttp.r014.relation.3007	e594bf8ebc5273d085a6a15384b21584472b0647aec1e201861710f8c992e1cf
ttp.r014.relation.3008	67c6bcec81dc1e43ec76a93901160cde4ea8a27c2593775d067a788207da388e
ttp.r014.relation.3009	52a4ea2a71606a32cd9032f3c5a737e01f281b1983b1021266a4f1a074d021a6
ttp.r014.relation.3010	1da424b1134b2388c2564964d54687de1645ca8d7427990b4cfa8806c6cfd66a
ttp.r014.relation.3011	c47bc38c03484fbee14140fa860296031bdb05de17996ccd9c555c04b0546a3a
ttp.r014.relation.3012	d42815848da40a01693b798099e5af6095a4762adeecf5a8bbc7afea6a70281b
ttp.r014.relation.3013	0a8a7518ee01944b2478929f72df2a486f54cb6bd556e36e3ee5e1c4faeb139a
ttp.r014.relation.3014	d92429bbf6f0d7469c8fde15585922cbf9eb57e2d2039eb65f5ff2e1ec1b83c5
ttp.r014.relation.3015	17f26769f19521f1c0c1f51d5650c0527b2414e42af4d5f26644740b598e57ed
ttp.r014.relation.3016	a91877cc8517a2f412ca6b0eeae0beaf8e85c012a55980a04137701101268399
ttp.r014.relation.3017	26e04ac684aa8a463995653dad5e371e9930f4a3ac1dd5f2b95d5a918e102c09
ttp.r014.relation.3018	53d4544b4da596cec6a8e0e25e376cae752cbcb1fb5f3992efe6c88048d9c194
ttp.r014.relation.3019	ee8a1e3f876c3c842ceff9a8046b93690d74135572f40302ca1fc0bf2d289c08
ttp.r014.relation.3020	4cad6ef2dd992203c974393a372d933b4c3431dd6fb77f3f3a36c6de008bde5c
ttp.r014.relation.3021	9d18438ab9500bd1210ae9a3eb45cba411cf103f87d30daed620186d7b9bf051
ttp.r014.relation.3022	9fbe5d9af4a65703484feb80defd8155e5f6191e59f98ff8b337e08d55d22b72
ttp.r014.relation.3023	5f6a48e044c75192adf6bb733c0c7aaa6793f0db3e75586f18817e4429303b72
ttp.r014.relation.3024	a0218a5f5c14f8af315556064512cd8d725961122961591f3502291017ea05c9
ttp.r014.relation.3025	101254daf51812437903b7edcec245770097f11e553663b48387abd7f05a2357
ttp.r014.relation.3026	893af20c139cb1a6beaa8be0ffba99b91616330b17a24c48635e64a517193a83
ttp.r014.relation.3027	335609489deae110517b57837a4a244b8e1d97a550cf1a73bb85252be6d50ec3
ttp.r014.relation.3028	24c1985d098d757e3101079bcb488414545dbbc70ead9c8d5f487e2f50af8907
ttp.r014.relation.3029	9fecfd8ecf6504816771fd4113f55e04df26543d1da90ebb808f6aec9636f549
ttp.r014.relation.3030	d7f1480d87abd14d1be851601819bb535d19bdb440f117e7b8212aba8373868f
ttp.r014.relation.3031	ae28408ffd0757c5bb94bb6d94dd4b87aa6e4e2bc843ead7f67648e47d26346d
ttp.r014.relation.3032	d63e98e3542bba94fd8338967bca5c8e7ba8e5c7506eff5f268195e7b971f7e6
ttp.r014.relation.3033	ddab62495bc2525fd06ff6d1bc5deda19d120ba4773bcc5b0cff90d275edb5fa
ttp.r014.relation.3034	eb2291d333ea56bba1fa14602de5e82783a9bf45f67b96d59d76d96eff832179
ttp.r014.relation.3035	a5544a2aaaf7bb40e91b52384e52df6c3f10e8a1f656ca45f68ecca4e64b6951
ttp.r014.relation.3036	5618acd540e874537678613361f58d64b0aecb013dfe8ab6102b93004fde3bc6
ttp.r014.relation.3037	c3bee6791d702d1f0d1ff9a9bf5263e41889b058d986d88137bdc442b0a636ec
ttp.r014.relation.3038	234f14148332ea116a7a0c0d83bd75b776ceb8a4bc4cd3089060864a057ed85a
ttp.r014.relation.3039	8ebbcabae0dcd200a224ffb0aeda46a0733e968f7c89302d9dc2b7a2c86c3270
ttp.r014.relation.3040	c1dfacfab3bfb84a1ba68bc8ee22af5f0062f3f5296dd92b981d782b79dab473
ttp.r014.relation.3041	7d448a00eb7f3dc66a0e3d68dcd56d9d0093ee4251c2be506a8e44fde7b4d38b
ttp.r014.relation.3042	5e899f450fdc2363e64fbaf83462e4595efa62aca3f3ce561ac5484d7176812a
ttp.r014.relation.3043	9bfa559fd244b4e86f7d6e74eb92143a3bb4f59fa2be1b730ef5e80dcbed248f
ttp.r014.relation.3044	c55eeff37c7a06dd8377d838cd2c1ceb2d140b46e0e29738e85c7c11f106cff4
ttp.r014.relation.3045	fc7f74531af6f656e8800d2bb177167d06a56e9775426a2914156fda6e549f42
ttp.r014.relation.3046	130969e34e6eb6c63d889982a3b57d4f4f1e93ce5f553b916314e52b2faa552d
ttp.r014.relation.3047	d2819ec20cf02599f1a4c198c03978f70ac730da2c109a942b13f09ef81f4a1f
ttp.r014.relation.3048	508028714c07d226615bba81e51758760032835b48179f2362b7a0ed412b2b85
ttp.r014.relation.3049	e8a25b6d8a004f5556511ca142cc2b68211424e4ec01fcbb25f828d72b56d2ff
ttp.r014.relation.3050	8c6bed74e606491929b7ba79bf056a26298b73128116760b9a443bd086b53513
ttp.r014.relation.3051	8cbd84513f97786b43ea651520b0f1caa36a7ce472174f485ca02f4bf5114315
ttp.r014.relation.3052	c9971541027c886bf20ffc2f8c6f209027280892473ad65d5c3af601a09496cb
ttp.r014.relation.3053	ce1ef11be5889cbc99e4df2bcaa8b3aa81f7a3b0ea910e8855996d7de789ed24
ttp.r014.relation.3054	041726b21e00e33d082014769940fbbb3b79634b53ac50ab23abc4a2f5836715
ttp.r014.relation.3055	9afb7a87bf386799418eff76ac3f3657dba65935a51da211322bbd4721dbcf03
ttp.r014.relation.3056	4ad904cf5e1c7a1e6b30f6265c7165103e26c3162f412e76f530d347c91821d3
ttp.r014.relation.3057	6089c8e1e9be13c2c0dd6ca10d2eb04b769c71402ce4a06021e9600990fedde2
ttp.r014.relation.3058	7e690eb7ba2fbb89fe412c52165b7537724f730e5f8c788fb8276ac06d13d2a1
ttp.r014.relation.3059	df94a1fafb8b05905255c5884a707e0bc50d0ec4a48d931c8e5c13560d4d4071
ttp.r014.relation.3060	25900866f3611450c1b7b31e89ffab7d04cb1632524a73bc1d69937acf539455
ttp.r014.relation.3061	401d3b082900472f8db255b7e9048667dccdf286c0c7f560ab993972569e49b4
ttp.r014.relation.3062	e4b5efefc66c030e97af38d9efc2dea3b0804155918ab9528346e49da7a19bfb
ttp.r014.relation.3063	d77ecb45a81d0727df87de131d1790cf76aafc14e88331eb137a022495d6d059
ttp.r014.relation.3064	cf499efcf1d8bd5614c448e520eff26a6ae41174f5d062cb30e872d7b41c476a
ttp.r014.relation.3065	138e7d4862a7255cb7a0db88820f873f5aaab62dc5f540192cf8d56d3ba1e03e
ttp.r014.relation.3066	ea2be95dde18d8688b0e5bd1fde3059b854cbe9abe4ba93bce3b773287d45e69
ttp.r014.relation.3067	0ea2c1e82780696534725342b099ccfe2515e70c482005be13f6846b63f1fe1a
ttp.r014.relation.3068	28e63c788ef583e4b3017691ab912a9c9cb82efbfba4b1b940ed46fdb5a40ff1
ttp.r014.relation.3069	1a031a6c8ae4551ed70e795cedaa960de1f44fb24a29082e705222898244e66d
ttp.r014.relation.3070	ec3b56fde036bc1b20ddaf7456355ab780fe12503734680f2c64f811399ac361
ttp.r014.relation.3071	302e193393ee080d9298636b8752f429cf0c9dc8ab32ef49bd14b204a7f8c6fc
ttp.r014.relation.3072	e367f10841fe3dd69d3fcba4a96dfa5e42a9308e977eaea80f3a46a18568582e
ttp.r014.relation.3073	c84b1f58c9fd220c21de737bdc650e7c7681b5e81f7f994722f7f41564fc4794
ttp.r014.relation.3074	9b4174f184c1bab45330bce5b902a1b1e7ee232f0e67714be070822649ad7e1c
ttp.r014.relation.3075	b9251909e3c7a64f8cf40ad64ce7a378b729c1b4b22e0cbf4a3e999183619fda
ttp.r014.relation.3076	00fc113543d0993bde8f8c35c4848dda55a235fe7512f8aa7af6fc7162d77719
ttp.r014.relation.3077	a277dff26585d0d5697c64b56b1b80d0963724db8e27f07f33c88337ab5043bf
ttp.r014.relation.3078	302c6c60a75e080e685046903985dbeef3a0378974aa8a7d765ae357f91d2446
ttp.r014.relation.3079	2df91c3db7b15c23340986a98f9fa0a75d153b72cd6e689bbe6f40f80d7ec3a4
ttp.r014.relation.3080	b896d6ac3cf88a9f2b4b24cc10d4f78e0891294cd9a7cfd4f4992d68442a5789
ttp.r014.relation.3081	fd02ebb4e09c79bc81e3b93164aee30f32d001171c4fd5e0dcbcc21ac916dd2b
ttp.r014.relation.3082	5bd32ed46c4ded93517b65579cc69b3d9bf505d734f59fcdea0c9399faa5cf93
ttp.r014.relation.3083	f81b8561b854c08fdb53f0cc8ea11500195ee7cb3ace874c87814a97900e03c9
ttp.r014.relation.3084	c313c9a317923311b7b521229591cb86196fb0e21550dd4c98406df33cafdbe0
ttp.r014.relation.3085	aa947173554058932978876146b02afc237a31889cff1d3d3d3dabe7a4abf3fa
ttp.r014.relation.3086	589cc1b9a5355491c0fff3c74421ea29449519f3e68e143bee45aaf2a4e0ebdb
ttp.r014.relation.3087	4b3c7e961e8be53ad2c45561d0f42534241855e97d280252f7c44b1094ee257c
ttp.r014.relation.3088	547291db0da20565b3b4d6af104778cfd2cd2b47cd904385dd78ea94a788edb0
ttp.r014.relation.3089	e128643fd1080b7dbbc02ae707b3dbfa8752e9b78749e871dae4a77ce51fb575
ttp.r014.relation.3090	2b7dc3e979f37de0418dffac6b896eb41a5b447b27637d3d7085bf561008ade1
ttp.r014.relation.3091	a84c293eef56f98a3ccb8eed1bddbc286d6acad613f49d449e9bb8f372dd95db
ttp.r014.relation.3092	fac7269b3151c048d47b138bbdf9b4559ddd0df33f01326e800bbecb66605785
ttp.r014.relation.3093	2c0ef12a5bb0fe0f19e8a607969038263a88d6c4ebb96761a0c2c84ef937468b
ttp.r014.relation.3094	f7304c65ee4b3e8f61d7cb3bce3e451ad6fda6a1e0260f5545856e0891c1e142
ttp.r014.relation.3095	0d68e6759cf2e5bfac65ef882f6959020891384ec0a34f1009cfb5afe38a4071
ttp.r014.relation.3096	4aea126a55a4b90c3d9a89293c79ee0a9e21de17dcf60e1bbc55f287ba74ca8c
ttp.r014.relation.3097	9d3accd4def0209e2ff5d04f24ca7bedc40145dab6425fd6c99e85e36c3aae04
ttp.r014.relation.3098	4fc7d3d4a9ceab0484f74577596deab5031e88c6b9742ec30eb7e96c4a18465e
ttp.r014.relation.3099	a87e2cb1ad4056f83a479eee434f6764845e2327955572b23f98f7fdd1c8d16d
ttp.r014.relation.3100	3997aaf0692d875feaa0e3d7e1dc5c355459b24077b9b047220dcfc0884d98ba
ttp.r014.relation.3101	4b7d5c8f6aa050f1eccc5b1d773aa1fba1d7ff85526b31aedb9693fd79e78ec7
ttp.r014.relation.3102	788c021003544ec63c1f317240849a7c55f7b9e1f5e456005774e774cf781933
ttp.r014.relation.3103	62f929920ab7768e3b2d5451595acc4914aef237b0310bcbc3d3e926b5c2fe15
ttp.r014.relation.3104	0b81bc1faee4a9fe5f63fc9edec376db39671ef154f1a3d0c1df32424c71e3f9
ttp.r014.relation.3105	2aea8ce6ee8140514d741da8c9df45045042ba3786803fa3a89170bbac4353a0
ttp.r014.relation.3106	2f06eefa093f6a9da0b74eacde226db847a3047d04839914d5d82f2048d7a6a7
ttp.r014.relation.3107	a5bfb20fdff3b5d8ae2239f2012be6ce88b54c9fe785bcfcd2f3562db506bd84
ttp.r014.relation.3108	8b235201fd3c4328f8691cfb59688b15c20eba4dd432ad9b37ae91704be9deb6
ttp.r014.relation.3109	be8590745a5cc7005ce304fcc5d5de5b39f7bb3952e4b53416b2347d404f84fb
ttp.r014.relation.3110	102c7639c4e2606e9ce830a2d4023ec83bce581e9ed97d5cefe5f802f9b1089e
ttp.r014.relation.3111	2a2bafd6cb4fd32e977a6998da77939e5bfd8a49da2e0f15b20e4fc828770b2b
ttp.r014.relation.3112	464e173c804d28c19d225480a75cf5d47b2f8d76130bb7679906ba3f719988fe
ttp.r014.relation.3113	92a9877520530cfb603418ad2fcb7f262aebd135fb9fe653df57dd21b50b83ae
ttp.r014.relation.3114	bfa5f7e6aeb06a934810cc673f098dc04eb3867066762e391ff1ce886df2493a
ttp.r014.relation.3115	15cf9b445181396dc5f983ea3da9c1ac3a474f140fb6d94bd00d3a0432e9e342
ttp.r014.relation.3116	d801b06cb9ffb7ffae239d784acba102699c82a5a43e5f58591ee0d726f3a2b3
ttp.r014.relation.3117	63a8babb91240d4c2efa82029445228d76019c5be1491316292a441916a5c938
ttp.r014.relation.3118	fd8a82b3954a04d77dc7e63546fd5bb3517ad1109459a053f0135597a2b16053
ttp.r014.relation.3119	d56ef54805cbeaea1dec9515449162a9c7e4b40a709f4e4dabc03f79a7ee7fef
ttp.r014.relation.3120	5e8b8e0c5b1eeb3bdedc9584aecee40f078da29e4dc436e585bab70f5bc23f00
ttp.r014.relation.3121	c06dde9e91d8a2f6eb4df3d50aebf024a4faaaa69e51f3762ba644e940e22280
ttp.r014.relation.3122	d172a9818e10fe2f9467aa5beb665d4314b29a852e66c5859b8bc093bf8932a9
ttp.r014.relation.3123	fba94509750d5005e9e31bec6e9cc9e909b4a5a20217a035081fa90f35e908f0
ttp.r014.relation.3124	d6d817f9d220528ac6e760afc4a85a89dab8923323fb38bcf2d8707dab2a5892
ttp.r014.relation.3125	d86745b7777dd621569edadb42f81b0cefcb882ada7f5b652f391ddf1d8f6c8f
ttp.r014.relation.3126	f3c5257c581da9d67c53006cc8f31e8c92381097e910c94af7838acfee92f4de
ttp.r014.relation.3127	6b9807fe1015c589ac46ded213b75f23a087fb15cc845281a95a889164d5093f
ttp.r014.relation.3128	1b1d57f35067493e598d9cff633f3434024878f7936e2f82dccf0fd4f9d38a18
ttp.r014.relation.3129	03f88bdd6a9b7e238c0573f674da0971848b83ea0976e3863d65463f60e690b2
ttp.r014.relation.3130	4bb444daf1a45246afee677a196736c97a08ac21dd70e4d169ada24ca9c73849
ttp.r014.relation.3131	8d9e4fbc314e84d2a00e26d1efc66123fe034c8d2b5811bd95e0ebc51b3725e9
ttp.r014.relation.3132	59752d2f5e233c2f9e40df840fd7fab74e28a38fb4bcad570ebded7b78f5909f
ttp.r014.relation.3133	832e646f0a49284ca7d0d59aa6f319da81f10736c4286c5b0e9e8f98f36017a5
ttp.r014.relation.3134	7c0e3824c3de031e01d8577814c526714870e2fc0dd632689533ea960ff5f6e1
ttp.r014.relation.3135	5d3b6d769c023d2a794e2424f30e4e12ff870d89b026330abcc0a775b7d6bf27
ttp.r014.relation.3136	d881a3bf52fb566061830dbf86929f876641cffcca9eb62cd0ebc201ccee0830
ttp.r014.relation.3137	a65b0c0e61f94736c9c827f34d726e124bfd4b3e2eaeb969d4fba5ce955189f2
ttp.r014.relation.3138	613ae67f6b5966b246b9a0213a5704ff86a04691262c400da57a73dc0de850a3
ttp.r014.relation.3139	b0b8af4892c4fb6dfb8308c2701ee3587b297b6b0b9fdc5a1d78f643055e7567
ttp.r014.relation.3140	816b9498af3149682286e2dd245e07e7969d9de4271bdffff5fdbeb8265dc5e8
ttp.r014.relation.3141	730ee0b7068573da14e0b0a667530c26f6aaca77f2e342af0526c0165cd6f546
ttp.r014.relation.3142	f64483547e1b0addc84f13ca0cf91b2c75aff33f087e81570543d4c844f6cf9e
ttp.r014.relation.3143	e2904cd7bbe976576b796a2f4ec538e68f1dc519a9ac7b234e5f3b15fb2ac551
ttp.r014.relation.3144	3b566d78d23ae07a2b81601fd64182d1d372e6d810daedf28fd2345906a0e80b
ttp.r014.relation.3145	c786b7e3984c1e2968c72ea24c18b86748027221186cf01b1a3b96e05b191ef3
ttp.r014.relation.3146	cf2097033886577b7fb88152843fde33a79c2da9523c8e7b95cff69329bf06cc
ttp.r014.relation.3147	cc6cebcc29738b98aaf9cd50811b590e5ae95caec4d63091bc04ae4e858d7bb6
ttp.r014.relation.3148	7c0057c47a50a50d4e4fe79759a8fc3ad149f95af86e9aa92c1d7c2dc312f5ef
ttp.r014.relation.3149	9015da61677a3f671582e54476319571f06f1977072171c9d4cb811a2bba04af
ttp.r014.relation.3150	b155a30733af8a93ee7c3474e5a392af72415c013d2241d5b2e10803804b4e02
ttp.r014.relation.3151	ec0b1856176dc72bca2d699b3508d629947c55547f74ab2649286446e12abd21
ttp.r014.relation.3152	c5f880c1d7b5ba7359e280ca149af87384cf732185a84c7700021ae0638d0f2c
ttp.r014.relation.3153	89ce9211b67be7a6127f1537cb0eeafa41651acd532ef1d5098f9a5f8c6415d8
ttp.r014.relation.3154	28d9f5a099e74d4747f56eba79b31c0bd98535ca437482f2c8e1e0880a633611
ttp.r014.relation.3155	b2769ba51506ef4c52f0271209e742c52622c6e4054a6cfd4bc96f6a8591e792
ttp.r014.relation.3156	c1014d3594d3e7949d378661bbad1270e0a89f135f96afda847c85b1db556fa6
ttp.r014.relation.3157	61109024699b920180ba8eb6674596e73f2da9dc125c4dba04ca98c12770b76a
ttp.r014.relation.3158	a41ee1bb239c35f877993c3307f545f0ac727c8ffb46b07db974f153cd27db83
ttp.r014.relation.3159	b7d836441b90f7804eea9f3ead83d6dae09e263d1e1db320dc9dbe2106af6545
ttp.r014.relation.3160	935d8016a6d59aa0e069baf15911f2026d4902c085e474ee3fa548d2beeb67f0
ttp.r014.relation.3161	ee51c1c07e3bbc3cb158e26d94502b33eccc9c1117e2955b66a4022a6ea9d5a4
ttp.r014.relation.3162	70b387d2ad129b72359e93be685206ab3fd262a53e0b400f220d4d14b24d4b54
ttp.r014.relation.3163	5d50056238a260b4669fd6d0dbe2bf2af1b6421ab3f4b9fbaf49d87916eaea3f
ttp.r014.relation.3164	64b21a660f406b7545a7ae838c4894c301718e51c590a7941820829ab37020e3
ttp.r014.relation.3165	51cb3e5732a21c353e04ee9de35250eba30c2b12c22a0d3c2f2165ac783fbda1
ttp.r014.relation.3166	d583a20f6e72c8326e42e3919b2871c6110adce6655b6346fbd08a492a49d330
ttp.r014.relation.3167	e6b80380a2e0b635171909279400130833176b73c69efb1ce285c5956a8e65a4
ttp.r014.relation.3168	6e86161f5b2862a38cdc5db9f46e729e0c986e20b2545cf80d607563070b084e
ttp.r014.relation.3169	3c3b98413adfff7fda050065a67e122576c5f6e5a2552d3a833ab43f871efdf5
ttp.r014.relation.3170	a8df801527b9bf5ddc2afcae403dcdb3f2277459a3e15dee06d6fd0ea7778b96
ttp.r014.relation.3171	d001b514db63e1e4986361d316a68fe3f020dbe479b5182c2aed8fe7b5aa8640
ttp.r014.relation.3172	06c9679ea4818eec95a547bedbb01ae1b6bf4a8d162fa6d70823f8cf63502b2d
ttp.r014.relation.3173	93c32962e6e7452903bc4c0f47910d5010dbfb84e546389bd398f837c825b8a7
ttp.r014.relation.3174	1ee9f13ff1d4e6924e5e3c375b94a31e4eb79a2814cd09921454823ace235a9e
ttp.r014.relation.3175	53d1552e74995dd77dfb2d2bf9c7b3691a63b1d0fc4f8567775814b8df26b27e
ttp.r014.relation.3176	3cecbef450e74bfc90deb772e435d1e35af050b6fd5faafbef317c95fcfe40e4
ttp.r014.relation.3177	f8a842afa366c3fc45fe79b9b04a11e237ab3f988818673ef315bdcbd58f0be5
ttp.r014.relation.3178	776a4693fdc14fe8e82661087fdc2b992d77a35f508bd7b3468dc6bc7900b908
ttp.r014.relation.3179	7f0b0f7f8df3d70e06eb80dfc881c4b32c446be6e36ea6c56ddfed6be9de697b
ttp.r014.relation.3180	b868dd82daca1aeae916512c36dbc4b6b4ef4cfbcdc674e15c3a55b741a6002f
ttp.r014.relation.3181	ebb2b7e4ab4ff61bf48ea520860d3bffaed070dd630fdb56c906b863534da49f
ttp.r014.relation.3182	865c1ee962f41fd5b8a2ddba8187b0dd19f0d47a40f9b106eb9f74cad79b6473
ttp.r014.relation.3183	7de5a0aa1bdbe05f4253a7f6db3b3bb253cca9f96a11de085bd0ccab0e56816e
ttp.r014.relation.3184	24d2b7ce95e2612b6fe3821c5c85076c8865a7249d9a2b7c9441302a5bd014b9
ttp.r014.relation.3185	f2b8e484249122971b1fc179f460b4768a78a182f3327ffeab0d9cce824f6798
ttp.r014.relation.3186	9b12e08971fa47e9408e45c8272b1924fb362fe43e8479fd2bce0a07330fb221
ttp.r014.relation.3187	5b3b38345b970e95eebfbff75a1ba1e14c7929d39d38bbae7c07f51375c02db6
ttp.r014.relation.3188	c1607054af3be11a4fa1e2b67eb95db2de114b55fdc3be3bd5760067426267aa
ttp.r014.relation.3189	e5c65dfeb586b0efc5bc7fb9e692c8ee78248b783144cd1fe120f74cd76992f1
ttp.r014.relation.3190	8a2d79340dc21a62c844114b5b456d442504882fd6045a87b2d9c15f7f810716
ttp.r014.relation.3191	60bed93fdf3bf351ded806230aa2b256c0f160e3f374a88415475ab7952563c0
ttp.r014.relation.3192	a8b8573f6ed660578a187eb9cd30d6f15c9cf2895f411ded175978999aa9c91e
ttp.r014.relation.3193	cb60c73069cfd6523a2034709bd0e94a5c32ef0de90393131b4506b0598fca86
ttp.r014.relation.3194	eb180f58fb83f3789389ee5efb0ba26dcb55f12866369a2de52fded037c2b5ab
ttp.r014.relation.3195	36c951050a57350f1350374e5836cf40ba57b17761a5f1169ca0768dd4cf7ae0
ttp.r014.relation.3196	ba04356272759087e5cc115a7285dc29b6f448b77204fe017c9df6a40bf3b01a
ttp.r014.relation.3197	445629376025f15077f4c4140c62e2d503ca500646e912a64fd3bc640450ccfa
ttp.r014.relation.3198	a7b2ce2edb5c36d6a3c6096d3ac7dc9571bbad347e71f20ec776de27bc6587f6
ttp.r014.relation.3199	3b41daef61493a27286e54919f7edc3a29a1e9882d1e3212b0149de9af7c19f5
ttp.r014.relation.3200	4cb5c94edcbacbd6173886e3c34b068bf3dbda8d86ebacbf0cac001ad0827f08
ttp.r014.relation.3201	28d5f7e1294cdac2fed49b19982e01c243c4760db433ff7fe8734e4ecd890074
ttp.r014.relation.3202	46f0b7caa20e1667598823cc8a340bb785760f0306dec20463f1f7964406f131
ttp.r014.relation.3203	1b0b76ef6e5d489f2978755c969b4967a24b1f38e2438b8ce7a46a19131762d7
ttp.r014.relation.3204	de9c61174751efa9d3d51ffd7498df264939f050e41a07dcca4bf961b3ef39e1
ttp.r014.relation.3205	e65c6df1c7a5a574f2d36f8ba2b0f69b0778017882d6ccd7ac14d73effaf57f0
ttp.r014.relation.3206	f8e4cf03158e689fd1e1e31bfb1e0eb65373452ec30fa0b31b0e62014deb8ed5
ttp.r014.relation.3207	3712e54a940c5da85b02b824cadaf259a4f0cbb76d8d48af0217cbe172d0d7f1
ttp.r014.relation.3208	fc563234dc2d65386785f4ba7767aea67afc0b021a8956096f77cdc318d71e12
ttp.r014.relation.3209	31493c2328c5aeab43e71de2695e3c17fa41bd56576d457b462739191f83f7c7
ttp.r014.relation.3210	9ca74d5b8ed11f142592b11f3213a10a21297f2b633b55ef5137629157d7c2c2
ttp.r014.relation.3211	54745c2262a6b392f45884523c89251bace2475d769cb9dfef01c35a36e7a88b
ttp.r014.relation.3212	388a7ec6504cf62ea13a1c987282613d439b82cb14cfa01595734e934742e661
ttp.r014.relation.3213	2013e9c8964df6c9791589fd34b0488ce76a90f192883c0dbc3efd51cc7e3ac1
ttp.r014.relation.3214	f5fafa5ff317c84a8bff0c14e0ec06fc835baa7a0232b1d1c71548640240b188
ttp.r014.relation.3215	e042260a4733daa68aa0f9d32bdbd4c49a39e3022183353106a7cef58943f20b
ttp.r014.relation.3216	0d5759ef8b683353b2f6d9bdf57695de2d99c31e0e483fee0bbe94a2e7a0909d
ttp.r014.relation.3217	aec786d7de0ec2c3e1d288ce6cabc9886b00bdd2f3e9ec44e653ce4af211cf90
ttp.r014.relation.3218	6d19fa041077f1677b9ddfb68b2983aa5125f1b489d5c91c334fd0f788f87840
ttp.r014.relation.3219	de9a9b146cfe0d8ce9cf40420324d46355e18be07513c6b987248f42b36b0696
ttp.r014.relation.3220	ab17d7b087d8b5428a36e51b0a980c6c1d8cc6edcf39d8c9c0f0654a531346a4
ttp.r014.relation.3221	eb16471612f13dc0dd245528778ff9480495c5f26969e5b8c8dcf13306c25388
ttp.r014.relation.3222	c2dc286991284a9873b291a0312a56e07cc2c7945a996eecde755a8fbfc25335
ttp.r014.relation.3223	6e5a0650496a6bfce4bb12492e8aeed5d25ff54901580d9312e49065af6ef5b2
ttp.r014.relation.3224	78d77195e005e7d7c72a683615733ff09a8161f2140f1f786b43dc89df1ed9b5
ttp.r014.relation.3225	1fbdd68cf9c5d095f9338aa8fabfc337e58f9ede0806ac7d1da967aebebec0fb
ttp.r014.relation.3226	1a275965da0afbb6633676d6884377ecf584ed58844c7ff7cf82524c91a1ecf6
ttp.r014.relation.3227	b6b38c0546efc3aa64c7c3ae6de22497b4517c5694d49bd7811b9fccf309f889
ttp.r014.relation.3228	3f7c39322ad7af4af80528887e3ffb2598e49c9e3e14386cdc280eca438e8391
ttp.r014.relation.3229	1d047305756bcdf80a2096869962e718dc438cd2d0731b4c83b8857474a1d346
ttp.r014.relation.3230	48f616327dafc778078c07674a0a51881963a5212f6d9b7b9e10078a87e381dd
ttp.r014.relation.3231	61757177900ec59b49f6008d3a3663389b9e6d42b617a7abf824c8326f329cbe
ttp.r014.relation.3232	493502b1731be75abd13d40555507921be2a2dc981ffa3dac55c47b023da693f
ttp.r014.relation.3233	e08fee813a0984b22f341442ec1f1c6f7a0186c298f02de2264bd94c62895b50
ttp.r014.relation.3234	d2e9d86a20045fe0f7688f475208880fb7e3d868df0cdbc5a6b05d612a99ca68
ttp.r014.relation.3235	1b64b94c3cf0814d5d13b11678f5ab702269e0ed7cac6fa97f2feeb97921c288
ttp.r014.relation.3236	77d1a2ab18639a0a27a3b51897f5f36c74695b920f657ac36dd85a80eac2354b
ttp.r014.relation.3237	6299e5f5183e5e8c9bd182bcf2beec4b00ad6893d0cad67fd9ddcc521acbfe0a
ttp.r014.relation.3238	a9d14009a83c1adb74108722b1a4b9cba0c1002c075fe5832b7cda899b7561f3
ttp.r014.relation.3239	01bda0a3d52161e56e7eec083af6233998ae934e4c8ef56c4f5f27ee86f39922
ttp.r014.relation.3240	eb999b792d7806a05c3cdd0e686642239440566930eab66267ffac4f704a1aba
ttp.r014.relation.3241	3a81d5ce5e99ab68c2e4c639ce7f97bdd575b19696f4e4e24c3a9ece93d98c3d
ttp.r014.relation.3242	7e31cc13a9543d21a83d8e7c258dcabca7758eb9fd2d2eaa43e2ab6f7a263a3f
ttp.r014.relation.3243	b33d5f266ab91c5788b8e47b7cfa7f74ef58342cee8fd0d334f410fa0679363e
ttp.r014.relation.3244	746a89b05dbf0dd801e2cb03eeb19aaa4ce574fa7381b40292da698071f08105
ttp.r014.relation.3245	e1207a782a51f4ddb4d819f515c2b451db39bfb203ad757ff0f4346249f14503
ttp.r014.relation.3246	4d74ff2ecb714568c103e7b3e2457a56e31624c6b8bfa857cd320f3a474538e2
ttp.r014.relation.3247	fc0bc64da180a7abb8c65d03ed69fdb2cd081f14edd13aa75c974f9904579058
ttp.r014.relation.3248	089aa7e3fb6b5b0ed518211f0fb4f76818d5cce38a0da7a40523545806cf8a4a
ttp.r014.relation.3249	68e95f5362406c2096b69d58aa979917eb687f7e4dfd1b73e4c3b91dce211351
ttp.r014.relation.3250	5659274b4ccc4e1019443cc3ebec89bf62380f0b91748f02de50e9c19eab8142
ttp.r014.relation.3251	904f5484fa34d716b55c2cde36ea22d16d17f84dc781da0df0ae8c127d1104fc
ttp.r014.relation.3252	be81d0788b96ccddd9b482b115c3b473283bf576f2e9c624cbb33f094f76f746
ttp.r014.relation.3253	72c6eb56b823b5e02713a3f01a16bfc680cad4c56fe18ef226c91dd2c72cfb83
rights.yaintt.id-id.derivative	9828e65abce992f8217ca242930a248ba1ac42f58ea0fd8900ccb6d6e45871ba
rights.yaintt.id-id.derivative.boundary10	326e21d50d6acdac3f6159876c60ba7f13ec1e40a5899089c4d8983fcd35889c
rights.yaintt.id-id.derivative.boundary11	ee9c19fb403a14a28cd0f0c32c81a58d69a8fa11850aabd50b856a3eca84491f
rights.yaintt.id-id.derivative.boundary28-r2	199f74f3b7708c7aed819c9c7fced4e65003bdaedeb49ccda935055b3a4ce28f
rights.yaintt.id-id.derivative.boundary4	e2a1cc4b4cbbb99006bea9bf8726463b80f937f5deca84d133636e7f5d6c6b4e
rights.yaintt.id-id.derivative.boundary5	e4debc13de5fbb2e70e9a1faa9ed56b4223fed207d2c049e9ff751fcba3fc725
rights.yaintt.id-id.derivative.boundary6	e8f76d1310d04973d9520b05bf272b7bb9189586b3c4d160b61121efab7c4b3d
rights.yaintt.id-id.derivative.boundary7	da5685c9262b251f6beca8472905ca1326dfcebf4b03a4c0f73ce433fe09cec3
rights.yaintt.id-id.derivative.boundary8	f73116863417414de42245bef0868f6f364dfad7103f520a4ddaaed0cf2b4f15
rights.yaintt.id-id.derivative.boundary9	54db0641ce1256cbb35d21fbfbe07e34490bd3556d33cac4288d4c6d949429c1
rights.yaintt.landing_page	0cf2139d8254c42ff965a43e35e3daa106094203e945006f103211dfcd872724
rights.yaintt.license_badge	526cd0e534f989895099cb5600bbc36831fc1ffd9f4db4760e0d570705af4a0a
rights.yaintt.official_pdf	44287d21bfd09c96bac092769bf7497a26fb2dada51c82bcff831db44145b216
rights.yaintt.scytale	404c7c15a5eb789f7db252735c9521921aeb9a77f46bc04ef0eca32086298ba8
rights.yaintt.text_and_author_assets	4c82e68743f00672dc32ce5dcd0bb0d64335a95a812f0fd3ff8f400fdbd9acb0
ttp.r014.qa.backend-boundary10-determinism	f0d6440fcc088790e01b9d30f23752a61555f81e0c6190b1157b734d3fc1d6c5
ttp.r014.qa.backend-boundary11-determinism	1d8276c0be43597e15d9e356c74df6a8ec426889ef8fca2bb611fa45f17723ca
ttp.r014.qa.backend-boundary4-determinism	5b9242e010a37b9ab21d7209e25972641eda9f0c95a9da92f498e43fd60d6db3
ttp.r014.qa.backend-boundary5-determinism	280ab94126fe22cd0f35b84b4098476b84b55f48efaef972cf2747c01346fa20
ttp.r014.qa.backend-boundary6-determinism	575d4dd83dc1bdfd295653b1e6de392192a370e76505462b2c3f3aac85261a4b
ttp.r014.qa.backend-boundary7-determinism	31a505101803b604ae6489d1858cd30feb9d3eb4443eb1b63f841806d391d3bf
ttp.r014.qa.backend-boundary8-determinism	00e0d53e917355ebd6c40bc93d7cf05bb52dd9e90b6d1dc0af2f4ee3686221a3
ttp.r014.qa.backend-boundary9-determinism	89fb857cb3bb519b8f494bc9a51c436bfb29c1b45757787212529d2506067e5f
ttp.r014.qa.backend-roundtrip	0b586495b769a6f2cec7ef8c67b704e3cf7a51cedb2a45ad866edf6ec065a905
ttp.r014.qa.boundary1-accessibility	fd9c054e0286abe06c0a21fc84fde79795b78fc364335115d7ce88e6835abdc6
ttp.r014.qa.boundary1-build	67847ffa0c5f717bdfdb40689fc03b6b4d3578d6e6a357b12531523a0bb6b151
ttp.r014.qa.boundary1-language	6a26b8f3b5a03b6cd556ed61edfe61abb6947e1e17f16960b57bcf869ed4e419
ttp.r014.qa.boundary1-math	307815c6a959deaed46f868bbcea1100ff1f3421cad2172c289a4e05e4cd8858
ttp.r014.qa.boundary1-topology	2426bb85ca677505122859002286d767e4563382c12061dcd35b9396b524fdaf
ttp.r014.qa.boundary1-visual	8bed3c395d42b663619094694e4f327c892133e57c78604d9d3a1317a2ed9715
ttp.r014.qa.boundary10-accessibility	3a183933f651521df78ad2bea653693054405a94d77fecd68aac49504eb2c6db
ttp.r014.qa.boundary10-build	d518fb70f89d907282dd74a33d8ac8d8ac45c62d79bad6e179dba9044c692637
ttp.r014.qa.boundary10-visual	85cd19e026c27c6427dbffc6f89b87d3e7a7a9f181bd81bcab7285a5479c4d08
ttp.r014.qa.boundary11-accessibility	f6d1363af827352d7d5ad64bcbb365a5f6125c13ddf18ff66530d26b7f51e12a
ttp.r014.qa.boundary11-build	b26067693e39b61a113a70758bff65c54e76fe94c75a9045ca8eac58c277aabd
ttp.r014.qa.boundary11-visual	da1cd0713b0a6ede78e157205de8c60c54b9e402fd4125799858bd06954ea65b
ttp.r014.qa.boundary12-build-evidence	854475938d4ce83ab1177f0ed0b803fd203dd627dd468f8f510f3eea193ac6a8
ttp.r014.qa.boundary12-visual-evidence	1eea46ed2a1f32c8553718507ccbacafc6151fafb5512f8751cb7a5383b4a4a7
ttp.r014.qa.boundary13-build-evidence	4f2acddb3bd388ce7eabb92a7df29241ecf86af5b0b81d5a0791b6ef785d858b
ttp.r014.qa.boundary13-visual-evidence	56b71ea0b25488c7cfbee1f1ff3525ce81208e95d32290aa4acd020d2dadfbbe
ttp.r014.qa.boundary14-build-evidence	76c98db5bcf8b7a3f090ca08605ba555a42aea18fffc9c3ff25a103d701d0491
ttp.r014.qa.boundary14-visual-evidence	bb3bc26832607180f7b2a6477392b2e214839756960316f7211cb9c5522843ab
ttp.r014.qa.boundary15-build-evidence	3dba01e5d3ed176975362b00a2adf9b89e1379d63f8b00fa208ed12f4e243ba5
ttp.r014.qa.boundary15-visual-evidence	4cfdd66174fea39ebb7e9c62bfa06204187dc3ca3539d8d3d270829807b11850
ttp.r014.qa.boundary16-build-evidence	4a2f1af20f9be49d07cc18cf74a24679269286ecba767391c1b1de4cba97f6b2
ttp.r014.qa.boundary16-visual-evidence	f40a71295d1ec423bc69b22bd2ac649160b3f9b817751814f4cbd62a163bf598
ttp.r014.qa.boundary17-build-evidence	2a5d30d1befb1b8cc1268a0386985901f9f15f5c66cc46cbc028171abee4d0f4
ttp.r014.qa.boundary17-visual-evidence	2a831d53f8f708eb13ce30ba846cd370797a36d054469963a60f66ff05b2c528
ttp.r014.qa.boundary18-build-evidence	d0efd732cbb4f1adff1b3ed3025dfb5ed297d20ea493feb94a95055703be909c
ttp.r014.qa.boundary18-visual-evidence	125394e16da47a04c8406a2a3f4500774481653776931831a419ec92ee4e1938
ttp.r014.qa.boundary19-build-evidence	b359e00e583752b7c13c658f597ac40b370e946dc32d9c4905619154ac8ab01e
ttp.r014.qa.boundary19-visual-evidence	d7728e185c1dd0a63411c827a5c83a513599bc2f1baee3db31bbbbc6a15cf30a
ttp.r014.qa.boundary2-accessibility	c9ca55f9df05249e310939284a5e410d5959b7e012dfefa5969f3c280a6921ab
ttp.r014.qa.boundary2-build	ca46072695d29303f66bf511322c4073dab4d26b5b4a35b9ba42122f1e7ab400
ttp.r014.qa.boundary2-visual	d86e310fa78ff034d5e05b42b04b6ecac9ca2072bc44f6d09d07a5064964cec5
ttp.r014.qa.boundary20-build-evidence	6e076e53d98fe4e4f594d8148b98963a5bf0ab1ac0621407dd955b9c7b37c8fc
ttp.r014.qa.boundary20-visual-evidence	70ad6484bd9bf7aa5186472a2b38df76016e923693dbede84db2c6aa154f205b
ttp.r014.qa.boundary21-build-evidence	999ae9a996168811319fa77116132efd6233f46d6a371d56a4791dfd99d788be
ttp.r014.qa.boundary21-visual-evidence	fd8a975325836cafb1f642eb9512d6fc17960be16873521e40133050a07ee319
ttp.r014.qa.boundary22-build-evidence	8dccd246df6d7c298280fe053222f0a8e654866af93776b35c15307149464cba
ttp.r014.qa.boundary22-visual-evidence	dab12d80ab37a9a49d59f1f8e7f55b2d2b6c0f2e74a6b2ea796e4a6ae9998fe3
ttp.r014.qa.boundary23-build-evidence	232a427c9e2691382badcb5fc414d61c2adbcd3dc93689a5b28ba83e7c29be7d
ttp.r014.qa.boundary23-visual-evidence	b3cb2dcb50de825f7f0756bc487553c51a0edb521d9eebac981b165fff53eba6
ttp.r014.qa.boundary24-build-evidence	7ea63a07add48cf9091da908760f3caa3628e45b24f686c0a5f0e8b8476ed01d
ttp.r014.qa.boundary24-visual-evidence	8524d273ec38790702d70a8dc834af04a22337b109f8f3911a764fbeed284145
ttp.r014.qa.boundary25-build-pending	af9d84e32484827d3379683af2c1c69161bc7ce9a95a322594fa1266aa405951
ttp.r014.qa.boundary25-translation-review-evidence	5bb3758eb29d4de7756ffa3bebede120262693497fbd9f3acde2dca3bf61de63
ttp.r014.qa.boundary26-build-pending	39399ea937e0677e584fb9ccc9a00a5e2bfea4dc1f425c17d804da398946af68
ttp.r014.qa.boundary26-translation-review-evidence	d794e7839c8e75c3108ca03e5898dd1e0a861d0fa1fcd477e40b1a713a7c84f3
ttp.r014.qa.boundary27-build-pending	730f18cc5fb3720e3984934432733847a1e87d43c57b1a4c6e2c06b199a74c19
ttp.r014.qa.boundary27-translation-review-evidence	0a514f2bad29c9502991442d06f0fdaee6f5ecbc1dc18c047023208f5232119d
ttp.r014.qa.boundary28-build-pending	d6851e9bc4fc447675aaafcfa8ed6535fabd30e19c85f694c4af73450afa7989
ttp.r014.qa.boundary28-r2-backend-structural	151f95a51ab59856c24b71e5a9d4f69d56204d0fd176b9f97df9bc0ba04a5289
ttp.r014.qa.boundary3-accessibility	7843cc13e4e7445e9a6aac2ce6e7edb53c1bad58b384468d46686e8267f98466
ttp.r014.qa.boundary3-build	bb528a744071b1e2b279da750f1e9a7039c3a4cdf8d1ce8fb4beec61dfd532d8
ttp.r014.qa.boundary3-visual	7583ce74d630bcdae23689456ebebe0bbd89818757b40afae4ad4ad1e61d88c4
ttp.r014.qa.boundary4-accessibility	9af857800c4e5bc0ec88b6bbb34469c1912186e5efed936a7f84a1861d501d84
ttp.r014.qa.boundary4-build	24434a6e8420fea642d731f2bd53fba8970024768972379f8f2d06500c4725c1
ttp.r014.qa.boundary4-visual	ecde33abfc7a408bc726caa60a79d43252917a0e423d3dc2b84683ba01a8572c
ttp.r014.qa.boundary5-accessibility	2be41d9453aa95c25fefb3a4a861c6b1f94c32e4fa184300902f4c8b5e63cbdc
ttp.r014.qa.boundary5-build	ae6214a12c86c4bf5d0f9e0da4747f782aaae0ab42e08130c1909837f70a9f9c
ttp.r014.qa.boundary5-visual	12ccbcd76bb853da8bb38868eef2c69b15efe39f3cdb5450d81e18fe11fd1012
ttp.r014.qa.boundary6-accessibility	d2b2fee5e1f425f141e6abd9a991a236b9671e76642b7bed6aceff52021f37eb
ttp.r014.qa.boundary6-build	a34c02fea68b4f812b947fa2d539769e3440b97f577bd89d207b0d9b7fbbeb4e
ttp.r014.qa.boundary6-visual	f47a258458c52f0ef055fcb06d1375239abe10318c1414ffb4eb84fdb7e7ec0b
ttp.r014.qa.boundary7-accessibility	52c898d29654a8a243ba6ce163ad47b3ca3ace382f20f1ba689a950cd27746cb
ttp.r014.qa.boundary7-build	d811f25cfef1d83bea58367db629de6bd7e8d9312d2c7e2a7f7c870bf554ec7b
ttp.r014.qa.boundary7-visual	e958a6d0c6ab3df78f3fc5d919cf8a9782bea5650164675beed1b5a27e3d1e85
ttp.r014.qa.boundary8-accessibility	28e13287db9db6a5ec4b38bbe33b1d3efe28c496e72bd017c14dd9cd4c5cad8a
ttp.r014.qa.boundary8-build	5cce3d4fcf0d764e45e65e9dca0485a7f54b774e9c4ccf3864b5520195d13e79
ttp.r014.qa.boundary8-visual	75381022b5ebb9f6278dec775f13a543d2e56050892757a618445d9dacf59cd4
ttp.r014.qa.boundary9-accessibility	e21e6076632b983f48704883236f63d24e48781c9bb10a7141bd87d9e1dfabc7
ttp.r014.qa.boundary9-build	4a20816b915174edc175e18132be220f9f3281578d5f478a6e1858a940d929e9
ttp.r014.qa.boundary9-visual	53dc360ef85aaae1de8362a65ed2386a8dc929f2f9b4e65ab7589f2b4962649c
ttp.r014.qa.component-rights	1dad6190462b33db0c8f9b1a4ef1d47a1960b90eaac5e0cc7169449b56e6cc99
ttp.r014.qa.section-aowi-language	7dc118f95f5ce80fb53ff79a472f25a7017b09aa658ae61770c3aa79a47783fd
ttp.r014.qa.section-aowi-math	6d75527f3e822499d791b5ac85239d63c62bd8a45d5c691ea4154fc2ce4f5ea2
ttp.r014.qa.section-aowi-topology	ff4f0cd52d4956cfb27eaaffc637abb6e84e524c9674999606eff1fb4c593369
ttp.r014.qa.section-awtwwc-language	be77033f2ba4128556c4e7e66aa25d1e66389f7a235b080e7e0d05896759b0d8
ttp.r014.qa.section-awtwwc-math	73090255984ff1176663e788eb6c4d46f8f09dc8f8e291714fa5f4cd31ae2d94
ttp.r014.qa.section-awtwwc-topology	3d0963bf993097c394eee0d43bf49f640fbc1f8048f058245fe025ca150d3d83
ttp.r014.qa.section-crt-language	9802de84fe7c2f17ba9ed01b00d9ad074da96a66b7255c5da1ef16974150dc81
ttp.r014.qa.section-crt-math	76f20cbd980ab4677f31c03a289f27573c4ce3163d1ff3f6ba3e9c1017709087
ttp.r014.qa.section-crt-topology	5376d30212b68fb8734c1692a608c9d60b2346bb90da29767445fff8a0542929
ttp.r014.qa.section-dada-language	74d0728a3ebfcd7f14c26056ffa95ce24e4cb4b27fd62ed7fa40a3653c4f977e
ttp.r014.qa.section-dada-math	fb2c6e2d0d3a01f38585ec28ef68ea9df1041cf2f9c359193fbdaf523fac439e
ttp.r014.qa.section-dada-topology	0a85c13eb537a89e1ca40a2796e7befa29e888bdc1cb0da9ab8d5ecae4b78aac
ttp.r014.qa.section-ea-language	44b07b9a08b5b4d1750cb2f06c710833fd0f9cc7647ba6955a54b227114bb3d6
ttp.r014.qa.section-ea-math	79409854792f509bca41a656955f276c53d8088fe63c1511866b22cc4af97c79
ttp.r014.qa.section-ea-topology	b1de8cdeda75ee013681bb9031a485405a826f391e0ced93ff50af0888ef18c3
ttp.r014.qa.section-ephif-language	73ace75b6adc960a8d33146bc311a0a814f729b4dde8d6cff10ebb5ba166baa6
ttp.r014.qa.section-ephif-math	dc2010104ecc1aa14af7defdfcc7601609d787970c84f737caf2c46e9a63f29f
ttp.r014.qa.section-ephif-topology	7b7c601327857a6389711bb96e7ca32e1ae80c20f78882a1f92c84d58e065566
ttp.r014.qa.section-gcd-language	0aaec1a437800284a8fdf096d6c2cc71cf14fd30e7096c7c42a87c49d3d8fc23
ttp.r014.qa.section-gcd-math	44497d657bb026c844bdba110df0787eb6d33d5d525c79e618d858fdd4880fd4
ttp.r014.qa.section-gcd-topology	426abc302bced8ecbbb761195a0a0031c622076ec40959104108dbf501c50181
ttp.r014.qa.section-itc-language	a8337bc6800f497e3883e1c7299024cb2893c1c1fff8c95931a19b1835dd152a
ttp.r014.qa.section-itc-math	6d8bd3cf7d7ab85d771d99a7bfe10039357ef2fffb9ce27ae5c0da6a65683c5e
ttp.r014.qa.section-itc-topology	5a97ff9276997dffeea2ef4fc115b6b7199ad6fb586a5d937462c5b3fa7221ed
ttp.r014.qa.section-lc-language	17050b1c7d306ef538049e4dc1581b12d8b32a2d2e6eee32ff9afb36da0748df
ttp.r014.qa.section-lc-math	dc96ed6c5f061ee6d6f63004b8e973eeab7eade5d5fb24099d2849d8799cadb2
ttp.r014.qa.section-lc-topology	e2b921cbba928154995de43dfc69f194fccac44b07584ba3650145f60fcd6e6e
ttp.r014.qa.section-roiidb-language	1e6632877f1b67d5c0e565517e6a139e8e6c172f7a438f0559916ade708817d1
ttp.r014.qa.section-roiidb-math	8cc3fda857ec564eaac6579d09bdfed7df7223ae39ac8045b78f708e3973d707
ttp.r014.qa.section-roiidb-topology	1a1cc52b7ba70c815ba101feb8b210e246fbed84dd39af2add03e92c5ba6eb73
ttp.r014.qa.source-authority	7fe8d6d63064577e0baec6997678c558f1c9aa7da2cb668d931d05e7bf5977d6
ttp.r014.qa.upstream-build	26519a25dafb6bfdb6930ead515114f4aeeee2fe91597700dcf7da06f8f5a24d
ttp.r014.artifact.adverse-ledger.boundary28-r2	821f0f3fc3c80d2e311930296dfaa4ce95cfede0152536b813d41a08da2ebd0f
ttp.r014.artifact.authority-manifest	2fb5f5622ed9e105b9e1cf64f27d28361496b24c172321c913567730dbfd8ff8
ttp.r014.artifact.boundary1-pdf	77a8f3e63d0bc6be800788c53e8de501c01ea76fed5dd7cdbac0d03795c5dcff
ttp.r014.artifact.boundary10-pdf	f5bfe5a84c21f48089120a73dbebd43e47616264291bac688378f6afcf735054
ttp.r014.artifact.boundary11-pdf	309e9911a49d034c5ad66f450e38dee60b2626852f4c4a70dfd25ecd4ae9e612
ttp.r014.artifact.boundary12-build-receipt-evidence	7844bba1b675662a6507136e9edb282678e5a70962ed6fb42d63bb99af598d2e
ttp.r014.artifact.boundary12-reader-evidence	3fb7c0084a3e642e579b17a12cae7daa638b9aa688ab70af579f3a419edcddff
ttp.r014.artifact.boundary12-visual-receipt-evidence	6bfd47e4e505e19faeceb35863034889b14db750d32502a5821fa00e07337243
ttp.r014.artifact.boundary13-build-receipt-evidence	4a5eaad58241df65a157f6ddf3fd514a5fb844ea14a8b5145035e813998d442a
ttp.r014.artifact.boundary13-reader-evidence	ce207dde317513d9eab5886d0501b129963fbe26f98b42dbb895dcadd05aa9e0
ttp.r014.artifact.boundary13-visual-receipt-evidence	c1f79ea351f0295ca54c460aed3b714cedadac7810fc0986fc8400c8d2e07942
ttp.r014.artifact.boundary14-build-receipt-evidence	9fddb26817e775b640d1cfcf24c69885aa79d5d221bcfe30dd561a0878900eba
ttp.r014.artifact.boundary14-reader-evidence	5762648b77ae0f12cc72f79e59a0ff84270ec6627064bf43a6b226d99c9f689b
ttp.r014.artifact.boundary14-visual-receipt-evidence	6870c999f5f0e29e31822e9c516e37be847b27e7349815531ede8d30478e55f7
ttp.r014.artifact.boundary15-build-receipt-evidence	27dd3fb89c7dbcdebfec704a8e1a42a437697b67c59b887b50167fa61431e2fd
ttp.r014.artifact.boundary15-reader-evidence	76f11525314dac357011b0d0a8f723d368edf136aedd7070e66dc5ad2bc1c0f6
ttp.r014.artifact.boundary15-visual-receipt-evidence	3cd9dff06c0124776b7c8fc3b9bfb3897821d81a87d25a03836e986514112e9f
ttp.r014.artifact.boundary16-build-receipt-evidence	14c3c6c6a70ba3c4aef6c6dc4c0869e911e02e0102a8661933d74cb024c6cca7
ttp.r014.artifact.boundary16-reader-evidence	9a26d36ae9442bf24a55bb833dbc93e44ec8314de960b373c89a15eb2ff56e74
ttp.r014.artifact.boundary16-visual-receipt-evidence	82ebd2fac90b10e0f143f24d85f9ef03d5148bc08a08e08a3b9caadf7fecfaf6
ttp.r014.artifact.boundary17-build-receipt-evidence	e59ba8cc020b385c62ccda453d09cccee80f51e1e3d9087d72aa44668a9f2fc4
ttp.r014.artifact.boundary17-reader-evidence	f5ca8329437fc37129993e1220f450906c4c690b79fc5920b260990112021de2
ttp.r014.artifact.boundary17-visual-receipt-evidence	4f4eabd0d387404904033a7d68999316477db30eaff563badf8ee8e2eac22d92
ttp.r014.artifact.boundary18-build-receipt-evidence	5b60179b982b0bb7d7245ca98f1bfd80fd476651973bab70f21346f643e2b90c
ttp.r014.artifact.boundary18-reader-evidence	aabdf10b29ed4449685970d6e0635e3b224d6ece52a0e669b587f02812a86ed5
ttp.r014.artifact.boundary18-visual-receipt-evidence	70d011caa95d9067d463881a830dad559f9008fcba386d950d94db836dca1fed
ttp.r014.artifact.boundary19-build-receipt-evidence	af7b1aaa2865c2c21c31fd18ba062581c29d3be420f2947650f29db3828d00d1
ttp.r014.artifact.boundary19-reader-evidence	a5ef9234e9bd514a8d78d997779880277ae96daac92cff450b478069c9c079a2
ttp.r014.artifact.boundary19-visual-receipt-evidence	1b56cc7a2a808d9bf08b5f93a31dea6502db36634882370270f779538d1a42df
ttp.r014.artifact.boundary2-pdf	ead058e776f51b752b468ae98b878afeed21eeea6a218a64033a37c6c05dd59a
ttp.r014.artifact.boundary20-build-receipt-evidence	4e43077702af9b0e88e615f7ce605b21269fb168498b54dc9c787bbd0b213557
ttp.r014.artifact.boundary20-reader-evidence	3433dcad6c13ab77d22cb83fc312adc640a9b6634013c4079b54b438dc98c7b4
ttp.r014.artifact.boundary20-visual-receipt-evidence	e89a400b95523ce22ac60844f1f16d9604b023e64b3e4fd6413416f7ffa60cca
ttp.r014.artifact.boundary21-build-receipt-evidence	b89d6879379a4734d9c981164160b6b2e02ee5fd74d6dbbf80018ed26ea17400
ttp.r014.artifact.boundary21-reader-evidence	ab668a18562ad80a62590104690b3b21b2eb6821353c7a3dfe050ab1fd38c892
ttp.r014.artifact.boundary21-visual-receipt-evidence	40c2b6f53687b0c3f238a83dd653136b5718a0dfb661f738917b4de5bcb9180b
ttp.r014.artifact.boundary22-build-receipt-evidence	3a1e6421c64b4d825d510a34089ed1804a9ea5753a3bf16203ee4342f3f1ce3a
ttp.r014.artifact.boundary22-reader-evidence	d246318f867cc1f9816c9e2ceef0ff12ddbd6a2006ca6346851bef3ce71875e5
ttp.r014.artifact.boundary22-visual-receipt-evidence	a97c533ee5c0286701e7ef235bdb03df1de15f4d2bdddda751668022bc19b4d6
ttp.r014.artifact.boundary23-build-receipt-evidence	77c3313592718aa4180327b2df50ebf5d34ffa2465a2b7ccb18dda3753082351
ttp.r014.artifact.boundary23-reader-evidence	27da765cde0f27a6b44eaaf6a49cb52534d184d6d9deea5676bf1332acb7cf3a
ttp.r014.artifact.boundary23-visual-receipt-evidence	bae665623ae9f8f49c8ba8314285fa29829931935bbb18ff7efb3a549f03ccfe
ttp.r014.artifact.boundary24-build-receipt-evidence	6f589402fc425ed19ec718c421c20c79829ecfd2182abbfaf6afd7b9fbf10ce3
ttp.r014.artifact.boundary24-reader-evidence	73eac589b7a7e995e83628b9b0270c0d294527448e5c393100bd6f3e6cc8bc12
ttp.r014.artifact.boundary24-visual-receipt-evidence	32bbad8b5042e951c88fd6824fe27766608d49574adad67a0a5862676c30beae
ttp.r014.artifact.boundary25-translation-review-receipt	db14ac9a538460e18a8040aab2cd5bd97647a344de14372307225b0fbedf1bb9
ttp.r014.artifact.boundary26-translation-review-receipt	59cc04cbcfd8780633c2d05c3a370d6442e63946df3155f66be149e40b1619f9
ttp.r014.artifact.boundary27-translation-review-receipt	d8139e6e377508d1c6a09bca5a1b4aa17dade64e96d9a7ff6b60b463569848c9
ttp.r014.artifact.boundary3-pdf	c1bf3a62e37f0a9933481fa821fa4bf6adcdb4501065734e17ef4a220aa8b3af
ttp.r014.artifact.boundary4-pdf	31b8d74a1ac1c611418b51c7374b907fda462193781f663ab309ce7c70874bd6
ttp.r014.artifact.boundary5-pdf	bfd156473dabc69a9c7bd73be880a59585a2d590c76727ac2513944631bd452a
ttp.r014.artifact.boundary6-pdf	4b37d6b9302ab4660e65e293b60a962d4ae61fe1e7a75858f394e86ecd927fc3
ttp.r014.artifact.boundary7-pdf	a1ad1fe8498a526dfee3723adb4811318d14a462c929042a447efefaaa9c23c6
ttp.r014.artifact.boundary8-pdf	ad30ee46fdc6d66b9605cb4caa39cad5cd16107a7c625bc78e975e056ea555bf
ttp.r014.artifact.boundary9-pdf	4e9ccb6331cdc924a4abc58c50b2fed9271c3dfc7e704b60fbd8ade4853254c7
ttp.r014.artifact.official-pdf	a26b291468677cfa1f4835179a7c4337388c220241ccdfcc7b7f6193d9a43272
ttp.r014.artifact.qa-bundle	b9d9d0724531eb2b0363ad9d0947ee256d5d256b7907e583578e2f13c1685ec9
ttp.r014.artifact.qa-bundle.boundary10	9e8a9e9969bfb456c9943ed260b17c6a438c9e837de7052b194ac5f1f95735b4
ttp.r014.artifact.qa-bundle.boundary11	6a2dea99e4a1ce18667c69ead10acccf7ccdc558c5641ee660e23b665bf00807
ttp.r014.artifact.qa-bundle.boundary4	7a412df74e8b532e1cfbc3e490241aaaf28cb43b1fff8030a91751d5aa58ad04
ttp.r014.artifact.qa-bundle.boundary5	4b7e8a4728f797fe8f0103f454018b17536cb7dc5b4373343c9609e81c98f95d
ttp.r014.artifact.qa-bundle.boundary6	f72af62a4e0391cd2c24edc41acba074471399f261ea6df7ab16add4dc751824
ttp.r014.artifact.qa-bundle.boundary7	3a2c78f687cbe973e4db724f92884181ce8ffcfe468ad0f8a5fb1f661642026d
ttp.r014.artifact.qa-bundle.boundary8	66162f15c325c357d685c1a77ed167e72863f155c49b734f0034df3564f2ede9
ttp.r014.artifact.qa-bundle.boundary9	964b7e29c2e0fc556e84209b52e1e57095ec6d2b2498092794ba773406410c14
ttp.r014.artifact.target-source	faa9517809704f77fdceecaf72f8939bf2f81337baba28b972a48cbaa5e4dd52
ttp.r014.artifact.target-source.boundary10	31950cb7181ca3ca52f5cf03786376831ee204274061ab20c98e1abcedf3d913
ttp.r014.artifact.target-source.boundary11	1201a5a7d83004033b208ad291ebaf470b059e85305fd77bf6b2ff56cbb1e2cf
ttp.r014.artifact.target-source.boundary28-r2	7363593ef282f435225060b6d7645fd7d51bba2a353803d9eea00c871716ce32
ttp.r014.artifact.target-source.boundary4	169dc5d7e91137988dc47137eb5c349b994c9dc60043e46cf7ec2ffddc4fc009
ttp.r014.artifact.target-source.boundary5	4b18ddf8cd3c3f61baa18a2506cec6e0e2b456d9b1690bc352c161fdd00797be
ttp.r014.artifact.target-source.boundary6	965d2ac562ab378f47aa2ea9765c9543709da4232b1326c3799ec342bbed0b38
ttp.r014.artifact.target-source.boundary7	1d42a961ef5d24810723090e9c9663d096849a17119e6b23175da10a3feb0d14
ttp.r014.artifact.target-source.boundary8	9fe7489ad301198814dd0babc6048972751878d9274c68c69e712f8f554cd588
ttp.r014.artifact.target-source.boundary9	cd8b80573a3f28d2f731a8e9fffa818c08b1b42d95c9497e0262794b36e9ece3
ttp.r014.artifact.terminology.boundary28-r2	694c57986f9d676b50b819e499bd613c24918c829d6ea5d673fd239b1ba7c06e
ttp.r014.artifact.upstream-replay-pdf	51f2b344ff7f9143242be3b5d1a80873ef9fa2c8020fa96d0d43162279e5ff47
ttp.r014.correction.0001	eb058b80fe471f8125719d53a2775805b3db3d4b4a00cfdd1daa06e268d58165
ttp.r014.correction.0002	68ae9396960bf4830e94359f2927eabb9dcad0eb901a51847cb6ce759e233bd6
ttp.r014.correction.0003	459f1833b937cbf7089d10b6eb32dd22ada145e0b9815bf18929e815402795b9
ttp.r014.correction.0004	bf314eaf821736b8f1891db8e1c823b002482a4e72f17a3e115c00d66bffb8e0
ttp.r014.correction.0005	1ad305412e6515b9b85e8b9124379a496a43415ed6bd19661afbe60863dbd87a
ttp.r014.correction.0006	dd06059024946f1d9e6bcca5f4164e5d0d578f51c16fd73a09e7ad2f2ae10680
ttp.r014.correction.0007	10ef943e24706032a7f8eca25d656a5dcfa2cfa3183d2d4da1e168fc37ad6d92
ttp.r014.correction.0008	ae0a0572d79548f9942b698c9a250b9840febc6e71a21662c5770651cab67025
ttp.r014.correction.0009	83f3ecea9e1167e59eb196b4426786c2f884ccf2cc43c6d68d6016f7e0a5ee31
ttp.r014.correction.0010	c0dfc3d08082d67c1b6af53745e57acc16b367c6b7353a36e43fd032dbc63420
ttp.r014.correction.0011	1df721884111e943fc46c4c67d70958df8a6f4c47a17ec187de07a811578c665
ttp.r014.correction.0012	797ef04910ec893054c87c2dca5bc2e15f2fb5d4c9a6a81c09a20ea3925b37db
ttp.r014.correction.0013	6541add45690ada2a237a00e29f9d1c72561069a48d16c13d0619d85a66b4ec3
ttp.r014.correction.0014	88e0ef44b2bb5758b8f2053c15bd533a2a691fc85978ae0517387d3855ba1f3d
ttp.r014.correction.0015	cbdbdaedc47b8079f1c92dd4fa152ae3e0e0bb1d2934352add1912d4d96c468f
ttp.r014.correction.0016	8c7875acb32b716b2a05b0700601fe06064253793fa472701dd8752e85e9ff2d
ttp.r014.correction.0017	967d31e23077edc3f68625de6125c744204701ffa4b709fa6baf2392c146898f
ttp.r014.correction.0018	2d69abab171bdc11de6db5d182dd97b6c6649eecb47c1431710d9af17cf05592
ttp.r014.correction.0019	e5a4f4a1c3d812c2336f89ac9e53f19126e3840c67c826e93547e5610315cd57
ttp.r014.correction.0020	af81abfd32624272b32b5e06079199f72cc0ab39920cde9a8d69777823b0146c
ttp.r014.correction.0021	cdb8810003d81da3c9933def7785fa44ef3785228ff5abce6fa0fcf42aabbc16
ttp.r014.correction.0022	089ac841a31acda04986d32641e43c02edf0de97e91ca997034d8099dff21f0e
ttp.r014.correction.0023	02260f132f36c399d53bbdc3d93fe259f29bb28c99a8f85b85b8b42bcdbe4e4e
ttp.r014.correction.0024	7c559f7a2872dd862ca17b597d9120031fb0c70aab8a409f7dd5c0bde63b4c89
ttp.r014.correction.0025	d27d5f1860d856008c9ebdbd3c58cade5596a1a472dee3a977d5ffc98423c442
ttp.r014.correction.0026	e93078d15509b8a153e66fb09d176f7b167e022b98d42939f49249820f853445
ttp.r014.correction.0027	271b2374710d3ea2b22c6412a73df0724a8b04bdd2bc9a8cd63c5d211e43aea0
ttp.r014.correction.0028	65e4a46470728555b836d6b6aa07e53c449276e30a0847993ef007424ef0463c
ttp.r014.correction.0029	4d5b254b29c9187a7f7bfc497bc8203df42621e391d102386484846ddadc0fb4
ttp.r014.correction.0030	b5dbfb2752024a28e2fc52f1aac2d466699069ca467e7ba345b95fca55d08dd4
ttp.r014.correction.0031	e5dad5c1807d86c8d757592157d7d499bebfd1b2d718901e7808b59706f22c76
ttp.r014.correction.0032	83f9093686d7536bff6e8b841c0a127d9603cbdf352cea160897e58319719161
ttp.r014.correction.0033	6b3a2880eb7fbf948f9ef51394daca55ac07a2d2660e2b3751eafdfac63afb78
ttp.r014.correction.0034	606e177b6acad26ca4cadefeefd489a0f98c0822f5fbb4665a1f6b1596ad90d9
ttp.r014.correction.0035	a47e0ad498c8c3c7b6855c101dd402f90b152116779ea1c68c98e4b4aaac70a5
ttp.r014.correction.0036	499700facfcddd9c46d02699d318c8d9d634fa453333f247d3cd9aac8a68609c
ttp.r014.correction.0037	f4df9c0f39fa485c391abde495d82cec1e1fed7b304a6a70f72b9db3671efae6
ttp.r014.correction.0038	8873ad60af2edbe7d86556f45945f1a20e7e3f6430fcf9adbf9fdf7611d8141c
ttp.r014.correction.0039	67e601c01c0554a06df527821d6b5cbfe9b2bcabf1d5647f5e50c50eb04b9bde
ttp.r014.correction.0040	48edfb6f7366a8e6c6b1584b6c920ae9578f5407e74be9c6407e38ea0a7e516e
ttp.r014.correction.0041	734d8c8128a1473fdda5c304d245243cd56449e52e03701bc01294f6723007d9
ttp.r014.correction.0042	1753bdb02ef9a4a2a041096ba9c28e1a56317f77f0a2c6fe6ad108a71d550915
ttp.r014.correction.0043	48c730ebd58740ee1c27b536d5588e3a7283ffd3c3a56c2d3a093a2d874f7d2e
ttp.r014.correction.0044	299c14bffaac529929cd177542ff1575ce9035cec157b2e15d834ceac29105a1
ttp.r014.correction.0045	54c239d0613f4ce3dcebd578814044b66beaefc86ec885ff407071f59097dd3b
ttp.r014.correction.0046	b7d18a33de659752da029cb2af952ac8dc95a1fa33dd533af282035df38fb91a
ttp.r014.correction.0047	3ebecd5463dd9b79bf11ee31f40bdefd4d750c3e1549801daa29a4583691d734
ttp.r014.correction.0048	1b4bfaa11b72f2fbd9d5483b6f89198bcff0514d704cf24b4ce9a2bdb8208c76
ttp.r014.correction.0049	1872e1d450b4c8ad658c8c77fae1bd4305046e07e6523fcb20e5b27695ee0bb6
ttp.r014.correction.0050	fc82a9ba664f590c405a5ca129432542c3026e59545d595c1b40fea03d851051
ttp.r014.correction.0051	f369157edf0fe843c1df84fb5b0a67d7b8bac00bb8d596c05c9e804c25e88292
ttp.r014.correction.0052	f8e78e14b6da368543184deb9d5df62c66c981a8271718b094596e92b1db799a
ttp.r014.correction.0053	1ef05fa4ffa69c60d90ed01dd52fb1e51f93aa34bf612ae460b1b13766d95c75
ttp.r014.correction.0054	bb2fe95c7eebf76a46fc32bfbc4535ae5b2f44bc1e343c2b36889c0d85640666
ttp.r014.correction.0055	fa5e1d75d6a26da9ef1fa3473fbf6e2f6015847e873aab5971dbfcddfaa50dfd
ttp.r014.correction.0056	ce1228ac652e1cbaa20ac48671721b6dc0dbd4645696a4558692788aad234ca5
ttp.r014.correction.0057	0af297dc9c718423fdac23636359ba4b65fb655b52892f34ce65fe03467dc9fc
ttp.r014.correction.0058	0f69be936ef07da45984f79d4afdc62b066a312c73cec239baf249ea69bed232
ttp.r014.correction.0059	70031629fc6e7f3f360c875fbe7178da860981d94c09b1823ac90067bdd89daf
ttp.r014.correction.0060	feeff97f67f787529ec46f4a87196ed630823002aef752f20ae209f3e549d105
ttp.r014.correction.0061	95b24027b91eb88940abc47f6aaa84e88457464c44e208ddb44d470c724eaa78
ttp.r014.correction.0062	44e74f90034fb44e1ee27371e7d7a9ce4cdba7051f51a62435ae70141ee3ef2d
ttp.r014.correction.0063	fa96c3d889702d6c3155d82d318878f47c10ac23f35bd9c3ce400bf039470c2b
ttp.r014.correction.0064	ba644af8664ed888fd30ea202553bfbdcac7b1a45e67756cab7c517fbe2378b5
ttp.r014.correction.0065	2b0d67ba6d96fe075769a7afa7e5ec3f6137afc821f8a0dfacb676197ce7af67
ttp.r014.correction.0066	92378b90a91fc88563e857c84ef3706668462c8ea3f98b81e93ab7c375cf72a7
ttp.r014.correction.0067	dc9f29685dda5943a001c193353bcdfca782f6f09833105a998914062ed6b2ea
ttp.r014.correction.0068	d0bf8aefb18c6c03528e36f67135f75f3b58931fd141e9a0a901060425fa8f2e
ttp.r014.correction.0069	4594e038528c8c5b94addb953f0373f5a2d9fd648e0fbd6edac54b1fc3792cab
ttp.r014.correction.0070	4ce34aca694d430b917b4e7d15cdd4137fa27866abb03bdee19a5eefd87bf786
ttp.r014.correction.0071	9ff8d3118c662a8bb3db7b54a99143d249e5a40b1d140812d31c06b6543782be
ttp.r014.correction.0072	6fbadc9c6dab623e25ccfdbc5812f55f5230b28809d019118a296dd74c4e8a00
ttp.r014.correction.0073	209050d95f523e6f08db207187967069bd3c213abd65d85b7bba71bce02b0f06
ttp.r014.correction.0074	f98f62b17569a42905956d00eb68278e554e922639d05ccce303bf5d90ca212b
ttp.r014.correction.0075	46cb4fb7e942007180fd657c2b030a9b3ab6e457b8291d3f07816a4e8d522b8a
ttp.r014.correction.0076	ca8f9df22445622a17f3a654f037b638e98d3d6f5751c76755b04344cfbfc25e
ttp.r014.correction.0077	e28b9dece1c2b998e94ef2c7c2bad63171630a350d0e3b629df07646a4d0a549
ttp.r014.correction.0078	22a489773e30a4bd0ddd0631b3b9c0f57095c5d679e442dc97d0650375dc7a14
ttp.r014.correction.0079	6b2119f1cf65cd22449e17062cd6d4b9aa3b9623776c4ae78394f2389dd0f2e9
ttp.r014.correction.0080	cea4ba8c265bcd69e28a2481849bf1c41e2c9aa9d981a46235fcba2c437522d3
ttp.r014.correction.0081	82011f4766c0fff8b74ced4f4ccced4adeb156936a4c046368b4098b6f1be56e
ttp.r014.correction.0082	cb2479a3cac768844887ee3ba8c33461db603b991d9abfe4f4ec11c259f7568d
ttp.r014.correction.0083	246d3649936ced750e745d4e3e990ec912aa386f3f546586b7b8f7e7f72dc395
ttp.r014.correction.0084	638b42caa117373d95f24028a3bf9449ab72cee1e11a252a1c4522e8906e77ec
ttp.r014.correction.0085	cac8672a4a8491e19aa6327bc0193eccf4679fb7232a66f2bcd20a41f79af087
ttp.r014.correction.0086	cc14a0a5da3d97088fe7625e6054cec281f8bea72d5b0d63a73d6d3928057886
ttp.r014.correction.0087	3c84929f36b2cd628b0c26cdba0076b6b7160c383302d1b6380aed09449cf366
ttp.r014.correction.0088	27b5ce9647066c0d9cdc745ddb8b0ae6e98f8015306aff505ae8011c3bea5063
ttp.r014.correction.0089	bff641da3df4ea1a64ea5aeb82498b79dfe08e8cd63a8e750dbf25ea6e85f4eb
ttp.r014.correction.0090	fc7e1cde245eaad09cb22e7f95679ea7945e311d82104e209f4b96ad3bf343bf
ttp.r014.correction.0091	073cddf30faab7def34d889d265f231976e3cfc8f3d9c2e1b447e86daa8f6155
ttp.r014.correction.0092	81ed72ac5bd7cf0e9f7ba6b8af111eb6f5ccfad17825518d583f6bedd5d3a3ce
ttp.r014.correction.0093	399e28216fec9c8a72d3aa8fbafa657e5b1c42d5f0b4f33892e2b2cb6a8e6ab5
ttp.r014.correction.0094	805d2ca5f16706362e9828d9f9a8eb66fece0f74f3dde3fa5141db854b493ad9
ttp.r014.correction.0095	2cb8d7e67bdba65bd9d3f2671ed11acd8c4c315ac3be54a02bb5adcbd855bf10
ttp.r014.correction.0096	b79f2b5462870f0c0b67ca59aacfaaff31147c13d9716f64a78e1b0c3683f1b1
ttp.r014.correction.0097	70b8d3ec504763d179246d51ca8754a11add1c1402e567af9284e35a74a86812
ttp.r014.correction.0098	6919f7bcdaefc0524edc79252a55c4ff7d8e660f3c8854b7ad876d9d239e20f7
ttp.r014.correction.0099	5a33d466cd26cf350b971d4de2581628e0baca376b697fc00b47d67b985559d2
ttp.r014.correction.0100	9837d50bc4e63fe04ebe05e74a00e4ba1cff3c56a99693ea7383c78769d57189
ttp.r014.correction.0101	54e4233c5ca895379b8c26e4ee7043204fb1815f0c4afec40a9ff94cf3591d00
ttp.r014.correction.0102	68a0d98a2b8dd842d43d7b0b226fc7c967384ca5a1b7fde079c763b377940ae6
ttp.r014.correction.0103	50e30d6d416f1f67a1f38047bef263ebb5500500f72860b16f510681c20bc95e
ttp.r014.correction.0104	b646476f06facde1eeee0487972ef1482b6fd5fdb287d75da8c39fa6fd62da23
ttp.r014.correction.0105	4675b104a4f14fed5419ddfab19a396e2458216e3afe368a24264d6a7571e5b3
ttp.r014.correction.0106	b6b43bd81d0739b99ef3ef4f46503630598661684c0aa27fb6cded7343ee5394
ttp.r014.correction.0107	680f328c10708758de8f89e51895495de5c0b862f2ef05de4f982e1e68544d13
ttp.r014.correction.0108	272cac5f4d082d95748966e2472f9848691c73ce5c8606acc75eb6f8f603e950
ttp.r014.correction.0109	a87072674c6c5bc6685947947d861509b4219a69607057aae44af3991b89caee
ttp.r014.correction.0110	a270f7d9b10ae5a0d256b64017aa0f92bab91326083a5c276e6f7bdbdb141281
ttp.r014.correction.0111	c102eec83247d3b0f26406a48d93c06284ee4bef2b37875fe308e97b75b874b5
ttp.r014.correction.0112	50937a57f65c83d68d2f2dbdca4d22af431b5fcafc68e486b738a8fa5b3300da
ttp.r014.correction.0113	e369b181bc349fa4ea18d1dff410dd0a51ad8f279e178177ba03afbe94a73802
ttp.r014.correction.0114	c545c89b95e23aea978323eab9810b386612dac5a7ecccfff7e402c5255d8ca9
ttp.r014.correction.0115	064a3a3c08385909f23faacd00da6497ade9fe79cebded68058ba9a3af9b94ce
ttp.r014.correction.0116	552a4c6063f8fd37f14d67fcca8d61fb5a1da0733535e4da6e7b7dd8f0a3f7b1
ttp.r014.correction.0117	f9964f99738d7be5cec559b2afea7ba8befa63cba8cf2fffd6416f5c0a0533b7
ttp.r014.correction.0118	e4af605931d75e590e0166db2450c2f029c4f8d2415c54681f97c14d8ff8b23a
ttp.r014.correction.0119	b6d8c5da4a2fcce08e8e2b3f90163cd04f43ac1f97f24f33986e37da24e7da2e
ttp.r014.correction.0120	a199ec02e704ee85b3ad0f08bfce1fa86e7e78fea32c8f0c0aa876e813fab48a
ttp.r014.correction.0121	28b6debd89a88f7aac462ff5b1d2b531e51db21c3e9657bf9329dc26ff8f74c1
ttp.r014.correction.0122	57b520e5666858a39da1ca2f379b8c929ca49f067f5678259b9f275bd39ce04a
ttp.r014.correction.0123	b977f0e8cec412367f3d66cc42119cd5a5e2d38d6fc011b6a08ed5695dbbc50f
ttp.r014.correction.0124	6013bb7700071c508139a0700c8b888439815ef9f540d5a34b1b2aa2f7663384
ttp.r014.correction.0125	46ef92b9dc306041015d4147ef8355afcd4cceeb0aae03526c7f3e9ae7c88449
ttp.r014.correction.0126	55993149ea839a3e3eed2f8de097937b7033379cdbd572b90fe3057b44e178e6
ttp.r014.correction.0127	76e9810760975a3b40c55da0659a36a8d2eca62e7c46c9294a4c3a01067576b2
ttp.r014.correction.0128	4f3762840daf64ab9fe83a65ffdd5eb41ae9adf51e94ea6acaf07b75e915c47b
ttp.r014.correction.0129	5b6eba74f09476c973436250488c9554a4f33aafacef8a7262dd593ef3045e39
ttp.r014.correction.0130	8cbb711ddba99e62eaf513c8b14b76d8e028d8936895a96dcff980a7e6528ef7
ttp.r014.correction.0131	2898d07a8bb92887eec2ad47bfc2584e6abd653745bf9897cd5ca806a1170c01
ttp.r014.correction.0132	f05a135cb3a73ffab3ee699a1b671cdd47e1e0742dadec3687bddbe73f0b1429
ttp.r014.correction.0133	efbed63df67b8b8c65bdab5641a76c87e50b0bb04bce96d027c32cc401d6e624
ttp.r014.correction.0134	bcb8b727655edf592494b2add6ca9f39bcd5f62afa7758849699a94483de9dfb
ttp.r014.correction.0135	fe378e97a0bfb03fbd48f9bc6011d594d3e6dd5c5fd42c8d6732cd8ae6fa052f
ttp.r014.correction.0136	e7185af45b4b38c1d35d28c093615d0b4e668a48967b2d7d13ca1a7337ff020b
ttp.r014.correction.0137	9a5b6817726d9ca40ab51d65d4e74ebd80b9eef86378cd02234790ace4156479
ttp.r014.correction.0138	ca35113b34c3bab60c2f1a3b242d060f467aa5a8c5af0965771205b0f7315d2f
ttp.r014.correction.0139	f62175aae5bd910a53e8f458ca1d1a0e4f9beb56112f19f6b5f2c5b00c66d01b
ttp.r014.correction.0140	d7332dbc9db146430349888b1a90aec1f4d692b074fc2dc7aabc697a13bad53c
ttp.r014.correction.0141	c6f935aa2237cfd38f92d2a527cf7a5c3d48f0e003afa72f6f899422b9c0c7bf
